# Blender 4.5.4 LTS
# www.blender.org
mtllib house.mtl
o Chears
v -33.229671 1.028676 -100.871681
v -31.557659 1.028676 -101.229721
v -32.654686 1.028676 -99.333771
v -32.939869 1.028676 -99.518341
v -31.267876 1.028676 -99.876381
v -31.452444 1.028676 -99.591217
v -32.939869 1.225691 -99.518341
v -32.654686 1.225691 -99.333771
v -31.452444 1.225691 -99.591217
v -31.267876 1.225691 -99.876381
v -31.565527 2.953055 -101.266479
v -33.237389 2.953050 -100.907692
v -31.600256 2.953056 -101.428612
v -33.272404 2.953055 -101.071327
v -31.983532 3.104483 -101.176971
v -32.401539 3.146547 -101.087463
v -32.819542 3.104483 -100.997948
v -32.018417 3.104483 -101.339851
v -32.436420 3.146547 -101.250343
v -32.854427 3.104483 -101.160828
v -33.247601 1.225691 -100.955475
v -31.575605 1.225691 -101.313515
v -33.211834 1.240920 -100.788406
v -32.724949 1.722993 -100.931923
v -32.811264 2.377267 -100.959335
v -32.316517 2.298762 -101.059204
v -32.045052 1.879966 -101.088531
v -31.975283 2.377267 -101.138351
v -32.077682 1.722993 -101.240883
v -32.010136 2.377267 -101.301239
v -32.344070 1.879966 -101.194847
v -32.351059 2.298813 -101.223236
v -32.759815 1.722993 -101.094810
v -32.846149 2.377267 -101.122215
v -32.471313 2.455753 -101.037636
v -32.477352 2.874568 -101.065720
v -32.741489 2.874568 -101.009155
v -32.317474 2.455753 -101.070580
v -32.058521 2.446578 -101.150620
v -32.059345 2.874568 -101.155235
v -32.323483 2.874568 -101.098671
v -32.088192 2.455753 -101.290031
v -32.352360 2.455753 -101.233459
v -32.358364 2.874568 -101.261551
v -32.770336 2.455753 -101.143951
v -32.776371 2.874568 -101.172043
v -32.512203 2.874568 -101.228607
v -32.490646 1.284641 -101.127838
v -32.753807 1.304178 -101.066719
v -32.495678 1.722993 -101.151375
v -32.497921 1.879966 -101.161903
v -32.762089 1.879966 -101.105331
v -32.768093 2.298780 -101.133423
v -32.071667 1.304178 -101.212791
v -32.332642 1.318039 -101.141335
v -32.341839 1.722993 -101.184311
v -32.079945 1.879966 -101.251404
v -32.085949 2.298780 -101.279495
v -32.300919 1.304178 -100.993347
v -32.036781 1.304178 -101.049911
v -32.042786 1.722993 -101.078003
v -32.306953 1.722993 -101.021431
v -32.309196 1.879966 -101.031967
v -32.051067 2.298780 -101.116615
v -32.718925 1.304178 -100.903839
v -32.460793 1.722993 -100.988487
v -32.727203 1.879966 -100.942451
v -32.463066 1.879966 -100.999016
v -32.469070 2.298780 -101.027107
v -32.739887 2.442931 -101.001747
v -32.334370 2.454026 -101.149498
v -32.090824 2.888489 -101.302773
v -32.340923 2.874568 -101.180107
v -32.501789 2.468575 -101.179832
v -32.495319 2.876296 -101.149689
v -32.758373 2.872841 -101.088081
v -32.472755 1.305905 -101.044365
v -32.481033 1.881693 -101.082977
v -32.054218 1.304178 -101.131355
v -32.062492 1.879966 -101.169968
v -32.323841 1.721266 -101.100357
v -32.060783 1.724720 -101.161957
v -32.326637 1.879966 -101.113403
v -32.332657 2.298781 -101.141495
v -32.068508 2.298781 -101.198059
v -32.735844 1.302450 -100.982750
v -32.741848 1.721266 -101.010841
v -32.478790 1.724720 -101.072449
v -32.744091 1.878238 -101.021378
v -32.737644 2.285959 -100.991219
v -32.500767 2.312642 -101.175095
v -32.455151 1.300370 -100.962143
v -31.529778 1.225691 -101.099487
v -31.539965 1.248939 -101.147049
v -32.646870 1.244495 -99.376297
v -31.476599 1.242707 -99.626251
v -31.311827 1.248315 -99.884460
v -32.903072 1.248309 -99.543716
v -33.158100 1.235022 -100.712273
v -31.559238 1.226749 -101.054482
v -31.568771 1.257563 -101.038597
v -32.986607 1.092562 -100.701012
v -32.926281 -0.057166 -100.626205
v -32.877846 1.092463 -100.659599
v -32.955086 -0.057224 -100.553741
v -32.896042 1.092319 -100.515846
v -33.021252 1.092562 -100.512512
v -33.008423 -0.057350 -100.620758
v -33.069500 1.092379 -100.628120
v -31.749992 1.092414 -100.959656
v -31.646276 -0.057117 -100.864571
v -31.598017 1.092404 -100.936020
v -31.711132 -0.057279 -100.829079
v -31.629936 1.092364 -100.785553
v -31.781912 1.092372 -100.809196
v -31.700382 -0.057545 -100.921356
v -32.833626 1.092318 -99.748726
v -32.725224 -0.057143 -99.687569
v -32.681026 1.092416 -99.733849
v -32.701366 1.092324 -99.573036
v -32.754951 -0.057224 -99.619141
v -32.806622 -0.057465 -99.692078
v -32.851818 1.092463 -99.604942
v -31.511528 1.092562 -100.039429
v -31.499640 -0.057224 -99.983841
v -31.447956 -0.057408 -99.910904
v -31.395691 1.092440 -99.991798
v -31.429796 1.092364 -99.850952
v -31.529364 -0.057169 -99.915421
v -31.546173 1.092562 -99.850929
v -31.594421 1.092379 -99.966530
v -35.577606 1.028676 -100.070084
v -34.016373 1.028676 -100.767448
v -34.695869 1.028676 -98.685051
v -35.013161 1.028676 -98.806396
v -33.451897 1.028676 -99.503769
v -33.573254 1.028676 -99.186493
v -35.013161 1.225691 -98.806396
v -34.695869 1.225691 -98.685051
v -33.573254 1.225691 -99.186493
v -33.451897 1.225691 -99.503769
v -34.031689 2.953054 -100.801773
v -35.592701 2.953047 -100.103844
v -34.099392 2.953050 -100.953308
v -35.660877 2.953054 -100.256500
v -34.422012 3.104483 -100.627434
v -34.812305 3.146546 -100.453094
v -35.202625 3.104483 -100.278748
v -34.764130 1.287958 -100.538101
v -34.489941 3.104483 -100.779526
v -34.880264 3.146546 -100.605179
v -35.270557 3.104483 -100.430847
v -35.612541 1.225683 -100.148331
v -34.051311 1.225692 -100.845688
v -33.981705 1.243414 -100.689850
v -35.540039 1.235717 -99.985992
v -35.186508 2.377267 -100.242699
v -34.780098 1.801479 -100.380974
v -34.459435 1.722993 -100.518318
v -34.405891 2.377267 -100.591377
v -34.473850 2.377267 -100.743462
v -34.848026 1.801479 -100.533066
v -34.932220 2.298759 -100.532249
v -35.164322 1.722993 -100.385895
v -35.181549 2.298838 -100.422325
v -34.870243 2.455753 -100.389862
v -34.881962 2.874568 -100.416092
v -35.128597 2.874568 -100.305923
v -34.727779 2.455632 -100.452499
v -34.479919 2.455753 -100.564209
v -34.491638 2.874568 -100.590431
v -34.738304 2.874568 -100.480255
v -34.539223 2.468575 -100.696991
v -34.794518 2.455753 -100.606125
v -34.806236 2.874568 -100.632355
v -34.938171 2.455753 -100.541954
v -35.184811 2.455753 -100.431786
v -35.196529 2.874568 -100.458015
v -34.949890 2.874568 -100.568184
v -34.905968 1.304178 -100.469833
v -35.152603 1.304178 -100.359665
v -34.922054 1.879965 -100.505898
v -35.168724 1.879965 -100.395721
v -34.515644 1.304178 -100.644180
v -34.773998 1.722993 -100.560242
v -34.527363 1.722993 -100.670410
v -34.531761 1.879965 -100.680237
v -34.778400 1.879965 -100.570068
v -34.790115 2.298780 -100.596298
v -34.543480 2.298780 -100.706467
v -34.694355 1.304178 -100.381920
v -34.456345 1.291356 -100.511391
v -34.706070 1.722993 -100.408150
v -34.710472 1.879965 -100.417976
v -34.463833 1.879965 -100.528145
v -34.475552 2.298780 -100.554375
v -35.084675 1.304178 -100.207573
v -34.849728 1.722993 -100.343979
v -35.096394 1.722993 -100.233803
v -35.100769 1.879965 -100.243637
v -34.854126 1.879965 -100.353806
v -34.872055 2.284921 -100.393929
v -35.112480 2.298780 -100.269867
v -35.125511 2.442931 -100.299004
v -34.759502 2.454026 -100.527725
v -34.553040 2.888489 -100.728233
v -34.771217 2.872841 -100.553947
v -34.905262 2.457480 -100.468262
v -34.916977 2.876296 -100.494492
v -35.161510 2.872841 -100.379616
v -34.871998 1.304178 -100.393791
v -34.888092 1.879965 -100.429855
v -34.498848 1.881693 -100.606544
v -34.728317 1.304178 -100.457962
v -34.738983 1.721266 -100.481842
v -34.494450 1.724720 -100.596718
v -34.743385 1.878238 -100.491669
v -34.730816 2.285959 -100.463509
v -34.510567 2.300508 -100.632774
v -35.118641 1.304178 -100.283623
v -35.129307 1.721266 -100.307495
v -34.911499 1.736854 -100.482155
v -35.134758 1.879965 -100.319679
v -35.146458 2.298780 -100.345909
v -34.838558 1.297615 -100.318977
v -34.697071 1.246709 -98.729126
v -33.604668 1.244496 -99.216217
v -33.495766 1.246157 -99.502563
v -34.982994 1.246156 -98.838264
v -33.981445 1.226238 -100.595650
v -33.987514 1.258259 -100.576675
v -35.472908 1.226277 -99.929337
v -35.457859 1.255933 -99.923462
v -35.263336 -0.057129 -99.903275
v -35.265175 1.092404 -99.970535
v -35.215229 -0.057146 -99.860168
v -35.156410 1.092364 -99.861778
v -35.260902 -0.057129 -99.814499
v -35.259064 1.092404 -99.747238
v -35.309010 -0.057146 -99.857613
v -35.367828 1.092364 -99.855995
v -34.038242 -0.057553 -100.425903
v -34.148426 1.092414 -100.463341
v -33.994831 1.092245 -100.471748
v -34.066532 -0.057143 -100.345406
v -33.999496 1.092440 -100.309715
v -34.118515 -0.057146 -100.389374
v -34.152550 1.092416 -100.318497
v -34.838924 -0.057614 -99.021454
v -34.949108 1.092414 -99.058891
v -34.795509 1.092245 -99.067299
v -34.867210 -0.057143 -98.940956
v -34.800175 1.092440 -98.905266
v -34.919197 -0.057133 -98.984924
v -34.953228 1.092416 -98.914047
v -33.679207 -0.057143 -99.563423
v -33.724129 1.092562 -99.612663
v -33.646564 -0.057504 -99.484581
v -33.614216 1.092416 -99.602722
v -33.600719 1.092325 -99.441170
v -33.718887 1.092562 -99.421082
v -33.728714 -0.057166 -99.516670
v -33.787521 1.092463 -99.515076
v 7.656090 8.886599 -98.175522
v -1.505171 8.908305 -98.073418
v 7.521534 8.938333 -91.070534
v 3.117111 11.011256 -98.126678
v 7.737431 9.197641 -98.170135
v 3.157978 11.011256 -94.328529
v 5.462429 9.073536 -90.483490
v 0.987267 8.945115 -90.434196
v -1.139336 9.154109 -90.998215
v -18.358265 -0.066751 -110.657982
v -18.295776 -0.055533 -102.622116
v 7.297798 -0.066488 -94.808067
v -23.760502 0.074331 -102.584259
v -18.272018 0.301450 -102.628441
v -18.170147 0.317475 -94.556808
v 7.298130 0.291730 -94.803909
v -18.294449 8.873457 -102.622169
v 7.294945 8.883302 -94.807182
v 8.719311 8.881039 -110.960037
v -23.702869 8.871887 -102.551453
v -0.988541 -0.066172 -94.717957
v 7.327412 0.309502 -91.801163
v -0.991405 8.882626 -94.718704
v -18.170147 8.315323 -94.556808
v -18.277187 8.332592 -102.628082
v -23.691685 8.336502 -102.557213
v 8.739910 8.326654 -110.958801
v -0.224365 8.315831 -90.848755
v -0.962017 8.324587 -91.721573
v 7.323254 8.320147 -91.809944
v 6.621529 8.317160 -90.921799
v -18.170147 3.014589 -94.556808
v -0.231373 3.012731 -90.848038
v -23.771610 2.731312 -102.602234
v -0.962017 2.457298 -91.721573
v 6.621525 2.449870 -90.921799
v -18.170147 2.448034 -94.556808
v -0.224365 2.448542 -90.848755
v 7.329411 2.454207 -91.820427
v 8.923611 -0.051913 -94.842316
v 8.727890 -0.058511 -110.960716
v -23.608875 -0.064341 -94.484344
v -18.170038 8.315323 -94.546745
v -23.610207 8.338219 -94.480133
v 8.915142 0.305976 -94.844994
v 8.717541 0.311540 -110.956795
v -18.365734 0.301187 -110.655746
v -18.170038 0.317475 -94.546745
v -0.992207 0.297417 -94.719589
v -23.602409 8.881106 -94.483055
v -23.602192 0.295295 -94.478043
v 8.926788 8.867412 -94.845551
v -18.369503 8.871917 -110.655869
v -0.231373 0.315620 -90.848045
v -0.226696 8.877135 -90.836052
v -0.952129 0.312615 -91.720909
v -0.969604 8.867522 -91.721672
v -0.213821 -0.069780 -90.845978
v -0.972794 -0.048642 -91.721687
v 7.340702 -0.050867 -91.811142
v 6.616901 -0.061453 -90.909973
v 6.614517 0.316987 -90.922363
v 7.343891 8.865389 -91.811234
v 6.604103 8.886515 -90.919380
v -18.355047 8.319568 -110.654480
v -0.982822 8.333922 -94.715179
v 8.896515 8.321262 -94.838760
v 7.300423 8.340280 -94.807632
v -18.170038 2.448034 -94.546745
v -23.610207 2.470929 -94.480133
v -18.170038 3.014589 -94.546745
v -23.602179 2.992406 -94.478043
v 8.739304 2.455386 -110.955093
v 8.913208 3.004073 -94.844727
v 8.719402 3.008551 -110.956757
v 7.333122 3.005362 -91.810852
v -18.365730 2.998300 -110.655746
v 7.291050 2.991451 -94.803123
v 6.614517 3.014101 -90.922371
v -0.992207 2.994531 -94.719589
v -0.952129 3.009730 -91.720909
v -18.356205 2.461824 -110.660309
v -0.982822 2.466633 -94.715179
v 8.896515 2.453974 -94.838760
v 7.294167 2.470710 -94.806961
v -19.119070 8.950870 -94.093246
v -23.893404 8.972123 -103.016266
v -23.772522 9.162424 -94.138863
v -19.215305 9.024813 -103.036049
v -19.167242 11.768579 -98.569588
v -23.837959 9.355586 -102.280525
v -23.781338 11.619190 -98.491447
v -23.210670 9.059827 -94.116425
v -22.625957 9.059827 -94.122719
v -22.041237 9.059829 -94.129005
v -21.456520 9.059827 -94.135300
v -20.871786 9.059827 -94.141594
v -20.287067 9.059829 -94.147888
v -19.797260 9.016778 -102.967834
v -20.381975 9.016782 -102.961540
v -20.966694 9.016779 -102.955246
v -21.551430 9.016778 -102.948959
v -22.136147 9.016782 -102.942665
v -22.720865 9.016779 -102.936371
v -23.307980 8.991805 -103.022499
v -19.704109 9.177530 -94.117233
v -19.751955 11.768579 -98.563293
v -20.336670 11.768579 -98.557007
v -20.921413 11.768579 -98.550713
v -21.506126 11.768579 -98.544418
v -22.090839 11.768579 -98.538124
v -22.675583 11.768579 -98.531837
v -23.262604 11.720977 -98.525284
v -19.704111 8.919655 -94.117233
v -23.214088 9.000707 -94.101257
v -22.627739 8.919655 -94.085777
v -22.042995 8.919655 -94.092072
v -21.458286 8.919655 -94.098358
v -20.873566 8.919655 -94.104652
v -20.288826 8.919655 -94.110947
v -19.701233 9.062655 -94.155693
v -23.261612 11.712326 -98.544151
v -22.627739 9.177530 -94.085777
v -22.677891 11.720977 -98.531578
v -22.042995 9.177530 -94.092072
v -22.093161 11.720977 -98.537872
v -21.458282 9.177530 -94.098358
v -21.508444 11.720977 -98.544167
v -20.873568 9.177530 -94.104652
v -20.923717 11.720977 -98.550461
v -20.288824 9.177530 -94.110947
v -20.338989 11.720977 -98.556747
v -19.753393 11.720662 -98.562340
v -19.796921 9.019350 -102.986679
v -20.384361 8.991806 -103.053963
v -20.969095 8.991805 -103.047668
v -21.553814 8.991806 -103.041382
v -22.138531 8.991806 -103.035088
v -22.723267 8.991805 -103.028793
v -23.308670 9.022253 -102.930351
v 9.649876 8.989825 -112.459099
v 9.707470 14.428409 -103.194008
v 9.590942 9.492421 -111.225853
v -19.504230 14.372682 -102.879562
v -19.646242 8.985110 -112.162468
v -19.446312 8.950181 -93.584618
v 9.849380 8.917113 -93.919998
v -19.387775 9.504383 -94.852516
v 9.811947 9.492421 -95.162010
v -19.619770 9.495311 -110.906647
v -18.171515 9.008763 -93.608170
v -16.897791 9.008584 -93.621941
v -15.624060 9.008405 -93.635719
v -14.350328 9.008225 -93.649490
v -13.076574 9.008047 -93.663269
v -11.802828 9.007869 -93.677040
v -10.529099 9.007689 -93.690819
v -9.255373 9.007509 -93.704590
v -7.981642 9.007331 -93.718369
v -5.437260 8.932575 -93.851425
v -4.163532 8.932457 -93.865082
v -2.889803 8.932338 -93.878731
v -1.616076 8.932219 -93.892387
v -0.342327 8.932098 -93.906036
v 0.931400 8.931979 -93.919685
v 2.205135 8.931860 -93.933334
v 3.478863 8.931739 -93.946983
v 4.752590 8.931619 -93.960632
v 6.026344 8.931498 -93.974281
v 7.300068 8.931377 -93.987930
v 8.375736 9.024350 -112.389038
v 7.101982 9.024350 -112.375328
v 5.828251 9.024350 -112.361626
v 4.554520 9.024350 -112.347916
v 3.280792 9.024350 -112.334213
v 2.007061 9.024350 -112.320503
v 0.733322 9.024350 -112.306793
v -0.540428 9.024350 -112.293091
v -1.814161 9.024350 -112.279381
v -3.087891 9.024350 -112.265671
v -4.361620 9.024350 -112.251968
v -5.634323 9.000305 -112.233803
v -6.907583 8.989857 -112.280899
v -8.181314 8.989857 -112.267189
v -9.455044 8.989857 -112.253487
v -10.728785 8.989858 -112.239777
v -12.002518 8.989858 -112.226074
v -13.276245 8.989858 -112.212364
v -14.549994 8.989857 -112.198654
v -15.823725 8.989857 -112.184952
v -17.097454 8.989857 -112.171242
v 8.575294 8.906317 -93.936600
v 7.301556 8.906317 -93.922897
v 6.027832 8.906317 -93.909187
v 4.754105 8.906317 -93.895485
v 3.480373 8.906317 -93.881775
v 2.206642 8.906317 -93.868065
v 0.932873 8.906317 -93.854362
v -0.340851 8.906317 -93.840652
v -1.614580 8.906317 -93.826950
v -2.888308 8.906317 -93.813240
v -4.162039 8.906317 -93.799530
v -5.435780 8.906317 -93.785828
v -18.371094 8.992809 -112.113388
v -5.435770 9.147388 -93.785828
v -4.162039 9.146935 -93.799530
v -2.888309 9.146481 -93.813240
v -1.614580 9.146027 -93.826942
v -0.340851 9.145572 -93.840652
v 0.932880 9.145118 -93.854362
v 2.206638 9.144664 -93.868065
v 3.480370 9.144209 -93.881775
v 4.754105 9.143755 -93.895485
v 6.027832 9.143301 -93.909187
v 7.301559 9.142846 -93.922897
v 8.476871 14.603908 -103.180672
v 7.203144 14.603908 -103.166962
v 5.929413 14.603908 -103.153252
v 4.655678 14.603908 -103.139542
v 3.381950 14.603908 -103.125839
v 2.108215 14.603908 -103.112129
v 0.834461 14.603908 -103.098419
v -0.439266 14.603908 -103.084709
v -1.712999 14.603908 -103.070999
v -2.986732 14.603908 -103.057297
v -4.260464 14.603908 -103.043587
v -5.535280 14.671246 -103.029968
v -6.809010 14.651525 -103.016258
v -8.082739 14.651525 -103.002556
v -9.356470 14.651525 -102.988846
v -10.630198 14.651525 -102.975136
v -11.903929 14.651525 -102.961433
v -13.177660 14.651525 -102.947723
v -14.451420 14.651525 -102.934021
v -15.725151 14.651525 -102.920311
v -16.998880 14.651525 -102.906601
v -18.273674 14.603945 -102.892693
v 8.377163 8.993484 -112.393044
v 7.102608 8.886599 -112.411179
v 5.828865 8.886599 -112.397469
v 4.555145 8.886599 -112.383766
v 3.281414 8.886599 -112.370056
v 2.007683 8.886599 -112.356354
v 0.733925 8.886599 -112.342644
v -0.539803 8.886599 -112.328934
v -1.813540 8.886599 -112.315231
v -3.087265 8.886599 -112.301521
v -4.360996 8.886599 -112.287811
v -5.634764 8.886599 -112.274109
v -6.908911 9.004828 -112.299538
v -8.181219 8.992809 -112.223038
v -9.454952 8.992809 -112.209335
v -10.728683 8.992809 -112.195625
v -12.002413 8.992809 -112.181915
v -13.276159 8.992809 -112.168213
v -14.549900 8.992809 -112.154503
v -15.823631 8.992809 -112.140800
v -17.097363 8.992809 -112.127090
v -18.372049 8.995154 -112.093414
v 7.102604 9.141938 -112.411179
v 5.828873 9.141938 -112.397469
v 4.555145 9.141938 -112.383766
v 3.281414 9.141938 -112.370056
v 2.007683 9.141938 -112.356346
v 0.733925 9.141938 -112.342644
v -0.539806 9.141938 -112.328934
v -1.813540 9.141938 -112.315231
v -3.087265 9.141938 -112.301521
v -4.360996 9.141938 -112.287811
v -5.634758 9.141938 -112.274109
v -5.435770 9.167108 -93.785828
v -18.273134 14.606326 -102.892311
v -16.999945 14.603946 -102.906403
v -15.726215 14.603945 -102.920105
v -14.452484 14.603945 -102.933815
v -13.178728 14.603945 -102.947525
v -11.904995 14.603945 -102.961235
v -10.631266 14.603945 -102.974945
v -9.357534 14.603945 -102.988647
v -8.083805 14.603945 -103.002357
v -6.809008 14.603990 -103.016174
v -5.535280 14.651525 -103.029968
v -4.261518 14.651525 -103.043671
v -2.987787 14.651525 -103.057381
v -1.714058 14.651525 -103.071091
v -0.440327 14.651525 -103.084793
v 0.833405 14.651525 -103.098503
v 2.107159 14.651525 -103.112206
v 3.380894 14.651525 -103.125916
v 4.654625 14.651525 -103.139626
v 5.928349 14.651525 -103.153328
v 7.202084 14.651525 -103.167038
v 8.476215 14.583758 -103.179810
v -19.211924 9.043646 -94.212524
v -23.710863 9.238475 -102.715523
v -23.659557 9.129145 -94.243591
v -19.311478 9.025594 -102.930923
v -19.257294 11.661703 -98.568619
v -23.650946 11.613346 -98.521149
v -23.304619 9.068068 -102.854118
v -19.757448 11.633980 -98.563240
v -20.342163 11.633980 -98.556946
v -20.926876 11.633980 -98.550652
v -21.511620 11.633980 -98.544357
v -22.096333 11.633980 -98.538071
v -22.681046 11.633980 -98.531776
v -19.703053 9.052827 -94.242897
v -22.626657 9.052826 -94.211433
v -22.041948 9.052827 -94.217728
v -21.457218 9.052827 -94.224022
v -20.872486 9.052826 -94.230316
v -20.287777 9.052827 -94.236603
v -20.381025 9.068069 -102.885582
v -20.965736 9.068068 -102.879288
v -21.550468 9.068068 -102.872993
v -22.135197 9.068069 -102.866699
v -22.719906 9.068068 -102.860413
v 9.566711 9.008517 -112.349846
v 9.585278 14.425722 -103.192612
v 9.480381 9.432018 -111.343353
v -19.382076 14.425767 -102.880821
v -19.452494 9.436253 -111.025581
v -19.559835 9.012895 -112.034683
v -19.338634 8.989983 -93.717728
v 9.741634 8.996545 -94.034897
v 9.673721 9.480070 -95.119865
v -19.296776 9.490541 -94.810310
v -18.173838 9.034088 -93.762398
v -16.900097 9.033910 -93.776154
v -15.626366 9.033731 -93.789917
v -14.352636 9.033550 -93.803673
v -13.078905 9.033372 -93.817436
v -11.805159 9.033194 -93.831192
v -10.531427 9.033015 -93.844955
v -9.257687 9.032835 -93.858719
v -7.983957 9.032657 -93.872475
v -6.709724 8.983329 -93.790550
v 8.573643 9.057469 -94.005478
v 7.299900 9.057670 -93.991707
v 6.026169 9.057871 -93.977928
v 4.752426 9.058072 -93.964157
v 3.478691 9.058274 -93.950378
v 2.204967 9.058475 -93.936600
v 0.931221 9.058675 -93.922821
v -0.342510 9.058877 -93.909042
v -1.616241 9.059075 -93.895264
v -2.889986 9.059275 -93.881485
v -4.163717 9.059473 -93.867706
v -5.437077 9.030050 -93.906143
v -6.906199 9.018952 -112.135002
v -8.179928 9.018952 -112.121292
v -9.453667 9.018952 -112.107590
v -10.727421 9.018952 -112.093880
v -12.001150 9.018952 -112.080170
v -13.274879 9.018952 -112.066467
v -14.548609 9.018952 -112.052757
v -15.822340 9.018952 -112.039055
v -17.096077 9.018952 -112.025345
v -5.535278 14.536551 -103.029922
v -6.811541 14.516852 -103.016190
v -8.085272 14.516852 -103.002480
v -9.359001 14.516852 -102.988770
v -10.632732 14.516852 -102.975060
v -11.906462 14.516852 -102.961349
v -13.180191 14.516852 -102.947632
v -14.453953 14.516852 -102.933929
v -15.727682 14.516852 -102.920212
v -17.001413 14.516852 -102.906502
v 7.102871 9.019200 -112.285645
v 5.829128 9.019200 -112.271942
v 4.555378 9.019199 -112.258232
v 3.281647 9.019199 -112.244522
v 2.007919 9.019199 -112.230820
v 0.734192 9.019200 -112.217110
v -0.539543 9.019200 -112.203407
v -1.813293 9.019200 -112.189697
v -3.087034 9.019199 -112.175987
v -4.360762 9.019199 -112.162285
v -5.634491 9.019200 -112.148575
v -6.907230 9.034828 -112.143539
v -18.173775 8.944111 -93.674660
v -16.899399 8.931344 -93.689041
v -15.625669 8.931230 -93.702736
v -14.351940 8.931113 -93.716423
v -13.078188 8.930998 -93.730110
v -11.804459 8.930882 -93.743797
v -10.530729 8.930766 -93.757484
v -9.256989 8.930650 -93.771172
v -7.983257 8.930533 -93.784859
v -6.709520 8.930417 -93.798546
v 8.575508 8.963170 -93.956924
v -5.532778 14.516852 -103.029953
v -4.259016 14.516852 -103.043671
v -2.985287 14.516852 -103.057373
v -1.711555 14.516852 -103.071091
v -0.437824 14.516852 -103.084801
v 0.835903 14.516852 -103.098503
v 2.109669 14.516852 -103.112221
v 3.383392 14.516852 -103.125931
v 4.657127 14.516852 -103.139641
v 5.930855 14.516852 -103.153351
v 7.204586 14.516852 -103.167061
v -18.897217 0.317475 -94.548981
v -18.897217 8.315323 -94.548981
v -18.983912 3.011034 -102.605278
v -18.897217 3.014589 -94.548981
v -18.897217 2.448034 -94.548981
v -18.983856 2.449811 -102.600174
v -18.896847 8.315323 -94.514786
v -18.897121 0.317475 -94.540260
v -18.169777 2.448034 -94.522606
v -18.169777 8.315323 -94.522606
v -18.897121 8.315323 -94.540260
v -18.169777 3.014589 -94.522606
v -18.169777 0.317475 -94.522606
v -18.897121 3.014589 -94.540260
v -18.897121 2.448034 -94.540260
v -18.896847 0.317475 -94.514786
v -18.896847 3.014589 -94.514786
v -18.896847 2.448034 -94.514786
v -18.272022 2.998567 -102.628441
v -18.983856 8.317101 -102.600174
v -18.277187 2.465303 -102.628082
v -18.983912 0.313920 -102.605278
v -15.765793 12.390070 -104.737450
v -15.852362 15.811205 -104.687927
v -15.782646 12.390070 -106.303528
v -14.199722 12.390070 -104.754303
v -14.216576 12.390070 -106.320381
v -14.130268 15.811205 -106.394196
v -15.765793 15.391597 -104.737450
v -15.782646 15.391597 -106.303528
v -14.216576 15.391597 -106.320381
v -14.199722 15.391597 -104.754303
v -15.938408 15.391597 -104.589828
v -15.870523 15.811205 -106.375465
v -14.111586 15.811205 -104.658073
v -15.958399 15.391597 -106.447403
v -14.043959 15.391597 -106.468002
v -14.023970 15.391597 -104.610428
v -6.279453 3.024265 -94.483398
v -6.696480 3.666391 -94.886589
v -6.280031 3.661793 -94.893425
v -6.695408 3.659906 -94.478745
v -6.682833 3.677338 -94.490311
v -6.287470 3.677347 -94.494568
v -6.273500 3.660128 -94.483131
v -6.694866 3.024056 -94.888123
v -6.280853 3.028248 -94.893143
v -6.693708 3.028236 -94.478699
v -6.696476 4.327420 -94.886589
v -6.280031 4.322819 -94.893425
v -6.291634 4.338373 -94.881454
v -6.273500 4.321155 -94.483131
v -6.695995 3.687526 -94.888382
v -6.277924 3.694589 -94.893265
v -6.291634 3.677347 -94.881454
v -6.813179 4.018968 -94.480789
v -6.275536 3.693053 -94.482887
v -6.287470 4.338373 -94.494568
v -6.696476 4.988447 -94.886589
v -6.280031 4.983846 -94.893425
v -6.291634 4.999400 -94.881454
v -6.273500 4.982181 -94.483131
v -6.694866 4.346108 -94.888123
v -6.277924 4.355616 -94.893265
v -6.813108 4.680144 -94.480698
v -6.682896 4.338373 -94.490311
v -6.275536 4.354078 -94.482887
v -6.287470 4.999400 -94.494568
v -6.696476 5.649473 -94.886589
v -6.280031 5.644873 -94.893425
v -6.813110 5.341151 -94.480698
v -6.287470 5.660427 -94.494568
v -6.273500 5.643207 -94.483131
v -6.694866 5.007135 -94.888123
v -6.277924 5.016643 -94.893265
v -6.682896 4.999400 -94.490311
v -6.275536 5.015104 -94.482887
v -6.696480 6.310498 -94.886589
v -6.280031 6.305899 -94.893425
v -6.682833 6.321445 -94.490311
v -6.287470 6.321453 -94.494568
v -6.273500 6.304235 -94.483131
v -6.694866 5.668161 -94.888123
v -6.277924 5.677669 -94.893265
v -6.291634 5.660427 -94.881454
v -6.813194 6.002438 -94.480789
v -6.682896 5.660426 -94.490311
v -6.275536 5.676131 -94.482887
v -6.696480 6.971524 -94.886589
v -6.282730 6.972057 -94.893059
v -6.691816 6.971988 -94.478638
v -6.277554 6.973299 -94.483482
v -6.695995 6.331633 -94.888382
v -6.277924 6.338696 -94.893265
v -6.291634 6.321453 -94.881454
v -6.697475 6.340912 -94.478981
v -6.275536 6.337159 -94.482887
v -6.258389 3.216384 -94.792595
v -2.663351 3.216384 -94.831284
v -2.663351 6.811623 -94.831291
v -6.258387 6.811623 -94.792595
v -4.458153 3.503815 -94.559402
v -2.832952 3.324171 -94.564095
v -2.783716 6.703835 -94.568115
v -6.040058 3.431957 -94.538712
v -4.458179 5.014004 -94.561958
v -2.948061 5.014004 -94.575653
v -5.968241 5.014004 -94.543144
v -6.147747 6.596049 -94.528412
v -4.458153 6.524192 -94.559402
v -2.234739 3.024287 -94.526924
v -2.651789 3.666386 -94.930115
v -2.235304 3.661782 -94.936951
v -2.650702 3.659894 -94.522278
v -2.638115 3.677339 -94.533836
v -2.242783 3.677347 -94.538094
v -2.228767 3.660122 -94.526665
v -2.650166 3.024058 -94.931641
v -2.236126 3.028271 -94.936661
v -2.649006 3.028238 -94.522232
v -2.651783 4.327416 -94.930115
v -2.121214 4.050250 -94.948479
v -2.246944 4.338373 -94.924980
v -2.115826 3.967354 -94.519699
v -2.651291 3.687530 -94.931908
v -2.246944 3.677347 -94.924980
v -2.764942 4.049911 -94.513176
v -2.242783 4.338373 -94.538094
v -2.651783 4.988442 -94.930115
v -2.121214 4.711288 -94.948471
v -2.246944 4.999400 -94.924980
v -2.764805 4.711194 -94.513016
v -2.650166 4.346110 -94.931641
v -2.638205 4.338373 -94.533836
v -2.115826 4.628364 -94.519691
v -2.242783 4.999400 -94.538094
v -2.651785 5.649469 -94.930115
v -2.121210 5.372290 -94.948479
v -2.246944 5.660427 -94.924980
v -2.764803 5.372198 -94.513016
v -2.115824 5.289368 -94.519699
v -2.650166 5.007137 -94.931641
v -2.638205 4.999400 -94.533836
v -2.242783 5.660427 -94.538094
v -2.651789 6.310493 -94.930115
v -2.121220 6.033330 -94.948471
v -2.246944 6.321453 -94.924980
v -2.638115 6.321445 -94.533836
v -2.228767 6.304228 -94.526665
v -2.650166 5.668164 -94.931641
v -2.768585 6.002560 -94.524277
v -2.638205 5.660427 -94.533836
v -2.230808 5.676142 -94.526421
v -2.242783 6.321453 -94.538094
v -2.651789 6.971519 -94.930115
v -2.238012 6.972035 -94.936584
v -2.647106 6.971982 -94.522171
v -2.232828 6.973274 -94.527016
v -2.651291 6.331636 -94.931908
v -2.232368 6.340898 -94.936378
v -2.652779 6.340930 -94.522514
v -2.230808 6.337171 -94.526421
v -2.672565 3.188498 -94.020973
v -3.266066 2.774581 -94.906319
v -3.262545 3.191403 -94.910568
v -3.276451 3.179848 -94.884972
v -3.252567 2.772702 -94.014664
v -3.252859 3.192793 -94.014664
v -2.681980 2.776043 -94.916245
v -2.685015 3.190840 -94.916931
v -2.675344 2.773395 -94.020844
v -3.267359 3.179848 -94.039856
v -3.868927 2.774585 -94.899834
v -3.865400 3.191393 -94.904083
v -3.879292 3.179848 -94.878479
v -3.579279 2.672501 -94.013397
v -3.855701 3.192793 -94.008179
v -3.286602 2.775258 -94.909912
v -3.290981 3.192770 -94.910385
v -3.267359 2.784399 -94.039856
v -3.280350 3.191035 -94.014145
v -3.870197 3.179848 -94.033363
v -4.471775 2.774581 -94.893349
v -4.468254 3.191403 -94.897591
v -4.182762 2.672686 -94.006905
v -4.458572 3.192793 -94.001686
v -3.889439 2.775269 -94.903427
v -3.893826 3.192756 -94.903900
v -3.870197 2.784399 -94.033363
v -3.883194 3.191023 -94.007652
v -4.473066 3.179848 -94.026878
v -5.074650 2.774588 -94.886856
v -5.071106 3.191394 -94.891113
v -5.062357 2.773223 -93.994957
v -5.059759 3.193327 -93.995445
v -4.490561 2.776041 -94.896782
v -4.496693 3.192770 -94.897408
v -4.482162 3.179848 -94.872002
v -4.488691 2.770906 -94.001595
v -4.473066 2.784399 -94.026878
v -4.486057 3.191034 -94.001167
v -5.075905 3.179847 -94.020393
v -5.677486 2.774581 -94.880371
v -5.400883 3.289994 -94.891716
v -5.687872 3.179847 -94.859016
v -5.665201 2.773210 -93.988472
v -5.093395 2.776050 -94.890297
v -5.085003 3.179847 -94.865517
v -5.089865 2.771467 -93.994888
v -5.075905 2.784398 -94.020393
v -5.368395 3.291230 -93.994034
v -5.678778 3.179847 -94.013901
v -6.280359 2.774584 -94.873878
v -6.281176 3.189149 -94.878082
v -6.271185 2.774967 -93.982018
v -6.272152 3.190074 -93.982330
v -5.698023 2.775258 -94.883965
v -5.702402 3.192770 -94.884430
v -5.692728 2.771454 -93.988403
v -5.678778 2.784398 -94.013901
v -5.692986 3.191538 -93.988403
v -3.265907 6.827414 -94.893555
v -3.262222 7.244576 -94.895813
v -3.276440 7.232685 -94.883881
v -3.257639 6.825260 -94.485413
v -3.254219 7.247525 -94.486099
v -2.681244 6.829203 -94.901375
v -2.685104 7.243963 -94.901833
v -2.680677 6.825953 -94.491844
v -2.677044 7.240949 -94.492043
v -3.272278 7.232685 -94.496994
v -3.868784 6.827431 -94.887077
v -3.616434 7.355849 -94.899742
v -3.879280 7.232685 -94.877396
v -3.536589 7.356715 -94.476952
v -3.284117 6.829200 -94.894890
v -3.611744 6.712744 -94.476341
v -3.272278 6.837234 -94.496994
v -3.875116 7.232685 -94.490501
v -4.471615 6.827414 -94.880577
v -4.220285 7.355773 -94.893211
v -4.482151 7.232685 -94.870903
v -4.215303 6.712959 -94.469902
v -4.139942 7.356541 -94.470444
v -3.886948 6.829211 -94.888412
v -3.875116 6.837234 -94.490501
v -4.477987 7.232685 -94.484016
v -5.074493 6.827426 -94.874100
v -4.822147 7.355849 -94.886765
v -5.080826 6.837324 -94.477531
v -4.771103 7.354877 -94.451729
v -4.489824 6.829200 -94.881912
v -4.789688 6.709399 -94.474190
v -4.477987 6.837234 -94.484016
v -5.080826 7.232684 -94.477531
v -5.677328 6.827414 -94.867599
v -5.425997 7.355775 -94.880234
v -5.683697 7.232684 -94.471039
v -5.345654 7.356543 -94.457466
v -5.094851 6.828122 -94.875641
v -5.084990 7.232684 -94.864418
v -5.420757 6.712822 -94.457092
v -6.280205 6.827426 -94.861115
v -6.280874 7.242032 -94.863121
v -6.276403 6.827891 -94.453033
v -6.277468 7.242891 -94.453384
v -5.695534 6.829200 -94.868942
v -5.705919 7.247506 -94.868904
v -5.687860 7.232684 -94.857933
v -5.701515 6.822394 -94.459763
v -5.683697 6.837234 -94.471039
v -5.698046 7.244650 -94.459152
v -15.569378 3.024269 -94.383423
v -15.986410 3.666391 -94.786613
v -15.569946 3.661785 -94.793457
v -15.985319 3.659895 -94.378777
v -15.972733 3.677338 -94.390343
v -15.577398 3.677347 -94.394592
v -15.563410 3.660115 -94.383163
v -15.984783 3.024058 -94.788147
v -15.570768 3.028257 -94.793167
v -15.983624 3.028238 -94.378731
v -15.986406 4.327421 -94.786613
v -15.456272 4.050556 -94.804886
v -15.581562 4.338373 -94.781487
v -15.563410 4.321141 -94.383163
v -15.985910 3.687530 -94.788414
v -15.581562 3.677347 -94.781487
v -16.103184 4.018867 -94.380783
v -15.565453 3.693061 -94.382919
v -15.577398 4.338373 -94.394592
v -15.986406 4.988448 -94.786613
v -15.456272 4.711579 -94.804878
v -15.581562 4.999400 -94.781487
v -15.984526 4.983646 -94.378403
v -15.447493 4.659458 -94.387512
v -15.984783 4.346110 -94.788147
v -15.986563 4.355605 -94.378609
v -15.972824 4.338373 -94.390343
v -15.577398 4.999400 -94.394592
v -15.986406 5.649474 -94.786613
v -15.456276 5.372585 -94.804886
v -16.103071 5.341146 -94.380638
v -15.577398 5.660427 -94.394592
v -15.563410 5.643194 -94.383163
v -15.984783 5.007137 -94.788147
v -15.972824 4.999400 -94.390343
v -15.565453 5.015112 -94.382919
v -15.986410 6.310497 -94.786613
v -15.456272 6.033629 -94.804886
v -15.972733 6.321445 -94.390343
v -15.577398 6.321453 -94.394592
v -15.448765 6.014359 -94.376137
v -15.984783 5.668163 -94.788147
v -15.581562 5.660427 -94.781487
v -16.101728 5.969742 -94.369385
v -15.972824 5.660426 -94.390343
v -15.986410 6.971524 -94.786613
v -15.572653 6.972053 -94.793083
v -15.981724 6.971983 -94.378670
v -15.567471 6.973291 -94.383514
v -15.985910 6.331636 -94.788414
v -15.567011 6.340920 -94.792885
v -15.581562 6.321453 -94.781487
v -15.987396 6.340929 -94.379013
v -15.565453 6.337167 -94.382919
v -15.548317 3.216384 -94.692627
v -11.953281 3.216384 -94.731316
v -15.548317 6.811623 -94.692627
v -11.953279 6.811623 -94.731323
v -13.748066 3.503815 -94.459427
v -12.122862 3.324171 -94.464127
v -12.073631 6.703835 -94.468147
v -15.329988 3.431957 -94.438744
v -13.748093 5.014004 -94.461990
v -12.237959 5.014004 -94.475677
v -15.258173 5.014004 -94.443169
v -15.437675 6.596049 -94.428444
v -13.748066 6.524192 -94.459427
v -11.524658 3.024269 -94.426949
v -11.941690 3.666391 -94.830139
v -11.525229 3.661786 -94.836983
v -11.940617 3.659903 -94.422302
v -11.928013 3.677339 -94.433868
v -11.532681 3.677347 -94.438126
v -11.518694 3.660116 -94.426689
v -11.940079 3.024056 -94.831673
v -11.526052 3.028257 -94.836693
v -11.938919 3.028236 -94.422249
v -11.941685 4.327421 -94.830139
v -11.525229 4.322812 -94.836983
v -11.536844 4.338373 -94.825012
v -11.518692 4.321141 -94.426689
v -11.941204 3.687527 -94.831940
v -11.523115 3.694602 -94.836823
v -11.536844 3.677347 -94.825012
v -12.058432 4.018867 -94.424393
v -11.520731 3.693061 -94.426445
v -11.532681 4.338373 -94.438126
v -11.941685 4.988447 -94.830139
v -11.525229 4.983838 -94.836983
v -11.536844 4.999400 -94.825012
v -11.518692 4.982167 -94.426689
v -11.940079 4.346108 -94.831673
v -11.523115 4.355628 -94.836823
v -12.058319 4.680141 -94.424248
v -11.928104 4.338373 -94.433868
v -11.520731 4.354085 -94.426445
v -11.532681 4.999400 -94.438126
v -11.941685 5.649473 -94.830139
v -11.525229 5.644865 -94.836983
v -11.536844 5.660427 -94.825012
v -12.058317 5.341142 -94.424248
v -11.518692 5.643194 -94.426689
v -11.940079 5.007135 -94.831673
v -11.523115 5.016655 -94.836823
v -11.928104 4.999400 -94.433868
v -11.520731 5.015112 -94.426445
v -11.532681 5.660427 -94.438126
v -11.941690 6.310497 -94.830139
v -11.525229 6.305892 -94.836983
v -11.536844 6.321453 -94.825012
v -11.928013 6.321445 -94.433868
v -11.518694 6.304222 -94.426689
v -11.940079 5.668162 -94.831673
v -11.523115 5.677682 -94.836823
v -12.058445 6.002547 -94.424393
v -11.928104 5.660427 -94.433868
v -11.520731 5.676139 -94.426445
v -11.532681 6.321453 -94.438126
v -11.941690 6.971523 -94.830139
v -11.527933 6.972053 -94.836609
v -11.937023 6.971982 -94.422188
v -11.522751 6.973291 -94.427040
v -11.941204 6.331633 -94.831940
v -11.523115 6.338709 -94.836823
v -11.942688 6.340915 -94.422539
v -11.520731 6.337167 -94.426445
v -11.962494 3.188499 -93.921005
v -12.556000 2.774589 -94.806351
v -12.552456 3.191395 -94.810600
v -12.566351 3.179848 -94.784996
v -12.542484 2.772714 -93.914688
v -12.542784 3.192779 -93.914688
v -11.971910 2.776042 -94.816269
v -11.974945 3.190842 -94.816963
v -11.965273 2.773392 -93.920876
v -12.557255 3.179848 -93.939880
v -13.158834 2.774581 -94.799866
v -13.155312 3.191403 -94.804108
v -13.169220 3.179848 -94.778511
v -13.145630 3.192793 -93.908203
v -12.576498 2.775268 -94.809944
v -12.580885 3.192756 -94.810417
v -12.869820 2.672686 -93.913422
v -12.557255 2.784399 -93.939880
v -12.570251 3.191023 -93.914169
v -13.160126 3.179848 -93.933395
v -13.761711 2.774589 -94.793373
v -13.758175 3.191393 -94.797623
v -13.748493 3.192780 -93.901711
v -13.179371 2.775258 -94.803459
v -13.183750 3.192770 -94.803925
v -13.471493 2.672648 -93.906952
v -13.160126 2.784399 -93.933395
v -13.173119 3.191034 -93.907684
v -13.762995 3.179848 -93.926910
v -14.364544 2.774581 -94.786888
v -14.359434 3.193125 -94.790939
v -14.352262 2.773210 -93.894989
v -14.351246 3.191589 -93.895210
v -13.780470 2.776048 -94.796814
v -13.785486 3.191097 -94.797638
v -13.772091 3.179848 -94.772034
v -13.778606 2.770919 -93.901619
v -13.762995 2.784399 -93.926910
v -13.777161 3.192654 -93.901382
v -14.365837 3.179847 -93.920418
v -14.967419 2.774588 -94.780396
v -14.689680 3.290060 -94.791710
v -14.977772 3.179847 -94.759048
v -14.955126 2.773223 -93.888496
v -14.383329 2.776041 -94.790321
v -14.374933 3.179847 -94.765541
v -14.379787 2.771454 -93.894928
v -14.365837 2.784398 -93.920418
v -14.657227 3.291221 -93.894119
v -14.968678 3.179847 -93.913933
v -15.570253 2.774576 -94.773911
v -15.571087 3.189155 -94.778107
v -15.561092 2.774957 -93.882057
v -15.562059 3.190083 -93.882362
v -14.987919 2.775269 -94.783997
v -14.992308 3.192756 -94.784470
v -14.982634 2.771467 -93.888435
v -14.968678 2.784398 -93.913933
v -14.982895 3.191527 -93.888428
v -11.966972 7.240951 -94.392075
v -12.555843 6.827431 -94.793594
v -12.552145 7.244560 -94.795845
v -12.566339 7.232685 -94.783913
v -12.547562 6.825278 -94.385429
v -12.544130 7.247507 -94.386116
v -11.971174 6.829201 -94.801407
v -11.975035 7.243966 -94.801865
v -11.970608 6.825950 -94.391876
v -12.562176 7.232685 -94.397018
v -13.158678 6.827415 -94.787094
v -12.907345 7.355773 -94.799728
v -13.169209 7.232685 -94.777420
v -12.856127 7.354868 -94.364685
v -12.574005 6.829211 -94.794922
v -12.874748 6.709587 -94.387024
v -12.562176 6.837234 -94.397018
v -13.165045 7.232685 -94.390533
v -13.761551 6.827429 -94.780617
v -13.509027 7.355816 -94.793327
v -13.772079 7.232685 -94.770935
v -13.457947 7.354834 -94.358208
v -13.176882 6.829200 -94.788429
v -13.476284 6.709539 -94.380554
v -13.165045 6.837234 -94.390533
v -13.767916 7.232685 -94.384048
v -14.364384 6.827409 -94.774124
v -14.083576 7.354100 -94.799339
v -14.370758 6.837324 -94.377556
v -14.090103 7.358610 -94.363319
v -13.779736 6.829206 -94.781952
v -14.050940 6.710729 -94.363930
v -13.767916 6.837234 -94.384048
v -14.370758 7.232684 -94.377556
v -14.967266 6.827431 -94.767639
v -14.714911 7.355850 -94.780312
v -14.973597 7.232684 -94.371071
v -14.634554 7.356540 -94.357620
v -14.384785 6.828108 -94.775665
v -14.374920 7.232684 -94.764450
v -14.709700 6.712751 -94.357094
v -15.570095 6.827409 -94.761139
v -15.570778 7.242044 -94.763138
v -15.566311 6.827881 -94.353073
v -15.567381 7.242902 -94.353424
v -14.985426 6.829212 -94.768974
v -14.995842 7.247490 -94.768944
v -14.977760 7.232684 -94.757957
v -14.991440 6.822411 -94.359779
v -14.973597 6.837234 -94.371071
v -14.987951 7.244635 -94.359177
v -12.113033 3.024287 -110.882286
v -11.695980 3.666391 -110.479095
v -12.112442 3.661785 -110.472260
v -11.697069 3.659894 -110.886932
v -11.709658 3.677338 -110.875366
v -12.104990 3.677347 -110.871117
v -12.119007 3.660121 -110.882545
v -11.697609 3.024058 -110.477562
v -12.111622 3.028257 -110.472542
v -11.698767 3.028238 -110.886978
v -11.695986 4.327421 -110.479095
v -12.226116 4.050556 -110.460823
v -12.100826 4.338373 -110.484222
v -12.231949 3.967359 -110.889511
v -11.696480 3.687530 -110.477295
v -12.100826 3.677347 -110.484222
v -11.582836 4.049904 -110.896034
v -12.104990 4.338373 -110.871117
v -11.695986 4.988448 -110.479095
v -12.226116 4.711579 -110.460823
v -12.100826 4.999400 -110.484222
v -12.231707 4.627420 -110.889420
v -11.697609 4.346110 -110.477562
v -11.582970 4.711183 -110.896194
v -11.709566 4.338373 -110.875374
v -12.104990 4.999400 -110.871117
v -11.695986 5.649474 -110.479095
v -12.226116 5.372585 -110.460823
v -11.579319 5.341146 -110.885071
v -12.104990 5.660427 -110.871117
v -12.118980 5.643194 -110.882545
v -11.697609 5.007137 -110.477562
v -11.709566 4.999400 -110.875374
v -12.116938 5.015112 -110.882790
v -11.695980 6.310497 -110.479095
v -12.226116 6.033629 -110.460823
v -11.709658 6.321445 -110.875366
v -12.104990 6.321453 -110.871117
v -12.233625 6.014359 -110.889572
v -11.697609 5.668163 -110.477562
v -12.100826 5.660427 -110.484222
v -11.580662 5.969742 -110.896324
v -11.709566 5.660426 -110.875374
v -11.695980 6.971524 -110.479095
v -12.109737 6.972053 -110.472626
v -11.700666 6.971983 -110.887039
v -12.114922 6.973291 -110.882195
v -11.696480 6.331636 -110.477295
v -12.115379 6.340920 -110.472824
v -12.100826 6.321453 -110.484222
v -11.694994 6.340930 -110.886696
v -12.116938 6.337167 -110.882790
v -12.134106 3.216384 -110.573082
v -15.729113 6.811623 -110.534393
v -12.134104 6.811623 -110.573090
v -13.934324 3.503815 -110.806282
v -15.444532 3.503815 -110.799332
v -15.608732 6.639164 -110.795372
v -12.352448 3.339569 -110.830414
v -15.729275 3.216384 -110.549492
v -13.934298 5.014004 -110.803726
v -15.444431 5.014004 -110.790031
v -12.424219 5.014004 -110.822540
v -12.244747 6.688438 -110.838478
v -13.934324 6.524192 -110.806282
v -16.157734 3.024269 -110.838760
v -15.740698 3.666391 -110.435570
v -16.157162 3.661786 -110.428726
v -15.741762 3.659901 -110.843399
v -15.754377 3.677339 -110.831841
v -16.149708 3.677347 -110.827591
v -16.163698 3.660116 -110.839020
v -15.742313 3.024072 -110.434044
v -16.156342 3.028257 -110.429016
v -15.743462 3.028253 -110.843445
v -15.740705 4.327421 -110.435570
v -16.270830 4.050552 -110.417297
v -16.145546 4.338373 -110.440697
v -16.276215 3.967064 -110.845901
v -15.741182 3.687543 -110.433777
v -16.145546 3.677347 -110.440697
v -15.627102 4.049598 -110.852600
v -16.149708 4.338373 -110.827591
v -15.740705 4.988447 -110.435570
v -16.270830 4.711590 -110.417297
v -16.145546 4.999400 -110.440697
v -15.742313 4.346125 -110.434044
v -15.627235 4.710882 -110.852760
v -15.754286 4.338373 -110.831848
v -16.276217 4.628074 -110.845901
v -16.149708 4.999400 -110.827591
v -15.740704 5.649473 -110.435570
v -16.270834 5.372592 -110.417297
v -16.145546 5.660427 -110.440697
v -15.627237 5.371886 -110.852768
v -16.276220 5.289079 -110.845901
v -15.742313 5.007152 -110.434044
v -15.754286 4.999400 -110.831848
v -16.149708 5.660427 -110.827591
v -15.740700 6.310497 -110.435570
v -16.270826 6.033631 -110.417297
v -16.145546 6.321453 -110.440697
v -15.754377 6.321445 -110.831841
v -16.163698 6.304222 -110.839020
v -15.742313 5.668178 -110.434044
v -15.623430 6.002419 -110.841469
v -15.754286 5.660427 -110.831848
v -16.161657 5.676138 -110.839264
v -16.149708 6.321453 -110.827591
v -15.740698 6.971523 -110.435570
v -16.154455 6.972053 -110.429100
v -15.745361 6.971966 -110.843513
v -16.159639 6.973291 -110.838669
v -15.741182 6.331649 -110.433777
v -16.160099 6.340920 -110.429298
v -15.739689 6.340907 -110.843163
v -16.161657 6.337167 -110.839264
v -15.719896 3.188500 -111.344711
v -15.126402 2.774585 -110.459358
v -15.129932 3.191393 -110.455109
v -15.116039 3.179848 -110.480713
v -15.139925 2.772702 -111.351013
v -15.139631 3.192793 -111.351021
v -15.710482 2.776041 -110.449440
v -15.707447 3.190842 -110.448746
v -15.717117 2.773392 -111.344833
v -15.125135 3.179848 -111.325829
v -14.523558 2.774584 -110.465843
v -14.527079 3.191402 -110.461601
v -14.513168 3.179848 -110.487198
v -14.536762 3.192792 -111.357506
v -15.105888 2.775260 -110.455765
v -15.101509 3.192768 -110.455299
v -14.813210 2.672539 -111.352287
v -15.125135 2.784399 -111.325829
v -15.112143 3.191032 -111.351540
v -14.522264 3.179848 -111.332321
v -13.920715 2.774581 -110.472336
v -13.924223 3.191394 -110.468086
v -13.933922 3.192793 -111.363991
v -14.503019 2.775258 -110.462257
v -14.498640 3.192770 -110.461784
v -14.210342 2.672501 -111.358772
v -14.522264 2.784399 -111.332321
v -14.509274 3.191034 -111.358025
v -13.919424 3.179848 -111.338806
v -13.317844 2.774584 -110.478821
v -13.321369 3.191401 -110.474579
v -13.330130 2.773213 -111.370728
v -13.332720 3.193339 -111.370232
v -13.901937 2.776051 -110.468895
v -13.895796 3.192756 -110.468269
v -13.910330 3.179848 -110.493675
v -13.903782 2.770919 -111.364090
v -13.919424 2.784399 -111.338806
v -13.906431 3.191023 -111.364517
v -13.316553 3.179847 -111.345291
v -12.714970 2.774588 -110.485313
v -12.992699 3.290060 -110.473991
v -12.704622 3.179847 -110.506660
v -12.727289 2.773210 -111.377213
v -13.024662 3.291376 -111.371651
v -13.299063 2.776041 -110.475388
v -13.307457 3.179847 -110.500168
v -13.302601 2.771453 -111.370789
v -13.316553 2.784398 -111.345291
v -12.713715 3.179847 -111.351776
v -12.112139 2.774576 -110.491798
v -12.111305 3.189155 -110.487602
v -12.121300 2.774957 -111.383652
v -12.120331 3.190083 -111.383347
v -12.694469 2.775260 -110.481720
v -12.690088 3.192768 -110.481247
v -12.699762 2.771455 -111.377274
v -12.713715 2.784398 -111.351776
v -12.699503 3.191536 -111.377274
v -15.126545 6.827431 -110.472122
v -15.130243 7.244560 -110.469864
v -15.116051 7.232685 -110.481796
v -15.134853 6.825260 -110.880272
v -15.138271 7.247525 -110.879585
v -15.711216 6.829200 -110.464302
v -15.707355 7.243966 -110.463852
v -15.711782 6.825950 -110.873833
v -15.715420 7.240952 -110.873634
v -15.120216 7.232685 -110.868690
v -14.523712 6.827417 -110.478615
v -14.775728 7.355937 -110.465912
v -14.513182 7.232685 -110.488289
v -14.855894 7.356669 -110.888725
v -15.108377 6.829202 -110.470787
v -14.780716 6.712786 -110.889336
v -15.120216 6.837234 -110.868690
v -14.517345 7.232685 -110.875175
v -13.920870 6.827417 -110.485100
v -14.173180 7.355841 -110.472412
v -13.910341 7.232685 -110.494774
v -14.253033 7.356715 -110.895218
v -14.505507 6.829200 -110.477280
v -14.177868 6.712741 -110.895828
v -14.517345 6.837234 -110.875175
v -13.914505 7.232685 -110.881668
v -13.318005 6.827413 -110.491592
v -13.569407 7.355745 -110.478958
v -13.311634 6.837324 -110.888153
v -13.902676 6.829211 -110.483757
v -13.601717 6.709498 -110.891533
v -13.914505 6.837234 -110.881668
v -13.620613 7.354847 -110.913994
v -13.311634 7.232684 -110.888153
v -12.715124 6.827431 -110.498070
v -12.967478 7.355848 -110.485405
v -12.708794 7.232684 -110.894638
v -13.047323 7.356717 -110.908195
v -13.297606 6.828108 -110.490044
v -13.307468 7.232684 -110.501266
v -12.972424 6.712605 -110.908638
v -12.112293 6.827409 -110.504570
v -12.111612 7.242044 -110.502571
v -12.116081 6.827881 -110.912636
v -12.115011 7.242902 -110.912285
v -12.696964 6.829212 -110.496735
v -12.686548 7.247489 -110.496765
v -12.704630 7.232684 -110.507751
v -12.690973 6.822395 -110.905922
v -12.708794 6.837234 -110.894638
v -12.694445 7.244648 -110.906525
v -2.823109 3.024265 -110.982254
v -2.406052 3.666374 -110.579071
v -2.822529 3.661793 -110.572227
v -2.407141 3.659894 -110.986900
v -2.419729 3.677338 -110.975342
v -2.815094 3.677347 -110.971085
v -2.829060 3.660128 -110.982521
v -2.407681 3.024058 -110.577538
v -2.821711 3.028248 -110.572510
v -2.408840 3.028238 -110.986954
v -2.406055 4.327405 -110.579071
v -2.936062 4.050571 -110.560783
v -2.810926 4.338373 -110.584198
v -2.941442 3.967055 -110.989418
v -2.406553 3.687530 -110.577271
v -2.810926 3.677347 -110.584198
v -2.292904 4.049919 -110.996002
v -2.815094 4.338373 -110.971085
v -2.406055 4.988431 -110.579071
v -2.936062 4.711595 -110.560783
v -2.810926 4.999400 -110.584198
v -2.293037 4.711197 -110.996162
v -2.941446 4.628055 -110.989418
v -2.407681 4.346110 -110.577538
v -2.419636 4.338373 -110.975342
v -2.815094 4.999400 -110.971085
v -2.406059 5.649469 -110.579063
v -2.936062 5.372600 -110.560776
v -2.293034 5.372205 -110.996170
v -2.815094 5.660427 -110.971085
v -2.941442 5.289055 -110.989410
v -2.407681 5.007137 -110.577538
v -2.419636 4.999400 -110.975342
v -2.406057 6.310493 -110.579063
v -2.936062 6.033645 -110.560783
v -2.419729 6.321445 -110.975342
v -2.815094 6.321453 -110.971085
v -2.943571 6.014397 -110.989563
v -2.407681 5.668163 -110.577538
v -2.810926 5.660427 -110.584198
v -2.290730 5.969758 -110.996292
v -2.419636 5.660426 -110.975342
v -2.406057 6.971519 -110.579063
v -2.819832 6.972057 -110.572594
v -2.410738 6.971982 -110.987015
v -2.825008 6.973299 -110.982170
v -2.406553 6.331636 -110.577271
v -2.825460 6.340903 -110.572792
v -2.810926 6.321453 -110.584198
v -2.405066 6.340929 -110.986664
v -2.827026 6.337159 -110.982758
v -2.844177 3.216384 -110.673058
v -6.439211 6.811623 -110.634361
v -6.439213 3.216384 -110.634369
v -2.844177 6.811623 -110.673058
v -6.318821 6.639164 -110.895340
v -3.062538 3.339569 -110.930389
v -6.269588 3.388843 -110.899590
v -4.644382 5.014004 -110.903694
v -6.154503 5.014004 -110.889999
v -3.134321 5.014004 -110.922508
v -4.644409 3.503815 -110.906250
v -2.954830 6.688438 -110.938454
v -4.644409 6.524192 -110.906250
v -6.867823 3.024287 -110.938728
v -6.450769 3.666391 -110.535545
v -6.867256 3.661782 -110.528702
v -6.451859 3.659895 -110.943375
v -6.464449 3.677339 -110.931816
v -6.859779 3.677347 -110.927559
v -6.873795 3.660121 -110.938988
v -6.452398 3.024058 -110.534012
v -6.866438 3.028271 -110.528992
v -6.453556 3.028238 -110.943420
v -6.450775 4.327421 -110.535545
v -6.981346 4.050250 -110.517174
v -6.855616 4.338373 -110.540665
v -6.986736 3.967355 -110.945953
v -6.451271 3.687530 -110.533745
v -6.855616 3.677347 -110.540665
v -6.337626 4.049896 -110.952477
v -6.859779 4.338373 -110.927559
v -6.450775 4.988448 -110.535545
v -6.981346 4.711288 -110.517174
v -6.855616 4.999400 -110.540665
v -6.337759 4.711180 -110.952637
v -6.452398 4.346110 -110.534012
v -6.464355 4.338373 -110.931816
v -6.986736 4.628365 -110.945961
v -6.859779 4.999400 -110.927559
v -6.450775 5.649474 -110.535545
v -6.981350 5.372290 -110.517166
v -6.855616 5.660427 -110.540665
v -6.337761 5.372185 -110.952637
v -6.986738 5.289369 -110.945953
v -6.452398 5.007137 -110.534012
v -6.464355 4.999400 -110.931816
v -6.859779 5.660427 -110.927559
v -6.450769 6.310498 -110.535545
v -6.981342 6.033330 -110.517174
v -6.855616 6.321453 -110.540665
v -6.464449 6.321445 -110.931816
v -6.873795 6.304228 -110.938988
v -6.452398 5.668164 -110.534012
v -6.333981 6.002543 -110.941376
v -6.464355 5.660427 -110.931816
v -6.871756 5.676142 -110.939232
v -6.859779 6.321453 -110.927559
v -6.450769 6.971524 -110.535545
v -6.864552 6.972035 -110.529068
v -6.455458 6.971983 -110.943481
v -6.869734 6.973274 -110.938637
v -6.451271 6.331636 -110.533745
v -6.870193 6.340899 -110.529274
v -6.449783 6.340930 -110.943138
v -6.871756 6.337171 -110.939232
v -6.430002 3.188490 -111.444687
v -5.836498 2.774581 -110.559326
v -5.840017 3.191403 -110.555084
v -5.826111 3.179848 -110.580681
v -5.849995 2.772702 -111.450989
v -5.849703 3.192793 -111.450989
v -6.420588 2.776050 -110.549408
v -6.417551 3.190828 -110.548714
v -6.427223 2.773406 -111.444809
v -5.835207 3.179848 -111.425797
v -5.233624 2.774588 -110.565819
v -5.237167 3.191395 -110.561569
v -5.223272 3.179848 -110.587173
v -5.245937 2.773211 -111.457718
v -5.248522 3.193330 -111.457230
v -5.815960 2.775258 -110.555740
v -5.811583 3.192770 -110.555267
v -5.819582 2.770906 -111.451080
v -5.835207 2.784399 -111.425797
v -5.822212 3.191034 -111.451508
v -5.232365 3.179848 -111.432289
v -4.630787 2.774581 -110.572304
v -4.634308 3.191403 -110.568062
v -4.643991 3.192793 -111.463966
v -5.213123 2.775268 -110.562225
v -5.208736 3.192756 -110.561752
v -4.919800 2.672685 -111.458748
v -5.232365 2.784399 -111.432289
v -5.219368 3.191023 -111.458008
v -4.629496 3.179848 -111.438774
v -4.027910 2.774588 -110.578796
v -4.031456 3.191394 -110.574547
v -4.040207 2.773223 -111.470695
v -4.042805 3.193327 -111.470207
v -4.612001 2.776041 -110.568871
v -4.605869 3.192770 -110.568245
v -4.620399 3.179848 -110.593651
v -4.613869 2.770906 -111.464058
v -4.629496 2.784399 -111.438774
v -4.616505 3.191034 -111.464485
v -4.026655 3.179847 -111.445267
v -3.425076 2.774581 -110.585281
v -3.701672 3.289993 -110.573929
v -3.414690 3.179847 -110.606628
v -3.437361 2.773210 -111.477180
v -3.734167 3.291230 -111.471619
v -4.009167 2.776050 -110.575356
v -4.017561 3.179847 -110.600136
v -4.012697 2.771467 -111.470764
v -4.026655 2.784398 -111.445267
v -3.423782 3.179847 -111.451752
v -2.822203 2.774584 -110.591774
v -2.821386 3.189149 -110.587570
v -2.831375 2.774967 -111.483627
v -2.830412 3.190074 -111.483322
v -3.404539 2.775258 -110.581688
v -3.400162 3.192770 -110.581223
v -3.409836 2.771454 -111.477249
v -3.423782 2.784398 -111.451752
v -3.409576 3.191538 -111.477249
v -5.836655 6.827415 -110.572098
v -5.840338 7.244576 -110.569839
v -5.826124 7.232685 -110.581772
v -5.846483 6.824470 -110.979836
v -5.846298 7.246713 -110.979988
v -6.421326 6.829211 -110.564270
v -6.417461 7.243949 -110.563812
v -6.421888 6.825968 -110.973816
v -6.425528 7.240939 -110.973618
v -5.830286 7.232685 -110.968658
v -5.233778 6.827431 -110.578575
v -5.486128 7.355846 -110.565910
v -5.223282 7.232685 -110.588257
v -5.566486 7.356539 -110.988594
v -5.818447 6.829200 -110.570763
v -5.491085 6.712889 -110.989288
v -5.830286 6.837234 -110.968658
v -5.227446 7.232685 -110.975143
v -4.630943 6.827415 -110.585075
v -4.882277 7.355771 -110.572441
v -4.620411 7.232685 -110.594742
v -4.933493 7.354869 -111.007477
v -5.215614 6.829211 -110.577240
v -4.914875 6.709586 -110.985138
v -5.227446 6.837234 -110.975143
v -4.624575 7.232685 -110.981636
v -4.028069 6.827426 -110.591553
v -4.280418 7.355846 -110.578888
v -4.312874 6.709398 -110.991463
v -4.021736 6.837324 -110.988121
v -4.331459 7.354879 -111.013916
v -4.612740 6.829200 -110.583733
v -4.624575 6.837234 -110.981636
v -4.021736 7.232684 -110.988121
v -3.425234 6.827414 -110.598045
v -3.676565 7.355772 -110.585419
v -3.418865 7.232684 -110.994614
v -3.756908 7.356544 -111.008186
v -4.007713 6.828122 -110.590012
v -4.017572 7.232684 -110.601234
v -3.681807 6.712821 -111.008560
v -2.822359 6.827426 -110.604530
v -2.821690 7.242032 -110.602531
v -2.826157 6.827891 -111.012619
v -2.825092 7.242891 -111.012268
v -3.407026 6.829201 -110.596710
v -3.396645 7.247505 -110.596741
v -3.414703 7.232684 -110.607719
v -3.401047 6.822393 -111.005890
v -3.418865 6.837234 -110.994614
v -3.404514 7.244650 -111.006500
v 5.405258 3.024269 -111.070801
v 5.822296 3.666391 -110.667618
v 5.405830 3.661786 -110.660774
v 5.821205 3.659895 -111.075447
v 5.808613 3.677338 -111.063889
v 5.413284 3.677347 -111.059631
v 5.399292 3.660115 -111.071068
v 5.820667 3.024058 -110.666084
v 5.406654 3.028257 -110.661064
v 5.819504 3.028238 -111.075500
v 5.822292 4.327421 -110.667618
v 5.292156 4.050556 -110.649345
v 5.417450 4.338373 -110.672745
v 5.286777 3.967069 -111.077942
v 5.821793 3.687530 -110.665817
v 5.417450 3.677347 -110.672745
v 5.935440 4.049904 -111.084557
v 5.413284 4.338373 -111.059631
v 5.822292 4.988447 -110.667618
v 5.292156 4.711580 -110.649345
v 5.417450 4.999400 -110.672745
v 5.820408 4.983645 -111.075821
v 5.283375 4.659458 -111.066711
v 5.820667 4.346110 -110.666084
v 5.822449 4.355605 -111.075623
v 5.808704 4.338373 -111.063889
v 5.413284 4.999400 -111.059631
v 5.822292 5.649474 -110.667618
v 5.292160 5.372585 -110.649345
v 5.938957 5.341147 -111.073593
v 5.413284 5.660427 -111.059631
v 5.399292 5.643194 -111.071068
v 5.820667 5.007137 -110.666084
v 5.808704 4.999400 -111.063889
v 5.401337 5.015112 -111.071304
v 5.822296 6.310497 -110.667618
v 5.292156 6.033629 -110.649345
v 5.808613 6.321445 -111.063889
v 5.413284 6.321453 -111.059631
v 5.284649 6.014359 -111.078094
v 5.820667 5.668163 -110.666084
v 5.417450 5.660427 -110.672745
v 5.937614 5.969742 -111.084846
v 5.808704 5.660426 -111.063889
v 5.822296 6.971524 -110.667618
v 5.408535 6.972053 -110.661140
v 5.817608 6.971983 -111.075562
v 5.403351 6.973291 -111.070717
v 5.821793 6.331636 -110.665817
v 5.402897 6.340921 -110.661346
v 5.417450 6.321453 -110.672745
v 5.823280 6.340929 -111.075211
v 5.401337 6.337167 -111.071304
v 5.384201 3.216384 -110.761604
v 1.789165 6.811623 -110.722908
v 5.384201 6.811623 -110.761604
v 3.583946 3.503815 -110.994797
v 2.073742 3.503815 -110.987854
v 1.909515 6.703835 -110.986084
v 5.165836 3.339569 -111.018936
v 1.789001 3.216384 -110.738007
v 3.583981 5.014004 -110.992241
v 2.073845 5.014004 -110.978546
v 5.094055 5.014004 -111.011055
v 5.273560 6.596049 -111.025780
v 3.583958 6.524193 -110.994797
v 1.360542 3.024269 -111.027275
v 1.777569 3.666391 -110.624084
v 1.361115 3.661786 -110.617249
v 1.776501 3.659907 -111.031921
v 1.763927 3.677339 -111.020363
v 1.368565 3.677347 -111.016106
v 1.354580 3.660115 -111.027542
v 1.775963 3.024056 -110.622551
v 1.361935 3.028257 -110.617538
v 1.774803 3.028236 -111.031975
v 1.777569 4.327420 -110.624092
v 1.361115 4.322813 -110.617249
v 1.372726 4.338373 -110.629219
v 1.354580 4.321141 -111.027542
v 1.777092 3.687526 -110.622292
v 1.358997 3.694602 -110.617409
v 1.372726 3.677347 -110.629219
v 1.894276 4.018961 -111.029884
v 1.356617 3.693061 -111.027779
v 1.368565 4.338373 -111.016106
v 1.777569 4.988447 -110.624092
v 1.361115 4.983838 -110.617249
v 1.372726 4.999400 -110.629219
v 1.354580 4.982167 -111.027542
v 1.775963 4.346108 -110.622551
v 1.358997 4.355629 -110.617409
v 1.894203 4.680141 -111.029984
v 1.763992 4.338373 -111.020363
v 1.356621 4.354085 -111.027779
v 1.368565 4.999400 -111.016106
v 1.777569 5.649473 -110.624092
v 1.361115 5.644865 -110.617249
v 1.372726 5.660427 -110.629219
v 1.894199 5.341141 -111.029984
v 1.354580 5.643194 -111.027542
v 1.775963 5.007135 -110.622551
v 1.358997 5.016655 -110.617409
v 1.763992 4.999400 -111.020363
v 1.356617 5.015112 -111.027779
v 1.368565 5.660427 -111.016106
v 1.777569 6.310498 -110.624084
v 1.361115 6.305892 -110.617249
v 1.372726 6.321453 -110.629219
v 1.763927 6.321445 -111.020363
v 1.354580 6.304222 -111.027542
v 1.775963 5.668161 -110.622551
v 1.358997 5.677682 -110.617409
v 1.894287 6.002435 -111.029884
v 1.763992 5.660427 -111.020363
v 1.356621 5.676139 -111.027779
v 1.368565 6.321453 -111.016106
v 1.777569 6.971524 -110.624084
v 1.363819 6.972053 -110.617615
v 1.772911 6.971988 -111.032036
v 1.358635 6.973291 -111.027191
v 1.777092 6.331633 -110.622292
v 1.358997 6.338709 -110.617409
v 1.778568 6.340912 -111.031693
v 1.356617 6.337167 -111.027779
v 1.798382 3.188499 -111.533226
v 2.391884 2.774587 -110.647881
v 2.388344 3.191393 -110.643631
v 2.402264 3.179848 -110.669228
v 2.378365 2.772712 -111.539536
v 2.378670 3.192779 -111.539543
v 1.807793 2.776041 -110.637955
v 1.810829 3.190841 -110.637268
v 1.801163 2.773392 -111.533356
v 2.393169 3.179848 -111.514351
v 2.994717 2.774581 -110.654366
v 2.991199 3.191403 -110.650124
v 3.005104 3.179848 -110.675720
v 2.981224 2.772702 -111.546021
v 2.981514 3.192793 -111.546021
v 2.412395 2.775267 -110.644279
v 2.416767 3.192756 -110.643814
v 2.407093 2.771468 -111.539848
v 2.393139 2.784399 -111.514351
v 2.407364 3.191526 -111.539848
v 2.996010 3.179848 -111.520836
v 3.597591 2.774589 -110.660858
v 3.594055 3.191393 -110.656601
v 3.584381 3.192780 -111.552521
v 3.015255 2.775258 -110.650772
v 3.019638 3.192770 -110.650307
v 3.307377 2.672647 -111.547279
v 2.996010 2.784399 -111.520836
v 3.009003 3.191035 -111.546547
v 3.598881 3.179848 -111.527321
v 4.200428 2.774581 -110.667343
v 4.196907 3.191403 -110.663094
v 4.188145 2.773210 -111.559242
v 4.185555 3.193340 -111.558746
v 3.616352 2.776048 -110.657410
v 3.622478 3.192756 -110.656784
v 3.607979 3.179848 -110.682198
v 3.614491 2.770919 -111.552605
v 3.598881 2.784399 -111.527321
v 3.611851 3.191021 -111.553040
v 4.201717 3.179847 -111.533813
v 4.803303 2.774589 -110.673828
v 4.525478 3.290034 -110.662476
v 4.813686 3.179847 -110.695183
v 4.791008 2.773222 -111.565735
v 4.493004 3.291194 -111.560158
v 4.219215 2.776041 -110.663910
v 4.210815 3.179847 -110.688683
v 4.215672 2.771453 -111.559303
v 4.201717 2.784398 -111.533813
v 4.804592 3.179847 -111.540298
v 5.406136 2.774576 -110.680313
v 5.406967 3.189155 -110.676125
v 5.396976 2.774957 -111.572174
v 5.397945 3.190083 -111.571861
v 4.823811 2.775267 -110.670227
v 4.828194 3.192756 -110.669762
v 4.818520 2.771467 -111.565796
v 4.804592 2.784398 -111.540298
v 4.818783 3.191526 -111.565796
v 2.391724 6.827430 -110.660645
v 2.388031 7.244562 -110.658379
v 2.402256 7.232685 -110.670319
v 2.381878 6.824485 -111.068390
v 2.382069 7.246695 -111.068550
v 1.807056 6.829201 -110.652824
v 1.810921 7.243966 -110.652367
v 1.806496 6.825950 -111.062355
v 1.802856 7.240951 -111.062157
v 2.398090 7.232685 -111.057205
v 2.994564 6.827415 -110.667130
v 2.743065 7.355810 -110.654541
v 3.005096 7.232685 -110.676804
v 2.691006 7.359942 -111.067123
v 2.409908 6.829206 -110.659302
v 2.708549 6.714564 -111.089516
v 2.398090 6.837234 -111.057205
v 3.000931 7.232685 -111.063698
v 3.597435 6.827430 -110.673615
v 3.344913 7.355814 -110.660904
v 3.607964 7.232685 -110.683296
v 3.293831 7.354835 -111.096016
v 3.012768 6.829200 -110.665794
v 3.312168 6.709538 -111.073669
v 3.000931 6.837234 -111.063698
v 3.603802 7.232685 -111.070183
v 4.200264 6.827409 -110.680107
v 3.948780 7.355811 -110.667511
v 3.886822 6.710728 -111.090294
v 4.206642 6.837324 -111.076668
v 3.925983 7.358611 -111.090912
v 3.615620 6.829206 -110.672272
v 3.603802 6.837234 -111.070183
v 4.206642 7.232684 -111.076668
v 4.803146 6.827429 -110.686592
v 4.550625 7.355816 -110.673882
v 4.809513 7.232684 -111.083160
v 4.470280 7.356502 -111.096649
v 4.220669 6.828108 -110.678558
v 4.210804 7.232684 -110.689781
v 4.545383 6.712776 -111.097168
v 5.405979 6.827409 -110.693092
v 5.406666 7.242044 -110.691086
v 5.402195 6.827881 -111.101158
v 5.403263 7.242902 -111.100800
v 4.821331 6.829206 -110.685249
v 4.831718 7.247487 -110.685280
v 4.813675 7.232684 -110.696266
v 4.827320 6.822412 -111.094444
v 4.809513 6.837234 -111.083160
v 4.823837 7.244632 -111.095055
v 8.986404 3.024275 -104.950745
v 8.583221 3.666392 -104.533707
v 8.576359 3.661785 -104.950172
v 8.991047 3.659902 -104.534790
v 8.979477 3.677339 -104.547379
v 8.975224 3.677347 -104.942719
v 8.986668 3.660124 -104.956711
v 8.581673 3.024057 -104.535332
v 8.576645 3.028257 -104.949348
v 8.991100 3.028238 -104.536484
v 8.583221 4.327422 -104.533714
v 8.576363 4.322811 -104.950172
v 8.588345 4.338373 -104.938553
v 8.986668 4.321150 -104.956711
v 8.581409 3.687526 -104.534203
v 8.576519 3.694595 -104.952278
v 8.588345 3.677347 -104.938553
v 8.989040 4.018873 -104.416939
v 8.986908 3.693057 -104.954666
v 8.975224 4.338373 -104.942719
v 8.583221 4.988449 -104.533714
v 8.576363 4.983838 -104.950172
v 8.588345 4.999400 -104.938553
v 8.986668 4.982175 -104.956703
v 8.581673 4.346109 -104.535332
v 8.576519 4.355621 -104.952278
v 8.989174 4.680138 -104.417053
v 8.979481 4.338373 -104.547287
v 8.986908 4.354081 -104.954666
v 8.975224 4.999400 -104.942719
v 8.583221 5.649477 -104.533714
v 8.576363 5.644864 -104.950172
v 8.989174 5.341146 -104.417053
v 8.975224 5.660427 -104.942719
v 8.986668 5.643202 -104.956703
v 8.581676 5.007136 -104.535332
v 8.576519 5.016648 -104.952278
v 8.979481 4.999400 -104.547287
v 8.986908 5.015108 -104.954666
v 8.583221 6.310500 -104.533707
v 8.576363 6.305891 -104.950172
v 8.979477 6.321445 -104.547379
v 8.975224 6.321453 -104.942719
v 8.986668 6.304229 -104.956703
v 8.581673 5.668162 -104.535332
v 8.576519 5.677674 -104.952278
v 8.588345 5.660427 -104.938553
v 8.989040 6.002541 -104.416924
v 8.979481 5.660426 -104.547287
v 8.986908 5.676135 -104.954666
v 8.583221 6.971526 -104.533707
v 8.576736 6.972048 -104.947472
v 8.991158 6.971981 -104.538383
v 8.986313 6.973289 -104.952652
v 8.581409 6.331633 -104.534203
v 8.576519 6.338701 -104.952278
v 8.588345 6.321453 -104.938553
v 8.990814 6.340919 -104.532715
v 8.986908 6.337163 -104.954666
v 8.677193 3.216385 -104.971817
v 8.638504 3.216385 -108.566841
v 8.677193 6.811623 -104.971817
v 8.638504 6.811623 -108.566841
v 8.910404 3.503815 -106.772049
v 8.905712 3.339569 -108.397255
v 8.901688 6.703835 -108.446487
v 8.931084 3.388843 -105.190132
v 8.907848 5.014004 -106.772018
v 8.894154 5.014004 -108.282150
v 8.926655 5.014004 -105.261948
v 8.941380 6.596049 -105.082451
v 8.910400 6.524192 -106.772049
v 8.539684 3.666395 -108.578423
v 8.532837 3.661787 -108.994881
v 8.947529 3.659902 -108.579506
v 8.935951 3.677339 -108.592087
v 8.931694 3.677347 -108.987427
v 8.943134 3.660123 -109.001419
v 8.537884 3.026500 -108.578911
v 8.533432 3.025541 -108.992958
v 8.947254 3.025524 -108.582298
v 8.943161 3.026764 -108.996590
v 8.539684 4.327426 -108.578423
v 8.521507 4.050557 -109.108635
v 8.544815 4.338373 -108.983261
v 8.950024 3.967086 -109.113968
v 8.537884 3.687527 -108.578911
v 8.544815 3.677347 -108.983261
v 8.956631 4.049916 -108.465286
v 8.931694 4.338373 -108.987427
v 8.539684 4.988452 -108.578423
v 8.521507 4.711595 -109.108635
v 8.544815 4.999400 -108.983261
v 8.947895 4.983650 -108.580292
v 8.538147 4.346110 -108.580040
v 8.947693 4.355598 -108.578262
v 8.935947 4.338373 -108.591995
v 8.938782 4.659483 -109.117363
v 8.931694 4.999400 -108.987427
v 8.539684 5.649479 -108.578423
v 8.521500 5.372601 -109.108635
v 8.544815 5.660427 -108.983261
v 8.947895 5.644676 -108.580292
v 8.538147 5.007137 -108.580040
v 8.947693 5.016624 -108.578255
v 8.935947 4.999400 -108.591995
v 8.938782 5.320484 -109.117371
v 8.931694 5.660427 -108.987427
v 8.539684 6.310502 -108.578423
v 8.521507 6.033635 -109.108627
v 8.544815 6.321453 -108.983261
v 8.935951 6.321445 -108.592087
v 8.538147 5.668163 -108.580040
v 8.956921 5.969727 -108.463081
v 8.935947 5.660427 -108.591995
v 8.950169 6.014380 -109.116089
v 8.931694 6.321453 -108.987427
v 8.539684 6.971529 -108.578423
v 8.533203 6.972047 -108.992180
v 8.947636 6.971980 -108.583092
v 8.942791 6.973289 -108.997360
v 8.537884 6.331634 -108.578911
v 8.533405 6.340909 -108.997818
v 8.947285 6.340918 -108.577423
v 8.943382 6.337164 -108.999374
v 9.448814 3.188496 -108.557632
v 8.563469 2.774584 -107.964134
v 8.559235 3.191398 -107.967659
v 8.584827 3.179848 -107.953751
v 9.455364 2.773216 -107.976425
v 9.454876 3.193336 -107.979012
v 8.553555 2.776043 -108.548210
v 8.552868 3.190837 -108.545181
v 9.448944 2.773399 -108.554848
v 9.429932 3.179848 -107.962845
v 8.569954 2.774585 -107.361275
v 8.565720 3.191397 -107.364799
v 8.591316 3.179848 -107.350899
v 9.461853 2.773216 -107.373566
v 9.456280 3.291255 -107.670998
v 8.560040 2.776043 -107.945358
v 8.559422 3.192765 -107.939224
v 9.455433 2.771460 -107.948898
v 9.429935 2.784399 -107.962845
v 9.436417 3.179848 -107.359993
v 8.576443 2.774585 -106.758423
v 8.572208 3.191398 -106.761948
v 9.468342 2.773217 -106.770706
v 9.462761 3.291250 -107.068123
v 8.566532 2.776044 -107.342499
v 8.565907 3.192765 -107.336372
v 9.461918 2.771459 -107.346046
v 9.436417 2.784399 -107.359993
v 9.442909 3.179848 -106.757133
v 8.582928 2.774585 -106.155563
v 8.578693 3.191398 -106.159088
v 9.474827 2.773216 -106.167854
v 8.573021 2.776043 -106.739647
v 8.572392 3.192765 -106.733513
v 8.597805 3.179848 -106.748039
v 9.468407 2.771459 -106.743187
v 9.442909 2.784399 -106.757133
v 9.469254 3.291255 -106.465286
v 9.449398 3.179848 -106.154282
v 8.589417 2.774585 -105.552704
v 8.585182 3.191397 -105.556236
v 8.610775 3.179848 -105.542328
v 9.481319 2.773216 -105.564995
v 9.480824 3.193335 -105.567589
v 8.579510 2.776043 -106.136787
v 8.578880 3.192765 -106.130661
v 8.604286 3.179848 -106.145187
v 9.474678 2.770911 -106.138657
v 9.449398 2.784399 -106.154282
v 9.475109 3.191030 -106.141289
v 9.455883 3.179848 -105.551422
v 8.595905 2.774579 -104.949852
v 8.591728 3.189150 -104.949020
v 9.487759 2.774961 -104.959023
v 9.487453 3.190078 -104.958054
v 8.585995 2.776043 -105.533936
v 8.585369 3.192765 -105.527802
v 9.481171 2.770911 -105.535797
v 9.455883 2.784399 -105.551422
v 9.481594 3.191030 -105.538437
v 8.977764 7.240948 -108.553146
v 8.576233 6.827419 -107.964287
v 8.573982 7.244567 -107.967972
v 8.585926 7.232684 -107.953766
v 8.984402 6.825270 -107.972565
v 8.983715 7.247516 -107.975983
v 8.568417 6.829201 -108.548950
v 8.567959 7.243959 -108.545090
v 8.977966 6.825956 -108.549515
v 8.972809 7.232684 -107.957924
v 8.582722 6.827419 -107.361435
v 8.570038 7.355802 -107.613419
v 8.592415 7.232684 -107.350906
v 8.982750 7.359915 -107.665527
v 8.574905 6.829201 -107.946091
v 9.005165 6.714562 -107.647789
v 8.972809 6.837234 -107.957924
v 8.979294 7.232684 -107.355072
v 8.589207 6.827419 -106.758575
v 8.576527 7.355799 -107.010529
v 8.598904 7.232684 -106.748055
v 8.989239 7.359909 -107.062653
v 8.581387 6.829201 -107.343239
v 9.011654 6.714569 -107.044922
v 8.979294 6.837234 -107.355072
v 8.985783 7.232684 -106.752213
v 8.595699 6.827414 -106.155724
v 8.583012 7.355805 -106.407700
v 9.005898 6.710711 -106.469574
v 8.992268 6.837324 -106.149368
v 8.587875 6.829201 -106.740379
v 8.985783 6.837234 -106.752213
v 9.006584 7.358582 -106.430443
v 8.992271 7.232684 -106.149361
v 8.602180 6.827419 -105.552864
v 8.589504 7.355788 -105.804810
v 9.012753 6.712778 -105.810028
v 8.998756 7.232684 -105.546509
v 8.594154 6.828112 -106.135338
v 8.605392 7.232684 -106.145195
v 9.012291 7.356533 -105.885124
v 8.608685 6.827418 -104.950005
v 8.606678 7.242037 -104.949326
v 9.016773 6.827884 -104.953804
v 9.016411 7.242897 -104.952736
v 8.600857 6.829206 -105.534668
v 8.600883 7.247496 -105.524284
v 8.611874 7.232684 -105.542343
v 9.010048 6.822402 -105.528687
v 8.998756 6.837234 -105.546509
v 9.010658 7.244642 -105.532158
v 9.074951 3.024275 -96.722382
v 8.671772 3.666393 -96.305344
v 8.664909 3.661785 -96.721809
v 9.079597 3.659902 -96.306427
v 9.068024 3.677339 -96.319016
v 9.063770 3.677347 -96.714355
v 9.075211 3.660124 -96.728340
v 8.670223 3.024058 -96.306961
v 8.665195 3.028257 -96.720985
v 9.079647 3.028239 -96.308121
v 8.671768 4.327422 -96.305344
v 8.664909 4.322811 -96.721809
v 8.676891 4.338373 -96.710190
v 9.075211 4.321150 -96.728340
v 8.669960 3.687527 -96.305840
v 8.665066 3.694595 -96.723915
v 8.676891 3.677347 -96.710190
v 9.077591 4.018871 -96.188553
v 9.075459 3.693057 -96.726303
v 9.063770 4.338373 -96.714355
v 8.671768 4.988449 -96.305344
v 8.664909 4.983838 -96.721809
v 8.676891 4.999400 -96.710190
v 9.077728 4.680132 -96.188660
v 9.075214 4.982175 -96.728340
v 8.670223 4.346109 -96.306961
v 8.665066 4.355621 -96.723915
v 9.068024 4.338373 -96.318924
v 9.075459 4.354081 -96.726303
v 9.063770 4.999400 -96.714355
v 8.671768 5.649477 -96.305344
v 8.664909 5.644864 -96.721809
v 9.077728 5.341139 -96.188660
v 9.063770 5.660427 -96.714355
v 9.075214 5.643202 -96.728340
v 8.670223 5.007137 -96.306961
v 8.665066 5.016648 -96.723915
v 9.068024 4.999400 -96.318924
v 9.075459 5.015108 -96.726303
v 8.671772 6.310500 -96.305344
v 8.664909 6.305891 -96.721809
v 9.068024 6.321445 -96.319016
v 9.063770 6.321453 -96.714355
v 9.075214 6.304229 -96.728340
v 8.670223 5.668163 -96.306961
v 8.665066 5.677674 -96.723915
v 8.676891 5.660427 -96.710190
v 9.077595 6.002529 -96.188538
v 9.068024 5.660426 -96.318924
v 9.075459 5.676135 -96.726303
v 8.671768 6.971527 -96.305344
v 8.665279 6.972048 -96.719101
v 9.079708 6.971980 -96.310020
v 9.074863 6.973289 -96.724289
v 8.669960 6.331634 -96.305840
v 8.665066 6.338701 -96.723915
v 8.676891 6.321453 -96.710190
v 9.079361 6.340918 -96.304352
v 9.075459 6.337163 -96.726303
v 8.765739 3.216385 -96.743446
v 8.727055 3.216385 -100.338478
v 8.765739 6.811623 -96.743446
v 8.727055 6.811623 -100.338478
v 8.982700 5.014004 -100.053787
v 8.990238 6.703835 -100.218117
v 9.019630 3.388843 -96.961769
v 8.994259 3.339569 -100.168884
v 8.996391 5.014004 -98.543655
v 9.015202 5.014004 -97.033577
v 8.998951 3.503815 -98.543686
v 9.029930 6.596049 -96.854080
v 8.998951 6.524192 -98.543678
v 8.628242 3.666393 -100.350052
v 8.621384 3.661785 -100.766518
v 9.036072 3.659902 -100.351135
v 9.024498 3.677339 -100.363724
v 9.020241 3.677347 -100.759056
v 9.031685 3.660124 -100.773048
v 8.626434 3.026500 -100.350540
v 8.621983 3.025541 -100.764595
v 9.035805 3.025524 -100.353935
v 9.031704 3.026764 -100.768227
v 8.628242 4.327423 -100.350060
v 8.621384 4.322812 -100.766518
v 8.633366 4.338373 -100.754898
v 9.031685 4.321149 -100.773048
v 8.626434 3.687528 -100.350548
v 8.621540 3.694595 -100.768631
v 8.633366 3.677347 -100.754898
v 9.034065 4.018864 -100.233269
v 9.031929 3.693057 -100.771011
v 9.020241 4.338373 -100.759056
v 8.628242 4.988449 -100.350060
v 8.621384 4.983837 -100.766518
v 8.633366 4.999400 -100.754898
v 9.031685 4.982175 -100.773048
v 8.626698 4.346111 -100.351677
v 8.621540 4.355621 -100.768631
v 9.034203 4.680182 -100.233368
v 9.024498 4.338373 -100.363632
v 9.031929 4.354082 -100.771011
v 9.020241 4.999400 -100.759056
v 8.628242 5.649476 -100.350060
v 8.621384 5.644864 -100.766518
v 8.633366 5.660427 -100.754898
v 9.034210 5.341123 -100.233353
v 9.031685 5.643202 -100.773048
v 8.626698 5.007137 -100.351677
v 8.621544 5.016648 -100.768631
v 9.024498 4.999400 -100.363632
v 9.031929 5.015109 -100.771011
v 9.020241 5.660427 -100.759056
v 8.628242 6.310499 -100.350052
v 8.621384 6.305891 -100.766518
v 8.633366 6.321453 -100.754898
v 9.024498 6.321445 -100.363724
v 9.031685 6.304230 -100.773048
v 8.626698 5.668164 -100.351677
v 8.621540 5.677674 -100.768631
v 9.034073 6.002525 -100.233223
v 9.024498 5.660427 -100.363632
v 9.031929 5.676135 -100.771011
v 9.020241 6.321453 -100.759056
v 8.628242 6.971526 -100.350052
v 8.621754 6.972047 -100.763817
v 9.036179 6.971979 -100.354729
v 9.031334 6.973289 -100.768997
v 8.626434 6.331635 -100.350548
v 8.621540 6.338701 -100.768631
v 9.035835 6.340918 -100.349060
v 9.031929 6.337163 -100.771011
v 9.537361 3.188496 -100.329262
v 8.652016 2.774585 -99.735764
v 8.647781 3.191398 -99.739296
v 8.673378 3.179848 -99.725388
v 9.543671 2.772707 -99.749275
v 9.543678 3.192788 -99.748978
v 8.642101 2.776043 -100.319847
v 8.641418 3.190837 -100.316818
v 9.537491 2.773399 -100.326485
v 9.518478 3.179848 -99.734482
v 8.658497 2.774585 -99.132912
v 8.647175 3.290045 -99.410233
v 8.679863 3.179848 -99.122536
v 9.550400 2.773216 -99.145203
v 8.648590 2.776043 -99.716995
v 9.543983 2.771460 -99.720535
v 9.518478 2.784399 -99.734482
v 9.544827 3.291260 -99.442635
v 9.524967 3.179848 -99.131630
v 8.664986 2.774585 -98.530052
v 8.653664 3.290045 -98.807381
v 9.556889 2.773216 -98.542343
v 8.655079 2.776043 -99.114136
v 9.550468 2.771459 -99.117676
v 9.524967 2.784399 -99.131630
v 9.551315 3.291259 -98.839783
v 9.531456 3.179848 -98.528770
v 8.671329 2.776374 -97.926277
v 8.660152 3.290045 -98.204506
v 9.563156 2.771575 -97.940681
v 8.661785 2.774393 -98.510391
v 8.686352 3.179848 -98.519676
v 9.557129 2.773114 -98.515930
v 9.531456 2.784399 -98.528770
v 9.557804 3.291256 -98.236923
v 9.537945 3.179848 -97.925919
v 8.677822 2.776374 -97.323418
v 8.666637 3.290045 -97.601654
v 8.699326 3.179848 -97.313965
v 9.569645 2.771574 -97.337822
v 8.668274 2.774392 -97.907532
v 8.692837 3.179848 -97.916824
v 9.563618 2.773113 -97.913078
v 9.537945 2.784399 -97.925919
v 9.564289 3.291256 -97.634064
v 9.544426 3.179848 -97.323059
v 8.684452 2.774579 -96.721489
v 8.680271 3.189150 -96.720657
v 9.576309 2.774961 -96.730659
v 9.576008 3.190078 -96.729683
v 8.674541 2.776043 -97.305573
v 8.674164 3.193304 -97.297791
v 9.569931 2.771458 -97.309113
v 9.544426 2.784399 -97.323059
v 9.569931 3.191534 -97.308853
v 8.664783 6.827420 -99.735924
v 8.662533 7.244567 -99.739609
v 8.674477 7.232684 -99.725403
v 9.072952 6.825270 -99.744202
v 9.072262 7.247516 -99.747620
v 8.656963 6.829201 -100.320580
v 8.656506 7.243959 -100.316727
v 9.066517 6.825956 -100.321152
v 9.066315 7.240948 -100.324783
v 9.061356 7.232684 -99.729561
v 8.671272 6.827420 -99.133064
v 8.658581 7.355806 -99.385056
v 8.680965 7.232684 -99.122543
v 8.663448 6.829201 -99.717728
v 9.093719 6.714558 -99.419434
v 9.061356 6.837234 -99.729561
v 9.071304 7.359920 -99.437164
v 9.067841 7.232684 -99.126709
v 8.677753 6.827419 -98.530212
v 8.665070 7.355806 -98.782204
v 8.687450 7.232684 -98.519691
v 8.669933 6.829201 -99.114868
v 9.100201 6.714559 -98.816582
v 9.067841 6.837234 -99.126709
v 9.077785 7.359920 -98.834312
v 9.074326 7.232684 -98.523849
v 8.684242 6.827414 -97.927361
v 8.671558 7.355803 -98.179344
v 9.080818 6.837324 -97.921005
v 8.676426 6.829201 -98.512016
v 9.094444 6.710709 -98.241211
v 9.074326 6.837234 -98.523849
v 9.095135 7.358582 -98.202080
v 9.080814 7.232684 -97.920998
v 8.690731 6.827419 -97.324501
v 8.665462 7.354073 -97.605659
v 9.087303 7.232684 -97.318138
v 8.682701 6.828112 -97.906967
v 8.693939 7.232684 -97.916832
v 9.101303 6.712776 -97.581665
v 9.100842 7.356537 -97.656761
v 8.697235 6.827418 -96.721642
v 8.695229 7.242037 -96.720963
v 9.105316 6.827883 -96.725441
v 9.104961 7.242896 -96.724365
v 8.689404 6.829206 -97.306305
v 8.688999 7.246690 -97.297951
v 8.700424 7.232684 -97.313980
v 9.098991 6.823215 -97.302383
v 9.087303 6.837234 -97.318138
v 9.098839 7.245427 -97.302223
v 1.097569 0.158562 -90.932793
v 5.351196 6.565057 -90.978569
v 4.284641 7.264216 -90.967087
v 1.344048 6.930145 -90.935440
v 5.351196 0.158562 -90.978569
v 1.886127 3.654317 -90.283401
v 1.926689 3.805419 -90.396118
v 2.185017 3.641073 -90.420624
v 1.163361 6.492600 -90.572350
v 1.101788 0.158562 -90.540588
v 5.284317 6.514190 -90.616692
v 4.506004 7.152479 -90.577225
v 2.209476 7.273656 -90.552513
v 3.972157 5.058163 -90.641296
v 3.975861 6.119207 -90.643402
v 3.249317 4.841320 -90.620766
v 3.586060 4.811687 -90.639595
v 3.218033 5.552014 -90.622200
v 2.498051 5.559521 -90.611229
v 1.766541 3.623514 -90.680313
v 1.818630 3.906497 -90.708801
v 2.050400 3.750034 -90.105705
v 1.266434 0.407239 -90.583817
v 2.861710 6.362123 -90.625275
v 3.585209 6.370968 -90.638924
v 3.278046 5.671271 -90.644936
v 2.492512 6.124737 -90.622849
v 2.863903 4.820102 -90.623863
v 3.247540 6.347881 -90.621231
v 3.961159 5.590225 -90.626175
v 2.484131 5.066529 -90.628784
v 4.477940 6.903950 -90.647987
v 2.263367 7.030275 -90.617577
v 5.189587 0.407239 -90.650650
v 5.355419 0.158562 -90.586365
v 1.081837 -0.063551 -90.559708
v 0.667019 0.579954 -90.963051
v 1.081249 0.573975 -90.969734
v 1.069649 0.589528 -90.957764
v 0.663837 0.569766 -90.555359
v 1.087776 0.572313 -90.559448
v 0.664429 -0.062478 -90.964264
v 1.080441 -0.059562 -90.969444
v 0.669464 -0.061054 -90.554955
v 1.073811 0.589528 -90.570877
v 0.667015 1.240978 -90.963051
v 1.081253 1.234999 -90.969734
v 0.678448 1.250547 -90.566620
v 1.087780 1.233336 -90.559448
v 0.663319 0.601237 -90.964584
v 1.083359 0.606773 -90.969574
v 0.548084 0.931545 -90.557098
v 0.678387 0.589528 -90.566620
v 1.085747 0.605235 -90.559204
v 1.073811 1.250555 -90.570877
v 0.667015 1.902005 -90.963051
v 1.081253 1.896026 -90.969734
v 0.678448 1.911574 -90.566620
v 1.087780 1.894362 -90.559448
v 0.663319 1.262265 -90.964584
v 1.083359 1.267798 -90.969574
v 1.069649 1.250555 -90.957771
v 0.548008 1.592415 -90.557198
v 1.085747 1.266262 -90.559204
v 1.073811 1.911582 -90.570877
v 0.667015 2.563031 -90.963051
v 1.081253 2.557052 -90.969734
v 0.678448 2.572600 -90.566620
v 1.087780 2.555389 -90.559448
v 0.663319 1.923291 -90.964584
v 1.083359 1.928825 -90.969574
v 1.069649 1.911582 -90.957771
v 0.548008 2.253452 -90.557198
v 1.085747 1.927289 -90.559204
v 1.073811 2.572608 -90.570877
v 0.667019 3.224060 -90.963051
v 1.081253 3.218079 -90.969734
v 1.073811 3.233635 -90.570877
v 1.198566 2.895056 -90.539597
v 0.663319 2.584317 -90.964584
v 1.083359 2.589852 -90.969574
v 1.069649 2.572608 -90.957771
v 0.548107 2.914237 -90.557098
v 0.667015 3.885085 -90.963051
v 1.081253 3.879106 -90.969734
v 0.678448 3.894653 -90.566620
v 1.073811 3.894661 -90.570877
v 1.087780 3.877443 -90.559448
v 0.664429 3.242656 -90.964264
v 1.083359 3.250879 -90.969574
v 1.069649 3.233635 -90.957771
v 0.548084 3.575647 -90.557098
v 0.678387 3.233635 -90.566620
v 1.085747 3.249341 -90.559204
v 0.667015 4.546112 -90.963051
v 1.081253 4.540133 -90.969734
v 0.678448 4.555679 -90.566620
v 1.087780 4.538469 -90.559448
v 0.663319 3.906371 -90.964584
v 1.083359 3.911906 -90.969574
v 1.069649 3.894661 -90.957771
v 0.548008 4.236526 -90.557198
v 1.085747 3.910369 -90.559204
v 1.073811 4.555688 -90.570877
v 0.667015 5.207138 -90.963051
v 1.081253 5.201159 -90.969734
v 0.678448 5.216706 -90.566620
v 1.073811 5.216715 -90.570877
v 1.087780 5.199496 -90.559448
v 0.663319 4.567398 -90.964584
v 1.083359 4.572931 -90.969574
v 1.069649 4.555688 -90.957771
v 0.548012 4.897547 -90.557198
v 1.085747 4.571395 -90.559204
v 0.667015 5.868165 -90.963051
v 1.081253 5.862185 -90.969734
v 0.678448 5.877733 -90.566620
v 1.073811 5.877741 -90.570877
v 1.087780 5.860522 -90.559448
v 0.663319 5.228425 -90.964584
v 1.083359 5.233959 -90.969574
v 1.069649 5.216715 -90.957771
v 0.548008 5.558565 -90.557198
v 1.085747 5.232422 -90.559204
v 0.667015 6.529192 -90.963051
v 1.078552 6.528345 -90.969368
v 0.667564 6.526804 -90.555016
v 1.083729 6.529587 -90.559799
v 0.663319 5.889451 -90.964584
v 1.083359 5.894984 -90.969574
v 1.069649 5.877741 -90.957771
v 0.665836 5.894958 -90.555046
v 1.085747 5.893448 -90.559204
v 5.793407 -0.063549 -90.610405
v 5.378586 0.579959 -91.013756
v 5.792839 0.573961 -91.020432
v 5.375397 0.569742 -90.606056
v 5.390030 0.589520 -90.617325
v 5.785366 0.589528 -90.621582
v 5.799362 0.572306 -90.610146
v 5.375996 -0.062478 -91.014961
v 5.792004 -0.059565 -91.020157
v 5.381031 -0.061054 -90.605659
v 5.378586 1.240986 -91.013756
v 5.906685 0.963352 -91.031799
v 5.781200 1.250555 -91.008469
v 5.390030 1.250547 -90.617325
v 5.785366 1.250555 -90.621582
v 5.799362 1.233333 -90.610146
v 5.374882 0.601241 -91.015274
v 5.781200 0.589528 -91.008469
v 5.259434 0.931422 -90.607910
v 5.797329 0.605241 -90.609901
v 5.378586 1.902012 -91.013756
v 5.906681 1.624352 -91.031799
v 5.390030 1.911574 -90.617325
v 5.785366 1.911582 -90.621582
v 5.799362 1.894360 -90.610146
v 5.374882 1.262267 -91.015274
v 5.259438 1.592449 -90.607910
v 5.797329 1.266267 -90.609901
v 5.378586 2.563038 -91.013756
v 5.906681 2.285401 -91.031799
v 5.390030 2.572600 -90.617325
v 5.785366 2.572608 -90.621582
v 5.799362 2.555386 -90.610146
v 5.374882 1.923294 -91.015274
v 5.781200 1.911582 -91.008469
v 5.259434 2.253486 -90.607910
v 5.797329 1.927294 -90.609901
v 5.378590 3.224067 -91.013756
v 5.906673 2.946449 -91.031799
v 5.785366 3.233635 -90.621582
v 5.911846 2.862325 -90.603355
v 5.374882 2.584320 -91.015274
v 5.781200 2.572608 -91.008469
v 5.263206 2.945182 -90.596664
v 5.378593 3.885094 -91.013756
v 5.906681 3.607438 -91.031799
v 5.376305 3.877095 -90.605537
v 5.915234 3.554685 -90.614586
v 5.375996 3.242656 -91.014961
v 5.781200 3.233635 -91.008469
v 5.378132 3.249167 -90.605453
v 5.389935 3.233635 -90.617325
v 5.785362 3.894661 -90.621574
v 5.378593 4.546121 -91.013756
v 5.906681 4.268481 -91.031799
v 5.376305 4.538122 -90.605537
v 5.785366 4.555688 -90.621582
v 5.915234 4.215740 -90.614586
v 5.375996 3.903682 -91.014961
v 5.781200 3.894661 -91.008469
v 5.378132 3.910194 -90.605453
v 5.389935 3.894661 -90.617325
v 5.378586 5.207145 -91.013756
v 5.906681 4.929492 -91.031799
v 5.390030 5.216706 -90.617325
v 5.785366 5.216715 -90.621582
v 5.913982 4.909621 -90.603203
v 5.375996 4.564709 -91.014961
v 5.781200 4.555688 -91.008469
v 5.261021 4.865016 -90.596375
v 5.389935 4.555688 -90.617325
v 5.378586 5.868172 -91.013756
v 5.906685 5.590519 -91.031799
v 5.390030 5.877733 -90.617325
v 5.799362 5.860518 -90.610146
v 5.374882 5.228427 -91.015274
v 5.781200 5.216715 -91.008469
v 5.259438 5.558589 -90.607910
v 5.797329 5.232427 -90.609901
v 5.785362 5.877741 -90.621574
v 5.378586 6.529199 -91.013756
v 5.790134 6.528323 -91.020065
v 5.379131 6.526794 -90.605721
v 5.795307 6.529580 -90.610497
v 5.374882 5.889453 -91.015274
v 5.795761 5.897195 -91.019875
v 5.781200 5.877741 -91.008469
v 5.377403 5.894971 -90.605751
v 5.797325 5.893453 -90.609901
v 1.007000 6.519156 -90.557358
v 1.280785 7.229951 -90.967987
v 1.523815 6.895061 -90.972626
v 1.285713 7.229987 -90.560043
v 1.529686 6.895166 -90.563057
v 0.761425 6.851985 -90.963913
v 1.007591 6.519052 -90.967133
v 0.767315 6.857064 -90.554550
v 1.538048 6.937664 -90.563080
v 1.935459 7.586622 -90.975029
v 2.114094 7.213367 -90.978973
v 1.940384 7.586560 -90.567093
v 2.119957 7.213204 -90.569412
v 1.356457 7.308539 -90.970322
v 1.538532 6.936658 -90.972839
v 1.363239 7.313259 -90.560944
v 2.125866 7.236204 -90.569397
v 2.734512 7.690902 -90.983635
v 2.762695 7.278050 -90.985954
v 2.739380 7.690642 -90.575691
v 2.768398 7.277364 -90.576393
v 2.093761 7.646311 -90.978249
v 2.125626 7.233464 -90.979164
v 2.102116 7.649829 -90.568916
v 2.779335 7.285625 -90.576378
v 3.410278 7.708573 -90.990906
v 3.417446 7.294823 -90.992996
v 3.415142 7.708286 -90.582939
v 3.423126 7.294066 -90.583519
v 2.768078 7.696601 -90.985504
v 2.778950 7.282666 -90.986191
v 2.776608 7.699919 -90.576210
v 3.458897 7.303557 -90.583755
v 4.123089 7.671741 -90.998573
v 4.095539 7.258850 -91.000298
v 4.127922 7.671424 -90.590637
v 4.101143 7.257995 -90.590729
v 3.482159 7.713662 -90.993195
v 3.458267 7.300277 -90.993500
v 3.490955 7.716619 -90.583862
v 4.138699 7.247345 -90.591057
v 4.872425 7.441677 -91.006638
v 4.745190 7.047908 -91.007294
v 4.877148 7.441269 -90.598694
v 4.750538 7.046788 -90.597717
v 4.260975 7.638378 -91.001572
v 4.137150 7.243251 -91.000809
v 4.270355 7.640175 -90.592247
v 4.758472 7.043943 -90.597672
v 5.515774 6.995352 -91.013565
v 5.270756 6.661877 -91.012947
v 5.520370 6.994840 -90.605598
v 5.275711 6.660503 -90.603455
v 4.997654 7.375010 -91.009506
v 4.755478 7.039152 -91.007462
v 5.007347 7.375151 -90.600212
v 5.784630 6.545918 -91.016426
v 5.330853 6.674566 -90.587868
v 5.783009 6.847313 -91.017960
v 5.328442 6.670432 -91.029968
v 5.853962 6.694492 -90.591209
vn -0.1920 -0.3988 -0.8967
vn 0.9778 -0.0000 -0.2095
vn -0.9779 -0.0000 0.2092
vn -0.2070 -0.3988 -0.8934
vn 0.0503 -0.9987 -0.0108
vn 0.2004 0.0698 0.9772
vn -0.2089 -0.0684 -0.9755
vn -0.2224 -0.0548 -0.9734
vn -0.1534 -0.0115 -0.9881
vn -0.0622 -0.1067 -0.9923
vn 0.1988 0.0684 0.9777
vn 0.2162 0.0896 0.9722
vn 0.2109 0.0664 0.9752
vn 0.1962 0.0684 0.9782
vn 0.2089 0.0684 0.9755
vn 0.2056 0.0526 0.9772
vn 0.5119 0.1154 0.8513
vn 0.0501 0.9987 -0.0107
vn 0.0269 0.9993 -0.0276
vn 0.0341 -0.9944 -0.1004
vn -0.9779 0.0001 0.2092
vn 0.2094 -0.0000 0.9778
vn 0.9779 -0.0000 -0.2092
vn 0.0364 -0.9946 -0.0975
vn 0.0863 0.9022 0.4225
vn 0.0002 0.9997 -0.0234
vn 0.7223 -0.0731 -0.6877
vn 0.4791 -0.0670 0.8752
vn -0.9835 -0.0529 -0.1728
vn -0.8135 -0.0757 0.5766
vn -0.0228 -0.0540 0.9983
vn 0.8134 -0.0775 -0.5765
vn -0.9150 -0.0695 -0.3974
vn 0.9130 -0.0000 -0.4079
vn -0.9131 -0.0000 0.4078
vn -0.3925 -0.3988 -0.8288
vn -0.3767 -0.3164 -0.8706
vn 0.0398 -0.9984 -0.0398
vn 0.3982 0.0695 0.9146
vn -0.4056 -0.0698 -0.9114
vn 0.5569 0.0688 0.8277
vn -0.4069 -0.0684 -0.9109
vn 0.3261 -0.0499 -0.9440
vn -0.3940 0.0277 -0.9187
vn -0.4103 -0.0537 -0.9104
vn 0.3534 0.0175 0.9353
vn 0.4100 0.1719 0.8957
vn 0.4282 0.0684 0.9011
vn 0.4069 0.0684 0.9109
vn 0.0365 -0.9986 -0.0383
vn 0.0396 -0.9984 -0.0397
vn 0.0433 0.9989 -0.0193
vn 0.9131 -0.0000 -0.4078
vn 0.0759 0.9810 0.1787
vn -0.8540 0.3586 0.3769
vn 0.9413 -0.0652 0.3311
vn -0.6443 -0.0660 0.7619
vn -0.4135 -0.0692 -0.9079
vn 0.9413 -0.0652 0.3312
vn -0.4136 -0.0692 -0.9078
vn 0.9219 -0.0652 -0.3820
vn -0.2034 -0.0642 -0.9770
vn -0.0000 -1.0000 -0.0000
vn 0.8395 -0.0000 0.5434
vn -0.5433 -0.0000 0.8395
vn -0.9778 -0.0000 0.2094
vn -0.9778 -0.0000 0.2093
vn 0.3265 0.9426 -0.0699
vn 0.2117 0.0663 0.9751
vn 0.1920 0.0542 0.9799
vn -0.3265 0.9426 0.0699
vn -0.0958 0.9952 0.0205
vn 0.0958 0.9952 -0.0205
vn -0.1876 -0.3132 -0.9310
vn -0.2261 -0.0542 -0.9726
vn 0.9796 0.0023 -0.2009
vn -0.0001 -1.0000 -0.0002
vn 0.0032 0.9932 -0.1166
vn -0.0000 1.0000 -0.0000
vn -0.2081 -0.0681 -0.9757
vn 0.9767 0.0007 -0.2145
vn -0.9778 -0.0000 0.2095
vn -0.9781 0.0002 0.2082
vn 0.2154 0.0706 0.9740
vn 0.2036 0.0932 0.9746
vn 0.9778 -0.0000 -0.2094
vn 0.1862 0.1605 0.9693
vn 0.1576 0.0552 0.9860
vn 0.2081 0.0214 0.9779
vn 0.3761 0.0400 0.9257
vn 0.2318 0.1860 0.9548
vn 0.0216 0.0376 0.9991
vn 0.2106 0.0214 0.9773
vn 0.3725 0.0679 0.9256
vn -0.2084 -0.0662 -0.9758
vn -0.3596 -0.0665 -0.9307
vn -0.1892 -0.0542 -0.9804
vn -0.2676 -0.0451 -0.9625
vn -0.1736 0.0335 -0.9843
vn -0.2645 -0.0593 -0.9626
vn -0.2081 -0.0214 -0.9779
vn -0.2432 -0.0771 -0.9669
vn -0.2599 -0.0501 -0.9643
vn -0.2241 0.0291 -0.9741
vn -0.2317 -0.8479 -0.4769
vn -0.2031 0.1418 -0.9688
vn -0.1715 -0.0684 -0.9828
vn -0.2071 -0.0702 -0.9758
vn 0.2072 0.0678 0.9760
vn 0.2191 0.0684 0.9733
vn 0.2137 0.0636 0.9748
vn -0.0063 1.0000 0.0013
vn 0.1396 -0.2243 0.9645
vn -0.0000 -1.0000 -0.0001
vn 0.0063 -1.0000 -0.0013
vn 0.0301 0.9981 0.0538
vn 0.9778 -0.0000 -0.2096
vn -0.9780 0.0004 0.2087
vn -0.0345 0.9947 0.0971
vn 0.0055 -0.9981 -0.0618
vn 0.0058 0.9997 0.0224
vn -0.9779 -0.0001 0.2092
vn 0.0186 0.9988 0.0448
vn -0.2432 0.8909 0.3837
vn 0.2048 0.1960 0.9590
vn 0.0868 0.9113 0.4026
vn 0.3670 0.8973 0.2452
vn 0.2755 0.9589 -0.0673
vn -0.2059 0.9775 0.0453
vn 0.0206 0.9978 0.0627
vn -0.0054 1.0000 0.0027
vn 0.1849 -0.0541 -0.9813
vn 0.9030 0.3814 -0.1980
vn -0.1896 0.4030 -0.8954
vn 0.9762 -0.0460 0.2121
vn -0.8725 -0.0554 0.4854
vn 0.0265 -0.0343 0.9991
vn -0.0000 1.0000 0.0003
vn 0.0004 1.0000 0.0004
vn -0.6598 -0.0399 -0.7504
vn 0.0022 -1.0000 0.0001
vn 0.1536 -0.0263 -0.9878
vn 0.9778 -0.0282 0.2074
vn -0.1537 -0.0265 0.9878
vn 0.0826 -0.0452 -0.9956
vn 0.0044 -1.0000 0.0034
vn 0.9761 -0.0415 0.2131
vn 0.0002 1.0000 -0.0002
vn -0.2074 -0.0296 0.9778
vn -0.9917 -0.0295 -0.1254
vn 0.0039 -1.0000 0.0005
vn 0.3799 -0.0407 -0.9241
vn 0.9715 -0.0276 0.2352
vn -0.9223 -0.0351 0.3850
vn 0.0003 1.0000 0.0003
vn 0.4078 -0.0000 0.9131
vn -0.6597 -0.0431 -0.7503
vn -0.0029 -1.0000 -0.0005
vn -0.4031 -0.0639 -0.9129
vn 0.9340 -0.0000 0.3573
vn -0.3740 -0.3989 -0.8373
vn -0.3572 -0.0000 0.9340
vn -0.9131 0.0001 0.4078
vn 0.3049 0.9426 -0.1362
vn 0.4095 0.0664 0.9099
vn 0.3909 0.0542 0.9188
vn -0.3049 0.9426 0.1362
vn -0.0894 0.9952 0.0399
vn 0.0894 0.9952 -0.0399
vn -0.0008 -0.9986 -0.0533
vn -0.4234 -0.0542 -0.9043
vn -0.9130 -0.0001 0.4079
vn -0.0058 1.0000 0.0026
vn -0.4063 -0.0682 -0.9112
vn 0.4185 0.0739 0.9052
vn 0.3399 0.6766 0.6532
vn 0.9130 -0.0000 -0.4078
vn 0.3314 0.3252 0.8857
vn 0.3667 0.0543 0.9287
vn 0.4066 0.0214 0.9134
vn 0.5601 0.0400 0.8274
vn 0.3543 0.0593 0.9332
vn 0.4098 0.0717 0.9093
vn 0.4089 0.0214 0.9123
vn -0.3911 0.0124 -0.9203
vn -0.4543 -0.0552 -0.8891
vn -0.3886 -0.0542 -0.9198
vn -0.5649 -0.0630 -0.8227
vn -0.4047 -0.0676 -0.9119
vn -0.5119 -0.0664 -0.8565
vn -0.4066 -0.0215 -0.9134
vn -0.2459 -0.0679 -0.9669
vn -0.4164 0.0255 -0.9088
vn -0.4919 -0.0532 -0.8690
vn -0.3107 -0.3810 -0.8708
vn -0.4058 -0.0672 -0.9115
vn -0.3955 -0.0556 -0.9168
vn -0.4090 -0.0681 -0.9100
vn 0.4068 0.0684 0.9109
vn 0.3688 -0.0107 0.9295
vn 0.6408 0.0651 0.7650
vn 0.3996 0.0672 0.9142
vn 0.4108 0.0642 0.9094
vn 0.3316 0.0882 0.9393
vn 0.4315 -0.0080 0.9021
vn -0.0100 0.9999 -0.0115
vn 0.0008 0.9986 0.0535
vn 0.9130 -0.0000 -0.4080
vn 0.9173 -0.0013 -0.3981
vn -0.9133 0.0001 0.4074
vn 0.0008 0.9986 0.0533
vn -0.0468 -0.9987 0.0209
vn 0.0058 -1.0000 -0.0026
vn -0.0013 -0.9984 -0.0570
vn 0.0274 0.9991 0.0312
vn -0.0365 0.9986 0.0383
vn -0.9156 0.0019 0.4022
vn -0.9129 -0.0000 0.4081
vn 0.9109 0.0007 -0.4126
vn -0.0012 -0.9984 -0.0566
vn -0.0406 -0.9981 -0.0466
vn -0.1630 0.8907 0.4244
vn 0.3982 0.2443 0.8842
vn 0.1811 0.8967 0.4039
vn 0.4088 0.8988 0.1584
vn 0.0371 0.9992 -0.0175
vn -0.1255 0.9907 0.0519
vn 0.0483 0.9930 0.1082
vn 0.0029 1.0000 0.0078
vn -0.3745 0.3929 -0.8399
vn 0.8408 0.3849 -0.3806
vn 0.6950 -0.0387 -0.7179
vn 0.7332 -0.0387 0.6789
vn -0.6950 -0.0387 0.7179
vn -0.7332 -0.0387 -0.6789
vn 0.0005 1.0000 -0.0006
vn -0.0547 -0.0377 -0.9978
vn 0.9989 -0.0366 0.0288
vn -0.0573 -0.0276 0.9980
vn -0.9992 -0.0278 -0.0284
vn -0.0033 -1.0000 0.0039
vn -0.6404 -0.0582 0.7658
vn -0.0040 -1.0000 0.0045
vn 0.0900 -0.0391 -0.9952
vn 0.9959 -0.0366 -0.0832
vn 0.1674 -0.0439 0.9849
vn 0.0009 1.0000 0.0001
vn -0.7867 -0.0482 -0.6154
vn -0.0028 -1.0000 -0.0034
vn 0.9672 -0.2533 0.0202
vn -0.3939 0.9191 0.0042
vn 0.4007 0.9151 0.0456
vn 0.3654 0.9309 -0.0039
vn -0.0023 -1.0000 0.0072
vn -0.1083 -0.9933 0.0401
vn -0.0000 -1.0000 0.0001
vn -0.0013 -1.0000 0.0014
vn -0.0001 -1.0000 -0.0011
vn -0.0239 -0.9996 -0.0167
vn 0.0011 -1.0000 -0.0000
vn -0.0348 -0.9994 0.0060
vn -0.0001 1.0000 -0.0001
vn -0.0001 1.0000 -0.0010
vn 0.0012 1.0000 -0.0000
vn -0.0047 1.0000 0.0001
vn -0.0047 -0.0006 -1.0000
vn -0.0111 0.0003 -0.9999
vn 0.9995 -0.0304 -0.0098
vn 0.9984 -0.0555 -0.0097
vn 0.9999 -0.0101 -0.0123
vn 0.0098 1.0000 0.0007
vn 0.0090 -1.0000 0.0003
vn 0.0351 0.9994 0.0054
vn 0.0011 -1.0000 -0.0001
vn -0.0073 -0.0172 -0.9998
vn 0.0095 0.4415 0.8972
vn -0.0233 0.3839 -0.9231
vn 0.9999 -0.0000 -0.0108
vn -0.1893 -0.9819 0.0069
vn -0.9924 0.1226 0.0109
vn -0.7318 -0.5802 0.3575
vn -0.9999 0.0111 0.0083
vn -0.2796 -0.9598 0.0244
vn -0.2343 -0.9721 0.0100
vn 0.9903 -0.1121 -0.0818
vn -0.9989 -0.0332 0.0345
vn -0.9904 0.1372 0.0142
vn -0.9999 -0.0001 0.0144
vn 0.9999 -0.0012 -0.0138
vn 0.1077 -0.9942 -0.0075
vn -0.0025 -1.0000 -0.0032
vn -0.0025 -1.0000 -0.0031
vn -0.0607 -0.9982 0.0015
vn -0.0606 -0.9982 0.0015
vn -0.0605 -0.9982 0.0015
vn -0.0604 -0.9982 0.0015
vn -0.0603 -0.9982 0.0014
vn -0.0207 -0.9998 0.0027
vn -0.0206 -0.9998 0.0027
vn -0.0205 -0.9998 0.0027
vn -0.0204 -0.9998 0.0027
vn -0.0203 -0.9998 0.0027
vn -0.0202 -0.9998 0.0027
vn -0.0201 -0.9998 0.0027
vn -0.0200 -0.9998 0.0027
vn -0.0199 -0.9998 0.0027
vn -0.0198 -0.9998 0.0026
vn 0.9999 -0.0142 -0.0062
vn 0.0121 0.9999 0.0008
vn -0.0285 0.9996 0.0020
vn 0.9946 -0.1033 -0.0092
vn -0.9936 -0.1122 0.0122
vn -0.9999 0.0016 0.0119
vn 1.0000 0.0016 -0.0096
vn -0.0127 0.9999 0.0008
vn -0.0042 1.0000 -0.0018
vn -0.0042 1.0000 -0.0019
vn 0.0270 0.9996 -0.0019
vn 0.0393 0.9992 0.0023
vn -0.0364 0.9993 0.0032
vn 0.9998 -0.0182 -0.0107
vn 0.9998 -0.0180 -0.0107
vn 0.9998 -0.0181 -0.0107
vn -0.9997 0.0202 0.0108
vn -0.9997 0.0203 0.0108
vn -0.9997 0.0199 0.0108
vn -0.9997 0.0201 0.0108
vn -0.9999 -0.0001 0.0108
vn 0.9996 -0.0188 -0.0225
vn 0.9996 -0.0189 -0.0225
vn 0.9999 0.0061 -0.0108
vn 0.9999 0.0060 -0.0108
vn -0.9999 -0.0082 0.0107
vn 0.9999 0.0062 -0.0108
vn -0.9999 -0.0084 0.0107
vn -0.9999 -0.0083 0.0107
vn -0.9999 -0.0081 0.0107
vn -0.9998 0.0093 0.0166
vn -0.9998 0.0090 0.0164
vn -0.9998 0.0091 0.0165
vn -0.9998 0.0094 0.0167
vn -0.9998 0.0095 0.0166
vn -0.9998 0.0092 0.0165
vn 0.0070 -0.6200 0.7846
vn 0.0066 0.6741 0.7386
vn 0.0070 -0.6199 0.7846
vn -0.0049 -1.0000 0.0001
vn -0.9339 -0.3569 0.0217
vn -0.0001 -0.5651 -0.8250
vn -0.9341 -0.3565 0.0212
vn 0.0028 -0.5667 -0.8239
vn -0.7960 -0.6052 0.0108
vn 0.0760 -0.0007 0.9971
vn 0.0146 -0.0873 0.9961
vn 0.9094 -0.0000 0.4159
vn -0.0201 -0.7535 0.6571
vn -0.9460 -0.3233 0.0230
vn -0.9463 -0.3226 0.0222
vn -0.9340 -0.3565 0.0211
vn 0.9685 -0.0031 0.2489
vn -0.8792 0.0026 -0.4765
vn 0.3379 -0.9412 0.0024
vn -0.8795 0.0026 -0.4760
vn 0.8700 0.0086 -0.4930
vn 0.3367 -0.9416 0.0024
vn 0.8699 0.0086 -0.4931
vn 0.6483 -0.7614 -0.0057
vn -0.8793 0.0026 -0.4762
vn 0.8706 0.0121 -0.4918
vn 0.6733 -0.7393 -0.0064
vn -0.1315 0.0488 -0.9901
vn 0.6731 -0.7395 -0.0071
vn 0.3448 -0.9387 0.0087
vn 0.3436 -0.9391 0.0087
vn 0.3796 -0.9251 0.0074
vn 0.3444 -0.9388 0.0096
vn 0.6386 -0.7695 -0.0035
vn -0.9337 -0.3573 0.0218
vn 0.9687 -0.0031 0.2481
vn -0.7781 -0.6280 0.0112
vn -0.9340 -0.3566 0.0211
vn -0.9224 -0.3858 0.0202
vn -0.7959 -0.6054 0.0108
vn -0.9338 -0.3572 0.0218
vn -0.0001 -0.5648 -0.8253
vn 0.0028 -0.5663 -0.8242
vn 0.0028 -0.5662 -0.8242
vn -0.9341 -0.3564 0.0212
vn -0.7955 -0.6059 0.0109
vn -0.8794 0.0026 -0.4761
vn 0.3380 -0.9411 0.0024
vn -0.8790 0.0026 -0.4768
vn 0.6483 -0.7613 -0.0057
vn -0.8548 0.0054 -0.5189
vn 0.8878 0.0098 -0.4601
vn 0.6739 -0.7388 -0.0065
vn -0.1309 0.0488 -0.9902
vn 0.6727 -0.7399 -0.0071
vn 0.3783 -0.9257 0.0074
vn 0.3798 -0.9251 0.0074
vn 0.4084 -0.9128 0.0063
vn 0.1006 0.0253 -0.9946
vn 0.3455 -0.9384 0.0096
vn 0.6377 -0.7703 -0.0034
vn 0.9460 -0.3233 -0.0230
vn 0.9463 -0.3226 -0.0222
vn 0.9340 -0.3566 -0.0211
vn -0.9687 -0.0031 -0.2481
vn 0.9224 -0.3858 -0.0202
vn 0.7959 -0.6054 -0.0109
vn 0.0066 -0.0000 1.0000
vn -0.0944 0.0006 -0.9955
vn -0.0045 0.9078 -0.4195
vn -0.9076 0.0018 -0.4198
vn -0.0028 -0.9029 -0.4298
vn 0.9456 -0.3246 -0.0230
vn 0.9459 -0.3238 -0.0222
vn 0.9458 -0.3239 -0.0222
vn 0.9336 -0.3578 -0.0211
vn -0.9687 -0.0031 -0.2480
vn 0.7951 -0.6064 -0.0108
vn 0.8794 0.0026 0.4760
vn -0.3377 -0.9412 -0.0024
vn 0.8791 0.0026 0.4765
vn -0.8700 0.0086 0.4930
vn -0.3378 -0.9412 -0.0024
vn 0.8793 0.0025 0.4762
vn -0.6475 -0.7620 0.0057
vn 0.8790 0.0026 0.4767
vn -0.8706 0.0121 0.4918
vn -0.6738 -0.7388 0.0065
vn 0.1310 0.0488 0.9902
vn -0.6730 -0.7396 0.0071
vn -0.8699 0.0086 0.4931
vn -0.3446 -0.9387 -0.0087
vn -0.3448 -0.9387 -0.0087
vn -0.3783 -0.9257 -0.0074
vn -0.3456 -0.9383 -0.0095
vn -0.6387 -0.7695 0.0035
vn 0.7957 -0.6056 -0.0108
vn 0.0108 -0.0000 0.9999
vn -0.0086 0.0638 -0.9979
vn -0.9080 -0.0000 -0.4189
vn 0.9340 -0.3565 -0.0211
vn -0.9685 -0.0030 -0.2489
vn 0.8792 0.0026 0.4765
vn -0.6477 -0.7618 0.0063
vn 0.8794 0.0026 0.4761
vn -0.3367 -0.9416 -0.0024
vn 0.8791 0.0026 0.4766
vn -0.6483 -0.7614 0.0057
vn 0.8793 0.0026 0.4762
vn -0.6733 -0.7393 0.0064
vn 0.1315 0.0488 0.9901
vn -0.6732 -0.7394 0.0071
vn -0.3796 -0.9251 -0.0074
vn -0.3444 -0.9388 -0.0096
vn -0.6386 -0.7695 0.0035
vn 0.7779 -0.6283 -0.0112
vn 0.9340 -0.3566 -0.0212
vn 0.7959 -0.6054 -0.0108
vn -0.0893 0.0009 -0.9960
vn -0.0146 -0.0873 -0.9961
vn -0.9091 0.0018 -0.4165
vn 0.9339 -0.3569 -0.0218
vn 0.0001 -0.5647 0.8253
vn 0.9341 -0.3565 -0.0212
vn -0.0028 -0.5662 0.8243
vn -0.0028 -0.5662 0.8242
vn 0.7962 -0.6050 -0.0108
vn 0.8790 0.0026 0.4768
vn -0.6726 -0.7400 0.0071
vn -0.8704 0.0086 0.4923
vn -0.3380 -0.9411 -0.0024
vn 0.8790 0.0026 0.4769
vn -0.6482 -0.7614 0.0057
vn -0.8711 0.0120 0.4910
vn -0.6735 -0.7392 0.0071
vn -0.3682 -0.9297 -0.0078
vn -0.3798 -0.9251 -0.0074
vn -0.4084 -0.9128 -0.0063
vn -0.6384 -0.7697 0.0034
vn 0.0218 -0.3572 0.9338
vn -0.8249 -0.5653 0.0001
vn 0.0211 -0.3565 0.9340
vn -0.8236 -0.5672 -0.0027
vn 0.0211 -0.3566 0.9340
vn -0.8238 -0.5669 -0.0027
vn 0.0212 -0.3565 0.9340
vn -0.8236 -0.5672 -0.0028
vn 0.0108 -0.6055 0.7958
vn 0.9971 -0.0006 -0.0761
vn 0.9961 -0.0874 -0.0145
vn 0.0230 -0.3232 0.9460
vn 0.0112 -0.6282 0.7780
vn 0.0112 -0.6283 0.7779
vn 0.0202 -0.3858 0.9224
vn -0.4765 0.0026 0.8792
vn -0.0064 -0.7390 -0.6737
vn -0.4917 0.0121 -0.8707
vn -0.0057 -0.7616 -0.6481
vn -0.0057 -0.7615 -0.6481
vn 0.0078 -0.9296 -0.3685
vn 0.0063 -0.9125 -0.4089
vn 0.0096 -0.9385 -0.3450
vn -0.0035 -0.7696 -0.6385
vn 0.0218 -0.3573 0.9337
vn -0.8247 -0.5655 0.0001
vn -0.8248 -0.5655 0.0001
vn 0.9961 -0.0873 -0.0145
vn 0.4210 -0.9070 -0.0045
vn -0.8250 -0.5652 0.0001
vn -0.8239 -0.5667 -0.0028
vn 0.0211 -0.3567 0.9340
vn -0.8240 -0.5666 -0.0027
vn -0.8239 -0.5667 -0.0027
vn 0.0108 -0.6056 0.7957
vn -0.8251 -0.5650 0.0001
vn -0.0064 -0.7389 -0.6737
vn -0.9902 0.0488 0.1312
vn -0.0051 -0.7561 -0.6544
vn -0.9901 0.0497 0.1315
vn -0.0051 -0.7561 -0.6545
vn 0.0063 -0.9125 -0.4090
vn -0.9946 0.0252 -0.1008
vn -0.0046 -0.7488 -0.6628
vn -0.8097 0.0110 -0.5867
vn -0.0108 -0.0000 -0.9999
vn -0.1015 0.8436 -0.5273
vn 0.9030 -0.2043 -0.3781
vn 0.7759 -0.4705 -0.4203
vn -0.5908 0.7985 0.1160
vn -0.8947 0.2046 0.3969
vn -0.0412 -0.0049 0.9991
vn 0.0417 -0.0012 0.9991
vn 0.0134 -0.0055 0.9999
vn 0.0049 -0.0007 1.0000
vn -0.0045 0.1894 0.9819
vn 0.0099 0.5130 0.8584
vn 0.2505 0.0024 0.9681
vn -0.1596 -0.2536 0.9540
vn 0.0164 0.2605 0.9653
vn -0.9340 -0.3565 0.0249
vn -0.0024 -0.5639 -0.8259
vn -0.9338 -0.3570 0.0250
vn -0.0024 -0.5638 -0.8259
vn -0.0024 -0.5637 -0.8260
vn -0.9340 -0.3565 0.0247
vn 0.0006 -0.5653 -0.8249
vn -0.0024 -0.5637 -0.8259
vn -0.8026 -0.5963 0.0130
vn -0.9336 -0.3573 0.0250
vn 0.9686 -0.0031 0.2485
vn -0.9337 -0.3573 0.0250
vn 0.9686 -0.0030 0.2485
vn -0.9459 -0.3234 0.0265
vn -0.7909 -0.6118 0.0139
vn -0.7910 -0.6117 0.0139
vn -0.9222 -0.3859 0.0236
vn 0.1639 0.9169 0.3638
vn 0.0010 -0.9998 0.0209
vn -0.0024 0.0179 -0.9998
vn -0.7674 0.0012 0.6411
vn -0.4142 0.9101 -0.0102
vn -0.0111 -0.0008 -0.9999
vn 0.0003 -1.0000 -0.0005
vn 0.0005 -1.0000 0.0002
vn -0.9999 -0.0032 0.0113
vn 0.0228 0.0017 0.9997
vn -0.7649 -0.0142 0.6440
vn -0.0004 1.0000 -0.0003
vn -0.7633 0.0043 0.6460
vn -0.0003 1.0000 -0.0011
vn -0.0191 0.9998 0.0052
vn -0.9999 -0.0041 0.0108
vn -0.9995 -0.0290 0.0095
vn 0.7811 0.0001 0.6244
vn -0.9997 0.0153 0.0204
vn -0.7674 -0.0001 0.6411
vn -0.9999 -0.0001 0.0102
vn 0.0226 -0.0001 0.9997
vn 0.9999 -0.0039 -0.0120
vn 0.0093 -0.0004 1.0000
vn -0.9999 0.0065 0.0154
vn -0.0112 -0.0003 -0.9999
vn -0.9999 0.0005 0.0107
vn -0.0050 0.0046 -1.0000
vn 0.9999 0.0032 -0.0097
vn 0.7815 -0.0027 0.6238
vn -0.0110 0.0024 -0.9999
vn 0.7811 0.0011 0.6244
vn -0.7674 -0.0003 0.6411
vn -0.0110 -0.0006 -0.9999
vn 0.0226 -0.0006 0.9997
vn 0.0093 -0.0010 1.0000
vn 0.9999 0.0004 -0.0108
vn -0.9998 -0.0039 0.0197
vn -0.9999 0.0010 0.0108
vn -0.9999 -0.0000 0.0108
vn -0.0020 -0.0027 -1.0000
vn 0.9999 0.0087 -0.0098
vn 0.0216 0.0053 0.9998
vn 0.0104 0.0059 0.9999
vn -0.9997 0.0235 0.0092
vn 0.9998 0.0183 -0.0121
vn 0.0105 0.0022 0.9999
vn 0.9993 0.0359 -0.0120
vn -0.9999 0.0005 0.0102
vn 0.0232 -0.0018 0.9997
vn 0.0114 -0.0132 0.9998
vn 0.0207 -0.9998 0.0049
vn 0.9996 0.0259 -0.0122
vn 0.7771 -0.0029 0.6294
vn -0.0111 0.0081 -0.9999
vn -0.0007 1.0000 0.0003
vn 0.0105 -0.0065 0.9999
vn 0.7780 0.0186 0.6280
vn 0.9998 -0.0139 -0.0121
vn 0.0101 0.0192 0.9998
vn -0.0112 -0.0027 -0.9999
vn 0.9992 0.0371 -0.0128
vn -0.0131 0.0105 -0.9999
vn -0.9997 0.0225 0.0097
vn -0.9999 -0.0148 0.0071
vn 0.9999 -0.0004 -0.0129
vn -0.9997 0.0182 0.0190
vn -0.0642 0.8513 -0.5207
vn 0.0066 0.6742 0.7385
vn 0.0093 -0.4194 0.9078
vn 0.0095 0.4416 0.8972
vn 0.0094 -0.4194 0.9078
vn 0.0087 -0.9999 -0.0084
vn 0.0218 0.8512 0.5244
vn 0.0618 0.8607 0.5054
vn -0.1308 0.8520 0.5069
vn -0.0955 0.8547 -0.5102
vn -0.0525 -0.0000 0.9986
vn -0.0171 0.8515 -0.5241
vn 0.0381 0.8579 -0.5124
vn 0.0859 -0.9963 -0.0034
vn 0.0442 -0.9990 -0.0114
vn 0.0641 0.8554 0.5140
vn 0.9960 0.0889 -0.0119
vn -0.9996 0.0253 0.0108
vn 0.9451 -0.2844 0.1611
vn -0.9247 -0.3313 -0.1875
vn 0.0015 -1.0000 -0.0023
vn -0.0195 -0.9998 -0.0026
vn -0.0319 -0.9995 -0.0028
vn 0.0121 0.0070 0.9999
vn 0.0174 -0.0000 -0.9998
vn -0.0037 -0.0000 1.0000
vn 0.0121 0.0073 0.9999
vn 0.0122 0.0077 0.9999
vn 0.0123 0.0080 0.9999
vn 0.0123 0.0084 0.9999
vn 0.0124 0.0088 0.9999
vn 0.0125 0.0091 0.9999
vn 0.0125 0.0095 0.9999
vn 0.0126 0.0099 0.9999
vn 0.0127 0.0102 0.9999
vn 0.0127 0.0106 0.9999
vn -0.0568 0.8564 0.5132
vn 0.0294 0.8529 0.5213
vn 0.0293 0.8529 0.5213
vn 0.0292 0.8529 0.5213
vn 0.0292 0.8528 0.5214
vn 0.0291 0.8528 0.5214
vn -0.0822 0.8533 0.5149
vn 0.0648 0.8561 0.5128
vn 0.0647 0.8561 0.5128
vn 0.0646 0.8560 0.5128
vn 0.0646 0.8560 0.5129
vn 0.0645 0.8560 0.5129
vn 0.0644 0.8560 0.5129
vn 0.0644 0.8560 0.5130
vn 0.0643 0.8560 0.5130
vn 0.0642 0.8560 0.5130
vn 0.0641 0.8560 0.5131
vn -0.0720 0.8576 -0.5093
vn -0.0296 0.8535 -0.5202
vn -0.0104 0.8539 -0.5204
vn 0.0572 0.8555 -0.5147
vn -0.0719 -0.8521 0.5184
vn -0.1003 -0.8529 -0.5124
vn -0.9999 0.0017 0.0114
vn 0.0131 0.9999 -0.0036
vn 0.0428 -0.8582 -0.5115
vn -0.1132 -0.8524 -0.5105
vn 0.0251 -0.8610 0.5079
vn -0.0621 -0.8543 0.5161
vn 0.3769 0.9262 0.0038
vn -0.0600 -0.8561 0.5133
vn 0.0868 0.9962 -0.0051
vn -0.0674 -0.8555 -0.5134
vn 0.0578 -0.8544 -0.5163
vn -0.9383 0.2902 0.1880
vn 0.8582 0.4344 -0.2735
vn -0.8589 0.4416 -0.2595
vn 0.9384 0.2991 0.1730
vn 0.9757 -0.2187 -0.0121
vn -0.9753 -0.2206 0.0092
vn 0.0150 0.9999 0.0011
vn -0.0515 -0.8536 -0.5184
vn -0.0514 -0.8536 -0.5184
vn -0.0514 -0.8536 -0.5185
vn -0.0513 -0.8536 -0.5185
vn -0.0513 -0.8535 -0.5185
vn -0.0512 -0.8535 -0.5185
vn -0.0333 -0.8548 -0.5180
vn 0.0656 -0.8530 -0.5179
vn 0.0655 -0.8529 -0.5179
vn 0.0654 -0.8529 -0.5179
vn 0.0653 -0.8529 -0.5179
vn 0.0652 -0.8529 -0.5179
vn 0.0652 -0.8529 -0.5180
vn 0.0651 -0.8529 -0.5180
vn 0.0763 -0.8553 0.5125
vn -0.0355 -0.8546 0.5180
vn -0.0131 -0.8552 0.5182
vn 0.0547 -0.8548 0.5161
vn 0.0300 0.9996 0.0009
vn 0.0299 0.9996 0.0009
vn 0.0299 0.9996 0.0010
vn 0.0298 0.9996 0.0010
vn 0.9998 -0.0087 -0.0168
vn -0.0991 0.9951 0.0058
vn -0.0990 0.9951 0.0058
vn -0.0989 0.9951 0.0058
vn -0.0988 0.9951 0.0058
vn -0.0987 0.9951 0.0058
vn -0.0986 0.9951 0.0058
vn -0.0985 0.9951 0.0058
vn -0.0984 0.9951 0.0058
vn 0.9998 -0.0089 -0.0169
vn 1.0000 -0.0000 0.0086
vn 1.0000 -0.0000 0.0083
vn 1.0000 -0.0000 0.0085
vn 0.9991 -0.0406 0.0151
vn 0.9991 -0.0408 0.0152
vn 0.9991 -0.0405 0.0151
vn 1.0000 -0.0000 0.0084
vn -0.9968 -0.0640 0.0488
vn -0.9968 -0.0638 0.0488
vn -0.9969 -0.0629 0.0483
vn -0.9968 -0.0633 0.0485
vn -1.0000 -0.0000 0.0021
vn -1.0000 -0.0000 0.0018
vn -1.0000 -0.0000 0.0019
vn 0.9999 -0.0138 -0.0021
vn 0.9999 -0.0139 -0.0021
vn -0.9999 -0.0042 0.0135
vn 0.9999 0.0059 -0.0107
vn -0.9996 -0.0256 0.0108
vn 0.9999 0.0062 -0.0107
vn -0.9996 -0.0255 0.0108
vn 0.9999 0.0068 -0.0107
vn -0.9996 -0.0260 0.0108
vn -0.9996 -0.0264 0.0108
vn 0.9999 0.0069 -0.0107
vn -0.9996 -0.0259 0.0108
vn 0.9999 0.0060 -0.0107
vn -0.9996 -0.0254 0.0108
vn 0.9999 0.0061 -0.0107
vn -0.9996 -0.0252 0.0108
vn -0.9996 -0.0253 0.0108
vn -0.9999 -0.0042 0.0134
vn -0.9999 -0.0041 0.0134
vn -1.0000 -0.0044 0.0079
vn -1.0000 -0.0043 0.0080
vn -1.0000 -0.0044 0.0080
vn -0.0257 -0.4431 -0.8961
vn -0.0232 0.3873 -0.9217
vn -0.0091 -0.7590 -0.6510
vn 0.0148 0.0005 0.9999
vn 0.0148 0.0002 0.9999
vn -0.0360 0.0012 -0.9994
vn -0.0360 0.0005 -0.9994
vn 0.0089 -0.0000 1.0000
vn -0.9791 0.2032 0.0105
vn -0.0106 0.1711 -0.9852
vn 0.9791 0.2032 -0.0105
vn -0.0025 0.1711 0.9853
vn -0.0039 -0.1711 0.9852
vn 0.0106 0.1711 0.9852
vn -1.0000 -0.0026 0.0027
vn 0.0109 -0.0002 0.9999
vn -0.0143 0.0010 -0.9999
vn -0.0137 0.9998 -0.0137
vn 0.9999 -0.0053 -0.0097
vn 0.0003 -1.0000 0.0002
vn 0.7883 0.6152 -0.0093
vn 0.0086 0.5532 0.8330
vn -0.0064 0.6070 -0.7947
vn 0.7890 -0.6143 -0.0077
vn -0.8075 0.5898 0.0115
vn -0.9611 0.0001 -0.2763
vn -0.0141 0.0013 -0.9999
vn 0.0041 0.0004 1.0000
vn 0.9999 0.0001 -0.0109
vn -0.0127 -0.9998 -0.0127
vn -0.0147 0.0672 0.9976
vn -0.0157 -0.0644 0.9978
vn -0.9255 0.3781 0.0213
vn -0.9608 -0.0017 -0.2774
vn -0.0144 0.0010 -0.9999
vn 0.0043 0.0004 1.0000
vn -0.0097 -0.9999 -0.0097
vn -0.0147 0.0675 0.9976
vn -0.0063 0.6070 -0.7947
vn -0.0157 -0.0646 0.9978
vn -0.9607 -0.0017 -0.2776
vn -0.0147 0.0673 0.9976
vn -0.0157 -0.0643 0.9978
vn -1.0000 0.0041 0.0038
vn -0.9253 0.3787 0.0214
vn 0.0105 0.0002 0.9999
vn -0.0137 0.0015 -0.9999
vn -0.0023 1.0000 -0.0021
vn 0.9999 0.0054 -0.0092
vn 0.0059 -0.5470 0.8371
vn -0.8441 -0.0143 0.5360
vn 0.0101 0.0652 0.9978
vn -0.0682 0.0022 0.9977
vn -0.0073 0.8525 0.5226
vn 0.8421 -0.0116 0.5392
vn 0.0061 0.0046 1.0000
vn 0.0041 -0.9265 0.3763
vn 0.0127 0.0020 0.9999
vn 0.0155 -0.0047 0.9999
vn 0.0072 -0.0035 1.0000
vn 0.9999 -0.0054 -0.0097
vn 0.7874 0.6164 -0.0093
vn 0.0086 0.5528 0.8333
vn -0.0063 0.6066 -0.7950
vn 0.9333 -0.3561 -0.0471
vn -0.8073 0.5901 0.0115
vn -0.9651 -0.0000 -0.2619
vn -0.0331 0.0028 -0.9994
vn 0.9335 0.3577 0.0254
vn 0.0150 0.0591 0.9981
vn 0.0103 0.0857 -0.9963
vn 0.0056 -0.0589 0.9983
vn 0.0154 -0.0680 -0.9976
vn -0.9148 0.4034 0.0202
vn -0.9649 -0.0018 -0.2627
vn -0.0334 0.0023 -0.9994
vn 0.0152 0.0594 0.9981
vn 0.0058 -0.0591 0.9982
vn 0.0152 -0.0680 -0.9976
vn 0.9332 -0.3561 -0.0471
vn -0.9148 0.4033 0.0202
vn -0.9649 -0.0018 -0.2626
vn 0.9420 -0.3346 -0.0250
vn -0.9149 0.4033 0.0202
vn -0.9606 -0.0018 -0.2778
vn 0.0042 0.0004 1.0000
vn 0.9087 0.4168 -0.0234
vn -0.0147 0.0674 0.9976
vn -1.0000 0.0041 0.0039
vn -0.9251 0.3791 0.0214
vn 0.7980 -0.6026 -0.0085
vn -0.0131 0.0012 -0.9999
vn -0.0022 1.0000 -0.0021
vn 0.9999 0.0060 -0.0082
vn 0.0059 -0.5466 0.8374
vn 0.0020 -0.5068 -0.8621
vn 0.0018 -1.0000 -0.0026
vn 0.0108 0.0001 0.9999
vn -0.0140 -0.0059 -0.9999
vn -0.9999 -0.0131 0.0046
vn 0.0042 1.0000 0.0005
vn 0.9999 0.0003 -0.0107
vn -0.6531 0.7573 0.0064
vn -0.8645 -0.0003 0.5026
vn 0.6588 0.7523 -0.0067
vn -0.6285 -0.7778 0.0079
vn -0.0008 -0.9935 -0.1141
vn -0.0141 -0.0057 -0.9999
vn 0.0103 -0.0045 0.9999
vn 0.0003 1.0000 0.0002
vn 0.9998 -0.0122 -0.0165
vn -0.6532 0.7572 0.0064
vn -0.1634 -0.0550 0.9850
vn 0.1753 -0.0565 0.9829
vn 0.6583 0.7527 -0.0067
vn -0.3596 -0.9331 0.0100
vn -0.0008 -0.9935 -0.1139
vn -0.0142 -0.0057 -0.9999
vn 0.0004 1.0000 0.0002
vn -0.1637 -0.0549 0.9850
vn 0.1750 -0.0566 0.9829
vn -0.0008 -1.0000 -0.0036
vn -0.3597 -0.9330 0.0100
vn -0.9999 -0.0130 0.0047
vn 0.0008 1.0000 -0.0001
vn 0.9998 -0.0100 -0.0155
vn -0.6400 0.7683 0.0067
vn -0.8615 0.0031 0.5077
vn 0.8721 -0.0031 0.4893
vn -0.0003 -1.0000 -0.0033
vn -0.6448 -0.7643 0.0077
vn 0.3421 0.9396 -0.0088
vn 0.0112 0.0043 0.9999
vn -0.0170 -0.0129 -0.9998
vn 0.9998 -0.0100 -0.0154
vn -0.3475 0.9376 0.0076
vn -0.1554 0.0565 0.9862
vn 0.1838 0.0550 0.9814
vn 0.1029 0.0588 -0.9930
vn -0.0025 -1.0000 -0.0019
vn -0.6447 -0.7644 0.0077
vn 0.6504 0.7595 -0.0064
vn 0.0108 0.0004 0.9999
vn -0.9999 -0.0021 0.0102
vn -0.0044 1.0000 0.0002
vn 0.8754 0.0003 0.4835
vn 0.0021 -1.0000 -0.0066
vn 0.0107 0.0010 0.9999
vn -0.0119 -0.0033 -0.9999
vn -0.9999 -0.0131 -0.0027
vn 0.0062 1.0000 -0.0000
vn 0.9999 0.0003 -0.0105
vn -0.6379 0.7701 0.0069
vn -0.5667 0.0031 0.8239
vn -0.6436 0.0015 -0.7653
vn 0.3781 0.9249 -0.0402
vn -0.6373 -0.7705 0.0088
vn -0.0007 -0.9633 -0.2685
vn -0.9999 -0.0131 -0.0026
vn -0.0133 -0.0176 -0.9998
vn 0.9998 -0.0093 -0.0203
vn -0.3794 0.9244 0.0384
vn -0.0460 0.0039 0.9989
vn -0.0946 0.0213 -0.9953
vn 0.0673 -0.0043 0.9977
vn 0.0560 0.0262 -0.9981
vn 0.3769 0.9254 -0.0402
vn -0.4280 -0.9037 0.0155
vn -0.0006 -0.9634 -0.2681
vn -0.3799 0.9242 0.0388
vn -0.0948 0.0213 -0.9953
vn 0.0671 -0.0043 0.9977
vn 0.0558 0.0262 -0.9981
vn 0.3607 0.9324 -0.0231
vn -0.4283 -0.9035 0.0155
vn -0.0009 -0.9593 -0.2825
vn -0.3939 0.9188 0.0275
vn -0.0486 -0.0207 0.9986
vn 0.0697 -0.0228 0.9973
vn -0.4024 -0.9153 0.0164
vn -0.0025 -0.9636 -0.2674
vn -0.0138 -0.0173 -0.9998
vn 0.9997 -0.0120 -0.0230
vn -0.0457 0.0037 0.9989
vn 0.0668 -0.0045 0.9978
vn 0.0558 0.0263 -0.9981
vn -0.0033 -1.0000 -0.0078
vn 0.6370 0.7709 -0.0069
vn 0.0108 -0.0003 0.9999
vn -0.0117 -0.0025 -0.9999
vn -1.0000 -0.0021 0.0088
vn -0.0062 1.0000 0.0025
vn 0.5846 -0.0031 0.8113
vn 0.5272 0.0131 -0.8496
vn 0.7881 0.6155 -0.0093
vn 0.0087 0.5529 0.8332
vn -0.0063 0.6067 -0.7949
vn 0.9425 -0.3333 -0.0250
vn -0.8072 0.5901 0.0116
vn -0.9610 -0.0000 -0.2765
vn -0.0330 0.0028 -0.9995
vn 0.9091 0.4160 -0.0234
vn 0.0103 0.0855 -0.9963
vn -0.0157 -0.0645 0.9978
vn 0.0154 -0.0677 -0.9976
vn -1.0000 0.0003 0.0001
vn -0.9255 0.3782 0.0213
vn 0.9377 -0.3455 -0.0375
vn 0.0167 -0.0004 0.9999
vn -0.0332 0.0023 -0.9994
vn 0.9264 0.3764 0.0095
vn 0.0371 0.0656 0.9972
vn 0.0361 -0.0678 0.9970
vn 0.0152 -0.0676 -0.9976
vn -0.7988 0.6015 0.0108
vn -0.9607 -0.0018 -0.2774
vn 0.0045 0.0004 1.0000
vn 0.9091 0.4159 -0.0234
vn -0.0146 0.0677 0.9976
vn -0.0157 -0.0649 0.9978
vn 0.9438 -0.3297 -0.0213
vn -0.9635 -0.0018 -0.2678
vn 0.9197 0.3926 -0.0039
vn 0.0079 0.0597 0.9982
vn 0.0130 -0.0593 0.9982
vn -0.9382 0.3455 0.0228
vn 0.7988 -0.6015 -0.0086
vn -0.0132 0.0012 -0.9999
vn -0.0022 1.0000 -0.0020
vn 0.0058 -0.5467 0.8373
vn 0.0020 -0.5065 -0.8623
vn 0.8774 -0.0059 0.4797
vn 0.0040 -0.9265 0.3763
vn 0.7880 0.6156 -0.0093
vn 0.0087 0.5530 0.8331
vn 0.7889 -0.6145 -0.0077
vn -0.8067 0.5909 0.0115
vn -0.9610 0.0001 -0.2765
vn -0.0140 0.0013 -0.9999
vn 0.0040 0.0004 1.0000
vn -0.0147 0.0670 0.9976
vn -0.0146 0.0675 0.9976
vn -0.9607 -0.0017 -0.2777
vn -0.0147 0.0671 0.9976
vn -0.0157 -0.0642 0.9978
vn -0.9251 0.3790 0.0215
vn 0.0059 -0.5469 0.8372
vn -0.6532 0.7571 0.0064
vn -0.8649 -0.0003 0.5020
vn -0.6286 -0.7777 0.0079
vn -0.0008 -0.9935 -0.1140
vn 0.0104 -0.0046 0.9999
vn -0.6526 0.7577 0.0064
vn -0.1631 -0.0550 0.9851
vn 0.1756 -0.0565 0.9828
vn -0.3585 -0.9335 0.0100
vn 0.6576 0.7534 -0.0073
vn 0.0112 -0.0000 0.9999
vn -0.0144 -0.0058 -0.9999
vn 0.0008 1.0000 -0.0000
vn -0.6393 0.7689 0.0070
vn -0.8739 0.0012 0.4861
vn 0.8627 -0.0017 0.5056
vn -0.6445 -0.7645 0.0077
vn 0.3433 0.9392 -0.0088
vn 0.0112 0.0044 0.9999
vn -0.0169 -0.0128 -0.9998
vn -0.3465 0.9380 0.0076
vn -0.1547 0.0565 0.9863
vn 0.1842 0.0550 0.9814
vn 0.1031 0.0588 -0.9929
vn -0.0024 -1.0000 -0.0019
vn 0.6499 0.7600 -0.0064
vn 0.0107 0.0004 0.9999
vn 0.8753 0.0003 0.4835
vn 0.0020 -1.0000 -0.0066
vn -0.6377 0.7703 0.0069
vn -0.5674 0.0031 0.8235
vn -0.6445 0.0016 -0.7646
vn 0.3597 0.9328 -0.0232
vn -0.6374 -0.7705 0.0089
vn -0.0008 -0.9594 -0.2820
vn -0.3948 0.9184 0.0276
vn -0.0491 -0.0206 0.9986
vn 0.0698 -0.0227 0.9973
vn 0.3608 0.9323 -0.0231
vn -0.4026 -0.9152 0.0162
vn -0.0009 -0.9594 -0.2821
vn -0.0133 -0.0177 -0.9998
vn -0.3935 0.9189 0.0275
vn -0.0489 -0.0206 0.9986
vn -0.0947 0.0213 -0.9953
vn 0.0700 -0.0226 0.9973
vn 0.0562 0.0262 -0.9981
vn 0.3636 0.9315 -0.0041
vn -0.4012 -0.9158 0.0162
vn -0.0007 -0.9620 -0.2731
vn -0.0133 -0.0408 -0.9991
vn -0.3971 0.9178 -0.0062
vn -0.0464 -0.0023 0.9989
vn -0.1273 0.0204 -0.9917
vn 0.0673 0.0019 0.9977
vn 0.3781 0.9249 -0.0403
vn -0.3686 -0.9294 0.0173
vn -0.0026 -0.9635 -0.2675
vn -0.0137 -0.0174 -0.9998
vn -0.3789 0.9246 0.0388
vn -0.0454 0.0038 0.9990
vn 0.0669 -0.0043 0.9978
vn 0.0561 0.0263 -0.9981
vn -0.4273 -0.9040 0.0155
vn 0.6362 0.7715 -0.0069
vn 0.5845 -0.0031 0.8114
vn 0.5270 0.0132 -0.8498
vn 1.0000 -0.0026 -0.0027
vn -0.0109 -0.0002 -0.9999
vn 0.0143 0.0010 0.9999
vn 0.0137 0.9998 0.0137
vn -0.9999 -0.0054 0.0098
vn -0.0003 -1.0000 -0.0003
vn -0.7877 0.6160 0.0093
vn -0.0087 0.5528 -0.8332
vn 0.0063 0.6066 0.7950
vn -0.9335 -0.3554 0.0477
vn 0.8071 0.5903 -0.0116
vn 0.9651 -0.0000 0.2619
vn 0.0330 0.0028 0.9995
vn 0.0127 -0.9998 0.0127
vn -0.9337 0.3573 -0.0250
vn -0.0150 0.0591 -0.9981
vn -0.0103 0.0855 0.9963
vn -0.0057 -0.0589 -0.9983
vn -0.0154 -0.0677 0.9976
vn -0.9334 -0.3556 0.0479
vn 0.9148 0.4034 -0.0202
vn 0.9649 -0.0018 0.2627
vn 0.0332 0.0023 0.9994
vn 0.0097 -0.9999 0.0097
vn -0.9339 0.3565 -0.0256
vn -0.0153 0.0592 -0.9981
vn -0.0058 -0.0590 -0.9982
vn -0.0152 -0.0676 0.9976
vn -0.9425 -0.3333 0.0250
vn 0.9148 0.4033 -0.0202
vn 0.9607 -0.0018 0.2774
vn -0.0045 0.0004 -1.0000
vn -0.9091 0.4159 0.0234
vn 0.0146 0.0677 -0.9976
vn 0.0157 -0.0649 -0.9978
vn -0.9438 -0.3297 0.0213
vn 0.9255 0.3782 -0.0213
vn 0.9635 -0.0018 0.2678
vn -0.9197 0.3926 0.0039
vn -0.0079 0.0597 -0.9982
vn -0.0130 -0.0593 -0.9982
vn 1.0000 0.0041 -0.0039
vn 0.9382 0.3454 -0.0228
vn -0.7988 -0.6015 0.0086
vn -0.0105 0.0002 -0.9999
vn 0.0132 0.0012 0.9999
vn 0.0022 1.0000 0.0020
vn -0.9999 0.0060 0.0082
vn -0.0059 -0.5466 -0.8373
vn -0.0020 -0.5065 0.8623
vn -0.0366 -0.5289 -0.8479
vn 0.0108 -0.0042 0.9999
vn -0.5393 -0.0272 -0.8417
vn -0.0117 -0.0754 -0.9971
vn 0.8463 -0.0137 -0.5326
vn -0.0193 0.8300 -0.5574
vn -0.0068 0.0039 -1.0000
vn -0.0137 0.0030 -0.9999
vn -0.0157 -0.0049 -0.9999
vn -0.0078 -0.0029 -1.0000
vn -0.0108 -0.0002 -0.9999
vn -0.9999 -0.0053 0.0097
vn -0.0002 -1.0000 -0.0002
vn -0.7880 0.6156 0.0093
vn -0.0087 0.5529 -0.8332
vn 0.0064 0.6067 0.7949
vn -0.9337 -0.3550 0.0473
vn 0.8066 0.5910 -0.0115
vn 0.9648 -0.0000 0.2628
vn -0.9339 0.3566 -0.0256
vn -0.0151 0.0591 -0.9981
vn -0.0058 -0.0589 -0.9982
vn 0.9144 0.4042 -0.0202
vn 0.9646 -0.0018 0.2636
vn -0.0153 0.0593 -0.9981
vn -0.0059 -0.0591 -0.9982
vn 0.9145 0.4042 -0.0202
vn 0.9145 0.4041 -0.0202
vn 0.9604 -0.0017 0.2788
vn -0.0043 0.0004 -1.0000
vn -0.9091 0.4160 0.0234
vn 0.0147 0.0676 -0.9976
vn 0.0157 -0.0646 -0.9978
vn 1.0000 0.0041 -0.0038
vn 0.9247 0.3802 -0.0214
vn -0.7988 -0.6016 0.0086
vn 0.0023 1.0000 0.0020
vn -0.0059 -0.5468 -0.8372
vn -0.0020 -0.5064 0.8623
vn -0.0018 -1.0000 0.0026
vn -0.0108 0.0001 -0.9999
vn 0.0140 -0.0059 0.9999
vn 0.9999 -0.0131 -0.0046
vn -0.0042 1.0000 -0.0005
vn -0.9999 0.0003 0.0107
vn 0.6531 0.7572 -0.0064
vn 0.8645 -0.0003 -0.5026
vn -0.6588 0.7523 0.0067
vn 0.6285 -0.7778 -0.0079
vn 0.0008 -0.9935 0.1141
vn 0.0141 -0.0057 0.9999
vn -0.0104 -0.0045 -0.9999
vn -0.0003 1.0000 -0.0002
vn -0.9998 -0.0122 0.0165
vn 0.6530 0.7574 -0.0064
vn 0.1634 -0.0550 -0.9850
vn -0.1753 -0.0565 -0.9829
vn -0.6589 0.7522 0.0067
vn 0.3594 -0.9331 -0.0100
vn 0.0008 -1.0000 0.0036
vn 0.3596 -0.9331 -0.0100
vn -0.6583 0.7527 0.0067
vn -0.0008 1.0000 0.0001
vn -0.9998 -0.0100 0.0154
vn 0.6398 0.7685 -0.0067
vn 0.8611 0.0030 -0.5084
vn -0.8720 -0.0031 -0.4895
vn 0.0003 -1.0000 0.0033
vn 0.6445 -0.7646 -0.0077
vn -0.3433 0.9392 0.0088
vn 0.9999 -0.0131 -0.0047
vn -0.0112 0.0043 -0.9999
vn 0.0170 -0.0128 0.9998
vn -0.9998 -0.0100 0.0155
vn 0.3470 0.9378 -0.0075
vn 0.1551 0.0565 -0.9863
vn -0.1841 0.0550 -0.9814
vn -0.1032 0.0588 0.9929
vn 0.0025 -1.0000 0.0019
vn 0.6447 -0.7644 -0.0077
vn -0.6503 0.7596 0.0064
vn -0.0108 0.0004 -0.9999
vn 0.9999 -0.0021 -0.0102
vn 0.0044 1.0000 -0.0002
vn -0.8754 0.0003 -0.4835
vn -0.0020 -1.0000 0.0067
vn -0.0107 0.0010 -0.9999
vn 0.0119 -0.0033 0.9999
vn 0.9999 -0.0131 0.0026
vn -0.0062 1.0000 0.0001
vn -0.9999 0.0003 0.0105
vn 0.6378 0.7702 -0.0069
vn 0.5667 0.0031 -0.8239
vn 0.6445 0.0016 0.7646
vn -0.3779 0.9250 0.0402
vn 0.6375 -0.7704 -0.0089
vn 0.0007 -0.9633 0.2684
vn 0.9999 -0.0131 0.0027
vn 0.0133 -0.0177 0.9998
vn -0.9998 -0.0093 0.0203
vn 0.3796 0.9243 -0.0387
vn 0.0460 0.0039 -0.9989
vn 0.0948 0.0213 0.9953
vn -0.0672 -0.0043 -0.9977
vn -0.0561 0.0262 0.9981
vn -0.3780 0.9249 0.0402
vn 0.4278 -0.9037 -0.0155
vn 0.0007 -0.9633 0.2685
vn 0.0133 -0.0176 0.9998
vn 0.3794 0.9244 -0.0384
vn 0.0947 0.0213 0.9953
vn -0.0673 -0.0043 -0.9977
vn -0.3597 0.9328 0.0232
vn 0.4280 -0.9036 -0.0155
vn 0.0008 -0.9593 0.2823
vn 0.3947 0.9184 -0.0276
vn 0.0489 -0.0207 -0.9986
vn -0.0696 -0.0228 -0.9973
vn -0.0558 0.0262 0.9981
vn -0.3781 0.9249 0.0402
vn 0.4033 -0.9149 -0.0164
vn 0.0026 -0.9635 0.2678
vn 0.0138 -0.0174 0.9998
vn -0.9997 -0.0120 0.0230
vn 0.0457 0.0037 -0.9989
vn 0.0946 0.0213 0.9953
vn -0.0670 -0.0044 -0.9977
vn -0.0561 0.0263 0.9981
vn 0.0033 -1.0000 0.0078
vn -0.6364 0.7713 0.0069
vn -0.0108 -0.0003 -0.9999
vn 0.0117 -0.0025 0.9999
vn 1.0000 -0.0021 -0.0088
vn 0.0062 1.0000 -0.0025
vn -0.5846 -0.0031 -0.8113
vn -0.5270 0.0132 0.8497
vn -0.0003 -1.0000 -0.0002
vn -0.7883 0.6152 0.0093
vn -0.0086 0.5531 -0.8331
vn 0.0064 0.6069 0.7948
vn -0.9338 -0.3546 0.0472
vn 0.8071 0.5903 -0.0115
vn -0.9341 0.3562 -0.0255
vn -0.0151 0.0590 -0.9981
vn -0.0057 -0.0588 -0.9983
vn -0.9338 -0.3546 0.0473
vn 0.0333 0.0023 0.9994
vn -0.0152 0.0592 -0.9981
vn -0.0152 -0.0677 0.9976
vn -0.9341 0.3562 -0.0256
vn -0.9440 -0.3294 0.0213
vn -0.9199 0.3922 0.0039
vn 0.9382 0.3455 -0.0228
vn -0.7989 -0.6014 0.0086
vn 0.0023 1.0000 0.0021
vn -0.0058 -0.5468 -0.8372
vn -0.0020 -0.5069 0.8620
vn 0.8462 -0.0137 -0.5326
vn 0.0533 0.0021 -0.9986
vn -0.0113 -0.8708 -0.4916
vn -0.8388 -0.0120 -0.5443
vn -0.0066 0.0041 -1.0000
vn -0.7875 0.6162 0.0093
vn -0.0086 0.5529 -0.8332
vn 0.0063 0.6065 0.7950
vn -0.9333 -0.3561 0.0471
vn 0.8072 0.5901 -0.0116
vn 0.0332 0.0028 0.9994
vn -0.9335 0.3577 -0.0254
vn -0.0103 0.0857 0.9963
vn -0.0056 -0.0589 -0.9983
vn -0.0154 -0.0680 0.9976
vn 0.9649 -0.0018 0.2626
vn 0.0334 0.0023 0.9994
vn -0.0152 0.0594 -0.9981
vn -0.0058 -0.0591 -0.9982
vn -0.0152 -0.0680 0.9976
vn -0.9332 -0.3561 0.0471
vn -0.9335 0.3576 -0.0254
vn -0.9420 -0.3346 0.0250
vn 0.9149 0.4033 -0.0202
vn 0.9606 -0.0018 0.2778
vn -0.0042 0.0004 -1.0000
vn -0.9087 0.4168 0.0234
vn 0.0147 0.0674 -0.9976
vn 0.0157 -0.0644 -0.9978
vn 0.9251 0.3791 -0.0215
vn -0.7981 -0.6025 0.0086
vn -0.0059 -0.5466 -0.8374
vn -0.0020 -0.5067 0.8621
vn 0.0015 -1.0000 0.0032
vn 0.6284 -0.7779 -0.0079
vn 0.8613 0.0030 -0.5082
vn -0.8721 -0.0031 -0.4893
vn -0.6584 0.7526 0.0067
vn 0.0008 -0.9935 0.1139
vn 0.0142 -0.0057 0.9999
vn -0.0103 -0.0045 -0.9999
vn -0.0004 1.0000 -0.0002
vn 0.6531 0.7573 -0.0064
vn 0.1637 -0.0549 -0.9850
vn -0.1750 -0.0566 -0.9829
vn 0.3597 -0.9330 -0.0100
vn 0.6399 0.7685 -0.0067
vn 0.8615 0.0031 -0.5078
vn 0.6448 -0.7643 -0.0077
vn -0.3421 0.9396 0.0088
vn 0.0170 -0.0129 0.9998
vn 0.3476 0.9376 -0.0076
vn 0.1554 0.0565 -0.9862
vn -0.1837 0.0550 -0.9814
vn -0.1029 0.0588 0.9930
vn 0.6444 -0.7646 -0.0077
vn -0.6505 0.7595 0.0064
vn -0.8754 0.0003 -0.4834
vn -0.0027 -1.0000 0.0076
vn -0.0107 -0.0000 -0.9999
vn -0.0055 1.0000 -0.0010
vn 0.6509 0.7592 -0.0062
vn 0.5728 -0.0003 -0.8197
vn 0.6437 0.0015 0.7653
vn -0.3781 0.9249 0.0403
vn 0.6229 -0.7822 -0.0094
vn 0.0007 -0.9634 0.2682
vn 0.3789 0.9246 -0.0388
vn 0.0457 0.0040 -0.9989
vn -0.0671 -0.0042 -0.9977
vn -0.0560 0.0262 0.9981
vn 0.4272 -0.9040 -0.0155
vn 0.0008 -0.9594 0.2820
vn 0.3948 0.9184 -0.0276
vn 0.0491 -0.0206 -0.9986
vn -0.0698 -0.0227 -0.9973
vn -0.0557 0.0262 0.9981
vn -0.3607 0.9324 0.0231
vn 0.4026 -0.9152 -0.0162
vn 0.0009 -0.9593 0.2825
vn 0.3939 0.9188 -0.0275
vn 0.0486 -0.0207 -0.9986
vn -0.0697 -0.0228 -0.9973
vn -0.3769 0.9254 0.0402
vn 0.4024 -0.9153 -0.0164
vn 0.0025 -0.9636 0.2674
vn 0.0138 -0.0173 0.9998
vn 0.3799 0.9242 -0.0388
vn -0.0668 -0.0045 -0.9978
vn -0.0558 0.0263 0.9981
vn 0.4283 -0.9035 -0.0155
vn -0.6370 0.7708 0.0069
vn -0.5273 0.0131 0.8496
vn -0.7881 0.6155 0.0093
vn 0.8070 0.5904 -0.0116
vn -0.0057 -0.0587 -0.9983
vn 1.0000 0.0003 -0.0001
vn -0.9377 -0.3455 0.0375
vn -0.0167 -0.0004 -0.9999
vn -0.9264 0.3764 -0.0095
vn -0.0371 0.0656 -0.9972
vn -0.0361 -0.0678 -0.9970
vn 0.7986 0.6018 -0.0107
vn 0.0022 1.0000 0.0021
vn -0.0058 -0.5467 -0.8373
vn -0.5392 -0.0272 -0.8418
vn 0.8468 -0.0138 -0.5318
vn 0.0073 0.8525 -0.5226
vn -0.0155 -0.0047 -0.9999
vn -0.0072 -0.0035 -1.0000
vn -0.7882 0.6154 0.0093
vn -0.0087 0.5530 -0.8331
vn -0.7889 -0.6145 0.0077
vn 0.8072 0.5902 -0.0115
vn 0.9611 -0.0000 0.2763
vn 0.0140 0.0013 0.9999
vn -0.0041 0.0004 -1.0000
vn -0.9999 0.0001 0.0109
vn 0.0147 0.0672 -0.9976
vn -0.7889 -0.6144 0.0077
vn 0.9255 0.3781 -0.0213
vn 0.9608 -0.0017 0.2774
vn 0.0144 0.0010 0.9999
vn 0.0147 0.0675 -0.9976
vn -0.7888 -0.6146 0.0077
vn 0.0146 0.0675 -0.9976
vn 0.9607 -0.0017 0.2776
vn 0.0157 -0.0643 -0.9978
vn 0.9253 0.3787 -0.0214
vn 0.0137 0.0015 0.9999
vn -0.9999 0.0054 0.0092
vn -0.0059 -0.5469 -0.8372
vn 0.6526 0.7577 -0.0064
vn 0.8646 -0.0004 -0.5024
vn 0.0005 -1.0000 0.0032
vn 0.6284 -0.7778 -0.0079
vn -0.6506 0.7594 0.0064
vn 0.0001 1.0000 0.0001
vn -0.9998 -0.0121 0.0165
vn 0.6530 0.7573 -0.0064
vn 0.8645 -0.0003 -0.5025
vn -0.8755 0.0003 -0.4832
vn 0.6287 -0.7776 -0.0079
vn 0.0008 -0.9935 0.1140
vn -0.0104 -0.0046 -0.9999
vn 0.6525 0.7577 -0.0064
vn 0.1631 -0.0550 -0.9851
vn -0.1756 -0.0565 -0.9828
vn 0.3585 -0.9335 -0.0100
vn -0.6592 0.7519 0.0067
vn 0.6400 0.7684 -0.0067
vn 0.8612 0.0030 -0.5082
vn -0.8724 -0.0031 -0.4888
vn -0.3434 0.9392 0.0088
vn 0.3463 0.9381 -0.0076
vn 0.1548 0.0565 -0.9863
vn -0.1844 0.0550 -0.9813
vn -0.1033 0.0588 0.9929
vn 0.0024 -1.0000 0.0019
vn 0.6439 -0.7651 -0.0077
vn -0.0107 0.0004 -0.9999
vn -0.9998 -0.0122 0.0164
vn -0.8757 0.0003 -0.4828
vn 0.6501 0.7599 -0.0062
vn 0.5727 -0.0003 -0.8198
vn 0.6436 0.0016 0.7653
vn -0.3675 0.9295 0.0307
vn 0.6220 -0.7829 -0.0094
vn 0.0005 -0.9662 0.2578
vn 0.0133 -0.0175 0.9998
vn 0.4003 0.9161 -0.0234
vn 0.0487 0.0223 -0.9986
vn -0.0699 0.0203 -0.9973
vn -0.3608 0.9323 0.0231
vn 0.3881 -0.9215 -0.0166
vn 0.0009 -0.9594 0.2821
vn 0.3935 0.9189 -0.0275
vn 0.0489 -0.0206 -0.9986
vn -0.0700 -0.0226 -0.9973
vn -0.0562 0.0262 0.9981
vn -0.3515 0.9361 0.0149
vn 0.4012 -0.9158 -0.0162
vn 0.0007 -0.9620 0.2731
vn 0.4169 0.9089 -0.0107
vn 0.0464 -0.0023 -0.9989
vn -0.0673 0.0019 -0.9977
vn -0.3782 0.9249 0.0403
vn 0.3686 -0.9294 -0.0173
vn 0.0026 -0.9636 0.2675
vn 0.0138 -0.0175 0.9998
vn 0.3786 0.9247 -0.0387
vn 0.0455 0.0038 -0.9990
vn -0.0670 -0.0043 -0.9977
vn -0.0562 0.0263 0.9981
vn 0.0033 -1.0000 0.0077
vn 0.4269 -0.9042 -0.0155
vn -0.6368 0.7710 0.0069
vn 0.0118 -0.0025 0.9999
vn -0.5853 -0.0031 -0.8108
vn -0.5279 0.0132 0.8492
vn 0.0027 -0.0026 1.0000
vn 0.9999 -0.0002 -0.0109
vn -0.9999 0.0010 0.0143
vn -0.0137 0.9998 0.0137
vn -0.0097 -0.0053 -0.9999
vn 0.0002 -1.0000 -0.0003
vn -0.0093 0.6157 -0.7879
vn 0.8329 0.5534 -0.0086
vn -0.7946 0.6071 0.0064
vn -0.0077 -0.6147 -0.7887
vn 0.0115 0.5903 0.8071
vn -0.2765 -0.0000 0.9610
vn -0.9999 0.0013 0.0141
vn 1.0000 0.0004 -0.0042
vn -0.0109 0.0001 -0.9999
vn -0.0127 -0.9998 0.0127
vn 0.9976 0.0673 0.0147
vn -0.7950 0.6065 0.0064
vn 0.9978 -0.0645 0.0157
vn 0.0213 0.3782 0.9255
vn -0.2774 -0.0018 0.9607
vn -0.9999 0.0011 0.0144
vn 1.0000 0.0004 -0.0044
vn -0.0097 -0.9999 0.0097
vn 0.9976 0.0677 0.0147
vn 0.9978 -0.0649 0.0157
vn -0.0077 -0.6146 -0.7888
vn -0.0093 0.6157 -0.7880
vn 0.9976 0.0678 0.0147
vn -0.7949 0.6067 0.0064
vn -0.2778 -0.0018 0.9606
vn 0.9976 0.0674 0.0147
vn -0.7948 0.6068 0.0064
vn 0.9978 -0.0644 0.0157
vn 0.0039 0.0041 1.0000
vn 0.0214 0.3791 0.9251
vn 0.9999 0.0002 -0.0105
vn -0.9999 0.0015 0.0137
vn -0.0020 1.0000 0.0022
vn -0.0092 0.0054 -0.9999
vn 0.8369 -0.5473 -0.0058
vn 0.5351 -0.0142 0.8447
vn 0.9983 0.0584 -0.0088
vn 0.9977 0.0022 0.0683
vn 0.4798 -0.0059 -0.8774
vn 0.5226 0.8525 0.0073
vn 0.4936 -0.8697 0.0017
vn 1.0000 0.0047 -0.0061
vn 0.9999 0.0019 -0.0127
vn 0.9999 -0.0047 -0.0155
vn 1.0000 -0.0035 -0.0072
vn 0.0054 -0.0026 1.0000
vn 0.9999 -0.0002 -0.0101
vn -0.9999 0.0010 0.0136
vn -0.0124 -0.0053 -0.9999
vn 0.0003 -1.0000 -0.0003
vn 0.8329 0.5534 -0.0087
vn -0.7948 0.6069 0.0063
vn -0.0472 -0.3551 -0.9336
vn 0.0115 0.5902 0.8072
vn -0.2619 -0.0000 0.9651
vn -0.9995 0.0028 0.0328
vn 0.0256 0.3567 -0.9339
vn 0.9981 0.0590 -0.0151
vn -0.9963 0.0852 -0.0103
vn 0.9983 -0.0588 -0.0057
vn -0.9976 -0.0675 -0.0154
vn 0.0001 0.0003 1.0000
vn 0.0202 0.4033 0.9148
vn -0.0374 -0.3457 -0.9376
vn 0.9999 -0.0004 -0.0167
vn -0.9995 0.0023 0.0331
vn 0.0095 0.3765 -0.9264
vn 0.9971 0.0657 -0.0371
vn 0.9970 -0.0679 -0.0361
vn -0.9976 -0.0674 -0.0152
vn 0.0107 0.6016 0.7987
vn -0.0212 -0.3299 -0.9438
vn -0.2678 -0.0018 0.9635
vn -0.0038 0.3927 -0.9196
vn 0.9982 0.0597 -0.0079
vn -0.9963 0.0851 -0.0103
vn 0.9982 -0.0593 -0.0130
vn 0.0228 0.3455 0.9382
vn -0.0086 -0.6019 -0.7985
vn -0.9999 0.0012 0.0132
vn -0.0082 0.0060 -0.9999
vn 0.8369 -0.5473 -0.0059
vn -0.8621 -0.5068 -0.0020
vn -0.0023 -1.0000 -0.0014
vn 0.9999 0.0007 -0.0108
vn -0.9999 -0.0059 0.0140
vn 0.0046 -0.0131 0.9999
vn 0.0002 1.0000 -0.0047
vn -0.0107 0.0003 -0.9999
vn 0.0067 0.7686 0.6397
vn 0.5083 0.0030 0.8612
vn -0.0033 -1.0000 0.0003
vn 0.0077 -0.7646 0.6444
vn 0.0035 0.9266 -0.3760
vn 0.9999 0.0044 -0.0112
vn -0.0155 -0.0100 -0.9998
vn -0.1102 0.9939 0.0036
vn 0.0105 0.9353 0.3538
vn 0.9863 0.0565 0.1551
vn 0.9814 0.0550 -0.1841
vn 0.0077 -0.7647 0.6444
vn -0.0154 -0.0100 -0.9998
vn 0.9999 0.0043 -0.0112
vn -0.0036 -1.0000 0.0008
vn -0.0067 0.7523 -0.6588
vn -0.0001 1.0000 -0.0008
vn 0.4893 -0.0031 -0.8721
vn -0.0026 -1.0000 0.0023
vn 0.9999 -0.0002 -0.0108
vn 0.0102 -0.0021 0.9999
vn 0.0005 1.0000 0.0039
vn 0.4892 -0.0031 -0.8722
vn -0.0066 -1.0000 -0.0020
vn 0.9999 0.0010 -0.0107
vn -0.9999 -0.0033 0.0119
vn -0.0026 -0.0131 0.9999
vn -0.0000 1.0000 -0.0062
vn -0.0105 0.0003 -0.9999
vn 0.0069 0.7704 0.6376
vn 0.8236 0.0031 0.5671
vn -0.7648 0.0016 0.6443
vn -0.0307 0.9293 -0.3680
vn 0.0088 -0.7707 0.6371
vn -0.2578 -0.9662 0.0005
vn -0.9998 -0.0176 0.0133
vn -0.0203 -0.0093 -0.9998
vn 0.0234 0.9164 0.3996
vn 0.9986 0.0223 0.0487
vn -0.9953 0.0214 0.0948
vn 0.9973 0.0203 -0.0702
vn -0.9981 0.0262 -0.0561
vn -0.0307 0.9293 -0.3679
vn 0.0166 -0.9216 0.3877
vn -0.9953 0.0214 0.0949
vn -0.0149 0.9359 -0.3519
vn -0.2731 -0.9620 0.0007
vn 0.0107 0.9092 0.4163
vn 0.9989 -0.0024 0.0464
vn -0.9953 0.0213 0.0949
vn 0.9977 0.0019 -0.0675
vn -0.0402 0.9251 -0.3776
vn 0.0173 -0.9295 0.3683
vn -0.2675 -0.9636 0.0025
vn -0.9998 -0.0174 0.0138
vn -0.0230 -0.0120 -0.9997
vn 0.0387 0.9245 0.3792
vn 0.9989 0.0037 0.0457
vn 0.9977 -0.0044 -0.0670
vn -0.9981 0.0263 -0.0561
vn -0.0078 -1.0000 0.0033
vn 0.0155 -0.9038 0.4277
vn -0.0069 0.7710 -0.6367
vn 0.9999 -0.0003 -0.0108
vn -0.9999 -0.0025 0.0117
vn 0.0088 -0.0021 1.0000
vn 0.0025 1.0000 0.0062
vn 0.8110 -0.0031 -0.5850
vn -0.8493 0.0132 -0.5277
vn -0.7945 0.6072 0.0064
vn -0.0077 -0.6147 -0.7888
vn -0.2765 0.0001 0.9610
vn -0.0093 0.6156 -0.7880
vn -0.7946 0.6070 0.0064
vn 0.9978 -0.0646 0.0157
vn 0.0213 0.3783 0.9255
vn -0.2775 -0.0018 0.9607
vn 1.0000 0.0004 -0.0045
vn -0.7948 0.6069 0.0064
vn 0.0038 0.0041 1.0000
vn 0.9982 0.0585 -0.0088
vn 0.5667 -0.8239 0.0082
vn 0.0055 -0.0026 1.0000
vn -0.2775 -0.0017 0.9607
vn -0.0109 -0.0000 -0.9999
vn 0.0213 0.3783 0.9254
vn -0.9999 0.0010 0.0144
vn -0.2779 -0.0018 0.9606
vn 0.0214 0.3792 0.9251
vn 0.8370 -0.5472 -0.0059
vn -0.0026 -1.0000 -0.0018
vn 0.9999 0.0001 -0.0108
vn 0.0005 1.0000 -0.0042
vn 0.0064 0.7574 0.6529
vn 0.5025 -0.0003 0.8646
vn 0.0079 -0.7778 0.6284
vn -0.0088 0.9393 -0.3429
vn -0.9998 -0.0129 0.0169
vn 0.0076 0.9378 0.3470
vn -0.9929 0.0588 -0.1031
vn 0.0077 -0.7646 0.6445
vn -0.0034 -1.0000 0.0004
vn 0.0052 -0.0120 0.9999
vn 0.9999 0.0043 -0.0105
vn -0.9998 -0.0129 0.0164
vn -0.0160 -0.0111 -0.9998
vn 0.9866 0.0554 0.1533
vn 0.9810 0.0561 -0.1859
vn -0.9930 0.0578 -0.1028
vn 0.0067 -0.7493 0.6621
vn -0.0023 -1.0000 0.0018
vn 0.0067 -0.7493 0.6622
vn -0.0066 0.7704 -0.6375
vn -0.9999 -0.0056 0.0138
vn 0.0005 1.0000 0.0048
vn 0.4833 0.0003 -0.8755
vn -0.5348 0.0153 -0.8449
vn 0.0069 0.7704 0.6375
vn 0.8235 0.0031 0.5672
vn 0.0089 -0.7707 0.6371
vn -0.0291 0.9194 -0.3923
vn -0.9991 -0.0406 0.0137
vn 0.0215 0.9320 0.3619
vn -0.9916 0.0204 0.1274
vn -0.0068 -1.0000 0.0026
vn -0.0056 0.7667 -0.6420
vn 0.9999 0.0006 -0.0108
vn -0.9999 -0.0030 0.0121
vn 0.0006 1.0000 0.0062
vn 0.8064 0.0003 -0.5913
vn 0.5871 0.8077 0.0541
vn 0.1309 -0.9183 0.3737
vn -0.3827 -0.4842 -0.7868
vn -0.9763 0.0224 -0.2151
vn 0.0537 0.9676 0.2468
vn -0.5067 0.6648 0.5489
vn 0.9965 0.0057 0.0832
vn 0.0151 -0.4082 0.9128
vn 0.7828 -0.0015 0.6223
vn 0.8813 -0.4108 -0.2336
vn 0.5312 0.8447 -0.0652
vn 0.0206 0.0041 0.9998
vn 0.0101 0.0009 0.9999
vn 0.0089 -0.0036 1.0000
vn 0.0188 0.0053 0.9998
vn 0.0108 -0.0011 0.9999
vn -0.0256 -0.0196 0.9995
vn 0.0218 0.0054 0.9997
vn -0.8280 0.0034 0.5607
vn 0.0214 -0.0160 0.9996
vn 0.0060 0.0009 1.0000
vn 0.0039 0.0093 0.9999
vn -0.0010 -0.0113 0.9999
vn -0.0028 -0.2663 0.9639
vn 0.3806 -0.0152 0.9246
vn 0.1493 -0.2244 0.9630
vn -0.3609 0.0004 0.9326
vn -1.0000 -0.0024 0.0022
vn 0.0106 0.1644 0.9863
vn 0.0106 0.0001 0.9999
vn -0.0143 0.0008 -0.9999
vn -0.0120 0.9999 -0.0120
vn 0.0005 -1.0000 -0.0031
vn 0.0071 0.5229 0.8524
vn -0.0040 0.6080 -0.7939
vn 0.7891 -0.6143 -0.0077
vn -0.8028 0.5961 0.0086
vn -0.9609 0.0062 -0.2768
vn -0.0140 0.0011 -0.9999
vn -0.0146 -0.9998 -0.0146
vn 0.7882 0.6153 -0.0093
vn -0.0040 0.6078 -0.7941
vn -0.9254 0.3787 0.0175
vn -0.9609 0.0062 -0.2770
vn -0.0145 -0.9998 -0.0146
vn -0.0147 0.0669 0.9976
vn -0.0040 0.6078 -0.7940
vn -0.0157 -0.0641 0.9978
vn -0.9608 0.0062 -0.2770
vn 0.9259 -0.3778 0.0058
vn -0.9253 0.3787 0.0175
vn -0.9609 0.0062 -0.2767
vn -0.0248 0.8888 0.4577
vn 0.9654 0.0032 -0.2609
vn 0.9331 0.3595 0.0034
vn -0.0115 0.0620 0.9980
vn -0.0138 -0.0614 0.9980
vn 0.7891 -0.6142 -0.0077
vn -0.9256 0.3781 0.0174
vn -0.9606 0.0044 -0.2781
vn -0.0144 0.0008 -0.9999
vn -0.0112 -0.9999 -0.0112
vn -0.0041 0.6079 -0.7940
vn -0.0040 0.6079 -0.7940
vn -1.0000 0.0043 0.0037
vn 0.0107 0.0005 0.9999
vn -0.0136 0.0014 -0.9999
vn -0.0023 1.0000 0.0014
vn 0.0074 -0.5767 0.8169
vn 0.7876 0.6161 -0.0093
vn 0.0070 0.5229 0.8524
vn -0.0040 0.6075 -0.7943
vn -0.8015 0.5980 0.0087
vn -0.9608 0.0062 -0.2773
vn -0.0328 0.0026 -0.9995
vn 0.9085 0.4172 -0.0234
vn 0.0110 0.0857 -0.9963
vn 0.0148 -0.0672 -0.9976
vn -0.9252 0.3791 0.0176
vn 0.0039 0.0004 1.0000
vn 0.9337 -0.3549 -0.0473
vn -0.9648 0.0062 -0.2628
vn 0.9337 0.3571 0.0261
vn 0.0151 0.0588 0.9982
vn 0.0058 -0.0586 0.9983
vn -1.0000 0.0006 -0.0002
vn -0.9150 0.4032 0.0165
vn 0.0169 0.0002 0.9999
vn -0.0331 0.0020 -0.9995
vn 0.9262 0.3768 0.0101
vn 0.0363 0.0642 0.9973
vn 0.0368 -0.0688 0.9970
vn 0.0145 -0.0671 -0.9976
vn -0.7875 0.6162 0.0077
vn 0.9262 0.3769 0.0101
vn 0.0364 0.0642 0.9973
vn -0.9635 0.0044 -0.2678
vn 0.9195 0.3931 -0.0033
vn 0.0080 0.0596 0.9982
vn 0.0131 -0.0592 0.9982
vn -0.9383 0.3453 0.0188
vn 0.7983 -0.6022 -0.0086
vn -0.0131 0.0010 -0.9999
vn 0.0074 -0.5764 0.8171
vn -0.0001 -0.5055 -0.8628
vn -0.5862 0.8102 0.0027
vn 0.0112 -0.0006 0.9999
vn -0.0116 0.0033 -0.9999
vn 0.8087 0.5882 -0.0108
vn 0.5863 -0.8101 -0.0036
vn -0.8098 -0.5866 0.0090
vn -0.4305 0.9026 0.0010
vn 0.0111 -0.0007 0.9999
vn -0.0110 0.0033 -0.9999
vn 0.9015 0.4326 -0.0118
vn 0.4306 -0.9025 -0.0019
vn -0.9023 -0.4309 0.0100
vn -0.0667 0.9978 -0.0029
vn 0.0108 -0.0007 0.9999
vn -0.0097 0.0032 -0.9999
vn 0.9975 0.0691 -0.0128
vn 0.0669 -0.9978 0.0020
vn -0.9977 -0.0672 0.0110
vn -0.0159 0.9999 -0.0034
vn 0.0108 -0.0008 0.9999
vn -0.0096 0.0031 -0.9999
vn 0.9997 0.0183 -0.0129
vn 0.0161 -0.9999 0.0026
vn -0.9998 -0.0164 0.0110
vn 0.0680 0.9977 -0.0044
vn 0.0107 -0.0008 0.9999
vn -0.0093 0.0030 -1.0000
vn 0.9978 -0.0656 -0.0128
vn -0.0678 -0.9977 0.0035
vn -0.9977 0.0675 0.0110
vn 0.3088 0.9511 -0.0069
vn 0.0105 -0.0007 0.9999
vn -0.0086 0.0026 -1.0000
vn 0.9518 -0.3065 -0.0123
vn -0.3086 -0.9512 0.0061
vn -0.9512 0.3084 0.0105
vn 0.5932 0.8050 -0.0100
vn 0.0104 -0.0006 0.9999
vn -0.0079 0.0018 -1.0000
vn 0.8064 -0.5913 -0.0108
vn -0.5931 -0.8051 0.0091
vn -0.8053 0.5929 0.0089
vn -0.1063 -0.9777 0.1809
vn 0.9867 0.0044 -0.1625
vn 0.0283 -0.0050 -0.9996
vn -0.1956 0.9638 0.1814
vt 0.451660 0.443032
vt 0.451660 0.438325
vt 0.491714 0.443032
vt 0.470029 0.443033
vt 0.472841 0.445737
vt 0.447363 0.476533
vt 0.413358 0.474128
vt 0.442222 0.502506
vt 0.439411 0.505212
vt 0.470069 0.436707
vt 0.491714 0.438325
vt 0.419032 0.561696
vt 0.417451 0.555368
vt 0.419400 0.555368
vt 0.534189 0.467700
vt 0.522333 0.482474
vt 0.532346 0.456025
vt 0.461673 0.411291
vt 0.463516 0.426651
vt 0.463516 0.436482
vt 0.473530 0.422965
vt 0.469844 0.426651
vt 0.469844 0.422966
vt 0.463516 0.422966
vt 0.469844 0.413134
vt 0.463516 0.413134
vt 0.473530 0.426651
vt 0.473530 0.436482
vt 0.479858 0.426651
vt 0.479858 0.422966
vt 0.534189 0.471386
vt 0.534189 0.481219
vt 0.544177 0.481227
vt 0.550531 0.481219
vt 0.562387 0.482446
vt 0.540534 0.457851
vt 0.534189 0.457868
vt 0.540517 0.471386
vt 0.540517 0.467700
vt 0.550531 0.471386
vt 0.544203 0.471386
vt 0.544203 0.467700
vt 0.550531 0.467700
vt 0.552374 0.456025
vt 0.544203 0.457868
vt 0.550531 0.457868
vt 0.478150 0.551595
vt 0.479744 0.557923
vt 0.477793 0.557923
vt 0.481218 0.498814
vt 0.482550 0.505142
vt 0.480659 0.505142
vt 0.574093 0.480519
vt 0.574595 0.474191
vt 0.577627 0.480519
vt 0.480126 0.503045
vt 0.478738 0.493276
vt 0.480627 0.493187
vt 0.480659 0.443032
vt 0.485259 0.443032
vt 0.485259 0.471833
vt 0.480659 0.471833
vt 0.490930 0.508892
vt 0.489535 0.498992
vt 0.491424 0.499081
vt 0.577991 0.474191
vt 0.485427 0.505212
vt 0.485187 0.545267
vt 0.484535 0.505212
vt 0.483627 0.544359
vt 0.483627 0.506120
vt 0.577128 0.420178
vt 0.576990 0.393247
vt 0.578211 0.420178
vt 0.583529 0.509483
vt 0.582257 0.482746
vt 0.583392 0.482757
vt 0.575135 0.420178
vt 0.574053 0.420178
vt 0.573555 0.393247
vt 0.576132 0.393247
vt 0.570118 0.447159
vt 0.571255 0.474089
vt 0.570256 0.474089
vt 0.583004 0.473888
vt 0.584001 0.447133
vt 0.585186 0.447124
vt 0.585581 0.473859
vt 0.566880 0.420228
vt 0.567819 0.447159
vt 0.566820 0.447159
vt 0.567264 0.474089
vt 0.568599 0.447159
vt 0.568263 0.474089
vt 0.519520 0.455429
vt 0.522333 0.458133
vt 0.496908 0.489019
vt 0.493467 0.424343
vt 0.522332 0.452722
vt 0.519521 0.455428
vt 0.451660 0.443032
vt 0.433289 0.436668
vt 0.451660 0.438325
vt 0.411605 0.438325
vt 0.415502 0.555368
vt 0.415128 0.561696
vt 0.413495 0.555368
vt 0.522333 0.437715
vt 0.532346 0.411282
vt 0.534189 0.426643
vt 0.423450 0.413122
vt 0.423461 0.426651
vt 0.540539 0.409462
vt 0.540517 0.399607
vt 0.542360 0.393247
vt 0.423461 0.436482
vt 0.423461 0.422966
vt 0.439803 0.436482
vt 0.439803 0.426651
vt 0.439803 0.422966
vt 0.441646 0.411291
vt 0.433475 0.413134
vt 0.429806 0.413117
vt 0.439803 0.413134
vt 0.534189 0.436476
vt 0.544157 0.436491
vt 0.550531 0.436476
vt 0.562387 0.437737
vt 0.550531 0.426643
vt 0.550531 0.422958
vt 0.550531 0.413125
vt 0.552374 0.411282
vt 0.423297 0.561696
vt 0.423799 0.555368
vt 0.425304 0.561696
vt 0.431092 0.555368
vt 0.430729 0.561696
vt 0.429085 0.555368
vt 0.571659 0.519572
vt 0.570068 0.509847
vt 0.572014 0.509713
vt 0.477298 0.557923
vt 0.475842 0.551595
vt 0.477793 0.551595
vt 0.564229 0.509980
vt 0.563727 0.519791
vt 0.562340 0.509891
vt 0.522133 0.557663
vt 0.520533 0.518516
vt 0.522174 0.517608
vt 0.587366 0.459458
vt 0.587078 0.431688
vt 0.587712 0.431486
vt 0.585383 0.446921
vt 0.584445 0.420187
vt 0.585444 0.420202
vt 0.573753 0.420178
vt 0.574775 0.447108
vt 0.573692 0.447108
vt 0.561332 0.509713
vt 0.561195 0.482749
vt 0.562414 0.509706
vt 0.586767 0.509476
vt 0.585829 0.482742
vt 0.586828 0.482757
vt 0.570317 0.420178
vt 0.571339 0.447108
vt 0.570256 0.447108
vt 0.486169 0.499090
vt 0.488391 0.471850
vt 0.485496 0.500457
vt 0.566820 0.420178
vt 0.566484 0.393247
vt 0.567985 0.420178
vt 0.451660 0.397774
vt 0.461673 0.394231
vt 0.411605 0.505212
vt 0.443988 0.505212
vt 0.449608 0.510839
vt 0.449608 0.539640
vt 0.443988 0.545267
vt 0.411605 0.545267
vt 0.468787 0.497985
vt 0.472841 0.501886
vt 0.469642 0.505212
vt 0.465587 0.501311
vt 0.434969 0.446933
vt 0.439024 0.443032
vt 0.442223 0.446358
vt 0.438169 0.450259
vt 0.416826 0.471580
vt 0.411605 0.469410
vt 0.472848 0.483086
vt 0.472843 0.473073
vt 0.476745 0.473073
vt 0.476750 0.483086
vt 0.522333 0.442507
vt 0.532346 0.438972
vt 0.472002 0.555279
vt 0.469998 0.555101
vt 0.469998 0.545267
vt 0.472002 0.545445
vt 0.552374 0.438972
vt 0.562387 0.442508
vt 0.468052 0.545400
vt 0.469998 0.545267
vt 0.468052 0.555234
vt 0.472848 0.443032
vt 0.476750 0.443032
vt 0.476745 0.453045
vt 0.472843 0.453045
vt 0.472841 0.463059
vt 0.476743 0.463059
vt 0.440859 0.545356
vt 0.442748 0.545267
vt 0.442748 0.555101
vt 0.440859 0.555190
vt 0.481701 0.411291
vt 0.481701 0.394231
vt 0.491714 0.397776
vt 0.452480 0.545400
vt 0.454427 0.545534
vt 0.454427 0.555368
vt 0.452480 0.555234
vt 0.421349 0.561696
vt 0.421349 0.555368
vt 0.423297 0.555368
vt 0.573905 0.522369
vt 0.572014 0.522369
vt 0.572014 0.516041
vt 0.574026 0.516041
vt 0.572142 0.474191
vt 0.574093 0.474191
vt 0.572142 0.480519
vt 0.413551 0.545400
vt 0.413609 0.555279
vt 0.411605 0.555101
vt 0.450534 0.555101
vt 0.450534 0.545267
vt 0.466105 0.555368
vt 0.466105 0.545534
vt 0.476734 0.492920
vt 0.473398 0.493138
vt 0.476367 0.483112
vt 0.540517 0.481219
vt 0.442223 0.478834
vt 0.443976 0.474116
vt 0.447671 0.477671
vt 0.544203 0.454182
vt 0.550531 0.454182
vt 0.544203 0.444349
vt 0.542360 0.437990
vt 0.550531 0.444349
vt 0.540517 0.454182
vt 0.534189 0.454182
vt 0.534189 0.444349
vt 0.540517 0.444349
vt 0.479858 0.409449
vt 0.473519 0.413123
vt 0.473530 0.409449
vt 0.473530 0.399617
vt 0.471687 0.393247
vt 0.479858 0.399617
vt 0.463516 0.409449
vt 0.469844 0.409449
vt 0.463516 0.399617
vt 0.469844 0.399617
vt 0.479858 0.436482
vt 0.479858 0.413134
vt 0.479805 0.545267
vt 0.481695 0.545267
vt 0.481695 0.551595
vt 0.479684 0.551595
vt 0.419400 0.561696
vt 0.433099 0.561696
vt 0.432983 0.555368
vt 0.434990 0.555368
vt 0.434990 0.561696
vt 0.429180 0.545356
vt 0.431069 0.545267
vt 0.431069 0.555101
vt 0.429123 0.555234
vt 0.464216 0.555279
vt 0.465604 0.545510
vt 0.415498 0.545534
vt 0.415498 0.555368
vt 0.421280 0.545445
vt 0.423284 0.545267
vt 0.423284 0.555101
vt 0.419754 0.555351
vt 0.481695 0.557923
vt 0.423284 0.545267
vt 0.425287 0.545445
vt 0.423639 0.555125
vt 0.472841 0.483353
vt 0.436997 0.561696
vt 0.436880 0.555368
vt 0.438887 0.555368
vt 0.438887 0.561696
vt 0.487532 0.508915
vt 0.488033 0.515243
vt 0.415502 0.561696
vt 0.427176 0.545534
vt 0.427176 0.555368
vt 0.487532 0.508648
vt 0.487532 0.498814
vt 0.575916 0.516041
vt 0.575916 0.522369
vt 0.477793 0.545267
vt 0.483702 0.557923
vt 0.483586 0.551595
vt 0.485593 0.551595
vt 0.485593 0.557923
vt 0.491434 0.515243
vt 0.473891 0.545534
vt 0.473891 0.555368
vt 0.438855 0.555368
vt 0.438855 0.545534
vt 0.419391 0.545534
vt 0.462212 0.555101
vt 0.462212 0.545267
vt 0.476734 0.503288
vt 0.476734 0.493454
vt 0.570191 0.480519
vt 0.570191 0.474191
vt 0.431092 0.561696
vt 0.484561 0.498814
vt 0.484561 0.505142
vt 0.450516 0.539264
vt 0.455611 0.544359
vt 0.455234 0.545267
vt 0.450516 0.511215
vt 0.455234 0.505212
vt 0.455611 0.506120
vt 0.560068 0.560496
vt 0.555142 0.555603
vt 0.555142 0.527805
vt 0.560076 0.522931
vt 0.587648 0.522886
vt 0.587696 0.560571
vt 0.564827 0.474191
vt 0.563745 0.474184
vt 0.564105 0.447210
vt 0.565823 0.447244
vt 0.588002 0.527931
vt 0.588370 0.555899
vt 0.587748 0.555696
vt 0.586583 0.431530
vt 0.587077 0.469523
vt 0.586465 0.469725
vt 0.577516 0.482732
vt 0.576520 0.509663
vt 0.575438 0.509663
vt 0.574939 0.482732
vt 0.578263 0.447108
vt 0.577128 0.447108
vt 0.576132 0.420178
vt 0.578907 0.420178
vt 0.581266 0.393263
vt 0.582343 0.420005
vt 0.579568 0.420027
vt 0.458498 0.559857
vt 0.456253 0.557613
vt 0.458499 0.555368
vt 0.460743 0.557613
vt 0.451258 0.559048
vt 0.448589 0.559857
vt 0.447274 0.557398
vt 0.449519 0.555368
vt 0.451764 0.556683
vt 0.562387 0.447244
vt 0.475452 0.505015
vt 0.475001 0.503564
vt 0.476435 0.503935
vt 0.482404 0.498811
vt 0.481518 0.471850
vt 0.484095 0.471868
vt 0.579568 0.393247
vt 0.580952 0.509512
vt 0.487532 0.471868
vt 0.486535 0.498814
vt 0.486001 0.500156
vt 0.484756 0.471854
vt 0.487729 0.516465
vt 0.488473 0.515244
vt 0.489257 0.516401
vt 0.572696 0.393247
vt 0.571699 0.420178
vt 0.570700 0.420178
vt 0.569921 0.393247
vt 0.488973 0.557663
vt 0.491003 0.560122
vt 0.488758 0.562153
vt 0.486514 0.559908
vt 0.582145 0.473859
vt 0.579568 0.473888
vt 0.581306 0.447124
vt 0.572696 0.447159
vt 0.485413 0.502586
vt 0.484735 0.501347
vt 0.564105 0.393247
vt 0.565823 0.393281
vt 0.564086 0.420223
vt 0.569260 0.420228
vt 0.565823 0.447159
vt 0.468136 0.555368
vt 0.470595 0.556683
vt 0.470089 0.559048
vt 0.467420 0.559857
vt 0.466105 0.557613
vt 0.489858 0.443032
vt 0.489858 0.471833
vt 0.562387 0.393281
vt 0.473504 0.504976
vt 0.473181 0.503500
vt 0.474536 0.503898
vt 0.411605 0.397774
vt 0.421619 0.394231
vt 0.554716 0.482732
vt 0.560336 0.488359
vt 0.560336 0.517160
vt 0.554716 0.522787
vt 0.522333 0.522787
vt 0.522333 0.482732
vt 0.518278 0.510381
vt 0.522333 0.514282
vt 0.519133 0.517608
vt 0.515079 0.513707
vt 0.411605 0.443032
vt 0.515079 0.397148
vt 0.519133 0.393247
vt 0.522333 0.396573
vt 0.518278 0.400474
vt 0.496922 0.421667
vt 0.491714 0.419626
vt 0.476757 0.483086
vt 0.476752 0.473073
vt 0.480654 0.473073
vt 0.480659 0.483086
vt 0.522333 0.397764
vt 0.532346 0.394229
vt 0.444752 0.545445
vt 0.444694 0.555234
vt 0.442748 0.545267
vt 0.552374 0.394229
vt 0.562387 0.397765
vt 0.448530 0.545445
vt 0.448530 0.555279
vt 0.476757 0.443032
vt 0.480654 0.453045
vt 0.476752 0.453045
vt 0.476750 0.463059
vt 0.480652 0.463059
vt 0.427195 0.555368
vt 0.427195 0.561696
vt 0.441646 0.394231
vt 0.451660 0.397776
vt 0.438855 0.555101
vt 0.436909 0.555234
vt 0.438492 0.545284
vt 0.458320 0.555368
vt 0.456431 0.555279
vt 0.457818 0.545510
vt 0.483646 0.551595
vt 0.483646 0.545267
vt 0.568301 0.474191
vt 0.568180 0.480519
vt 0.417502 0.555279
vt 0.415498 0.555101
vt 0.415498 0.545267
vt 0.417502 0.545445
vt 0.454427 0.555101
vt 0.454427 0.545267
vt 0.446641 0.555368
vt 0.446641 0.545534
vt 0.540517 0.436476
vt 0.491714 0.491230
vt 0.493467 0.486512
vt 0.544203 0.409440
vt 0.550531 0.409440
vt 0.544203 0.399607
vt 0.550531 0.399607
vt 0.534189 0.399607
vt 0.534189 0.409440
vt 0.433475 0.409449
vt 0.439803 0.409449
vt 0.433475 0.399617
vt 0.431632 0.393247
vt 0.439803 0.399617
vt 0.423461 0.409449
vt 0.429789 0.409449
vt 0.423461 0.399617
vt 0.429789 0.399617
vt 0.429789 0.436482
vt 0.429789 0.426651
vt 0.431632 0.424808
vt 0.429789 0.422966
vt 0.433475 0.426651
vt 0.433475 0.422966
vt 0.534189 0.422958
vt 0.540517 0.422958
vt 0.542360 0.424801
vt 0.540517 0.426643
vt 0.534189 0.413125
vt 0.540517 0.413125
vt 0.544203 0.426643
vt 0.544203 0.413125
vt 0.544203 0.422958
vt 0.573965 0.516041
vt 0.573965 0.509713
vt 0.575916 0.509713
vt 0.473891 0.557923
vt 0.473891 0.551595
vt 0.475782 0.551595
vt 0.473891 0.545267
vt 0.477292 0.545267
vt 0.460266 0.545400
vt 0.462212 0.545534
vt 0.462212 0.555368
vt 0.460266 0.555234
vt 0.433073 0.545356
vt 0.434962 0.545267
vt 0.434962 0.555101
vt 0.431564 0.555334
vt 0.419391 0.555368
vt 0.566175 0.519681
vt 0.564229 0.519547
vt 0.564229 0.509713
vt 0.566232 0.509891
vt 0.480126 0.492944
vt 0.476734 0.493187
vt 0.476734 0.483353
vt 0.480253 0.483104
vt 0.564278 0.480519
vt 0.562387 0.480519
vt 0.562387 0.474191
vt 0.565788 0.474191
vt 0.576272 0.522369
vt 0.577865 0.516041
vt 0.440894 0.561696
vt 0.440778 0.555368
vt 0.442785 0.555368
vt 0.442785 0.561696
vt 0.411605 0.561696
vt 0.411605 0.555368
vt 0.568121 0.509980
vt 0.568121 0.519814
vt 0.474845 0.493276
vt 0.476734 0.503021
vt 0.474845 0.503110
vt 0.560336 0.519547
vt 0.560336 0.509713
vt 0.431069 0.545534
vt 0.485597 0.545267
vt 0.485597 0.551595
vt 0.577923 0.516041
vt 0.577807 0.509713
vt 0.579814 0.509713
vt 0.579814 0.516041
vt 0.566289 0.480519
vt 0.446641 0.545534
vt 0.446641 0.555368
vt 0.568121 0.519814
vt 0.568121 0.509980
vt 0.434962 0.555368
vt 0.434962 0.545534
vt 0.458320 0.555101
vt 0.458320 0.545267
vt 0.472841 0.503288
vt 0.472841 0.493454
vt 0.566289 0.474191
vt 0.579814 0.522369
vt 0.492516 0.556755
vt 0.492140 0.557663
vt 0.486514 0.552036
vt 0.487422 0.551660
vt 0.487422 0.523611
vt 0.486514 0.523235
vt 0.492516 0.518516
vt 0.492140 0.517608
vt 0.520533 0.556755
vt 0.554982 0.560564
vt 0.527361 0.560496
vt 0.522451 0.555596
vt 0.522434 0.527805
vt 0.527361 0.522912
vt 0.554916 0.522911
vt 0.491090 0.481271
vt 0.491091 0.443032
vt 0.491714 0.443234
vt 0.491714 0.481068
vt 0.588014 0.436626
vt 0.588361 0.464598
vt 0.587726 0.464396
vt 0.574775 0.474038
vt 0.573692 0.474038
vt 0.572696 0.447108
vt 0.575273 0.447108
vt 0.580427 0.446928
vt 0.580925 0.420190
vt 0.582008 0.420202
vt 0.583004 0.446958
vt 0.578211 0.474038
vt 0.577128 0.474038
vt 0.576132 0.447108
vt 0.578709 0.447108
vt 0.443442 0.556025
vt 0.446617 0.556025
vt 0.446617 0.559200
vt 0.443442 0.559200
vt 0.566349 0.482749
vt 0.565851 0.509706
vt 0.564768 0.509713
vt 0.563772 0.482766
vt 0.486445 0.503529
vt 0.485503 0.504471
vt 0.484561 0.503528
vt 0.485503 0.502586
vt 0.454223 0.559857
vt 0.451764 0.557827
vt 0.454008 0.555368
vt 0.456253 0.557612
vt 0.563772 0.482767
vt 0.578376 0.482732
vt 0.580952 0.482732
vt 0.579043 0.509663
vt 0.583004 0.446958
vt 0.493463 0.562153
vt 0.491003 0.560123
vt 0.493248 0.557663
vt 0.495493 0.559908
vt 0.479559 0.505173
vt 0.479070 0.503730
vt 0.480501 0.504142
vt 0.490968 0.471868
vt 0.571503 0.482732
vt 0.574080 0.482732
vt 0.572171 0.509663
vt 0.584388 0.509512
vt 0.569286 0.509663
vt 0.568204 0.509663
vt 0.567208 0.482732
vt 0.569785 0.482732
vt 0.572696 0.420178
vt 0.484773 0.499155
vt 0.564550 0.447204
vt 0.564105 0.420228
vt 0.565823 0.420263
vt 0.569260 0.393247
vt 0.585581 0.419998
vt 0.583004 0.420027
vt 0.584936 0.393266
vt 0.460743 0.557613
vt 0.463202 0.555368
vt 0.465232 0.556683
vt 0.464575 0.559200
vt 0.462058 0.559857
vt 0.563384 0.447210
vt 0.562387 0.420263
vt 0.477676 0.503288
vt 0.478618 0.504322
vt 0.477187 0.504731
vt 0.540415 0.491525
vt 0.546588 0.491591
vt 0.541553 0.566789
vt 0.556365 0.451116
vt 0.556365 0.491525
vt 0.503010 0.416200
vt 0.582980 0.533368
vt 0.582980 0.492980
vt 0.417020 0.491066
vt 0.419526 0.415908
vt 0.498130 0.491045
vt 0.495314 0.415508
vt 0.476489 0.410076
vt 0.277590 0.346827
vt 0.016882 0.069632
vt 0.101532 0.069665
vt 0.277785 0.208806
vt 0.332859 0.069797
vt 0.333133 0.208396
vt 0.277421 0.417380
vt 0.101579 0.417020
vt 0.277421 0.417207
vt 0.093714 0.004378
vt 0.101665 0.018025
vt 0.983121 0.417082
vt 0.999439 0.694240
vt 0.898470 0.417038
vt 0.722220 0.556173
vt 0.667055 0.417298
vt 0.898401 0.069529
vt 0.722579 0.069968
vt 0.722579 0.069795
vt 0.715138 0.069968
vt 0.667071 0.069793
vt 0.715138 0.069818
vt 0.761201 0.694996
vt 0.763656 0.734377
vt 0.758689 0.734422
vt 0.108497 0.890576
vt 0.054249 0.890576
vt 0.108497 0.694824
vt 0.381805 0.069968
vt 0.333738 0.069793
vt 0.381805 0.069818
vt 0.565068 0.069529
vt 0.389246 0.069968
vt 0.389246 0.069795
vt 0.614707 0.707319
vt 0.619674 0.904059
vt 0.614707 0.904143
vt 0.608860 0.707319
vt 0.613876 0.904105
vt 0.608860 0.904143
vt 0.271243 0.694824
vt 0.293047 0.694824
vt 0.271243 0.891481
vt 0.999439 0.417283
vt 0.000657 0.346993
vt 0.000418 0.070043
vt 0.975329 0.351793
vt 0.983217 0.365154
vt 0.610754 0.417380
vt 0.434912 0.417020
vt 0.610754 0.417207
vt 0.770634 0.695008
vt 0.772587 0.734377
vt 0.769454 0.734422
vt 0.389029 0.208608
vt 0.333750 0.208692
vt 0.381783 0.208398
vt 0.697560 0.302440
vt 0.697560 0.697560
vt 0.697560 0.500000
vt 0.648170 0.697470
vt 0.648170 0.302440
vt 0.302440 0.307800
vt 0.302440 0.667109
vt 0.302440 0.697560
vt 0.302440 0.500000
vt 0.351830 0.302547
vt 0.351830 0.697560
vt 0.401220 0.302440
vt 0.351830 0.302440
vt 0.401220 0.697560
vt 0.450610 0.302440
vt 0.450610 0.697560
vt 0.500000 0.302440
vt 0.450610 0.302440
vt 0.500000 0.697560
vt 0.549390 0.302440
vt 0.549390 0.697560
vt 0.598780 0.302440
vt 0.549390 0.302440
vt 0.598780 0.697560
vt 0.697560 0.328341
vt 0.302440 0.671534
vt 0.302440 0.499999
vt 0.302440 0.302440
vt 0.302440 0.500001
vt 0.697560 0.671659
vt 0.680381 0.302440
vt 0.663202 0.697560
vt 0.680381 0.697560
vt 0.663202 0.302440
vt 0.646023 0.697560
vt 0.663202 0.697560
vt 0.646023 0.302440
vt 0.628844 0.697560
vt 0.628844 0.302440
vt 0.611664 0.697560
vt 0.628844 0.697560
vt 0.611664 0.302440
vt 0.594485 0.697560
vt 0.594485 0.302440
vt 0.577306 0.697560
vt 0.577306 0.302440
vt 0.560127 0.697560
vt 0.560127 0.302440
vt 0.542948 0.697560
vt 0.560127 0.697560
vt 0.542948 0.302440
vt 0.525769 0.697560
vt 0.542948 0.697560
vt 0.525769 0.302440
vt 0.508590 0.697560
vt 0.508590 0.302440
vt 0.491410 0.697560
vt 0.474231 0.302440
vt 0.457052 0.697511
vt 0.474231 0.697560
vt 0.457052 0.302440
vt 0.439873 0.697511
vt 0.457052 0.697560
vt 0.439873 0.302440
vt 0.422694 0.697511
vt 0.439873 0.697560
vt 0.422694 0.302440
vt 0.405515 0.697511
vt 0.422694 0.697560
vt 0.405515 0.302440
vt 0.388336 0.697511
vt 0.405515 0.697560
vt 0.388336 0.302440
vt 0.371156 0.697511
vt 0.388336 0.697560
vt 0.371156 0.302440
vt 0.353977 0.697511
vt 0.371156 0.697560
vt 0.353977 0.302440
vt 0.336798 0.697511
vt 0.353977 0.697560
vt 0.336798 0.302440
vt 0.319619 0.697511
vt 0.336798 0.697560
vt 0.319619 0.302440
vt 0.371156 0.302440
vt 0.405515 0.302440
vt 0.457052 0.302440
vt 0.491410 0.302440
vt 0.302440 0.685939
vt 0.302440 0.308107
vt 0.401220 0.302559
vt 0.351830 0.697303
vt 0.450610 0.302559
vt 0.401220 0.697303
vt 0.500000 0.302559
vt 0.450610 0.697303
vt 0.549390 0.302559
vt 0.500000 0.697303
vt 0.598780 0.302559
vt 0.549390 0.697303
vt 0.648170 0.302559
vt 0.598780 0.697303
vt 0.680381 0.302440
vt 0.697560 0.302356
vt 0.680381 0.697505
vt 0.697560 0.673306
vt 0.663202 0.697496
vt 0.680381 0.302528
vt 0.646023 0.697496
vt 0.663202 0.302528
vt 0.628844 0.697496
vt 0.646023 0.302527
vt 0.611664 0.697496
vt 0.628844 0.302527
vt 0.594485 0.697496
vt 0.611664 0.302526
vt 0.577306 0.697496
vt 0.594485 0.302526
vt 0.560127 0.697496
vt 0.577306 0.302526
vt 0.542948 0.697496
vt 0.560127 0.302525
vt 0.525769 0.697496
vt 0.542948 0.302525
vt 0.508590 0.697496
vt 0.525769 0.302524
vt 0.491410 0.697496
vt 0.508590 0.302524
vt 0.491410 0.697560
vt 0.474231 0.697691
vt 0.491410 0.302403
vt 0.302440 0.302283
vt 0.319619 0.302440
vt 0.319619 0.697504
vt 0.474231 0.302440
vt 0.401220 0.697560
vt 0.648170 0.697560
vt 0.336798 0.500000
vt 0.353977 0.500000
vt 0.371156 0.500000
vt 0.388336 0.500000
vt 0.405515 0.500000
vt 0.422694 0.500000
vt 0.439873 0.500000
vt 0.457052 0.500000
vt 0.474231 0.500000
vt 0.319619 0.500000
vt 0.388336 0.302440
vt 0.439873 0.500000
vt 0.457052 0.500000
vt 0.333007 0.417246
vt 0.284862 0.417230
vt 0.666341 0.417246
vt 0.618195 0.417230
vt 0.284861 0.417380
vt 0.618195 0.417380
vt 0.988133 0.198775
vt 0.984196 0.195391
vt 0.988010 0.195271
vt 0.943971 0.549918
vt 0.944005 0.554117
vt 0.943884 0.554037
vt 0.955502 0.982744
vt 0.951580 0.979343
vt 0.955380 0.979239
vt 0.766342 0.992489
vt 0.766389 0.996679
vt 0.766269 0.996599
vt 0.820012 0.984917
vt 0.816089 0.981516
vt 0.819890 0.981412
vt 0.389190 0.992395
vt 0.389237 0.996584
vt 0.389117 0.996504
vt 0.988952 0.799686
vt 0.985030 0.796282
vt 0.988830 0.796178
vt 0.393448 0.992395
vt 0.393495 0.996584
vt 0.393374 0.996504
vt 0.413252 0.982528
vt 0.409318 0.982453
vt 0.413133 0.982333
vt 0.996594 0.195291
vt 0.996627 0.199490
vt 0.996507 0.199410
vt 0.627583 0.484091
vt 0.627068 0.517155
vt 0.626358 0.500894
vt 0.595374 0.483614
vt 0.611689 0.485383
vt 0.439293 0.703963
vt 0.442084 0.703963
vt 0.439293 0.740885
vt 0.554540 0.556270
vt 0.557331 0.519348
vt 0.557331 0.556270
vt 0.158500 0.497230
vt 0.154560 0.493531
vt 0.158375 0.493411
vt 0.070571 0.571280
vt 0.066638 0.567562
vt 0.070447 0.567458
vt 0.070571 0.564490
vt 0.066638 0.560772
vt 0.070447 0.560668
vt 0.988548 0.189253
vt 0.984617 0.185847
vt 0.988426 0.185743
vt 0.609732 0.253015
vt 0.613889 0.250226
vt 0.613900 0.256677
vt 0.309537 0.982376
vt 0.305603 0.982301
vt 0.309418 0.982181
vt 0.829788 0.964943
vt 0.833899 0.964735
vt 0.833979 0.965019
vt 0.101763 0.928767
vt 0.104845 0.919626
vt 0.104964 0.928534
vt 0.134186 0.967441
vt 0.138297 0.967233
vt 0.138377 0.967516
vt 0.330181 0.928172
vt 0.334396 0.928153
vt 0.334316 0.928415
vt 0.298141 0.946538
vt 0.301229 0.937397
vt 0.301347 0.946304
vt 0.066134 0.970634
vt 0.070245 0.970426
vt 0.070325 0.970709
vt 0.829171 0.927403
vt 0.833385 0.927383
vt 0.833305 0.927646
vt 0.243708 0.966668
vt 0.243737 0.957552
vt 0.243853 0.966440
vt 0.893085 0.283852
vt 0.897196 0.283643
vt 0.897276 0.283927
vt 0.394916 0.931485
vt 0.399127 0.931453
vt 0.399047 0.931715
vt 0.243717 0.957470
vt 0.243739 0.948336
vt 0.243853 0.957235
vt 0.394935 0.967247
vt 0.399047 0.967039
vt 0.399127 0.967323
vt 0.979303 0.639501
vt 0.979322 0.630357
vt 0.979440 0.639265
vt 0.101010 0.847522
vt 0.105224 0.847502
vt 0.105145 0.847765
vt 0.986285 0.988361
vt 0.990419 0.991740
vt 0.986377 0.991843
vt 0.530916 0.989163
vt 0.526782 0.985777
vt 0.530825 0.985675
vt 0.991986 0.080830
vt 0.987857 0.077735
vt 0.991899 0.077632
vt 0.987114 0.853807
vt 0.991258 0.857177
vt 0.987206 0.857293
vt 0.991982 0.019824
vt 0.987858 0.019747
vt 0.991900 0.019645
vt 0.988133 0.198774
vt 0.984195 0.195391
vt 0.613946 0.395569
vt 0.618103 0.392784
vt 0.618112 0.399235
vt 0.955504 0.979416
vt 0.951571 0.979343
vt 0.820012 0.984917
vt 0.816081 0.981516
vt 0.613946 0.381993
vt 0.618103 0.379207
vt 0.618112 0.385658
vt 0.988955 0.799355
vt 0.985021 0.796282
vt 0.413252 0.982528
vt 0.409317 0.982453
vt 0.627583 0.484091
vt 0.158498 0.496914
vt 0.154561 0.493531
vt 0.737946 0.894682
vt 0.737912 0.890483
vt 0.738032 0.890563
vt 0.070569 0.570964
vt 0.066646 0.567562
vt 0.761057 0.217886
vt 0.761104 0.222075
vt 0.760983 0.221996
vt 0.070569 0.564173
vt 0.066646 0.560772
vt 0.981943 0.477335
vt 0.981989 0.481525
vt 0.981869 0.481445
vt 0.988548 0.189253
vt 0.984625 0.185847
vt 0.987563 0.180371
vt 0.987610 0.184561
vt 0.987490 0.184481
vt 0.309537 0.982376
vt 0.305604 0.982301
vt 0.407588 0.990097
vt 0.407622 0.994296
vt 0.407502 0.994216
vt 0.829788 0.964943
vt 0.101756 0.928767
vt 0.104845 0.919626
vt 0.134186 0.967441
vt 0.330181 0.928172
vt 0.298152 0.946538
vt 0.301229 0.937397
vt 0.829171 0.927403
vt 0.243708 0.966668
vt 0.243737 0.957552
vt 0.893085 0.283852
vt 0.394916 0.931485
vt 0.243717 0.957470
vt 0.243739 0.948336
vt 0.394935 0.967247
vt 0.979303 0.639501
vt 0.979322 0.630357
vt 0.986290 0.988636
vt 0.990419 0.991740
vt 0.530912 0.988868
vt 0.526782 0.985777
vt 0.991990 0.080541
vt 0.987857 0.077735
vt 0.698967 0.996653
vt 0.698925 0.992461
vt 0.699045 0.992540
vt 0.987114 0.853817
vt 0.991258 0.857177
vt 0.991982 0.019824
vt 0.987858 0.019747
vt 0.988135 0.199090
vt 0.984195 0.195391
vt 0.955505 0.983061
vt 0.951571 0.979343
vt 0.820012 0.984917
vt 0.816081 0.981516
vt 0.613946 0.381993
vt 0.618112 0.385658
vt 0.988955 0.799355
vt 0.985021 0.796282
vt 0.446567 0.519348
vt 0.483488 0.519348
vt 0.483488 0.556269
vt 0.628027 0.483621
vt 0.627504 0.517616
vt 0.138524 0.729854
vt 0.135733 0.729854
vt 0.138524 0.692932
vt 0.439448 0.740885
vt 0.554695 0.519348
vt 0.158500 0.497227
vt 0.154560 0.493531
vt 0.070571 0.571277
vt 0.066638 0.567562
vt 0.070571 0.564486
vt 0.066638 0.560772
vt 0.988548 0.189251
vt 0.984617 0.185847
vt 0.609732 0.253012
vt 0.613889 0.250226
vt 0.613900 0.256677
vt 0.309537 0.982376
vt 0.305603 0.982301
vt 0.829788 0.964944
vt 0.101762 0.928767
vt 0.104845 0.919626
vt 0.298146 0.946538
vt 0.301229 0.937397
vt 0.243708 0.966668
vt 0.243737 0.957552
vt 0.893085 0.283852
vt 0.394916 0.931486
vt 0.243716 0.957471
vt 0.243739 0.948336
vt 0.979304 0.639499
vt 0.979322 0.630357
vt 0.986285 0.988361
vt 0.990419 0.991740
vt 0.530916 0.989156
vt 0.526782 0.985777
vt 0.991986 0.080841
vt 0.987857 0.077735
vt 0.987114 0.853814
vt 0.991258 0.857177
vt 0.991981 0.019824
vt 0.987858 0.019747
vt 0.988135 0.199090
vt 0.984195 0.195391
vt 0.955505 0.983060
vt 0.820015 0.985233
vt 0.816081 0.981516
vt 0.988955 0.799355
vt 0.627503 0.517616
vt 0.626358 0.500895
vt 0.595922 0.517581
vt 0.611711 0.516401
vt 0.158500 0.497230
vt 0.154560 0.493531
vt 0.070571 0.571280
vt 0.066638 0.567562
vt 0.070571 0.564489
vt 0.988548 0.189253
vt 0.984617 0.185847
vt 0.309537 0.982376
vt 0.305603 0.982301
vt 0.829788 0.964943
vt 0.104818 0.928762
vt 0.104845 0.919626
vt 0.330181 0.928172
vt 0.298140 0.946538
vt 0.301229 0.937397
vt 0.829170 0.927403
vt 0.243708 0.966668
vt 0.243736 0.957552
vt 0.243716 0.957471
vt 0.243739 0.948336
vt 0.394935 0.967247
vt 0.979321 0.630357
vt 0.986285 0.988364
vt 0.990419 0.991740
vt 0.530912 0.988881
vt 0.526782 0.985777
vt 0.991986 0.080830
vt 0.987857 0.077735
vt 0.991258 0.857177
vt 0.991982 0.019824
vt 0.987858 0.019747
vt 0.988135 0.199090
vt 0.984195 0.195391
vt 0.955504 0.979416
vt 0.951571 0.979343
vt 0.820012 0.984917
vt 0.816081 0.981516
vt 0.613946 0.381993
vt 0.618103 0.379207
vt 0.988955 0.799355
vt 0.413252 0.982528
vt 0.409317 0.982453
vt 0.627583 0.484091
vt 0.158498 0.496915
vt 0.154561 0.493531
vt 0.737946 0.894682
vt 0.070569 0.570964
vt 0.761057 0.217886
vt 0.070569 0.564173
vt 0.981943 0.477335
vt 0.988548 0.189252
vt 0.305604 0.982301
vt 0.407588 0.990097
vt 0.104826 0.928770
vt 0.104845 0.919626
vt 0.330181 0.928172
vt 0.298152 0.946538
vt 0.243716 0.957471
vt 0.979322 0.630357
vt 0.101010 0.847522
vt 0.986282 0.988654
vt 0.990419 0.991740
vt 0.530912 0.988868
vt 0.526782 0.985777
vt 0.991990 0.080541
vt 0.987856 0.077735
vt 0.987114 0.853819
vt 0.991982 0.019824
vt 0.987858 0.019747
vt 0.988133 0.198774
vt 0.984196 0.195391
vt 0.943971 0.549918
vt 0.955502 0.982744
vt 0.951580 0.979343
vt 0.816090 0.981516
vt 0.988952 0.799687
vt 0.985030 0.796282
vt 0.413252 0.982528
vt 0.409318 0.982454
vt 0.996594 0.195291
vt 0.627583 0.484091
vt 0.627284 0.517384
vt 0.158500 0.497230
vt 0.154560 0.493531
vt 0.070571 0.567635
vt 0.066638 0.567562
vt 0.070570 0.560845
vt 0.066638 0.560772
vt 0.988550 0.188920
vt 0.305603 0.982301
vt 0.829788 0.964943
vt 0.104828 0.928768
vt 0.104847 0.919645
vt 0.134186 0.967441
vt 0.330185 0.928185
vt 0.301212 0.946539
vt 0.301231 0.937416
vt 0.066134 0.970634
vt 0.829174 0.927416
vt 0.243717 0.966675
vt 0.243737 0.957552
vt 0.394916 0.931485
vt 0.243709 0.957462
vt 0.243737 0.948347
vt 0.192982 0.934613
vt 0.197193 0.934581
vt 0.197113 0.934844
vt 0.979297 0.639491
vt 0.979324 0.630376
vt 0.101014 0.847535
vt 0.986282 0.988657
vt 0.530920 0.988860
vt 0.526782 0.985777
vt 0.991990 0.080537
vt 0.987857 0.077735
vt 0.987114 0.853814
vt 0.991258 0.857177
vt 0.991982 0.019824
vt 0.987858 0.019747
vt 0.988133 0.198774
vt 0.984196 0.195391
vt 0.955502 0.982744
vt 0.820012 0.984917
vt 0.816089 0.981516
vt 0.988952 0.799687
vt 0.413252 0.982528
vt 0.409318 0.982454
vt 0.996594 0.195291
vt 0.627578 0.484095
vt 0.611700 0.485383
vt 0.554540 0.519348
vt 0.158498 0.496914
vt 0.154561 0.493531
vt 0.737946 0.894682
vt 0.070569 0.570964
vt 0.066646 0.567562
vt 0.070569 0.564173
vt 0.066646 0.560772
vt 0.988548 0.189252
vt 0.984625 0.185847
vt 0.987563 0.180371
vt 0.305604 0.982301
vt 0.407588 0.990097
vt 0.104850 0.919635
vt 0.134186 0.967441
vt 0.301212 0.946539
vt 0.301234 0.937405
vt 0.066134 0.970634
vt 0.243723 0.966687
vt 0.243732 0.957550
vt 0.893085 0.283851
vt 0.243723 0.957482
vt 0.243732 0.948345
vt 0.394936 0.967247
vt 0.979327 0.630366
vt 0.986282 0.988657
vt 0.530920 0.988860
vt 0.991990 0.080537
vt 0.987857 0.077735
vt 0.987114 0.853813
vt 0.991257 0.857177
vt 0.997766 0.499328
vt 0.997796 0.503529
vt 0.997675 0.503449
vt 0.991991 0.019809
vt 0.987859 0.019748
vt 0.997753 0.486675
vt 0.997796 0.490867
vt 0.997675 0.490788
vt 0.200738 0.352493
vt 0.200738 0.421542
vt 0.189458 0.346356
vt 0.156703 0.421546
vt 0.160262 0.350195
vt 0.549069 0.179923
vt 0.553295 0.189161
vt 0.549069 0.210189
vt 0.520868 0.495273
vt 0.516640 0.451725
vt 0.520868 0.451725
vt 0.043268 0.463779
vt 0.043798 0.461211
vt 0.045161 0.463778
vt 0.292291 0.695477
vt 0.292504 0.701415
vt 0.292751 0.698825
vt 0.108714 0.461065
vt 0.108565 0.456422
vt 0.109731 0.456391
vt 0.109985 0.462473
vt 0.218893 0.457882
vt 0.218893 0.393167
vt 0.227259 0.388082
vt 0.261182 0.393167
vt 0.261182 0.457882
vt 0.250743 0.387963
vt 0.235988 0.393173
vt 0.235981 0.410805
vt 0.231702 0.408083
vt 0.468105 0.203394
vt 0.460152 0.202958
vt 0.467497 0.202160
vt 0.380608 0.256187
vt 0.380663 0.248414
vt 0.380966 0.252319
vt 0.154923 0.418864
vt 0.155945 0.353199
vt 0.156703 0.421544
vt 0.119922 0.349432
vt 0.111552 0.353143
vt 0.120161 0.346602
vt 0.110855 0.421544
vt 0.112634 0.418864
vt 0.073410 0.953244
vt 0.077707 0.956665
vt 0.073464 0.956827
vt 0.495802 0.911631
vt 0.500090 0.911641
vt 0.499968 0.911777
vt 0.142322 0.960310
vt 0.146620 0.963730
vt 0.142376 0.963892
vt 0.090653 0.911976
vt 0.094940 0.911985
vt 0.094819 0.912122
vt 0.036022 0.955918
vt 0.040320 0.959338
vt 0.036077 0.959500
vt 0.315455 0.912226
vt 0.319743 0.912236
vt 0.319621 0.912372
vt 0.958839 0.395162
vt 0.963136 0.398579
vt 0.958893 0.398741
vt 0.903534 0.154714
vt 0.907822 0.154724
vt 0.907700 0.154860
vt 0.393914 0.954280
vt 0.398203 0.957722
vt 0.393969 0.957863
vt 0.347365 0.911884
vt 0.351642 0.911878
vt 0.351522 0.912012
vt 0.481274 0.952560
vt 0.485572 0.955980
vt 0.481328 0.956142
vt 0.036099 0.911318
vt 0.040387 0.911327
vt 0.040265 0.911463
vt 0.393914 0.960972
vt 0.398212 0.964392
vt 0.393969 0.964554
vt 0.347356 0.904868
vt 0.351642 0.904879
vt 0.351522 0.905013
vt 0.481274 0.959251
vt 0.485572 0.962670
vt 0.481328 0.962832
vt 0.319608 0.898520
vt 0.315321 0.898508
vt 0.315441 0.898375
vt 0.142279 0.956999
vt 0.146620 0.957039
vt 0.142376 0.957201
vt 0.895112 0.154641
vt 0.899399 0.154653
vt 0.899278 0.154787
vt 0.916347 0.395941
vt 0.912048 0.392520
vt 0.916292 0.392359
vt 0.146644 0.926576
vt 0.142281 0.929442
vt 0.142376 0.922951
vt 0.500451 0.954813
vt 0.496153 0.951392
vt 0.500397 0.951231
vt 0.930848 0.429533
vt 0.926485 0.432399
vt 0.926580 0.425909
vt 0.535336 0.953759
vt 0.531038 0.950338
vt 0.535282 0.950176
vt 0.935271 0.429533
vt 0.930908 0.432399
vt 0.931003 0.425909
vt 0.014524 0.952994
vt 0.010229 0.949269
vt 0.014473 0.949107
vt 0.952890 0.219109
vt 0.957229 0.219153
vt 0.952994 0.219295
vt 0.931168 0.398843
vt 0.935507 0.398888
vt 0.931273 0.399029
vt 0.447939 0.954489
vt 0.443642 0.951385
vt 0.447877 0.951243
vt 0.939920 0.395920
vt 0.935622 0.392500
vt 0.939866 0.392338
vt 0.485597 0.932384
vt 0.481233 0.935250
vt 0.481328 0.928759
vt 0.957010 0.425940
vt 0.952669 0.425900
vt 0.956913 0.425738
vt 0.501920 0.509227
vt 0.498989 0.491525
vt 0.540415 0.529366
vt 0.435011 0.410236
vt 0.417020 0.571895
vt 0.459585 0.531480
vt 0.423193 0.571895
vt 0.637996 0.759722
vt 0.637996 0.744765
vt 0.642963 0.744705
vt 0.642963 0.759722
vt 0.417439 0.491066
vt 0.024461 0.004560
vt 0.662934 0.832973
vt 0.657919 0.832973
vt 0.657764 0.734732
vt 0.663193 0.734733
vt 0.499991 0.761162
vt 0.495025 0.761220
vt 0.495025 0.749289
vt 0.499991 0.749203
vt 0.632150 0.759722
vt 0.632150 0.744765
vt 0.637165 0.744597
vt 0.637165 0.759722
vt 0.722529 0.694479
vt 0.752842 0.760310
vt 0.752843 0.745112
vt 0.755976 0.745293
vt 0.755976 0.760310
vt 0.667084 0.556050
vt 0.898351 0.365438
vt 0.906073 0.351969
vt 0.730551 0.792170
vt 0.725585 0.792170
vt 0.725585 0.694824
vt 0.730551 0.694824
vt 0.720569 0.792170
vt 0.720569 0.694824
vt 0.390905 0.709471
vt 0.390905 0.694824
vt 0.445153 0.694824
vt 0.445153 0.709600
vt 0.685415 0.734732
vt 0.690719 0.734647
vt 0.688081 0.832973
vt 0.336656 0.719572
vt 0.336656 0.704793
vt 0.390905 0.704922
vt 0.390905 0.719572
vt 0.390905 0.756280
vt 0.336656 0.756280
vt 0.694917 0.749072
vt 0.694917 0.694824
vt 0.706623 0.694824
vt 0.706623 0.749072
vt 0.000000 0.891481
vt 0.000000 0.694824
vt 0.054249 0.694824
vt 0.108497 0.734042
vt 0.162746 0.734042
vt 0.162746 0.858580
vt 0.108497 0.858580
vt 0.445153 0.754338
vt 0.390905 0.754338
vt 0.527980 0.749072
vt 0.527980 0.694824
vt 0.564836 0.694824
vt 0.564836 0.749072
vt 0.271243 0.792758
vt 0.216994 0.792758
vt 0.216994 0.694824
vt 0.162746 0.792758
vt 0.162746 0.694824
vt 0.494023 0.749072
vt 0.494023 0.694824
vt 0.527980 0.694824
vt 0.527980 0.749072
vt 0.054249 0.891481
vt 0.739947 0.710152
vt 0.739947 0.695133
vt 0.744914 0.695133
vt 0.744914 0.710093
vt 0.631318 0.875923
vt 0.626352 0.876490
vt 0.626352 0.695040
vt 0.631318 0.694954
vt 0.608445 0.739691
vt 0.608445 0.754338
vt 0.586640 0.754338
vt 0.586640 0.739562
vt 0.564836 0.719572
vt 0.564836 0.704793
vt 0.586640 0.704922
vt 0.586640 0.719572
vt 0.314852 0.694824
vt 0.314852 0.890576
vt 0.293047 0.890576
vt 0.586640 0.756280
vt 0.564836 0.756280
vt 0.663350 0.753484
vt 0.663350 0.731679
vt 0.675056 0.731679
vt 0.675056 0.753484
vt 0.314852 0.734042
vt 0.336656 0.734042
vt 0.336656 0.858580
vt 0.314852 0.858580
vt 0.608445 0.694824
vt 0.663350 0.694824
vt 0.685154 0.694824
vt 0.685154 0.731679
vt 0.488762 0.792758
vt 0.466958 0.792758
vt 0.466958 0.694824
vt 0.488762 0.694824
vt 0.466958 0.792758
vt 0.445153 0.792758
vt 0.466958 0.694824
vt 0.108497 0.728781
vt 0.162746 0.728781
vt 0.653539 0.728781
vt 0.631734 0.728781
vt 0.631734 0.694824
vt 0.653539 0.694824
vt 0.293047 0.891481
vt 0.494193 0.761162
vt 0.489178 0.761220
vt 0.489178 0.749289
vt 0.494193 0.749203
vt 0.706623 0.694824
vt 0.711638 0.694824
vt 0.711638 0.818601
vt 0.706623 0.818601
vt 0.646512 0.734042
vt 0.649645 0.734042
vt 0.649645 0.770051
vt 0.646512 0.770051
vt 0.643379 0.734042
vt 0.646512 0.734042
vt 0.646512 0.770204
vt 0.643379 0.770204
vt 0.711638 0.694824
vt 0.716605 0.694824
vt 0.716605 0.818601
vt 0.711638 0.818601
vt 0.619674 0.707201
vt 0.764072 0.730986
vt 0.769038 0.730986
vt 0.769038 0.766995
vt 0.764072 0.766995
vt 0.759940 0.746720
vt 0.756807 0.746778
vt 0.756807 0.734846
vt 0.759940 0.734760
vt 0.739115 0.755155
vt 0.734100 0.755155
vt 0.734100 0.710152
vt 0.739115 0.710333
vt 0.016698 0.018248
vt 0.657087 0.904059
vt 0.653954 0.904103
vt 0.653954 0.707332
vt 0.657087 0.707201
vt 0.734100 0.695133
vt 0.739115 0.695133
vt 0.694501 0.875949
vt 0.691368 0.876500
vt 0.691368 0.695040
vt 0.694501 0.694954
vt 0.730552 0.694824
vt 0.733685 0.694824
vt 0.733685 0.818601
vt 0.730552 0.818601
vt 0.748878 0.710261
vt 0.748878 0.695133
vt 0.752011 0.695133
vt 0.752011 0.710093
vt 0.675056 0.731679
vt 0.680071 0.731679
vt 0.680071 0.767841
vt 0.675056 0.767841
vt 0.752011 0.755155
vt 0.748878 0.755155
vt 0.625520 0.875949
vt 0.620505 0.876490
vt 0.620505 0.695040
vt 0.625520 0.694954
vt 0.613876 0.707240
vt 0.757858 0.734377
vt 0.752843 0.734422
vt 0.752843 0.695040
vt 0.757858 0.694954
vt 0.748462 0.792170
vt 0.745329 0.792170
vt 0.745329 0.694824
vt 0.748462 0.694824
vt 0.685086 0.731679
vt 0.685086 0.767688
vt 0.680071 0.767688
vt 0.764072 0.694824
vt 0.769038 0.694824
vt 0.717021 0.734772
vt 0.720337 0.734647
vt 0.718201 0.832973
vt 0.744914 0.755155
vt 0.739947 0.755155
vt 0.648170 0.500000
vt 0.351830 0.500000
vt 0.401220 0.500000
vt 0.450610 0.500000
vt 0.500000 0.500000
vt 0.549390 0.500000
vt 0.598780 0.500000
vt 0.351830 0.697560
vt 0.680381 0.500000
vt 0.319619 0.500000
vt 0.491410 0.500000
vt 0.508590 0.500000
vt 0.525769 0.500000
vt 0.542948 0.500000
vt 0.560127 0.500000
vt 0.577306 0.500000
vt 0.594485 0.500000
vt 0.611665 0.500000
vt 0.611664 0.500000
vt 0.628844 0.500000
vt 0.646023 0.500000
vt 0.646023 0.500000
vt 0.663202 0.500000
vt 0.697560 0.697560
vt 0.302440 0.499999
vt 0.302440 0.673173
vt 0.336798 0.697496
vt 0.353977 0.697496
vt 0.371156 0.697496
vt 0.388336 0.697497
vt 0.405515 0.697497
vt 0.422694 0.697497
vt 0.439873 0.697496
vt 0.457052 0.697496
vt 0.474231 0.697496
vt 0.314852 0.728781
vt 0.336656 0.728781
vt 0.277668 0.556079
vt 0.284885 0.555811
vt 0.333162 0.555808
vt 0.667084 0.208692
vt 0.715116 0.208398
vt 0.722362 0.208608
vt 0.611002 0.556079
vt 0.618219 0.555811
vt 0.666496 0.555808
vt 0.314852 0.694824
vt 0.336656 0.694824
vt 0.108497 0.694824
vt 0.162746 0.694824
vt 0.653539 0.734042
vt 0.631734 0.734042
vt 0.488762 0.749072
vt 0.594337 1.000000
vt 0.594337 0.750000
vt 0.594337 0.500000
vt 0.594337 0.250000
vt 0.125000 0.750000
vt 0.125000 0.500000
vt 0.375000 0.500000
vt 0.375000 0.750000
vt 0.375000 1.000000
vt 0.375000 0.250000
vt 0.375000 0.000000
vt 0.594337 0.000000
vt 0.625000 0.000000
vt 0.625000 0.250000
vt 0.625000 0.500000
vt 0.625000 0.750000
vt 0.625000 1.000000
vt 0.875000 0.750000
vt 0.875000 0.500000
vt 0.417236 0.982475
vt 0.417261 0.988947
vt 0.413362 0.988977
vt 0.413335 0.982437
vt 0.983564 0.271380
vt 0.983563 0.264848
vt 0.987600 0.264894
vt 0.987594 0.271340
vt 0.983615 0.000006
vt 0.983617 0.006539
vt 0.979387 0.006542
vt 0.979387 0.000034
vt 0.846932 0.996457
vt 0.842958 0.996457
vt 0.842906 0.992368
vt 0.846932 0.992397
vt 0.618103 0.399572
vt 0.618079 0.406076
vt 0.613963 0.406042
vt 0.613937 0.399553
vt 0.919897 0.996095
vt 0.919886 0.991920
vt 0.924024 0.991932
vt 0.924043 0.996103
vt 0.614038 0.399395
vt 0.618012 0.399395
vt 0.847052 0.992316
vt 0.847052 0.996537
vt 0.842838 0.996537
vt 0.613947 0.399217
vt 0.618113 0.399235
vt 0.417135 0.989121
vt 0.984237 0.201914
vt 0.983615 0.006554
vt 0.983617 0.013087
vt 0.979387 0.013090
vt 0.979387 0.006582
vt 0.982679 0.878643
vt 0.982677 0.872111
vt 0.986722 0.875267
vt 0.653334 0.997764
vt 0.649360 0.997764
vt 0.649308 0.993674
vt 0.653334 0.993702
vt 0.618103 0.392784
vt 0.613937 0.392765
vt 0.939911 0.554037
vt 0.939911 0.549977
vt 0.614038 0.392606
vt 0.618012 0.392606
vt 0.653454 0.993623
vt 0.653454 0.997843
vt 0.649240 0.997843
vt 0.939791 0.554117
vt 0.939791 0.549896
vt 0.613947 0.392429
vt 0.618113 0.392446
vt 0.988011 0.202059
vt 0.951607 0.985882
vt 0.983615 0.019650
vt 0.983617 0.026183
vt 0.979387 0.026186
vt 0.979387 0.019678
vt 0.982631 0.338387
vt 0.982629 0.331855
vt 0.986674 0.335009
vt 0.996113 0.036881
vt 0.992139 0.036881
vt 0.992087 0.032792
vt 0.996113 0.032820
vt 0.618103 0.385995
vt 0.613937 0.385976
vt 0.762295 0.996599
vt 0.762295 0.992538
vt 0.614038 0.385818
vt 0.618012 0.385818
vt 0.996233 0.032740
vt 0.996233 0.036961
vt 0.992019 0.036961
vt 0.762175 0.996679
vt 0.762175 0.992459
vt 0.613948 0.385641
vt 0.618113 0.385658
vt 0.955380 0.986027
vt 0.816116 0.988055
vt 0.982896 0.840510
vt 0.982895 0.847043
vt 0.978666 0.847044
vt 0.978666 0.840536
vt 0.982922 0.847048
vt 0.982921 0.840515
vt 0.986966 0.843670
vt 0.997675 0.516110
vt 0.993702 0.516110
vt 0.993650 0.512021
vt 0.997675 0.512049
vt 0.618103 0.379207
vt 0.613936 0.379188
vt 0.385143 0.996504
vt 0.385143 0.992444
vt 0.614038 0.379029
vt 0.618012 0.379029
vt 0.997796 0.511970
vt 0.997796 0.516190
vt 0.993582 0.516190
vt 0.385023 0.996584
vt 0.385023 0.992364
vt 0.613947 0.378852
vt 0.618113 0.378869
vt 0.819890 0.988200
vt 0.985056 0.802822
vt 0.983413 0.743602
vt 0.983415 0.750135
vt 0.979185 0.750139
vt 0.979184 0.743631
vt 0.983447 0.180333
vt 0.983445 0.173800
vt 0.987490 0.176952
vt 0.661849 0.997764
vt 0.657875 0.997764
vt 0.657823 0.993674
vt 0.661849 0.993703
vt 0.618103 0.372418
vt 0.613937 0.372399
vt 0.389401 0.996504
vt 0.389401 0.992444
vt 0.614038 0.372241
vt 0.618012 0.372241
vt 0.661969 0.993623
vt 0.661969 0.997843
vt 0.657755 0.997843
vt 0.389281 0.996584
vt 0.389281 0.992364
vt 0.413230 0.988997
vt 0.409359 0.988977
vt 0.988830 0.802966
vt 0.613947 0.372064
vt 0.618113 0.372080
vt 0.982921 0.840496
vt 0.982922 0.833964
vt 0.986943 0.833994
vt 0.986974 0.840432
vt 0.982894 0.807767
vt 0.982896 0.814300
vt 0.978666 0.814304
vt 0.978666 0.807795
vt 0.996189 0.021508
vt 0.992053 0.021516
vt 0.992089 0.017369
vt 0.996201 0.017340
vt 0.618074 0.365576
vt 0.613963 0.365576
vt 0.992534 0.199410
vt 0.992534 0.195350
vt 0.992414 0.199490
vt 0.992414 0.195269
vt 0.446567 0.556269
vt 0.261992 0.556271
vt 0.259345 0.556269
vt 0.259345 0.519348
vt 0.261992 0.519349
vt 0.595613 0.517909
vt 0.611699 0.516401
vt 0.597042 0.500890
vt 0.135733 0.692932
vt 0.442084 0.740885
vt 0.621640 0.622151
vt 0.607970 0.622148
vt 0.607970 0.607684
vt 0.621640 0.607688
vt 0.623374 0.014467
vt 0.609705 0.014463
vt 0.609705 0.000000
vt 0.623374 0.000003
vt 0.623374 0.173597
vt 0.609705 0.173594
vt 0.609705 0.159131
vt 0.623374 0.159134
vt 0.623374 0.159131
vt 0.609704 0.159128
vt 0.609704 0.144665
vt 0.623374 0.144668
vt 0.827991 0.981553
vt 0.828021 0.988025
vt 0.824122 0.988055
vt 0.824086 0.981516
vt 0.188830 0.987533
vt 0.188828 0.981001
vt 0.192866 0.981047
vt 0.192862 0.987491
vt 0.982650 0.872107
vt 0.982655 0.878637
vt 0.978424 0.878645
vt 0.978422 0.872135
vt 0.996035 0.261716
vt 0.992062 0.261716
vt 0.992010 0.257626
vt 0.996035 0.257656
vt 0.613889 0.277381
vt 0.613865 0.283884
vt 0.609750 0.283849
vt 0.609724 0.277362
vt 0.919817 0.991927
vt 0.919824 0.996100
vt 0.915689 0.996091
vt 0.915672 0.991920
vt 0.609825 0.277203
vt 0.613798 0.277203
vt 0.996155 0.257575
vt 0.996155 0.261796
vt 0.991941 0.261796
vt 0.609732 0.273380
vt 0.613891 0.274218
vt 0.827895 0.988200
vt 0.154602 0.500054
vt 0.996035 0.248976
vt 0.992062 0.248976
vt 0.992010 0.244886
vt 0.996035 0.244914
vt 0.084585 0.982610
vt 0.084584 0.976100
vt 0.088814 0.978920
vt 0.742006 0.890563
vt 0.742006 0.894623
vt 0.737945 0.894682
vt 0.609825 0.270415
vt 0.613798 0.270415
vt 0.996155 0.244835
vt 0.996155 0.249055
vt 0.991941 0.249055
vt 0.742126 0.890483
vt 0.742126 0.894704
vt 0.609732 0.266592
vt 0.613891 0.267429
vt 0.158376 0.500199
vt 0.066673 0.574102
vt 0.607566 0.996834
vt 0.603592 0.996834
vt 0.603540 0.992744
vt 0.607566 0.992773
vt 0.978424 0.909845
vt 0.978423 0.903335
vt 0.982653 0.906155
vt 0.757010 0.221996
vt 0.757010 0.217934
vt 0.761058 0.217885
vt 0.609825 0.263626
vt 0.613798 0.263626
vt 0.607686 0.992693
vt 0.607686 0.996913
vt 0.603472 0.996913
vt 0.756890 0.222075
vt 0.756890 0.217855
vt 0.609732 0.259804
vt 0.613891 0.260642
vt 0.070447 0.574247
vt 0.066673 0.567312
vt 0.187657 0.997470
vt 0.183684 0.997470
vt 0.183632 0.993380
vt 0.187657 0.993409
vt 0.394885 0.982597
vt 0.394883 0.976087
vt 0.399113 0.978908
vt 0.977896 0.481445
vt 0.977896 0.477384
vt 0.981943 0.477335
vt 0.609825 0.256838
vt 0.613798 0.256838
vt 0.187778 0.993329
vt 0.187778 0.997550
vt 0.183564 0.997549
vt 0.977776 0.481525
vt 0.977776 0.477304
vt 0.070447 0.567457
vt 0.984652 0.192387
vt 0.555513 0.996050
vt 0.551540 0.996050
vt 0.551488 0.991960
vt 0.555513 0.991990
vt 0.982677 0.900674
vt 0.982679 0.894142
vt 0.986722 0.897295
vt 0.080327 0.982610
vt 0.080325 0.976100
vt 0.084555 0.978920
vt 0.983516 0.184481
vt 0.983516 0.180420
vt 0.987564 0.180371
vt 0.609825 0.250049
vt 0.613798 0.250049
vt 0.555634 0.991909
vt 0.555634 0.996130
vt 0.551420 0.996129
vt 0.983396 0.184561
vt 0.983396 0.180340
vt 0.309516 0.988845
vt 0.305645 0.988824
vt 0.988425 0.192532
vt 0.609742 0.249855
vt 0.613899 0.249889
vt 0.982606 0.929259
vt 0.982604 0.922727
vt 0.986627 0.922755
vt 0.986658 0.929192
vt 0.982650 0.885203
vt 0.982654 0.891733
vt 0.978424 0.891741
vt 0.978422 0.885231
vt 0.511410 0.996060
vt 0.507270 0.996065
vt 0.507305 0.991917
vt 0.511417 0.991889
vt 0.613865 0.243385
vt 0.609749 0.243384
vt 0.403528 0.994216
vt 0.403528 0.990156
vt 0.407589 0.990097
vt 0.403408 0.994296
vt 0.403408 0.990075
vt 0.243724 0.939045
vt 0.237798 0.939066
vt 0.237804 0.929978
vt 0.243739 0.929927
vt 0.098905 0.995087
vt 0.098903 0.989457
vt 0.103138 0.989459
vt 0.103136 0.995084
vt 0.992053 0.116931
vt 0.992052 0.122884
vt 0.987822 0.122889
vt 0.987824 0.116947
vt 0.833899 0.956503
vt 0.829838 0.956504
vt 0.377662 0.074169
vt 0.377679 0.068229
vt 0.386797 0.068243
vt 0.386820 0.074172
vt 0.105216 0.838270
vt 0.101010 0.838278
vt 0.101012 0.829120
vt 0.105218 0.829112
vt 0.386578 0.074306
vt 0.377898 0.074306
vt 0.829759 0.956290
vt 0.833979 0.956288
vt 0.386814 0.074443
vt 0.377653 0.074434
vt 0.237661 0.938826
vt 0.098915 0.919685
vt 0.906118 0.985820
vt 0.906119 0.991776
vt 0.901888 0.991779
vt 0.901892 0.985840
vt 0.995415 0.337509
vt 0.995417 0.343139
vt 0.991183 0.340420
vt 0.138297 0.959001
vt 0.134236 0.959002
vt 0.377662 0.080360
vt 0.386818 0.080365
vt 0.334316 0.937095
vt 0.330255 0.937095
vt 0.386578 0.080497
vt 0.377898 0.080497
vt 0.134157 0.958787
vt 0.138377 0.958786
vt 0.334396 0.937357
vt 0.330175 0.937357
vt 0.386814 0.080634
vt 0.377653 0.080625
vt 0.098772 0.928534
vt 0.295299 0.937456
vt 0.951509 0.985793
vt 0.951510 0.991749
vt 0.947279 0.991752
vt 0.947283 0.985812
vt 0.995428 0.289973
vt 0.995430 0.295603
vt 0.991196 0.292890
vt 0.070245 0.962193
vt 0.066184 0.962195
vt 0.377662 0.086551
vt 0.386818 0.086556
vt 0.833305 0.936325
vt 0.829244 0.936325
vt 0.386578 0.086689
vt 0.377898 0.086689
vt 0.066104 0.961980
vt 0.070325 0.961979
vt 0.833385 0.936588
vt 0.829165 0.936588
vt 0.237790 0.966685
vt 0.237804 0.957592
vt 0.295156 0.946304
vt 0.386813 0.086824
vt 0.377652 0.086818
vt 0.995417 0.331865
vt 0.995417 0.337493
vt 0.991186 0.337496
vt 0.991182 0.331869
vt 0.578014 0.985925
vt 0.578012 0.991881
vt 0.573782 0.991881
vt 0.573786 0.985942
vt 0.897196 0.275411
vt 0.893135 0.275413
vt 0.377672 0.092736
vt 0.386820 0.092746
vt 0.399047 0.940395
vt 0.394986 0.940395
vt 0.386578 0.092880
vt 0.377898 0.092880
vt 0.893056 0.275198
vt 0.897276 0.275197
vt 0.399127 0.940658
vt 0.394906 0.940658
vt 0.237791 0.957481
vt 0.237804 0.948387
vt 0.237661 0.966440
vt 0.386812 0.096115
vt 0.377665 0.095893
vt 0.399047 0.958807
vt 0.394986 0.958808
vt 0.991159 0.928355
vt 0.991161 0.922725
vt 0.995393 0.925466
vt 0.987823 0.102531
vt 0.987825 0.096590
vt 0.992052 0.099412
vt 0.197113 0.943523
vt 0.193052 0.943523
vt 0.192981 0.934608
vt 0.386578 0.099071
vt 0.377898 0.099071
vt 0.394906 0.958594
vt 0.399127 0.958592
vt 0.192972 0.943786
vt 0.197193 0.943786
vt 0.973370 0.639492
vt 0.973391 0.630416
vt 0.237661 0.957235
vt 0.386813 0.099207
vt 0.377658 0.099208
vt 0.995419 0.314932
vt 0.995415 0.320559
vt 0.991184 0.320558
vt 0.991184 0.314930
vt 0.612218 0.985953
vt 0.612215 0.991909
vt 0.607986 0.991910
vt 0.607989 0.985970
vt 0.399118 0.949886
vt 0.399121 0.958572
vt 0.394935 0.958517
vt 0.394912 0.949880
vt 0.377687 0.105140
vt 0.386809 0.105142
vt 0.105145 0.856444
vt 0.101084 0.856444
vt 0.101004 0.856707
vt 0.105224 0.856707
vt 0.511566 0.985809
vt 0.511595 0.991718
vt 0.507488 0.991728
vt 0.507452 0.985777
vt 0.793438 0.993741
vt 0.793434 0.988113
vt 0.797669 0.988110
vt 0.797669 0.993738
vt 0.991159 0.303311
vt 0.991160 0.309266
vt 0.986913 0.309248
vt 0.986879 0.303393
vt 0.995513 0.820520
vt 0.999282 0.820503
vt 0.999381 0.824595
vt 0.995533 0.824581
vt 0.626163 0.245691
vt 0.626175 0.239783
vt 0.630289 0.239813
vt 0.630319 0.245723
vt 0.993525 0.576246
vt 0.993512 0.572073
vt 0.997655 0.572081
vt 0.997668 0.576254
vt 0.630218 0.245870
vt 0.626244 0.245870
vt 0.793522 0.987959
vt 0.797583 0.987958
vt 0.999431 0.820423
vt 0.630309 0.249361
vt 0.626153 0.248585
vt 0.511495 0.991866
vt 0.990384 0.985789
vt 0.134157 0.995327
vt 0.137925 0.995310
vt 0.138024 0.999402
vt 0.134177 0.999388
vt 0.968757 0.985375
vt 0.968791 0.991230
vt 0.964511 0.988740
vt 0.997675 0.482506
vt 0.997675 0.486568
vt 0.993623 0.486620
vt 0.993702 0.482506
vt 0.630218 0.252062
vt 0.626244 0.252062
vt 0.989874 0.660117
vt 0.994107 0.659388
vt 0.994022 0.662724
vt 0.989960 0.662724
vt 0.138074 0.995230
vt 0.997796 0.482427
vt 0.997796 0.486647
vt 0.993582 0.482427
vt 0.630310 0.255554
vt 0.626152 0.254790
vt 0.986377 0.985651
vt 0.526818 0.991728
vt 0.995449 0.929588
vt 0.999218 0.929571
vt 0.999316 0.933663
vt 0.995469 0.933649
vt 0.986961 0.871498
vt 0.986927 0.865643
vt 0.991207 0.868150
vt 0.997533 0.566213
vt 0.997533 0.570274
vt 0.993481 0.570326
vt 0.993560 0.566213
vt 0.630218 0.258253
vt 0.626244 0.258253
vt 0.884246 0.990469
vt 0.880013 0.991170
vt 0.880099 0.987866
vt 0.884160 0.987865
vt 0.999366 0.929491
vt 0.997653 0.566134
vt 0.997653 0.570354
vt 0.993440 0.566134
vt 0.630310 0.261735
vt 0.626149 0.261270
vt 0.530825 0.991866
vt 0.987892 0.083686
vt 0.995433 0.882969
vt 0.999202 0.882952
vt 0.999300 0.887044
vt 0.995453 0.887029
vt 0.991073 0.935490
vt 0.991107 0.941345
vt 0.986826 0.938825
vt 0.703018 0.992540
vt 0.703018 0.996601
vt 0.698966 0.996653
vt 0.630218 0.264444
vt 0.626244 0.264444
vt 0.989961 0.680089
vt 0.989873 0.677215
vt 0.994107 0.677054
vt 0.994022 0.680089
vt 0.999351 0.882871
vt 0.703138 0.992461
vt 0.703138 0.996681
vt 0.630310 0.267937
vt 0.626152 0.267173
vt 0.991899 0.083824
vt 0.991213 0.851240
vt 0.995513 0.855420
vt 0.999282 0.855403
vt 0.999381 0.859495
vt 0.995533 0.859481
vt 0.987008 0.354111
vt 0.986976 0.348259
vt 0.991256 0.350766
vt 0.993702 0.503449
vt 0.993702 0.499389
vt 0.997767 0.499327
vt 0.630218 0.270636
vt 0.626244 0.270636
vt 0.801927 0.990562
vt 0.797694 0.991264
vt 0.797780 0.987959
vt 0.801841 0.987958
vt 0.999431 0.855322
vt 0.993582 0.503529
vt 0.993582 0.499308
vt 0.991978 0.025718
vt 0.987893 0.025698
vt 0.987206 0.851102
vt 0.630298 0.270814
vt 0.626144 0.270783
vt 0.994106 0.703813
vt 0.994082 0.709488
vt 0.989896 0.709481
vt 0.989872 0.703818
vt 0.991207 0.878659
vt 0.991208 0.884614
vt 0.986961 0.884596
vt 0.986927 0.878741
vt 0.995513 0.851199
vt 0.999400 0.851118
vt 0.999381 0.855274
vt 0.995533 0.855259
vt 0.626174 0.276707
vt 0.630302 0.276709
vt 0.993702 0.490788
vt 0.993702 0.486727
vt 0.997754 0.486675
vt 0.993582 0.490867
vt 0.993582 0.486647
vt 0.417236 0.982475
vt 0.417261 0.988947
vt 0.413362 0.988977
vt 0.413327 0.982437
vt 0.983564 0.271380
vt 0.987600 0.264894
vt 0.987594 0.271340
vt 0.983615 0.000006
vt 0.983619 0.006536
vt 0.979388 0.006544
vt 0.979387 0.000034
vt 0.842906 0.992368
vt 0.618103 0.399572
vt 0.613964 0.406041
vt 0.613937 0.399553
vt 0.919886 0.991920
vt 0.924025 0.991931
vt 0.924042 0.996102
vt 0.984237 0.201914
vt 0.649308 0.993674
vt 0.982679 0.878643
vt 0.982677 0.872111
vt 0.986722 0.875268
vt 0.979388 0.013092
vt 0.979387 0.006582
vt 0.983617 0.009399
vt 0.943972 0.549918
vt 0.955509 0.985867
vt 0.951607 0.985882
vt 0.613946 0.388780
vt 0.618100 0.389305
vt 0.992087 0.032792
vt 0.986655 0.331887
vt 0.986669 0.338338
vt 0.982628 0.335205
vt 0.979388 0.026188
vt 0.979387 0.019678
vt 0.983617 0.022495
vt 0.766343 0.992489
vt 0.816116 0.988055
vt 0.993650 0.512021
vt 0.982922 0.847048
vt 0.986966 0.843670
vt 0.978667 0.847046
vt 0.978666 0.840536
vt 0.982896 0.843356
vt 0.389191 0.992394
vt 0.613946 0.375204
vt 0.618104 0.375395
vt 0.985057 0.802822
vt 0.657823 0.993674
vt 0.979186 0.750141
vt 0.979184 0.743631
vt 0.983414 0.746448
vt 0.393449 0.992394
vt 0.413230 0.988997
vt 0.613956 0.372046
vt 0.618113 0.372080
vt 0.982921 0.840496
vt 0.986943 0.833994
vt 0.986974 0.840432
vt 0.982898 0.814298
vt 0.978667 0.814306
vt 0.978666 0.807795
vt 0.996189 0.021508
vt 0.992053 0.021516
vt 0.992089 0.017369
vt 0.618074 0.365576
vt 0.613963 0.365576
vt 0.996595 0.195291
vt 0.595612 0.517909
vt 0.611699 0.516401
vt 0.597042 0.500895
vt 0.827996 0.981553
vt 0.828020 0.988026
vt 0.824121 0.988055
vt 0.824095 0.981516
vt 0.188830 0.987533
vt 0.188828 0.981001
vt 0.192866 0.981047
vt 0.192860 0.987493
vt 0.982650 0.872107
vt 0.982653 0.878640
vt 0.978422 0.878643
vt 0.992010 0.257626
vt 0.613889 0.277380
vt 0.613865 0.283885
vt 0.609749 0.283850
vt 0.609724 0.277362
vt 0.919817 0.991927
vt 0.919828 0.996102
vt 0.915690 0.996091
vt 0.915671 0.991919
vt 0.609733 0.277026
vt 0.613899 0.277043
vt 0.154602 0.500054
vt 0.088812 0.976072
vt 0.088814 0.982605
vt 0.084584 0.982608
vt 0.084584 0.976100
vt 0.982922 0.833950
vt 0.982921 0.827417
vt 0.986966 0.830574
vt 0.992010 0.244886
vt 0.613889 0.270592
vt 0.609724 0.270573
vt 0.609733 0.270237
vt 0.613900 0.270254
vt 0.066673 0.574102
vt 0.982651 0.903307
vt 0.982653 0.909840
vt 0.978423 0.909844
vt 0.978422 0.903335
vt 0.982921 0.820849
vt 0.982922 0.814317
vt 0.986966 0.817474
vt 0.603540 0.992744
vt 0.613889 0.263803
vt 0.609724 0.263785
vt 0.609733 0.263449
vt 0.613899 0.263466
vt 0.066673 0.567312
vt 0.399112 0.976059
vt 0.399114 0.982592
vt 0.394884 0.982596
vt 0.982631 0.324826
vt 0.982629 0.318294
vt 0.986674 0.321449
vt 0.183632 0.993380
vt 0.613889 0.257015
vt 0.609724 0.256996
vt 0.609733 0.256660
vt 0.613900 0.256677
vt 0.984652 0.192387
vt 0.084553 0.976072
vt 0.084556 0.982605
vt 0.080326 0.982608
vt 0.080325 0.976100
vt 0.982677 0.900674
vt 0.982679 0.894142
vt 0.986722 0.897295
vt 0.551488 0.991960
vt 0.613888 0.250226
vt 0.609724 0.250208
vt 0.309516 0.988845
vt 0.305645 0.988824
vt 0.609733 0.249872
vt 0.613899 0.249889
vt 0.982606 0.929259
vt 0.982605 0.922727
vt 0.986658 0.929192
vt 0.982650 0.885203
vt 0.982653 0.891736
vt 0.978422 0.891740
vt 0.978422 0.885231
vt 0.511410 0.996060
vt 0.507270 0.996065
vt 0.507305 0.991917
vt 0.613865 0.243385
vt 0.609749 0.243384
vt 0.243723 0.939050
vt 0.237796 0.939065
vt 0.237804 0.929978
vt 0.243739 0.929927
vt 0.098903 0.995085
vt 0.098905 0.989455
vt 0.103136 0.989456
vt 0.103138 0.995082
vt 0.992050 0.116928
vt 0.992054 0.122881
vt 0.987822 0.122889
vt 0.987824 0.116947
vt 0.377663 0.074170
vt 0.377678 0.068231
vt 0.386802 0.068244
vt 0.386818 0.074173
vt 0.105216 0.838270
vt 0.101009 0.838281
vt 0.101012 0.829120
vt 0.105219 0.829110
vt 0.386814 0.074442
vt 0.377652 0.074435
vt 0.098915 0.919685
vt 0.906118 0.985820
vt 0.906119 0.991776
vt 0.901888 0.991779
vt 0.901892 0.985840
vt 0.995417 0.337511
vt 0.995415 0.343141
vt 0.991183 0.340429
vt 0.377663 0.080361
vt 0.386818 0.080365
vt 0.386814 0.080634
vt 0.377652 0.080627
vt 0.295298 0.937456
vt 0.951509 0.985792
vt 0.951511 0.991749
vt 0.947279 0.991752
vt 0.947283 0.985812
vt 0.995430 0.289975
vt 0.995428 0.295605
vt 0.991196 0.292881
vt 0.377663 0.086553
vt 0.386818 0.086556
vt 0.237790 0.966685
vt 0.237804 0.957592
vt 0.386824 0.086818
vt 0.377664 0.086824
vt 0.995415 0.331863
vt 0.995419 0.337490
vt 0.991186 0.337496
vt 0.991182 0.331869
vt 0.578012 0.985922
vt 0.578013 0.991879
vt 0.573782 0.991882
vt 0.573786 0.985942
vt 0.386805 0.092738
vt 0.377657 0.092744
vt 0.237791 0.957482
vt 0.237804 0.948387
vt 0.386812 0.096104
vt 0.377665 0.095881
vt 0.991159 0.928355
vt 0.991161 0.922725
vt 0.995393 0.925455
vt 0.987822 0.102531
vt 0.987825 0.096590
vt 0.992052 0.099424
vt 0.192981 0.934608
vt 0.973370 0.639492
vt 0.973392 0.630416
vt 0.386814 0.099208
vt 0.377658 0.099208
vt 0.995419 0.314931
vt 0.995415 0.320559
vt 0.991184 0.320557
vt 0.991184 0.314930
vt 0.612215 0.985950
vt 0.612217 0.991907
vt 0.607986 0.991910
vt 0.607989 0.985970
vt 0.399118 0.949886
vt 0.399120 0.958569
vt 0.394935 0.958517
vt 0.394912 0.949880
vt 0.377687 0.105140
vt 0.386804 0.105144
vt 0.511571 0.985810
vt 0.511594 0.991719
vt 0.507488 0.991728
vt 0.507452 0.985777
vt 0.793436 0.993738
vt 0.793436 0.988110
vt 0.797668 0.988108
vt 0.797671 0.993735
vt 0.991157 0.303308
vt 0.991162 0.309264
vt 0.986913 0.309248
vt 0.986879 0.303392
vt 0.626164 0.245691
vt 0.626173 0.239783
vt 0.630294 0.239814
vt 0.630318 0.245724
vt 0.993519 0.576250
vt 0.993509 0.572070
vt 0.997655 0.572081
vt 0.997672 0.576257
vt 0.630310 0.249363
vt 0.626149 0.248895
vt 0.990384 0.985790
vt 0.138024 0.999402
vt 0.968757 0.985375
vt 0.968791 0.991230
vt 0.964511 0.988723
vt 0.993623 0.486620
vt 0.989873 0.659858
vt 0.994107 0.659698
vt 0.630310 0.255542
vt 0.626149 0.255076
vt 0.526818 0.991728
vt 0.999316 0.933663
vt 0.986961 0.871498
vt 0.991207 0.868163
vt 0.993481 0.570326
vt 0.884247 0.990744
vt 0.880013 0.990902
vt 0.630313 0.261445
vt 0.626153 0.261564
vt 0.987892 0.083685
vt 0.999300 0.887044
vt 0.991073 0.935491
vt 0.991107 0.941345
vt 0.986827 0.938537
vt 0.989874 0.676943
vt 0.994107 0.677332
vt 0.630310 0.267927
vt 0.626152 0.267163
vt 0.991213 0.851240
vt 0.999380 0.859495
vt 0.987008 0.354111
vt 0.986976 0.348259
vt 0.991256 0.350776
vt 0.997767 0.499327
vt 0.801927 0.990572
vt 0.797694 0.991274
vt 0.991978 0.025718
vt 0.987893 0.025698
vt 0.630299 0.270815
vt 0.626144 0.270783
vt 0.994106 0.703813
vt 0.994082 0.709488
vt 0.989896 0.709481
vt 0.989872 0.703818
vt 0.991205 0.878657
vt 0.991209 0.884612
vt 0.986961 0.884596
vt 0.986927 0.878741
vt 0.999395 0.851121
vt 0.999381 0.855274
vt 0.626174 0.276707
vt 0.630296 0.276710
vt 0.997754 0.486675
vt 0.417236 0.982475
vt 0.417260 0.988947
vt 0.413362 0.988977
vt 0.413327 0.982437
vt 0.983563 0.271378
vt 0.983564 0.264846
vt 0.987600 0.264894
vt 0.983615 0.000006
vt 0.983619 0.006536
vt 0.979388 0.006544
vt 0.979387 0.000034
vt 0.842906 0.992368
vt 0.618102 0.399572
vt 0.618080 0.406076
vt 0.613964 0.406041
vt 0.613938 0.399553
vt 0.919897 0.996095
vt 0.924042 0.996102
vt 0.618104 0.396410
vt 0.649308 0.993674
vt 0.979387 0.006582
vt 0.983617 0.009399
vt 0.613946 0.388780
vt 0.618104 0.389631
vt 0.992087 0.032792
vt 0.979387 0.019678
vt 0.983617 0.022495
vt 0.766343 0.992489
vt 0.816116 0.988055
vt 0.982896 0.843356
vt 0.389191 0.992394
vt 0.613946 0.375204
vt 0.618104 0.375395
vt 0.985056 0.802822
vt 0.979184 0.743631
vt 0.613956 0.372046
vt 0.982898 0.814298
vt 0.996189 0.021508
vt 0.992053 0.021516
vt 0.992089 0.017369
vt 0.996201 0.017340
vt 0.618074 0.365576
vt 0.613963 0.365576
vt 0.597042 0.516397
vt 0.611700 0.516401
vt 0.594252 0.519348
vt 0.595688 0.483946
vt 0.827996 0.981554
vt 0.828020 0.988025
vt 0.824122 0.988055
vt 0.824086 0.981516
vt 0.188830 0.987533
vt 0.188828 0.981001
vt 0.192866 0.981047
vt 0.192860 0.987493
vt 0.982650 0.872107
vt 0.982654 0.878637
vt 0.978423 0.878645
vt 0.978422 0.872135
vt 0.613865 0.283885
vt 0.609750 0.283850
vt 0.915689 0.996091
vt 0.609732 0.273377
vt 0.613891 0.274221
vt 0.154602 0.500054
vt 0.992010 0.244886
vt 0.084585 0.982610
vt 0.088814 0.978917
vt 0.737945 0.894682
vt 0.609732 0.266589
vt 0.613891 0.267432
vt 0.603540 0.992744
vt 0.978424 0.909845
vt 0.982653 0.906152
vt 0.761058 0.217885
vt 0.609732 0.259801
vt 0.613891 0.260645
vt 0.066673 0.567312
vt 0.394885 0.982597
vt 0.394883 0.976087
vt 0.399113 0.978905
vt 0.981943 0.477335
vt 0.982677 0.900674
vt 0.982679 0.894142
vt 0.986722 0.897297
vt 0.080327 0.982610
vt 0.080325 0.976100
vt 0.084555 0.978917
vt 0.987564 0.180371
vt 0.309516 0.988844
vt 0.609743 0.249855
vt 0.613899 0.249889
vt 0.982606 0.929259
vt 0.986627 0.922755
vt 0.986658 0.929192
vt 0.982654 0.891734
vt 0.978424 0.891741
vt 0.978422 0.885231
vt 0.507305 0.991917
vt 0.511417 0.991889
vt 0.613865 0.243385
vt 0.609749 0.243384
vt 0.407589 0.990097
vt 0.237796 0.939065
vt 0.237804 0.929978
vt 0.243739 0.929927
vt 0.098903 0.995085
vt 0.098905 0.989455
vt 0.103136 0.989456
vt 0.103138 0.995081
vt 0.992053 0.116931
vt 0.992052 0.122884
vt 0.987822 0.122889
vt 0.987824 0.116947
vt 0.377663 0.074170
vt 0.386820 0.074172
vt 0.386814 0.074442
vt 0.377653 0.074434
vt 0.098915 0.919685
vt 0.906118 0.985820
vt 0.906119 0.991776
vt 0.901892 0.985840
vt 0.995415 0.337509
vt 0.991183 0.340423
vt 0.377653 0.080626
vt 0.295299 0.937456
vt 0.951511 0.991749
vt 0.947279 0.991752
vt 0.947283 0.985812
vt 0.995428 0.289973
vt 0.991196 0.292887
vt 0.386818 0.086556
vt 0.237790 0.966685
vt 0.237804 0.957592
vt 0.386814 0.086825
vt 0.377652 0.086818
vt 0.995417 0.331865
vt 0.995417 0.337493
vt 0.578012 0.985922
vt 0.573782 0.991882
vt 0.377672 0.092736
vt 0.386818 0.092747
vt 0.237790 0.957480
vt 0.237804 0.948387
vt 0.386812 0.096104
vt 0.377665 0.095885
vt 0.991161 0.928357
vt 0.991159 0.922727
vt 0.995393 0.925458
vt 0.987823 0.102531
vt 0.987825 0.096590
vt 0.992052 0.099424
vt 0.973372 0.639497
vt 0.973392 0.630416
vt 0.386813 0.099207
vt 0.377659 0.099206
vt 0.995417 0.314929
vt 0.995417 0.320556
vt 0.991182 0.320555
vt 0.991186 0.314927
vt 0.612218 0.985954
vt 0.607989 0.985970
vt 0.399119 0.949883
vt 0.399121 0.958572
vt 0.394935 0.958517
vt 0.394911 0.949878
vt 0.377681 0.105139
vt 0.386809 0.105142
vt 0.511571 0.985810
vt 0.511594 0.991718
vt 0.507488 0.991728
vt 0.507452 0.985777
vt 0.793438 0.993741
vt 0.793434 0.988113
vt 0.797668 0.988108
vt 0.797671 0.993735
vt 0.986913 0.309248
vt 0.986879 0.303393
vt 0.999380 0.824595
vt 0.626163 0.245691
vt 0.626175 0.239783
vt 0.993509 0.572070
vt 0.630310 0.249356
vt 0.626152 0.248594
vt 0.990384 0.985789
vt 0.138024 0.999402
vt 0.968757 0.985375
vt 0.968791 0.991230
vt 0.964511 0.988716
vt 0.993623 0.486620
vt 0.989874 0.660117
vt 0.994107 0.659414
vt 0.630310 0.255544
vt 0.626152 0.254785
vt 0.526818 0.991728
vt 0.986961 0.871498
vt 0.986927 0.865643
vt 0.991207 0.868161
vt 0.884246 0.990473
vt 0.880013 0.991175
vt 0.630310 0.261745
vt 0.626149 0.261278
vt 0.987892 0.083686
vt 0.999300 0.887044
vt 0.991072 0.935490
vt 0.986827 0.938837
vt 0.698966 0.996654
vt 0.989873 0.677225
vt 0.994107 0.677064
vt 0.630310 0.267927
vt 0.626152 0.267168
vt 0.991213 0.851240
vt 0.999380 0.859494
vt 0.986976 0.348259
vt 0.991256 0.350776
vt 0.997767 0.499327
vt 0.801927 0.990569
vt 0.797694 0.991269
vt 0.991984 0.025717
vt 0.987893 0.025698
vt 0.630299 0.270815
vt 0.626144 0.270783
vt 0.994106 0.703813
vt 0.994082 0.709488
vt 0.989891 0.709474
vt 0.989874 0.703816
vt 0.991205 0.878657
vt 0.986961 0.884596
vt 0.986927 0.878741
vt 0.999395 0.851121
vt 0.626174 0.276707
vt 0.413362 0.988976
vt 0.987600 0.264894
vt 0.987594 0.271340
vt 0.983615 0.000006
vt 0.983619 0.006536
vt 0.979387 0.000034
vt 0.842906 0.992368
vt 0.613964 0.406041
vt 0.613946 0.395569
vt 0.618104 0.396413
vt 0.984237 0.201914
vt 0.649308 0.993674
vt 0.979388 0.013092
vt 0.979387 0.006582
vt 0.983617 0.009399
vt 0.943972 0.549918
vt 0.613946 0.388780
vt 0.618104 0.389625
vt 0.951607 0.985882
vt 0.992087 0.032792
vt 0.979388 0.026188
vt 0.979387 0.019678
vt 0.983617 0.022495
vt 0.613945 0.381992
vt 0.618104 0.382836
vt 0.993650 0.512021
vt 0.978667 0.847046
vt 0.978666 0.840536
vt 0.982896 0.843356
vt 0.613946 0.375203
vt 0.618104 0.375394
vt 0.985056 0.802822
vt 0.979186 0.750141
vt 0.979184 0.743630
vt 0.983414 0.746448
vt 0.413230 0.988997
vt 0.409359 0.988976
vt 0.613956 0.372047
vt 0.982922 0.833964
vt 0.982894 0.807767
vt 0.978667 0.814306
vt 0.978666 0.807795
vt 0.992089 0.017369
vt 0.618074 0.365576
vt 0.613963 0.365576
vt 0.595688 0.483946
vt 0.827991 0.981553
vt 0.824122 0.988055
vt 0.824086 0.981516
vt 0.188828 0.981001
vt 0.192866 0.981047
vt 0.192862 0.987491
vt 0.982650 0.872107
vt 0.978424 0.878645
vt 0.992010 0.257626
vt 0.613865 0.283884
vt 0.609750 0.283849
vt 0.919817 0.991927
vt 0.919824 0.996100
vt 0.915689 0.996091
vt 0.915672 0.991920
vt 0.609732 0.273380
vt 0.154602 0.500054
vt 0.992010 0.244886
vt 0.084585 0.982610
vt 0.084584 0.976100
vt 0.088814 0.978920
vt 0.066673 0.574102
vt 0.603540 0.992744
vt 0.978424 0.909845
vt 0.978422 0.903335
vt 0.982653 0.906156
vt 0.761058 0.217885
vt 0.609732 0.259804
vt 0.183632 0.993380
vt 0.394885 0.982597
vt 0.399113 0.978908
vt 0.984652 0.192387
vt 0.551488 0.991960
vt 0.982677 0.900674
vt 0.986722 0.897295
vt 0.080327 0.982610
vt 0.080325 0.976100
vt 0.084555 0.978920
vt 0.309516 0.988845
vt 0.305645 0.988824
vt 0.609742 0.249855
vt 0.986627 0.922755
vt 0.986658 0.929192
vt 0.982650 0.885203
vt 0.978424 0.891741
vt 0.978422 0.885231
vt 0.507270 0.996065
vt 0.613865 0.243385
vt 0.407589 0.990097
vt 0.243723 0.939050
vt 0.237796 0.939065
vt 0.237804 0.929978
vt 0.243739 0.929927
vt 0.098903 0.995085
vt 0.098905 0.989455
vt 0.103136 0.989456
vt 0.103138 0.995082
vt 0.992053 0.116931
vt 0.992052 0.122884
vt 0.987822 0.122889
vt 0.987824 0.116948
vt 0.377678 0.068230
vt 0.386797 0.068242
vt 0.386820 0.074171
vt 0.105216 0.838270
vt 0.101009 0.838280
vt 0.101012 0.829120
vt 0.098900 0.928778
vt 0.098915 0.919685
vt 0.386814 0.074443
vt 0.995419 0.343136
vt 0.991186 0.343142
vt 0.991182 0.337515
vt 0.906118 0.985820
vt 0.901888 0.991779
vt 0.377670 0.080352
vt 0.386818 0.080365
vt 0.386814 0.080634
vt 0.377653 0.080625
vt 0.951511 0.991749
vt 0.995428 0.289973
vt 0.991196 0.292893
vt 0.377662 0.086551
vt 0.386818 0.086556
vt 0.237790 0.966685
vt 0.386814 0.086825
vt 0.991186 0.337496
vt 0.991182 0.331869
vt 0.578012 0.985922
vt 0.578013 0.991879
vt 0.573786 0.985942
vt 0.377672 0.092736
vt 0.386818 0.092747
vt 0.237790 0.957480
vt 0.386812 0.096115
vt 0.377665 0.095891
vt 0.991161 0.928357
vt 0.991159 0.922727
vt 0.995393 0.925463
vt 0.987825 0.096590
vt 0.992052 0.099412
vt 0.973372 0.639497
vt 0.973391 0.630416
vt 0.386813 0.099207
vt 0.377659 0.099206
vt 0.995417 0.320557
vt 0.991182 0.320555
vt 0.991186 0.314927
vt 0.612215 0.991909
vt 0.607989 0.985970
vt 0.399119 0.949883
vt 0.399121 0.958572
vt 0.377681 0.105139
vt 0.386809 0.105142
vt 0.511571 0.985810
vt 0.511587 0.991706
vt 0.507488 0.991728
vt 0.507452 0.985777
vt 0.793438 0.993741
vt 0.793436 0.988111
vt 0.797669 0.988110
vt 0.797671 0.993735
vt 0.991157 0.303308
vt 0.991162 0.309264
vt 0.986913 0.309248
vt 0.626154 0.245706
vt 0.626175 0.239783
vt 0.630294 0.239814
vt 0.630318 0.245724
vt 0.993525 0.576246
vt 0.993509 0.572070
vt 0.997655 0.572081
vt 0.630310 0.249352
vt 0.626152 0.248589
vt 0.990384 0.985789
vt 0.968791 0.991230
vt 0.964511 0.988712
vt 0.989874 0.660114
vt 0.994107 0.659409
vt 0.626149 0.255087
vt 0.526818 0.991728
vt 0.999316 0.933663
vt 0.884247 0.990731
vt 0.880013 0.990892
vt 0.630310 0.261735
vt 0.626149 0.261270
vt 0.987892 0.083686
vt 0.991073 0.935490
vt 0.986826 0.938825
vt 0.698966 0.996654
vt 0.989873 0.677212
vt 0.994107 0.677054
vt 0.987008 0.354111
vt 0.991256 0.350766
vt 0.997767 0.499327
vt 0.801927 0.990562
vt 0.797694 0.991264
vt 0.991978 0.025718
vt 0.987894 0.025698
vt 0.630299 0.270815
vt 0.626144 0.270783
vt 0.994082 0.709488
vt 0.991205 0.878657
vt 0.991209 0.884612
vt 0.986961 0.884596
vt 0.986927 0.878741
vt 0.999395 0.851121
vt 0.999381 0.855274
vt 0.626174 0.276707
vt 0.630296 0.276710
vt 0.997754 0.486675
vt 0.417261 0.988947
vt 0.413327 0.982437
vt 0.987600 0.264894
vt 0.983615 0.000006
vt 0.979388 0.006544
vt 0.979387 0.000034
vt 0.618104 0.396413
vt 0.979388 0.013092
vt 0.979387 0.006582
vt 0.983617 0.009399
vt 0.951607 0.985882
vt 0.613946 0.388780
vt 0.992087 0.032792
vt 0.986655 0.331887
vt 0.986669 0.338338
vt 0.979388 0.026188
vt 0.979387 0.019678
vt 0.983617 0.022495
vt 0.816116 0.988055
vt 0.986966 0.843670
vt 0.618104 0.375395
vt 0.985056 0.802822
vt 0.986974 0.840432
vt 0.996189 0.021508
vt 0.992089 0.017369
vt 0.996201 0.017340
vt 0.613963 0.365576
vt 0.996595 0.195291
vt 0.611699 0.516401
vt 0.827996 0.981553
vt 0.828020 0.988026
vt 0.824095 0.981516
vt 0.192866 0.981047
vt 0.192860 0.987493
vt 0.978422 0.878643
vt 0.613865 0.283885
vt 0.915690 0.996091
vt 0.609733 0.277026
vt 0.084584 0.982608
vt 0.084584 0.976100
vt 0.982922 0.833950
vt 0.986966 0.830573
vt 0.609724 0.270573
vt 0.978423 0.909844
vt 0.982922 0.814317
vt 0.986966 0.817474
vt 0.399111 0.976059
vt 0.982631 0.324826
vt 0.613889 0.257015
vt 0.609724 0.256996
vt 0.609733 0.256660
vt 0.084553 0.976072
vt 0.084556 0.982605
vt 0.080325 0.976100
vt 0.982679 0.894142
vt 0.986722 0.897296
vt 0.309516 0.988845
vt 0.986658 0.929192
vt 0.609749 0.243384
vt 0.243723 0.939050
vt 0.237796 0.939065
vt 0.243739 0.929927
vt 0.098905 0.989455
vt 0.103136 0.989456
vt 0.992052 0.122884
vt 0.987824 0.116947
vt 0.377663 0.074170
vt 0.386797 0.068243
vt 0.386820 0.074172
vt 0.105216 0.838270
vt 0.098907 0.928772
vt 0.386814 0.074442
vt 0.377659 0.074441
vt 0.995417 0.337511
vt 0.991184 0.343140
vt 0.991184 0.337512
vt 0.906118 0.985820
vt 0.906119 0.991776
vt 0.377662 0.080360
vt 0.386818 0.080365
vt 0.295298 0.937456
vt 0.951509 0.985792
vt 0.947283 0.985812
vt 0.995430 0.295603
vt 0.377662 0.086552
vt 0.237790 0.966685
vt 0.237804 0.957592
vt 0.386814 0.086825
vt 0.377652 0.086818
vt 0.991186 0.337496
vt 0.991182 0.331869
vt 0.578012 0.985922
vt 0.578013 0.991879
vt 0.237790 0.957480
vt 0.237804 0.948387
vt 0.386812 0.096103
vt 0.377665 0.095879
vt 0.991161 0.928357
vt 0.991159 0.922727
vt 0.995393 0.925452
vt 0.987825 0.096590
vt 0.992052 0.099425
vt 0.192981 0.934608
vt 0.386813 0.099207
vt 0.377658 0.099208
vt 0.612218 0.985954
vt 0.612215 0.991909
vt 0.386809 0.105142
vt 0.511587 0.991706
vt 0.507488 0.991728
vt 0.793436 0.988111
vt 0.797669 0.988110
vt 0.797671 0.993735
vt 0.991157 0.303308
vt 0.991162 0.309263
vt 0.986913 0.309248
vt 0.986879 0.303393
vt 0.999380 0.824595
vt 0.626154 0.245707
vt 0.626175 0.239783
vt 0.630294 0.239814
vt 0.630318 0.245724
vt 0.993525 0.576246
vt 0.993509 0.572070
vt 0.997655 0.572081
vt 0.997672 0.576257
vt 0.630310 0.249361
vt 0.626157 0.248884
vt 0.990384 0.985790
vt 0.138024 0.999402
vt 0.968757 0.985375
vt 0.968791 0.991230
vt 0.964511 0.988721
vt 0.993623 0.486620
vt 0.989875 0.659842
vt 0.994108 0.659687
vt 0.630310 0.255542
vt 0.626149 0.255076
vt 0.999316 0.933663
vt 0.986961 0.871498
vt 0.986927 0.865643
vt 0.991207 0.868162
vt 0.993481 0.570326
vt 0.884247 0.990744
vt 0.880013 0.990902
vt 0.630310 0.261743
vt 0.999301 0.887044
vt 0.991107 0.941345
vt 0.986826 0.938833
vt 0.698966 0.996654
vt 0.989874 0.676941
vt 0.630310 0.267925
vt 0.626152 0.267161
vt 0.999380 0.859495
vt 0.986976 0.348259
vt 0.991256 0.350778
vt 0.801927 0.990574
vt 0.797694 0.991275
vt 0.991978 0.025718
vt 0.987893 0.025698
vt 0.630299 0.270815
vt 0.626143 0.270784
vt 0.994108 0.703815
vt 0.994077 0.709495
vt 0.989896 0.709481
vt 0.991205 0.878657
vt 0.991209 0.884612
vt 0.986927 0.878741
vt 0.999395 0.851121
vt 0.626180 0.276708
vt 0.997754 0.486675
vt 0.417236 0.982475
vt 0.417261 0.988947
vt 0.413362 0.988977
vt 0.983563 0.271378
vt 0.983564 0.264846
vt 0.987600 0.264894
vt 0.987594 0.271340
vt 0.983615 0.000006
vt 0.983618 0.006539
vt 0.979387 0.006542
vt 0.979387 0.000034
vt 0.842906 0.992368
vt 0.618102 0.399572
vt 0.618080 0.406076
vt 0.613963 0.406042
vt 0.919897 0.996095
vt 0.613947 0.399217
vt 0.618112 0.399235
vt 0.984237 0.201914
vt 0.983615 0.006554
vt 0.983618 0.013087
vt 0.979387 0.013090
vt 0.979387 0.006582
vt 0.982679 0.878643
vt 0.982677 0.872111
vt 0.986722 0.875268
vt 0.618103 0.392784
vt 0.613937 0.392765
vt 0.613947 0.392429
vt 0.618112 0.392446
vt 0.983615 0.019650
vt 0.983617 0.026183
vt 0.979387 0.026186
vt 0.979387 0.019678
vt 0.982631 0.338387
vt 0.982629 0.331855
vt 0.986674 0.335009
vt 0.992087 0.032792
vt 0.618103 0.385995
vt 0.613937 0.385976
vt 0.613948 0.385641
vt 0.618112 0.385658
vt 0.816116 0.988055
vt 0.982896 0.840510
vt 0.982895 0.847043
vt 0.978666 0.847044
vt 0.982922 0.847048
vt 0.982920 0.840515
vt 0.986966 0.843670
vt 0.993650 0.512021
vt 0.618103 0.379207
vt 0.613936 0.379188
vt 0.613947 0.378852
vt 0.618113 0.378869
vt 0.985056 0.802822
vt 0.983413 0.743602
vt 0.979185 0.750139
vt 0.983445 0.173800
vt 0.987490 0.176951
vt 0.657823 0.993674
vt 0.618103 0.372418
vt 0.613937 0.372400
vt 0.413230 0.988997
vt 0.613947 0.372064
vt 0.618113 0.372080
vt 0.986974 0.840432
vt 0.978666 0.807795
vt 0.996189 0.021508
vt 0.992053 0.021516
vt 0.992089 0.017369
vt 0.996201 0.017340
vt 0.618074 0.365576
vt 0.613962 0.365576
vt 0.446567 0.556269
vt 0.446567 0.519348
vt 0.595687 0.517830
vt 0.827979 0.981535
vt 0.828021 0.988025
vt 0.824080 0.981532
vt 0.188830 0.987533
vt 0.188828 0.981001
vt 0.192866 0.981047
vt 0.192858 0.987496
vt 0.982652 0.872110
vt 0.982653 0.878640
vt 0.978422 0.872135
vt 0.613890 0.277380
vt 0.613874 0.283867
vt 0.609764 0.283868
vt 0.609723 0.277362
vt 0.915689 0.991931
vt 0.919824 0.991922
vt 0.919811 0.996091
vt 0.915676 0.996100
vt 0.609732 0.273377
vt 0.613891 0.274221
vt 0.154602 0.500054
vt 0.992010 0.244886
vt 0.084585 0.982610
vt 0.084584 0.976099
vt 0.088814 0.978917
vt 0.737945 0.894682
vt 0.070576 0.574086
vt 0.066673 0.574102
vt 0.609732 0.266589
vt 0.613886 0.267112
vt 0.603540 0.992744
vt 0.986947 0.814352
vt 0.986960 0.820802
vt 0.982920 0.817667
vt 0.978424 0.909845
vt 0.978423 0.903335
vt 0.982652 0.906152
vt 0.761058 0.217885
vt 0.070577 0.567296
vt 0.066673 0.567312
vt 0.609732 0.259800
vt 0.613886 0.260324
vt 0.183632 0.993380
vt 0.986655 0.318327
vt 0.986669 0.324777
vt 0.982628 0.321641
vt 0.394885 0.982597
vt 0.394883 0.976087
vt 0.399113 0.978905
vt 0.981943 0.477335
vt 0.609732 0.253012
vt 0.613890 0.253202
vt 0.984652 0.192387
vt 0.080327 0.982610
vt 0.080325 0.976100
vt 0.084555 0.978917
vt 0.987564 0.180371
vt 0.309516 0.988845
vt 0.305645 0.988824
vt 0.609742 0.249855
vt 0.613899 0.249889
vt 0.986627 0.922755
vt 0.982650 0.885203
vt 0.982654 0.891733
vt 0.978422 0.885231
vt 0.507270 0.996065
vt 0.613865 0.243385
vt 0.609749 0.243384
vt 0.407589 0.990097
vt 0.243724 0.939045
vt 0.237791 0.939072
vt 0.237804 0.929978
vt 0.243739 0.929927
vt 0.098905 0.995087
vt 0.098901 0.989460
vt 0.103136 0.989457
vt 0.103136 0.995084
vt 0.992050 0.116928
vt 0.992054 0.122881
vt 0.987822 0.122889
vt 0.987824 0.116947
vt 0.377670 0.074161
vt 0.377679 0.068229
vt 0.386802 0.068244
vt 0.386818 0.074173
vt 0.101010 0.838278
vt 0.098902 0.928780
vt 0.098915 0.919685
vt 0.386814 0.074442
vt 0.377665 0.077311
vt 0.906118 0.985820
vt 0.906119 0.991776
vt 0.901892 0.985840
vt 0.991184 0.343139
vt 0.991186 0.337509
vt 0.995418 0.340242
vt 0.386818 0.080365
vt 0.295286 0.946550
vt 0.295299 0.937456
vt 0.386814 0.080634
vt 0.377665 0.083502
vt 0.951509 0.985792
vt 0.951510 0.991749
vt 0.947283 0.985812
vt 0.991197 0.295604
vt 0.991199 0.289974
vt 0.995431 0.292706
vt 0.386818 0.086556
vt 0.237791 0.966686
vt 0.237804 0.957592
vt 0.386814 0.086825
vt 0.377665 0.089695
vt 0.578013 0.991879
vt 0.573786 0.985942
vt 0.991184 0.337494
vt 0.991186 0.331864
vt 0.995418 0.334599
vt 0.386818 0.092747
vt 0.237791 0.957481
vt 0.237804 0.948387
vt 0.386813 0.093016
vt 0.377653 0.093008
vt 0.995391 0.922724
vt 0.995394 0.928352
vt 0.991159 0.928355
vt 0.992053 0.096573
vt 0.992051 0.102529
vt 0.987821 0.102529
vt 0.987825 0.096590
vt 0.377670 0.098926
vt 0.386820 0.098937
vt 0.973372 0.639497
vt 0.973391 0.630416
vt 0.386814 0.099208
vt 0.377653 0.099200
vt 0.995415 0.314927
vt 0.995417 0.320557
vt 0.991182 0.320555
vt 0.991184 0.314930
vt 0.612215 0.985950
vt 0.612217 0.991907
vt 0.607989 0.985970
vt 0.399119 0.949883
vt 0.399120 0.958569
vt 0.394935 0.958517
vt 0.394911 0.949878
vt 0.377681 0.105139
vt 0.386804 0.105144
vt 0.511566 0.985809
vt 0.511595 0.991718
vt 0.507488 0.991728
vt 0.507453 0.985777
vt 0.793436 0.993738
vt 0.793436 0.988111
vt 0.797669 0.993738
vt 0.991160 0.309266
vt 0.986912 0.309246
vt 0.626164 0.245691
vt 0.626173 0.239783
vt 0.630295 0.239813
vt 0.630318 0.245724
vt 0.993512 0.572073
vt 0.997655 0.572081
vt 0.997673 0.576257
vt 0.630310 0.249356
vt 0.626157 0.248878
vt 0.990384 0.985789
vt 0.968757 0.985375
vt 0.968791 0.991230
vt 0.964511 0.988716
vt 0.993623 0.486620
vt 0.989875 0.659839
vt 0.994108 0.659682
vt 0.630310 0.255548
vt 0.626157 0.255070
vt 0.526818 0.991728
vt 0.986961 0.871498
vt 0.986927 0.865643
vt 0.991207 0.868157
vt 0.884245 0.990751
vt 0.880012 0.990907
vt 0.630310 0.261739
vt 0.626153 0.261560
vt 0.987892 0.083686
vt 0.991072 0.935490
vt 0.991106 0.941345
vt 0.986827 0.938831
vt 0.698966 0.996653
vt 0.989874 0.676937
vt 0.994107 0.677330
vt 0.630310 0.267931
vt 0.626152 0.267168
vt 0.991213 0.851240
vt 0.987008 0.354111
vt 0.986976 0.348259
vt 0.991256 0.350772
vt 0.997767 0.499327
vt 0.801927 0.990570
vt 0.797694 0.991267
vt 0.991978 0.025718
vt 0.987893 0.025698
vt 0.630299 0.270815
vt 0.626143 0.270784
vt 0.994108 0.703815
vt 0.994077 0.709495
vt 0.989896 0.709481
vt 0.991209 0.884612
vt 0.986961 0.884596
vt 0.999395 0.851121
vt 0.999381 0.855274
vt 0.626180 0.276708
vt 0.630296 0.276710
vt 0.417236 0.982475
vt 0.417261 0.988947
vt 0.987594 0.271340
vt 0.983617 0.006539
vt 0.979387 0.006542
vt 0.618080 0.406076
vt 0.613963 0.406042
vt 0.924024 0.991932
vt 0.613947 0.399217
vt 0.984237 0.201914
vt 0.983617 0.013087
vt 0.979387 0.013090
vt 0.979387 0.006582
vt 0.982679 0.878643
vt 0.982677 0.872111
vt 0.986722 0.875268
vt 0.618103 0.392784
vt 0.613947 0.392429
vt 0.951607 0.985882
vt 0.983615 0.019650
vt 0.979387 0.026186
vt 0.982631 0.338387
vt 0.986674 0.335010
vt 0.992087 0.032792
vt 0.613938 0.385976
vt 0.816116 0.988055
vt 0.982895 0.847043
vt 0.982922 0.847048
vt 0.986966 0.843670
vt 0.618103 0.379207
vt 0.613936 0.379189
vt 0.613947 0.378852
vt 0.618112 0.378869
vt 0.983413 0.743603
vt 0.983415 0.750135
vt 0.987490 0.176951
vt 0.657823 0.993674
vt 0.613938 0.372399
vt 0.413230 0.988997
vt 0.409359 0.988977
vt 0.613947 0.372064
vt 0.986943 0.833994
vt 0.986974 0.840432
vt 0.996189 0.021508
vt 0.992053 0.021516
vt 0.992089 0.017369
vt 0.996201 0.017340
vt 0.613962 0.365576
vt 0.595680 0.517838
vt 0.611711 0.516401
vt 0.597042 0.500876
vt 0.827979 0.981535
vt 0.824081 0.981532
vt 0.188830 0.987533
vt 0.982652 0.872110
vt 0.982651 0.878642
vt 0.978422 0.878643
vt 0.613874 0.283867
vt 0.609763 0.283868
vt 0.609723 0.277362
vt 0.915688 0.991931
vt 0.915677 0.996099
vt 0.609733 0.277026
vt 0.613899 0.277043
vt 0.088812 0.976072
vt 0.088814 0.982605
vt 0.084584 0.982608
vt 0.982921 0.827417
vt 0.613889 0.270592
vt 0.609724 0.270573
vt 0.609733 0.270237
vt 0.613900 0.270254
vt 0.982651 0.903307
vt 0.982653 0.909840
vt 0.978423 0.909843
vt 0.986966 0.817474
vt 0.613889 0.263803
vt 0.609724 0.263785
vt 0.609733 0.263449
vt 0.613899 0.263466
vt 0.066673 0.567312
vt 0.399112 0.976059
vt 0.399114 0.982592
vt 0.394884 0.982596
vt 0.394883 0.976087
vt 0.982631 0.324826
vt 0.986674 0.321449
vt 0.183632 0.993380
vt 0.613889 0.257015
vt 0.609724 0.256996
vt 0.609733 0.256660
vt 0.613900 0.256677
vt 0.984652 0.192387
vt 0.084554 0.976072
vt 0.084556 0.982605
vt 0.080326 0.982608
vt 0.986722 0.897295
vt 0.613889 0.250226
vt 0.609724 0.250208
vt 0.309516 0.988845
vt 0.609733 0.249872
vt 0.982650 0.885203
vt 0.978422 0.891740
vt 0.507270 0.996065
vt 0.507305 0.991917
vt 0.511417 0.991889
vt 0.613865 0.243385
vt 0.609749 0.243384
vt 0.243724 0.939045
vt 0.237798 0.939066
vt 0.237804 0.929978
vt 0.243739 0.929927
vt 0.098905 0.995087
vt 0.098903 0.989457
vt 0.103138 0.989459
vt 0.103136 0.995084
vt 0.992050 0.116928
vt 0.992054 0.122881
vt 0.987822 0.122889
vt 0.987824 0.116947
vt 0.377662 0.074169
vt 0.386802 0.068244
vt 0.386818 0.074173
vt 0.105219 0.829110
vt 0.098915 0.919685
vt 0.386812 0.077534
vt 0.377665 0.077312
vt 0.991184 0.343139
vt 0.995418 0.340244
vt 0.901890 0.991781
vt 0.906120 0.988670
vt 0.330184 0.928180
vt 0.295286 0.946550
vt 0.295299 0.937456
vt 0.386812 0.083725
vt 0.377665 0.083503
vt 0.991199 0.289974
vt 0.995431 0.292709
vt 0.947281 0.991754
vt 0.951511 0.988642
vt 0.829173 0.927410
vt 0.237797 0.966674
vt 0.237795 0.957586
vt 0.386812 0.089917
vt 0.377665 0.089695
vt 0.991186 0.337496
vt 0.991184 0.331866
vt 0.995418 0.334599
vt 0.573784 0.991883
vt 0.578013 0.988772
vt 0.394915 0.931482
vt 0.237797 0.957469
vt 0.237795 0.948382
vt 0.386812 0.096108
vt 0.377665 0.095886
vt 0.991161 0.928357
vt 0.995393 0.925460
vt 0.987823 0.102531
vt 0.987825 0.096590
vt 0.992052 0.099420
vt 0.192981 0.934610
vt 0.973372 0.639497
vt 0.386806 0.099216
vt 0.377659 0.099206
vt 0.995417 0.314929
vt 0.991182 0.320555
vt 0.991186 0.314927
vt 0.612219 0.991904
vt 0.607987 0.991911
vt 0.399119 0.949883
vt 0.394911 0.949878
vt 0.377681 0.105139
vt 0.386804 0.105144
vt 0.101012 0.847529
vt 0.507488 0.991728
vt 0.793438 0.993741
vt 0.793434 0.988113
vt 0.986913 0.309248
vt 0.986879 0.303392
vt 0.626163 0.245691
vt 0.626175 0.239783
vt 0.630294 0.239814
vt 0.630318 0.245724
vt 0.993525 0.576246
vt 0.630310 0.249356
vt 0.626157 0.248879
vt 0.990384 0.985790
vt 0.138024 0.999402
vt 0.968791 0.991230
vt 0.964511 0.988716
vt 0.989875 0.659839
vt 0.994108 0.659685
vt 0.630310 0.255547
vt 0.626157 0.255070
vt 0.986927 0.865643
vt 0.991207 0.868157
vt 0.884245 0.990751
vt 0.880012 0.990905
vt 0.630310 0.261739
vt 0.626153 0.261560
vt 0.991072 0.935490
vt 0.986827 0.938831
vt 0.698966 0.996654
vt 0.989874 0.676939
vt 0.994107 0.677330
vt 0.630313 0.267633
vt 0.626152 0.267168
vt 0.991213 0.851240
vt 0.987007 0.354110
vt 0.991255 0.351068
vt 0.801927 0.990568
vt 0.991978 0.025718
vt 0.987894 0.025698
vt 0.630308 0.270799
vt 0.626150 0.270796
vt 0.994109 0.703817
vt 0.994077 0.709495
vt 0.989896 0.709481
vt 0.989874 0.703816
vt 0.991205 0.878657
vt 0.991208 0.884614
vt 0.986960 0.884595
vt 0.999395 0.851121
vt 0.626180 0.276708
vt 0.630296 0.276710
vt 0.049218 0.425327
vt 0.053445 0.425323
vt 0.053504 0.431435
vt 0.049277 0.431439
vt 0.290531 0.545419
vt 0.288161 0.545070
vt 0.288817 0.543400
vt 0.040949 0.627587
vt 0.042118 0.627134
vt 0.041638 0.630150
vt 0.109711 0.425273
vt 0.105484 0.425261
vt 0.105484 0.357568
vt 0.109711 0.357579
vt 0.553297 0.212464
vt 0.553298 0.175724
vt 0.516640 0.495273
vt 0.049277 0.357560
vt 0.053504 0.357556
vt 0.380616 0.261141
vt 0.380965 0.264976
vt 0.380688 0.268844
vt 0.380568 0.268858
vt 0.380676 0.280812
vt 0.380494 0.274829
vt 0.046795 0.461216
vt 0.290703 0.700332
vt 0.248379 0.408037
vt 0.248349 0.395894
vt 0.231723 0.395911
vt 0.244085 0.393168
vt 0.244099 0.410792
vt 0.304705 0.330418
vt 0.304342 0.324989
vt 0.304620 0.318879
vt 0.466784 0.215600
vt 0.469231 0.211756
vt 0.473958 0.211765
vt 0.473971 0.219006
vt 0.466790 0.219006
vt 0.502055 0.212828
vt 0.504514 0.216663
vt 0.504514 0.220058
vt 0.497339 0.220055
vt 0.497330 0.212817
vt 0.511687 0.220055
vt 0.504514 0.220043
vt 0.504518 0.216648
vt 0.506975 0.212820
vt 0.511687 0.212817
vt 0.462071 0.219013
vt 0.459603 0.215161
vt 0.459604 0.211756
vt 0.466785 0.211769
vt 0.466785 0.219010
vt 0.144522 0.346250
vt 0.143391 0.348663
vt 0.467804 0.194890
vt 0.216367 0.957869
vt 0.212054 0.957865
vt 0.212118 0.951320
vt 0.216288 0.951320
vt 0.361439 0.783264
vt 0.361390 0.776437
vt 0.365912 0.776458
vt 0.365862 0.783245
vt 0.347188 0.897556
vt 0.347163 0.904444
vt 0.342912 0.904421
vt 0.342880 0.897631
vt 0.913517 0.810438
vt 0.917687 0.810422
vt 0.917743 0.814618
vt 0.913534 0.814531
vt 0.315338 0.925934
vt 0.315432 0.919443
vt 0.319707 0.919302
vt 0.319709 0.925948
vt 0.984348 0.251346
vt 0.980194 0.251275
vt 0.980194 0.247105
vt 0.984382 0.247025
vt 0.319604 0.926132
vt 0.315434 0.926140
vt 0.365774 0.776252
vt 0.361513 0.776252
vt 0.917813 0.810376
vt 0.981502 0.761398
vt 0.981485 0.765770
vt 0.981327 0.765665
vt 0.981327 0.761495
vt 0.913449 0.814721
vt 0.077619 0.950136
vt 0.500087 0.904784
vt 0.495779 0.904859
vt 0.442872 0.796531
vt 0.442859 0.789761
vt 0.447374 0.793007
vt 0.921159 0.150417
vt 0.925329 0.150401
vt 0.925385 0.154597
vt 0.921175 0.154511
vt 0.443610 0.937042
vt 0.443705 0.930552
vt 0.447972 0.930420
vt 0.447982 0.937056
vt 0.977278 0.765665
vt 0.977278 0.761495
vt 0.447877 0.937241
vt 0.443707 0.937248
vt 0.447243 0.789574
vt 0.442982 0.789574
vt 0.925455 0.150355
vt 0.447244 0.796699
vt 0.442982 0.796699
vt 0.989293 0.026800
vt 0.989276 0.031172
vt 0.989117 0.031066
vt 0.989117 0.026896
vt 0.921091 0.154701
vt 0.146532 0.957201
vt 0.094938 0.905129
vt 0.090630 0.905204
vt 0.090623 0.800321
vt 0.090611 0.793550
vt 0.095126 0.796799
vt 0.923748 0.873547
vt 0.927918 0.873531
vt 0.927974 0.877727
vt 0.923765 0.877640
vt 0.922063 0.432399
vt 0.922158 0.425909
vt 0.926425 0.425777
vt 0.926435 0.432413
vt 0.985069 0.031066
vt 0.985069 0.026896
vt 0.926330 0.432598
vt 0.922160 0.432606
vt 0.094995 0.793364
vt 0.090734 0.793364
vt 0.928044 0.873485
vt 0.094996 0.800489
vt 0.090734 0.800489
vt 0.984919 0.026800
vt 0.984902 0.031172
vt 0.984743 0.031066
vt 0.984743 0.026896
vt 0.923680 0.877830
vt 0.040232 0.952809
vt 0.319740 0.905379
vt 0.315432 0.905454
vt 0.166423 0.796478
vt 0.166411 0.789707
vt 0.170926 0.792955
vt 0.927868 0.026832
vt 0.932038 0.026815
vt 0.932094 0.031012
vt 0.927885 0.030925
vt 0.443610 0.930175
vt 0.443705 0.923684
vt 0.447972 0.923552
vt 0.447982 0.930188
vt 0.980695 0.031066
vt 0.980695 0.026896
vt 0.447877 0.930373
vt 0.443707 0.930381
vt 0.170795 0.789521
vt 0.166534 0.789521
vt 0.932164 0.026770
vt 0.170796 0.796646
vt 0.166534 0.796646
vt 0.993970 0.323054
vt 0.993988 0.318682
vt 0.994146 0.318788
vt 0.994146 0.322958
vt 0.927801 0.031115
vt 0.963048 0.392050
vt 0.907819 0.147867
vt 0.903511 0.147942
vt 0.515543 0.410495
vt 0.532013 0.409091
vt 0.928153 0.873547
vt 0.932323 0.873531
vt 0.932379 0.877727
vt 0.928170 0.877640
vt 0.998194 0.318788
vt 0.998194 0.322958
vt 0.171151 0.927310
vt 0.171161 0.933946
vt 0.166837 0.930615
vt 0.171056 0.934130
vt 0.166886 0.934138
vt 0.499763 0.789562
vt 0.499894 0.792999
vt 0.495385 0.793208
vt 0.495502 0.789562
vt 0.932449 0.873485
vt 0.499764 0.796686
vt 0.495502 0.796686
vt 0.998091 0.258128
vt 0.998075 0.262499
vt 0.997916 0.262393
vt 0.997916 0.258223
vt 0.928085 0.877830
vt 0.398124 0.951172
vt 0.351643 0.905022
vt 0.347333 0.905094
vt 0.480860 0.802015
vt 0.480848 0.795244
vt 0.485362 0.798491
vt 0.914653 0.026832
vt 0.918823 0.026815
vt 0.918879 0.031012
vt 0.914670 0.030925
vt 0.496130 0.930162
vt 0.496225 0.923672
vt 0.500491 0.923541
vt 0.500503 0.930175
vt 0.993868 0.262393
vt 0.993868 0.258223
vt 0.500397 0.930361
vt 0.496227 0.930368
vt 0.485232 0.795058
vt 0.480971 0.795058
vt 0.918949 0.026770
vt 0.485233 0.802183
vt 0.480971 0.802183
vt 0.998092 0.276038
vt 0.998075 0.280410
vt 0.997916 0.280304
vt 0.997916 0.276134
vt 0.914585 0.031115
vt 0.485484 0.949451
vt 0.040384 0.904471
vt 0.036076 0.904545
vt 0.530588 0.783973
vt 0.530576 0.777203
vt 0.535091 0.780451
vt 0.919343 0.873547
vt 0.923513 0.873531
vt 0.923569 0.877727
vt 0.919360 0.877640
vt 0.073368 0.929067
vt 0.073463 0.922577
vt 0.077731 0.922445
vt 0.077741 0.929081
vt 0.993868 0.280304
vt 0.993868 0.276134
vt 0.077636 0.929266
vt 0.073466 0.929274
vt 0.534960 0.777017
vt 0.530699 0.777017
vt 0.923639 0.873485
vt 0.534961 0.784141
vt 0.530699 0.784141
vt 0.983791 0.810407
vt 0.983774 0.814778
vt 0.983616 0.814672
vt 0.983616 0.810502
vt 0.919275 0.877830
vt 0.398124 0.957863
vt 0.351643 0.898023
vt 0.347333 0.898095
vt 0.152019 0.799387
vt 0.152007 0.792616
vt 0.156521 0.795864
vt 0.919058 0.026832
vt 0.923228 0.026815
vt 0.923284 0.031012
vt 0.919075 0.030925
vt 0.925213 0.330257
vt 0.925308 0.323767
vt 0.929575 0.323636
vt 0.929587 0.330270
vt 0.979568 0.814672
vt 0.979568 0.810502
vt 0.929481 0.330455
vt 0.925311 0.330463
vt 0.156391 0.792430
vt 0.152130 0.792430
vt 0.923354 0.026770
vt 0.156392 0.799554
vt 0.152130 0.799554
vt 0.994019 0.284822
vt 0.994036 0.280451
vt 0.994194 0.280557
vt 0.994194 0.284727
vt 0.918990 0.031115
vt 0.485484 0.956142
vt 0.315320 0.905364
vt 0.319630 0.905292
vt 0.315426 0.800571
vt 0.315414 0.793800
vt 0.319928 0.797049
vt 0.918549 0.247040
vt 0.922719 0.247024
vt 0.922775 0.251220
vt 0.918565 0.251133
vt 0.010207 0.934906
vt 0.010302 0.928415
vt 0.014568 0.928285
vt 0.014580 0.934919
vt 0.998242 0.280556
vt 0.998242 0.284727
vt 0.014474 0.935104
vt 0.010304 0.935112
vt 0.319798 0.793614
vt 0.315537 0.793614
vt 0.922844 0.246978
vt 0.319799 0.800739
vt 0.315537 0.800739
vt 0.142362 0.950510
vt 0.146532 0.950510
vt 0.918481 0.251323
vt 0.982764 0.858697
vt 0.982747 0.863068
vt 0.982589 0.862962
vt 0.982589 0.858792
vt 0.393447 0.792318
vt 0.393472 0.785491
vt 0.397918 0.785510
vt 0.397941 0.792304
vt 0.899399 0.147797
vt 0.895090 0.147869
vt 0.918414 0.197377
vt 0.922681 0.197325
vt 0.922640 0.201557
vt 0.918353 0.201607
vt 0.106163 0.929528
vt 0.106232 0.922975
vt 0.110498 0.922845
vt 0.110490 0.929519
vt 0.978541 0.862962
vt 0.978541 0.858792
vt 0.397820 0.792485
vt 0.393558 0.792485
vt 0.920778 0.398908
vt 0.916464 0.398904
vt 0.916529 0.392359
vt 0.920699 0.392359
vt 0.668163 0.153530
vt 0.668115 0.146704
vt 0.672637 0.146725
vt 0.672587 0.153512
vt 0.915229 0.323338
vt 0.915196 0.330229
vt 0.910951 0.330201
vt 0.910919 0.323410
vt 0.495806 0.911839
vt 0.499976 0.911823
vt 0.500032 0.916019
vt 0.495823 0.915932
vt 0.035981 0.931994
vt 0.036076 0.925504
vt 0.040348 0.925366
vt 0.040354 0.932007
vt 0.998023 0.266876
vt 0.993868 0.266816
vt 0.993868 0.262646
vt 0.998056 0.262572
vt 0.040248 0.932193
vt 0.036078 0.932200
vt 0.672499 0.146518
vt 0.668237 0.146518
vt 0.500102 0.911777
vt 0.984300 0.197355
vt 0.984266 0.201717
vt 0.984108 0.201611
vt 0.984108 0.197441
vt 0.495739 0.916122
vt 0.912137 0.399049
vt 0.921300 0.858728
vt 0.925470 0.858711
vt 0.925526 0.862907
vt 0.921317 0.862821
vt 0.090623 0.778947
vt 0.090611 0.772177
vt 0.095126 0.775425
vt 0.073487 0.908365
vt 0.073464 0.901592
vt 0.077773 0.904497
vt 0.980060 0.201611
vt 0.980060 0.197441
vt 0.146548 0.929640
vt 0.142378 0.929648
vt 0.094995 0.771991
vt 0.090734 0.771991
vt 0.925596 0.858665
vt 0.094996 0.779115
vt 0.090734 0.779115
vt 0.077652 0.908510
vt 0.998109 0.302793
vt 0.998075 0.307155
vt 0.997916 0.307050
vt 0.997916 0.302880
vt 0.921233 0.863011
vt 0.496242 0.957922
vt 0.913191 0.041689
vt 0.917361 0.041673
vt 0.917417 0.045869
vt 0.913208 0.045782
vt 0.152019 0.792262
vt 0.152007 0.785492
vt 0.156522 0.788739
vt 0.902840 0.398238
vt 0.902817 0.391466
vt 0.907126 0.394371
vt 0.993868 0.307050
vt 0.993868 0.302880
vt 0.930752 0.432597
vt 0.926582 0.432605
vt 0.156391 0.785305
vt 0.152130 0.785305
vt 0.917487 0.041627
vt 0.156392 0.792430
vt 0.152130 0.792430
vt 0.907005 0.398383
vt 0.989572 0.873525
vt 0.989538 0.877887
vt 0.989380 0.877781
vt 0.989380 0.873611
vt 0.913123 0.045973
vt 0.531126 0.956867
vt 0.915721 0.858689
vt 0.919891 0.858673
vt 0.919947 0.862869
vt 0.915738 0.862782
vt 0.106225 0.775954
vt 0.106213 0.769184
vt 0.110728 0.772431
vt 0.393991 0.909499
vt 0.393968 0.902727
vt 0.398278 0.905632
vt 0.985332 0.877781
vt 0.985332 0.873611
vt 0.935175 0.432598
vt 0.931005 0.432606
vt 0.110597 0.768997
vt 0.106336 0.768997
vt 0.920017 0.858627
vt 0.110598 0.776122
vt 0.106336 0.776122
vt 0.398157 0.909644
vt 0.985198 0.873525
vt 0.985164 0.877887
vt 0.985006 0.877781
vt 0.985006 0.873611
vt 0.915654 0.862973
vt 0.010318 0.955798
vt 0.926406 0.041689
vt 0.930576 0.041673
vt 0.930632 0.045869
vt 0.926423 0.045782
vt 0.212155 0.909900
vt 0.212132 0.903128
vt 0.216442 0.906033
vt 0.980958 0.877781
vt 0.980958 0.873611
vt 0.342823 0.928426
vt 0.347129 0.929213
vt 0.347033 0.932277
vt 0.342863 0.932285
vt 0.156515 0.774164
vt 0.152009 0.775051
vt 0.152130 0.771056
vt 0.156391 0.771056
vt 0.930702 0.041627
vt 0.156392 0.778181
vt 0.152130 0.778181
vt 0.216321 0.910046
vt 0.952980 0.212604
vt 0.957150 0.212604
vt 0.926328 0.045955
vt 0.985893 0.761409
vt 0.985873 0.765763
vt 0.985701 0.765665
vt 0.985701 0.761495
vt 0.923463 0.026832
vt 0.927633 0.026815
vt 0.927689 0.031012
vt 0.923480 0.030925
vt 0.365900 0.783564
vt 0.365886 0.790333
vt 0.361385 0.787036
vt 0.531142 0.908423
vt 0.531110 0.901632
vt 0.535420 0.904541
vt 0.981653 0.765665
vt 0.981653 0.761495
vt 0.922369 0.215926
vt 0.926679 0.216399
vt 0.926583 0.219464
vt 0.922413 0.219471
vt 0.361513 0.783376
vt 0.365774 0.783376
vt 0.927759 0.026770
vt 0.365775 0.790501
vt 0.361513 0.790501
vt 0.535299 0.908550
vt 0.931258 0.392338
vt 0.935428 0.392338
vt 0.923385 0.031098
vt 0.990267 0.761408
vt 0.990247 0.765763
vt 0.990075 0.765665
vt 0.990075 0.761495
vt 0.914938 0.873547
vt 0.919108 0.873530
vt 0.919164 0.877727
vt 0.914955 0.877640
vt 0.735421 0.063188
vt 0.735408 0.069958
vt 0.730906 0.066660
vt 0.166936 0.913376
vt 0.166904 0.906585
vt 0.171213 0.909490
vt 0.986027 0.765665
vt 0.986027 0.761495
vt 0.361749 0.923173
vt 0.366059 0.923646
vt 0.365963 0.926710
vt 0.361793 0.926718
vt 0.731034 0.063001
vt 0.735295 0.063001
vt 0.919234 0.873485
vt 0.735296 0.070125
vt 0.731034 0.070125
vt 0.171092 0.913502
vt 0.998140 0.842110
vt 0.998121 0.846463
vt 0.997948 0.846365
vt 0.997948 0.842195
vt 0.914860 0.877813
vt 0.443722 0.957934
vt 0.914144 0.247040
vt 0.918314 0.247024
vt 0.918370 0.251220
vt 0.914160 0.251133
vt 0.106264 0.908781
vt 0.106232 0.901991
vt 0.110542 0.904899
vt 0.993900 0.846365
vt 0.993900 0.842195
vt 0.481276 0.925381
vt 0.485596 0.925516
vt 0.485500 0.928581
vt 0.481330 0.928589
vt 0.156391 0.778181
vt 0.156516 0.781963
vt 0.152008 0.781491
vt 0.152130 0.778181
vt 0.918439 0.246978
vt 0.156392 0.785305
vt 0.152130 0.785305
vt 0.110421 0.908908
vt 0.987155 0.858706
vt 0.987121 0.863068
vt 0.986963 0.862962
vt 0.986963 0.858792
vt 0.914076 0.251324
vt 0.935711 0.399029
vt 0.922001 0.041689
vt 0.926171 0.041673
vt 0.926227 0.045869
vt 0.922018 0.045783
vt 0.009720 0.792973
vt 0.009708 0.786202
vt 0.014223 0.789450
vt 0.376961 0.908727
vt 0.376938 0.901954
vt 0.381248 0.904862
vt 0.982915 0.862962
vt 0.982915 0.858792
vt 0.485500 0.935448
vt 0.481330 0.935456
vt 0.014092 0.786016
vt 0.009831 0.786016
vt 0.926297 0.041627
vt 0.014093 0.793141
vt 0.009831 0.793141
vt 0.381126 0.908872
vt 0.956928 0.432429
vt 0.952758 0.432429
vt 0.921933 0.045973
vt 0.998246 0.771198
vt 0.998212 0.775559
vt 0.998054 0.775453
vt 0.998054 0.771283
vt 0.749327 0.070080
vt 0.749352 0.063254
vt 0.753799 0.063272
vt 0.753821 0.070066
vt 0.040386 0.897475
vt 0.040387 0.904329
vt 0.036099 0.904319
vt 0.036076 0.897547
vt 0.911316 0.858690
vt 0.915583 0.858638
vt 0.915542 0.862869
vt 0.911255 0.862920
vt 0.036007 0.938924
vt 0.036076 0.932371
vt 0.040332 0.932253
vt 0.040334 0.938915
vt 0.994005 0.775453
vt 0.994005 0.771283
vt 0.753700 0.070248
vt 0.749438 0.070248
vt 0.040265 0.904464
vt 0.993875 0.786693
vt 0.993940 0.792998
vt 0.989659 0.792974
vt 0.989705 0.786685
vt 0.365850 0.790614
vt 0.365861 0.797495
vt 0.361426 0.797494
vt 0.361415 0.790649
vt 0.010247 0.778163
vt 0.010277 0.771443
vt 0.014619 0.771616
vt 0.014684 0.778230
vt 0.995170 0.531045
vt 0.995166 0.526718
vt 0.999158 0.526729
vt 0.999170 0.530954
vt 0.531111 0.976777
vt 0.531051 0.970379
vt 0.535355 0.970419
vt 0.535394 0.976904
vt 0.994946 0.522360
vt 0.998974 0.522303
vt 0.998936 0.526621
vt 0.994946 0.526530
vt 0.911873 0.392361
vt 0.911954 0.398942
vt 0.907667 0.398923
vt 0.907703 0.392359
vt 0.485307 0.788045
vt 0.485319 0.794927
vt 0.480883 0.794925
vt 0.480873 0.788081
vt 0.166318 0.831199
vt 0.166347 0.824521
vt 0.170717 0.824662
vt 0.170781 0.831235
vt 0.631671 0.215877
vt 0.631770 0.220144
vt 0.627549 0.220125
vt 0.627545 0.215899
vt 0.894909 0.147907
vt 0.894909 0.154735
vt 0.890594 0.154696
vt 0.890582 0.147907
vt 0.698758 0.605232
vt 0.698819 0.609496
vt 0.694516 0.609463
vt 0.694588 0.605232
vt 0.381183 0.970735
vt 0.381109 0.977242
vt 0.376939 0.977242
vt 0.376870 0.970694
vt 0.493433 0.460387
vt 0.493399 0.467199
vt 0.488963 0.467197
vt 0.488934 0.460380
vt 0.884454 0.154698
vt 0.884479 0.148070
vt 0.888880 0.148099
vt 0.888945 0.154618
vt 0.571697 0.200422
vt 0.575965 0.200349
vt 0.575918 0.204727
vt 0.571630 0.204754
vt 0.347264 0.925666
vt 0.347274 0.919003
vt 0.351578 0.919032
vt 0.351591 0.925666
vt 0.673713 0.999160
vt 0.673698 0.994824
vt 0.677962 0.994880
vt 0.677962 0.999106
vt 0.398213 0.971412
vt 0.398140 0.977845
vt 0.393970 0.977845
vt 0.393901 0.971370
vt 0.014753 0.802722
vt 0.010318 0.802718
vt 0.010289 0.795902
vt 0.014789 0.795909
vt 0.010299 0.830331
vt 0.010307 0.823777
vt 0.014741 0.823744
vt 0.014806 0.830261
vt 0.593278 0.395147
vt 0.597541 0.395079
vt 0.597498 0.399424
vt 0.593211 0.399452
vt 0.988897 0.154703
vt 0.988960 0.148312
vt 0.993130 0.148312
vt 0.993210 0.154703
vt 0.593105 0.395266
vt 0.593135 0.399595
vt 0.588872 0.399542
vt 0.588795 0.395226
vt 0.993958 0.779928
vt 0.993880 0.786201
vt 0.989710 0.786201
vt 0.989649 0.779884
vt 0.635119 0.153531
vt 0.635107 0.146648
vt 0.639542 0.146650
vt 0.639554 0.153494
vt 0.569293 0.538174
vt 0.569300 0.531618
vt 0.573733 0.531552
vt 0.573798 0.538073
vt 0.907942 0.150431
vt 0.912205 0.150369
vt 0.912163 0.154638
vt 0.907882 0.154667
vt 0.989931 0.384081
vt 0.989995 0.377868
vt 0.994166 0.377868
vt 0.994246 0.384082
vt 0.980139 0.247189
vt 0.980081 0.251402
vt 0.975911 0.251402
vt 0.975818 0.247156
vt 0.590131 0.069896
vt 0.590209 0.064334
vt 0.594378 0.064334
vt 0.594450 0.069941
vt 0.495384 0.466112
vt 0.495374 0.459231
vt 0.499808 0.459232
vt 0.499820 0.466078
vt 0.569035 0.531467
vt 0.569031 0.538047
vt 0.564615 0.538190
vt 0.564550 0.531649
vt 0.995892 0.163587
vt 0.995883 0.159324
vt 0.999761 0.159404
vt 0.999757 0.163685
vt 0.594568 0.069784
vt 0.594633 0.064334
vt 0.598803 0.064334
vt 0.598883 0.069784
vt 0.354538 0.427549
vt 0.358374 0.427584
vt 0.358374 0.431753
vt 0.354500 0.431858
vt 0.609098 0.154416
vt 0.608976 0.149424
vt 0.613258 0.149433
vt 0.613268 0.154416
vt 0.200029 0.497423
vt 0.195595 0.497421
vt 0.195583 0.490576
vt 0.200018 0.490541
vt 0.010374 0.771292
vt 0.010376 0.764644
vt 0.014743 0.764434
vt 0.014809 0.771047
vt 0.293969 0.971315
vt 0.293969 0.975629
vt 0.290374 0.975603
vt 0.290351 0.971378
vt 0.549047 0.220081
vt 0.549033 0.215042
vt 0.553353 0.215085
vt 0.553217 0.220081
vt 0.988316 0.810501
vt 0.991867 0.810424
vt 0.991824 0.814732
vt 0.988316 0.814671
vt 0.976321 0.031066
vt 0.976289 0.026796
vt 0.980492 0.026864
vt 0.980492 0.031144
vt 0.663616 0.994691
vt 0.660561 0.994664
vt 0.662076 0.990403
vt 0.999610 0.186507
vt 0.996403 0.186548
vt 0.997615 0.182453
vt 0.290581 0.946223
vt 0.294283 0.946298
vt 0.294283 0.950468
vt 0.290550 0.950551
s 0
usemtl WoodWhite
f 1/1/1 21/2/1 2/3/1
f 13/4/2 11/5/2 94/6/2
f 21/7/3 12/8/3 14/9/3
f 2/3/4 48/10/4 22/11/4
f 72/12/5 73/13/5 44/14/5
f 27/15/6 94/16/6 28/17/6
f 21/2/7 34/18/7 33/19/7
f 21/2/7 33/19/7 49/20/7
f 31/21/8 48/10/8 50/22/8
f 33/19/7 51/23/7 31/21/7
f 34/18/7 52/24/7 33/19/7
f 34/18/9 91/25/9 53/26/9
f 48/10/10 56/27/10 55/28/10
f 31/21/7 29/29/7 56/27/7
f 31/21/7 57/30/7 29/29/7
f 94/16/11 61/31/11 60/32/11
f 92/33/12 65/34/12 23/35/12
f 28/17/13 26/36/13 64/37/13
f 92/33/14 62/38/14 63/39/14
f 24/40/15 66/41/15 63/39/15
f 24/40/15 68/42/15 67/43/15
f 25/44/16 69/45/16 26/36/16
f 25/44/17 67/43/17 90/46/17
f 55/47/18 79/48/18 54/49/18
f 39/50/19 71/51/19 38/52/19
f 69/53/20 90/54/20 91/55/20
f 74/56/21 75/57/21 47/58/21
f 8/59/22 3/60/22 6/61/22 9/62/22
f 70/63/23 76/64/23 37/65/23
f 53/66/24 91/55/24 90/54/24
f 94/67/25 23/68/25 93/69/25
f 93/69/26 99/70/26 100/71/26
f 116/72/27 112/73/27 111/74/27
f 114/75/28 113/76/28 111/77/28
f 116/78/29 113/79/29 115/80/29 110/81/29
f 123/82/30 122/83/30 121/84/30
f 130/85/31 129/86/31 126/87/31 128/88/31
f 127/89/32 126/90/32 125/91/32
f 129/92/33 131/93/33 125/94/33
f 14/175/62 20/176/62 34/18/62 21/2/62
f 2/177/63 5/178/63 6/179/63 3/180/63 4/181/63 1/182/63
f 10/183/64 9/184/64 6/185/64 5/186/64
f 4/187/65 3/188/65 8/189/65 7/190/65
f 4/187/66 7/190/66 23/191/66 1/192/66
f 21/7/67 1/192/67 23/191/67
f 13/193/68 18/194/68 15/195/68 11/196/68
f 11/197/69 15/198/69 28/17/69 94/16/69
f 86/199/23 49/200/23 33/201/23 87/202/23
f 25/44/70 17/203/70 12/204/70
f 80/205/66 27/206/66 64/200/66 85/207/66
f 14/208/71 12/209/71 17/210/71 20/211/71
f 19/212/72 20/211/72 17/210/72 16/213/72
f 18/194/73 19/212/73 16/213/73 15/195/73
f 88/214/66 50/215/66 48/216/66 77/217/66
f 2/3/74 21/2/74 48/10/74
f 30/218/75 18/219/75 13/220/75
f 84/221/76 26/222/76 63/223/76 83/224/76
f 85/225/77 84/226/77 32/227/77 58/133/77
f 77/228/78 48/229/78 49/230/78 86/231/78
f 83/232/79 63/233/79 27/53/79 80/234/79
f 30/218/80 13/220/80 22/11/80 29/29/80
f 73/235/2 71/236/2 43/237/2 44/182/2
f 83/224/81 31/238/81 32/239/81 84/221/81
f 80/205/82 85/207/82 58/240/82 57/241/82
f 42/242/83 39/243/83 72/244/83
f 25/44/84 12/204/84 23/35/84 24/40/84
f 59/245/85 92/33/85 94/16/85 60/32/85
f 2/246/86 22/247/86 94/6/86
f 21/7/66 23/191/66 12/8/66
f 5/186/86 2/246/86 93/248/86 10/183/86
f 35/249/87 70/250/87 25/44/87 26/36/87
f 22/247/86 13/4/86 94/6/86
f 36/251/88 35/249/88 26/36/88 16/252/88
f 36/251/89 16/252/89 17/203/89 37/253/89
f 37/253/90 17/203/90 25/44/90 70/250/90
f 38/254/91 26/36/91 28/17/91 39/255/91
f 40/256/92 39/255/92 28/17/92 15/198/92
f 41/257/93 40/256/93 15/198/93 16/252/93
f 41/257/94 16/252/94 26/36/94 38/254/94
f 42/258/95 30/218/95 32/259/95 43/260/95
f 44/261/96 43/260/96 32/259/96 19/262/96
f 44/261/97 19/262/97 18/219/97 72/263/97
f 72/263/98 18/219/98 30/218/98 42/258/98
f 45/264/99 74/265/99 32/259/99 34/18/99
f 46/266/100 45/264/100 34/18/100 20/176/100
f 47/267/101 46/266/101 20/176/101 19/262/101
f 47/267/102 19/262/102 32/259/102 74/265/102
f 51/23/103 91/25/103 32/259/103 31/21/103
f 48/10/104 21/2/104 49/20/104
f 33/19/7 31/21/7 50/22/7
f 33/19/7 52/24/7 51/23/7
f 34/18/7 53/26/7 52/24/7
f 34/18/105 32/259/105 91/25/105
f 55/28/106 54/268/106 22/11/106 48/10/106
f 57/30/7 58/269/7 30/218/7 29/29/7
f 48/10/107 31/21/107 56/27/107
f 22/11/7 54/268/7 29/29/7
f 32/259/108 30/218/108 58/269/108
f 62/38/15 61/31/15 27/15/15 63/39/15
f 94/16/11 27/15/11 61/31/11
f 68/42/109 63/39/109 26/36/109 69/45/109
f 23/35/110 65/34/110 24/40/110
f 27/15/15 28/17/15 64/37/15
f 92/33/111 63/39/111 66/41/111
f 92/33/14 59/245/14 62/38/14
f 24/40/15 63/39/15 68/42/15
f 89/270/112 67/271/112 68/272/112 78/273/112
f 25/44/113 90/46/113 69/45/113
f 25/44/15 24/40/15 67/43/15
f 85/225/114 64/274/114 26/14/114 84/226/114
f 88/275/115 87/276/115 33/277/115 50/278/115
f 82/279/66 29/280/66 54/281/66 79/282/66
f 67/240/23 89/283/23 90/284/23
f 73/235/86 41/285/86 38/286/86 71/236/86
f 78/287/66 68/288/66 69/289/66 91/290/66
f 79/48/116 55/47/116 59/272/116 60/291/116
f 56/292/117 81/293/117 55/294/117
f 39/243/118 40/295/118 72/244/118
f 82/296/115 81/297/115 56/298/115 29/299/115
f 45/300/119 70/63/119 74/301/119
f 73/13/120 72/12/120 40/302/120 41/105/120
f 81/293/2 62/303/2 59/304/2 55/294/2
f 82/279/82 79/282/82 60/304/82 61/303/82
f 76/64/2 70/63/2 45/305/2 46/306/2
f 86/231/121 65/307/121 92/308/121 77/228/121
f 78/273/112 51/144/112 52/309/112 89/270/112
f 81/297/115 82/296/115 61/278/115 62/277/115
f 75/310/115 76/311/115 46/312/115 47/313/115
f 35/314/119 74/301/119 70/63/119
f 87/202/2 24/315/2 65/316/2 86/199/2
f 77/217/82 92/317/82 66/318/82 88/214/82
f 91/290/122 51/319/122 78/287/122
f 89/283/86 52/320/86 53/321/86 90/284/86
f 75/57/66 74/56/66 35/322/66 36/323/66
f 83/232/79 80/234/79 57/324/79 31/325/79
f 87/276/115 88/275/115 66/326/115 24/136/115
f 39/50/123 42/327/123 43/328/123 71/51/123
f 76/311/115 75/310/115 36/291/115 37/272/115
f 95/329/124 98/330/124 7/331/124 8/180/124
f 94/6/86 93/248/86 2/246/86
f 92/33/125 23/35/125 94/16/125
f 96/332/126 95/329/126 8/180/126 9/179/126
f 96/332/127 9/179/127 10/333/127 97/334/127
f 100/71/128 97/334/128 10/333/128 93/69/128
f 99/70/129 23/68/129 7/331/129 98/330/129
f 93/69/130 23/68/130 99/70/130
f 98/335/131 95/336/131 96/337/131 97/338/131 101/339/131 99/340/131
f 103/341/132 108/342/132 102/343/132 104/344/132
f 97/345/133 100/346/133 101/347/133
f 99/348/134 101/349/134 100/350/134
f 106/351/135 105/352/135 103/353/135 104/354/135
f 108/355/136 105/356/136 107/357/136 109/358/136
f 105/359/137 106/360/137 107/361/137
f 115/362/138 114/363/138 112/364/138 110/365/138
f 109/366/139 107/367/139 106/368/139 104/369/139 102/370/139
f 109/371/140 102/343/140 108/342/140
f 108/372/141 103/373/141 105/374/141
f 116/375/142 110/376/142 112/377/142
f 112/73/143 114/378/143 111/74/143
f 113/76/144 114/75/144 115/379/144
f 119/380/145 118/381/145 122/382/145 117/383/145
f 116/384/146 111/385/146 113/386/146
f 120/387/147 121/388/147 118/389/147 119/390/147
f 119/391/148 117/392/148 123/393/148 120/394/148
f 120/395/149 123/396/149 121/397/149
f 122/83/150 123/82/150 117/398/150
f 122/382/151 118/399/151 121/400/151
f 124/401/152 127/402/152 125/403/152
f 127/89/153 128/404/153 126/90/153
f 130/405/154 131/93/154 129/92/154
f 127/406/155 124/407/155 131/408/155 130/409/155 128/410/155
f 131/413/157 124/401/157 125/403/157
f 126/414/158 129/415/158 125/416/158
usemtl WoodWhite.001
f 144/95/34 142/96/34 155/97/34
f 153/98/35 143/99/35 145/100/35
f 133/101/36 149/102/36 154/103/36
f 133/101/37 153/104/37 149/102/37
f 175/105/38 206/106/38 207/107/38
f 155/108/39 160/109/39 159/110/39
f 153/104/40 165/111/40 164/112/40
f 169/113/41 172/114/41 147/115/41
f 164/112/42 181/116/42 153/104/42
f 165/111/43 183/117/43 164/112/43
f 149/102/44 184/118/44 154/103/44
f 154/103/42 186/119/42 187/120/42
f 161/121/45 189/122/45 163/123/45
f 187/120/42 190/124/42 161/121/42
f 155/108/46 159/110/46 192/125/46
f 225/126/47 197/127/47 156/128/47
f 156/128/48 199/129/48 200/130/48
f 200/130/49 203/131/49 157/132/49
f 196/133/50 218/134/50 219/135/50
f 164/136/51 222/137/51 221/138/51
f 202/139/35 212/140/35 201/141/35
f 192/142/52 214/143/52 191/144/52
f 168/145/53 204/146/53 210/147/53
f 156/148/54 230/149/54 155/150/54
f 229/151/55 233/152/55 232/153/55
f 246/154/56 245/155/56 242/156/56
f 248/157/57 247/158/57 245/159/57
f 247/160/58 243/161/58 242/162/58
f 253/163/59 252/164/59 249/165/59
f 255/166/57 254/167/57 252/168/57
f 254/169/60 250/170/60 249/171/60
f 256/172/61 259/173/61 258/174/61
f 139/60/156 134/411/156 137/412/156 140/61/156
f 145/417/159 152/418/159 165/111/159 153/104/159
f 136/419/63 137/420/63 134/421/63 135/422/63 132/423/63 133/424/63
f 141/425/160 140/426/160 137/427/160 136/428/160
f 133/101/161 132/429/161 153/104/161
f 135/430/162 134/431/162 139/432/162 138/433/162
f 135/430/35 138/433/35 156/434/35 132/435/35
f 153/98/163 132/435/163 156/434/163
f 144/436/164 150/437/164 146/438/164 142/439/164
f 142/440/165 146/441/165 160/109/165 155/108/165
f 221/442/53 220/443/53 181/216/53 164/444/53
f 157/132/166 148/445/166 143/446/166
f 213/447/35 195/239/35 196/238/35 219/448/35
f 145/449/167 143/59/167 148/450/167 152/451/167
f 151/452/168 152/451/168 148/450/168 147/453/168
f 150/437/169 151/452/169 147/453/169 146/438/169
f 219/135/170 218/134/170 189/454/170 190/455/170
f 161/121/171 150/456/171 144/457/171
f 180/458/172 211/459/172 222/460/172
f 194/461/53 217/462/53 218/463/53
f 211/464/79 180/272/79 181/271/79 220/465/79
f 217/466/173 194/325/173 195/324/173 213/467/173
f 144/457/174 154/103/174 187/120/174 161/121/174
f 205/468/53 174/469/53 175/470/53 207/471/53
f 218/463/53 217/462/53 188/472/53 189/473/53
f 219/448/35 190/474/35 187/475/35 213/447/35
f 143/446/175 156/128/175 200/130/175 157/132/175
f 191/476/176 225/126/176 155/108/176 192/125/176
f 133/477/53 154/478/53 155/97/53
f 153/98/35 156/434/35 143/99/35
f 136/428/177 133/477/177 155/97/177 141/425/177
f 166/479/178 204/480/178 157/132/178 169/113/178
f 154/478/53 144/95/53 155/97/53
f 167/481/179 166/479/179 169/113/179 147/115/179
f 167/481/180 147/115/180 148/445/180 168/482/180
f 168/482/181 148/445/181 157/132/181 204/480/181
f 171/483/182 170/484/182 160/109/182 146/441/182
f 169/113/183 160/109/183 170/484/183
f 172/114/184 171/483/184 146/441/184 147/115/184
f 174/485/185 173/486/185 161/121/185 163/123/185
f 175/487/186 174/485/186 163/123/186 151/488/186
f 175/487/187 151/488/187 150/456/187 206/489/187
f 206/489/188 150/456/188 161/121/188 173/486/188
f 177/490/189 176/491/189 163/123/189 165/111/189
f 178/492/190 177/490/190 165/111/190 152/418/190
f 179/493/191 178/492/191 152/418/191 151/488/191
f 179/493/192 151/488/192 163/123/192 176/491/192
f 180/494/193 149/102/193 153/104/193 181/116/193
f 180/494/194 222/495/194 162/496/194 149/102/194
f 164/112/195 162/496/195 222/495/195
f 182/497/42 162/496/42 164/112/42 183/117/42
f 185/498/42 162/496/42 187/120/42 186/119/42
f 162/496/196 182/497/196 163/123/196
f 162/496/197 185/498/197 149/102/197
f 188/499/198 162/496/198 163/123/198 189/122/198
f 154/103/42 184/118/42 186/119/42
f 162/496/42 188/499/42 187/120/42
f 195/500/49 194/501/49 158/502/49 159/110/49
f 161/121/42 190/124/42 189/122/42
f 159/110/49 158/502/49 193/503/49
f 156/128/48 197/127/48 199/129/48
f 195/500/199 159/110/199 160/109/199 196/504/199
f 196/504/200 160/109/200 169/113/200 218/505/200
f 194/501/201 218/505/201 169/113/201 158/502/201
f 193/503/202 158/502/202 225/126/202 191/476/202
f 225/126/203 158/502/203 198/506/203
f 199/129/49 198/506/49 158/502/49 200/130/49
f 202/507/204 201/508/204 158/502/204 169/113/204
f 158/502/49 201/508/49 200/130/49
f 203/131/205 202/507/205 169/113/205 157/132/205
f 212/509/79 223/510/79 200/511/79 201/307/79
f 214/143/206 192/142/206 184/512/206 149/513/206
f 205/514/207 169/513/207 170/515/207 173/516/207
f 224/517/208 203/518/208 200/519/208 223/520/208
f 216/521/35 186/522/35 184/523/35 192/524/35
f 205/468/209 207/471/209 172/319/209 169/525/209
f 214/526/34 149/527/34 185/528/34 215/529/34
f 173/530/210 170/531/210 171/532/210 206/533/210
f 208/534/211 176/535/211 177/536/211 204/537/211
f 202/538/212 203/307/212 224/539/212
f 216/540/213 215/541/213 185/542/213 186/543/213
f 207/107/214 206/106/214 171/544/214 172/545/214
f 215/529/53 193/546/53 191/547/53 214/526/53
f 209/548/35 179/531/35 176/549/35 208/550/35
f 204/146/53 177/551/53 178/552/53 210/147/53
f 159/553/35 216/521/35 192/524/35
f 211/464/215 220/465/215 197/554/215 225/555/215
f 212/509/79 182/230/79 183/141/79 223/510/79
f 215/541/213 216/540/213 159/299/213 193/298/213
f 209/556/213 210/557/213 178/558/213 179/559/213
f 166/560/216 208/534/216 204/537/216
f 220/443/53 221/442/53 199/561/53 197/562/53
f 202/139/217 163/563/217 182/564/217 212/140/217
f 222/460/218 211/459/218 225/565/218 198/566/218
f 224/517/219 223/520/219 183/567/219 165/568/219
f 208/550/35 166/569/35 167/570/35 209/548/35
f 213/467/173 187/560/173 188/571/173 217/466/173
f 221/138/220 222/137/220 198/455/220 199/454/220
f 224/539/221 165/559/221 163/572/221 202/538/221
f 174/144/216 205/514/216 173/516/216
f 210/557/213 209/556/213 167/307/213 168/511/213
f 229/573/222 138/574/222 139/575/222 226/576/222
f 225/126/223 156/128/223 155/108/223
f 227/577/224 226/576/224 139/575/224 140/578/224
f 228/579/225 227/577/225 140/578/225 141/580/225
f 230/149/226 228/579/226 141/580/226 155/150/226
f 232/581/227 156/148/227 138/574/227 229/573/227
f 156/148/228 232/581/228 230/149/228
f 233/582/229 229/583/229 226/584/229 227/585/229 228/586/229 231/587/229
f 230/588/230 232/589/230 233/590/230 231/591/230
f 228/592/231 230/593/231 231/594/231
f 236/595/232 234/596/232 235/597/232 237/598/232
f 239/599/233 238/600/233 236/601/233 237/602/233
f 240/603/234 238/604/234 239/605/234 241/606/234
f 237/607/79 235/608/79 241/609/79 239/610/79
f 235/611/235 234/612/235 240/613/235 241/614/235
f 238/615/63 240/616/63 234/617/63 236/618/63
f 248/619/236 246/620/236 244/621/236 243/622/236
f 242/162/237 243/161/237 244/623/237
f 244/624/238 246/625/238 242/626/238
f 246/154/239 248/627/239 245/155/239
f 255/628/236 253/629/236 251/630/236 250/631/236
f 248/157/240 243/357/240 247/158/240
f 247/632/241 242/633/241 245/634/241
f 249/171/237 250/170/237 251/635/237
f 251/636/238 253/637/238 249/638/238
f 253/163/239 255/639/239 252/164/239
f 262/640/242 258/641/242 261/642/242 263/643/242
f 255/166/240 250/644/240 254/167/240
f 254/169/243 249/171/243 252/645/243
f 256/646/244 257/647/244 259/648/244
f 258/174/245 259/173/245 260/649/245
f 260/650/246 261/651/246 258/652/246
f 260/653/247 259/654/247 257/655/247 263/656/247 261/657/247
f 257/647/248 256/646/248 262/658/248 263/659/248
f 262/660/249 256/661/249 258/662/249
usemtl Wood
f 269/666/251 267/667/251 272/668/251
f 266/665/252 268/664/252 269/669/252
f 268/664/253 267/670/253 269/669/253
f 264/671/254 266/672/254 265/673/254
f 272/674/255 265/673/255 271/675/255
f 349/733/278 352/734/278 353/735/278
f 397/736/279 349/733/279 384/737/279
f 350/740/283 378/742/283 351/738/283
f 368/743/284 379/744/284 356/745/284
f 402/746/284 380/747/284 357/744/284
f 401/748/284 381/749/284 358/750/284
f 400/751/284 382/752/284 359/749/284
f 399/753/284 383/754/284 360/755/284
f 398/756/284 377/737/284 361/754/284
f 455/763/290 502/764/290 434/765/290
f 456/766/290 503/767/290 435/768/290
f 457/769/290 504/770/290 436/767/290
f 458/771/290 505/772/290 437/773/290
f 459/774/290 506/775/290 438/772/290
f 460/776/290 507/777/290 439/775/290
f 461/778/290 508/779/290 440/777/290
f 462/780/290 509/781/290 441/782/290
f 463/783/290 510/784/290 442/785/290
f 464/786/290 511/787/290 443/784/290
f 465/788/290 512/789/290 444/787/290
f 653/790/291 514/791/291 446/792/291
f 652/793/291 515/794/291 447/795/291
f 651/796/291 516/797/291 448/798/291
f 650/799/291 517/800/291 449/801/291
f 649/802/291 518/803/291 450/804/291
f 648/805/291 519/806/291 451/807/291
f 647/808/291 520/809/291 452/810/291
f 646/811/292 521/812/292 453/813/292
f 645/814/292 467/815/292 454/816/292
f 645/814/293 414/817/293 467/815/293
f 646/811/294 415/814/294 521/812/294
f 647/808/294 416/811/294 520/809/294
f 648/805/295 417/818/295 519/806/295
f 649/802/295 418/805/295 518/803/295
f 650/799/296 419/819/296 517/800/296
f 651/796/296 420/799/296 516/797/296
f 652/793/297 421/796/297 515/794/297
f 653/790/297 422/820/297 514/791/297
f 465/788/298 423/821/298 512/789/298
f 464/786/299 424/788/299 511/787/299
f 463/783/300 425/786/300 510/784/300
f 462/780/301 426/783/301 509/781/301
f 461/778/302 427/780/302 508/779/302
f 460/776/303 428/778/303 507/777/303
f 459/774/304 429/776/304 506/775/304
f 458/771/305 430/774/305 505/772/305
f 457/769/306 431/771/306 504/770/306
f 456/766/307 432/769/307 503/767/307
f 455/763/307 433/766/307 502/764/307
f 558/822/308 562/741/308 559/823/308
f 356/745/309 571/824/309 563/825/309
f 357/744/309 572/826/309 580/827/309
f 358/750/309 573/828/309 579/829/309
f 359/749/309 574/830/309 578/831/309
f 360/755/309 575/832/309 577/833/309
f 361/754/309 570/834/309 576/835/309
f 654/836/310 588/837/310 501/838/310
f 590/760/311 587/760/311 585/760/311
f 588/837/312 589/757/312 583/839/312
f 589/757/313 582/735/313 583/839/313
f 584/760/314 590/760/314 585/760/314
f 501/838/315 588/837/315 581/734/315
f 434/765/316 632/840/316 601/841/316
f 435/768/316 633/842/316 602/843/316
f 436/767/316 634/844/316 603/845/316
f 437/773/316 635/846/316 604/847/316
f 438/772/316 636/848/316 605/849/316
f 439/775/316 637/850/316 606/851/316
f 440/777/316 638/852/316 607/853/316
f 441/782/316 639/854/316 608/855/316
f 442/785/316 640/856/316 609/857/316
f 443/784/317 641/858/317 610/859/317
f 444/787/317 642/860/317 611/861/317
f 445/862/318 643/863/318 612/864/318
f 587/865/319 644/866/319 522/867/319
f 600/868/320 612/864/320 643/863/320
f 379/744/321 367/869/321 571/824/321
f 380/747/322 366/748/322 572/826/322
f 381/749/323 365/751/323 573/828/323
f 382/752/321 364/753/321 574/830/321
f 383/754/322 363/756/322 575/832/322
f 368/743/324 356/745/324 563/825/324
f 402/746/325 357/744/325 580/827/325
f 401/748/326 358/750/326 579/829/326
f 400/751/327 359/749/327 578/831/327
f 399/753/325 360/755/325 577/833/325
f 398/756/326 361/754/326 576/835/326
f 377/737/322 362/870/322 570/834/322
f 600/868/328 643/863/328 513/792/328
f 499/871/329 645/814/329 631/871/329
f 498/872/330 646/811/330 630/872/330
f 497/873/330 647/808/330 629/873/330
f 496/874/330 648/805/330 628/874/330
f 495/875/330 649/802/330 627/875/330
f 494/876/329 650/799/329 626/876/329
f 493/877/329 651/796/329 625/877/329
f 492/878/329 652/793/329 624/878/329
f 491/879/329 653/790/329 623/879/329
f 455/763/331 434/765/331 601/841/331
f 456/766/332 435/768/332 602/843/332
f 502/764/333 433/766/333 632/840/333
f 457/769/332 436/767/332 603/845/332
f 503/767/333 432/769/333 633/842/333
f 458/771/334 437/773/334 604/847/334
f 504/770/335 431/771/335 634/844/335
f 459/774/334 438/772/334 605/849/334
f 505/772/335 430/774/335 635/846/335
f 460/776/334 439/775/334 606/851/334
f 506/775/335 429/776/335 636/848/335
f 461/778/332 440/777/332 607/853/332
f 507/777/333 428/778/333 637/850/333
f 462/780/332 441/782/332 608/855/332
f 508/779/333 427/780/333 638/852/333
f 463/783/332 442/785/332 609/857/332
f 509/781/336 426/783/336 639/854/336
f 464/786/334 443/784/334 610/859/334
f 510/784/335 425/786/335 640/856/335
f 465/788/334 444/787/334 611/861/334
f 511/787/335 424/788/335 641/858/335
f 466/821/278 445/862/278 612/864/278
f 512/789/337 423/821/337 642/860/337
f 500/880/338 591/817/338 414/817/338
f 536/871/339 592/814/339 415/814/339
f 537/872/339 593/811/339 416/811/339
f 538/873/340 594/818/340 417/818/340
f 539/874/341 595/881/341 418/805/341
f 540/875/341 596/819/341 419/819/341
f 541/876/342 597/799/342 420/799/342
f 542/882/340 598/796/340 421/796/340
f 543/883/343 599/820/343 422/820/343
f 774/920/353 770/921/353 773/922/353
f 769/923/354 774/920/354 775/924/354
f 765/925/355 769/926/355 764/927/355
f 763/928/356 768/929/356 770/930/356
f 1003/1022/353 999/921/353 1002/922/353
f 998/923/354 1003/1022/354 1004/924/354
f 992/928/356 997/929/356 999/930/356
f 1233/1088/411 1226/1089/411 1228/1090/411
f 1237/1091/412 1232/1092/412 1236/922/412
f 1228/1093/413 1237/1094/413 1227/1095/413
f 1227/925/414 1231/926/414 1233/1096/414
f 1226/928/415 1233/1097/415 1232/930/415
f 1454/1088/441 1452/1089/441 1455/1090/441
f 1463/1091/412 1457/1140/412 1461/1141/412
f 1457/1140/442 1458/1142/442 1462/1143/442
f 1455/1093/413 1463/1094/413 1453/1095/413
f 1453/925/443 1456/926/443 1454/927/443
f 1688/1088/411 1681/1089/411 1683/1090/411
f 1692/1186/462 1687/1140/462 1691/922/462
f 1686/923/463 1692/1186/463 1693/924/463
f 1682/925/464 1686/926/464 1688/1096/464
f 1681/928/415 1688/1097/415 1687/930/415
f 1934/1224/492 1930/1225/492 1933/922/492
f 1929/923/493 1934/1224/493 1935/924/493
f 2170/1272/492 2165/1225/492 2168/922/492
f 2164/923/510 2170/1272/510 2171/1273/510
f 2160/1274/511 2166/929/511 2159/928/511
f 270/1450/560 266/1451/560 269/1452/560
f 266/672/561 270/1453/561 271/675/561 265/673/561
f 272/668/564 267/667/564 265/673/564
f 397/736/627 396/1657/627 353/735/627 352/734/627
f 397/736/632 352/734/632 349/733/632
f 353/735/633 396/1657/633 384/737/633 349/733/633
f 355/741/634 351/738/634 378/742/634 385/1658/634
f 375/1659/635 376/1658/635 356/745/635 386/744/635
f 374/1660/635 387/1659/635 357/744/635 388/747/635
f 373/1661/635 389/1660/635 358/750/635 390/749/635
f 372/1662/635 391/1661/635 359/749/635 392/752/635
f 371/1663/635 393/1662/635 360/755/635 394/754/635
f 370/1657/635 395/1663/635 361/754/635 369/737/635
f 350/740/636 355/741/636 385/1658/636 403/1664/636
f 356/745/637 379/744/637 386/744/637
f 357/744/637 380/747/637 388/747/637
f 358/750/637 381/749/637 390/749/637
f 359/749/637 382/752/637 392/752/637
f 360/755/637 383/754/637 394/754/637
f 361/754/637 377/737/637 369/737/637
f 368/743/638 376/1658/638 375/1659/638 367/869/638
f 402/746/638 387/1659/638 374/1660/638 366/748/638
f 401/748/638 389/1660/638 373/1661/638 365/751/638
f 400/751/638 391/1661/638 372/1662/638 364/753/638
f 399/753/638 393/1662/638 371/1663/638 363/756/638
f 398/756/638 395/1663/638 370/1657/638 362/870/638
f 501/838/639 556/1665/639 405/735/639 404/734/639
f 350/740/640 403/1664/640 378/742/640
f 368/743/641 367/869/641 379/744/641
f 402/746/641 366/748/641 380/747/641
f 401/748/641 365/751/641 381/749/641
f 400/751/641 364/753/641 382/752/641
f 399/753/641 363/756/641 383/754/641
f 398/756/641 362/870/641 377/737/641
f 405/735/642 556/1665/642 654/836/642 410/733/642
f 408/740/647 522/867/647 644/866/647 409/760/647
f 501/838/648 404/734/648 410/733/648 654/836/648
f 513/792/649 445/862/649 466/821/649 600/868/649
f 468/821/650 423/821/650 465/788/650 611/861/650
f 434/765/651 502/764/651 523/764/651
f 435/768/651 503/767/651 524/767/651
f 436/767/651 504/770/651 525/770/651
f 437/773/651 505/772/651 526/772/651
f 438/772/651 506/775/651 527/775/651
f 439/775/651 507/777/651 528/777/651
f 440/777/651 508/779/651 529/779/651
f 441/782/651 509/781/651 530/781/651
f 442/785/651 510/784/651 531/784/651
f 443/784/651 511/787/651 532/787/651
f 444/787/651 512/789/651 533/789/651
f 600/868/652 466/821/652 534/821/652
f 469/788/653 424/788/653 464/786/653 610/859/653
f 470/786/654 425/786/654 463/783/654 609/857/654
f 471/783/655 426/783/655 462/780/655 608/855/655
f 472/780/656 427/780/656 461/778/656 607/853/656
f 473/778/657 428/778/657 460/776/657 606/851/657
f 474/776/658 429/776/658 459/774/658 605/849/658
f 475/774/659 430/774/659 458/771/659 604/847/659
f 476/771/660 431/771/660 457/769/660 603/845/660
f 477/769/661 432/769/661 456/766/661 602/843/661
f 478/766/662 433/766/662 455/763/662 601/841/662
f 535/1666/663 407/759/663 409/760/663 644/866/663
f 499/871/664 500/880/664 414/817/664 645/814/664
f 498/872/664 536/871/664 415/814/664 646/811/664
f 497/873/665 537/872/665 416/811/665 647/808/665
f 496/874/665 538/873/665 417/818/665 648/805/665
f 495/875/666 539/874/666 418/805/666 649/802/666
f 494/876/666 540/875/666 419/819/666 650/799/666
f 493/877/667 541/876/667 420/799/667 651/796/667
f 492/878/668 542/882/668 421/796/668 652/793/668
f 491/879/668 543/883/668 422/820/668 653/790/668
f 490/1667/669 544/879/669 600/868/669 534/821/669
f 545/1667/670 468/821/670 611/861/670 489/1668/670
f 546/1668/671 469/788/671 610/859/671 488/1669/671
f 547/1669/672 470/786/672 609/857/672 487/1670/672
f 548/1670/673 471/783/673 608/855/673 486/1671/673
f 549/1671/674 472/780/674 607/853/674 485/1672/674
f 550/1672/675 473/778/675 606/851/675 484/1673/675
f 551/1673/676 474/776/676 605/849/676 483/1674/676
f 552/1675/677 475/774/677 604/847/677 482/1676/677
f 553/1676/678 476/771/678 603/845/678 481/1677/678
f 554/1678/678 477/769/678 602/843/678 480/1679/678
f 555/1679/679 478/766/679 601/841/679 479/1665/679
f 408/740/680 407/759/680 535/1666/680 522/867/680
f 467/815/681 500/880/681 499/871/681 454/816/681
f 521/812/681 536/871/681 498/872/681 453/813/681
f 520/809/681 537/872/681 497/873/681 452/810/681
f 519/806/681 538/873/681 496/874/681 451/807/681
f 518/803/681 539/874/681 495/875/681 450/804/681
f 517/800/681 540/875/681 494/876/681 449/801/681
f 516/797/681 541/876/681 493/877/681 448/798/681
f 515/794/681 542/882/681 492/878/681 447/795/681
f 514/791/681 543/883/681 491/879/681 446/792/681
f 513/792/682 544/879/682 490/1667/682 445/862/682
f 444/787/683 533/789/683 545/1667/683 489/1668/683
f 443/784/683 532/787/683 546/1668/683 488/1669/683
f 442/785/683 531/784/683 547/1669/683 487/1670/683
f 441/782/683 530/781/683 548/1670/683 486/1671/683
f 440/777/683 529/779/683 549/1671/683 485/1672/683
f 439/775/683 528/777/683 550/1672/683 484/1673/683
f 438/772/683 527/775/683 551/1673/683 483/1674/683
f 437/773/683 526/772/683 552/1675/683 482/1676/683
f 436/767/683 525/770/683 553/1676/683 481/1677/683
f 435/768/683 524/767/683 554/1678/683 480/1679/683
f 434/765/683 523/764/683 555/1679/683 479/1665/683
f 561/735/684 396/1657/684 397/736/684 560/1680/684
f 561/735/685 557/733/685 384/737/685 396/1657/685
f 557/733/686 561/735/686 560/1680/686
f 560/1680/687 397/736/687 384/737/687 557/733/687
f 378/742/688 559/823/688 562/741/688 385/1658/688
f 569/1659/689 571/824/689 356/745/689 376/1658/689
f 568/1660/689 572/826/689 357/744/689 387/1659/689
f 567/1661/689 573/828/689 358/750/689 389/1660/689
f 566/1662/689 574/830/689 359/749/689 391/1661/689
f 565/1663/689 575/832/689 360/755/689 393/1662/689
f 564/1657/689 570/834/689 361/754/689 395/1663/689
f 403/1664/690 385/1658/690 562/741/690 558/822/690
f 569/1659/691 376/1658/691 563/825/691 367/869/691
f 568/1660/691 387/1659/691 580/827/691 366/748/691
f 567/1661/691 389/1660/691 579/829/691 365/751/691
f 566/1662/691 391/1661/691 578/831/691 364/753/691
f 565/1663/691 393/1662/691 577/833/691 363/756/691
f 564/1657/691 395/1663/691 576/835/691 362/870/691
f 403/1664/692 558/822/692 559/823/692 378/742/692
f 582/735/693 556/1665/693 501/838/693 581/734/693
f 571/824/694 367/869/694 563/825/694
f 572/826/694 366/748/694 580/827/694
f 573/828/694 365/751/694 579/829/694
f 574/830/694 364/753/694 578/831/694
f 575/832/694 363/756/694 577/833/694
f 570/834/694 362/870/694 576/835/694
f 582/735/695 588/837/695 654/836/695 556/1665/695
f 644/866/696 587/865/696 584/1681/696 535/1666/696
f 589/757/697 588/837/697 582/735/697
f 585/1682/698 586/740/698 584/1681/698
f 582/735/699 581/734/699 583/839/699
f 584/760/700 587/865/700 590/760/700
f 587/865/701 586/740/701 585/1682/701
f 583/839/702 581/734/702 588/837/702
f 522/867/703 586/740/703 587/865/703
f 631/871/704 645/814/704 591/817/704 500/880/704
f 630/872/704 646/811/704 592/814/704 536/871/704
f 629/873/705 647/808/705 593/811/705 537/872/705
f 628/874/705 648/805/705 594/818/705 538/873/705
f 627/875/706 649/802/706 595/881/706 539/874/706
f 626/876/707 650/799/707 596/819/707 540/875/707
f 625/877/707 651/796/707 597/799/707 541/876/707
f 624/878/708 652/793/708 598/796/708 542/882/708
f 623/879/709 653/790/709 599/820/709 543/883/709
f 622/1667/710 612/864/710 600/868/710 544/879/710
f 611/861/711 423/821/711 655/1667/711 489/1668/711
f 610/859/712 424/788/712 656/1668/712 488/1669/712
f 609/857/712 425/786/712 657/1669/712 487/1670/712
f 608/855/713 426/783/713 658/1670/713 486/1671/713
f 607/853/713 427/780/713 659/1671/713 485/1672/713
f 606/851/714 428/778/714 660/1672/714 484/1673/714
f 605/849/714 429/776/714 661/1673/714 483/1674/714
f 604/847/715 430/774/715 662/1675/715 482/1676/715
f 603/845/716 431/771/716 663/1676/716 481/1677/716
f 602/843/717 432/769/717 664/1678/717 480/1679/717
f 601/841/717 433/766/717 665/1679/717 479/1665/717
f 522/867/718 535/1666/718 584/1681/718 586/740/718
f 631/871/719 500/880/719 467/815/719 621/1683/719
f 630/872/719 536/871/719 521/812/719 620/1684/719
f 629/873/719 537/872/719 520/809/719 619/1685/719
f 628/874/719 538/873/719 519/806/719 618/1686/719
f 627/875/719 539/874/719 518/803/719 617/1687/719
f 626/876/719 540/875/719 517/800/719 616/1688/719
f 625/877/719 541/876/719 516/797/719 615/1689/719
f 624/878/719 542/882/719 515/794/719 614/1690/719
f 623/879/719 543/883/719 514/791/719 613/1691/719
f 622/1667/720 544/879/720 643/863/720 445/862/720
f 444/787/721 489/1668/721 655/1667/721 642/860/721
f 443/784/721 488/1669/721 656/1668/721 641/858/721
f 442/785/721 487/1670/721 657/1669/721 640/856/721
f 441/782/721 486/1671/721 658/1670/721 639/854/721
f 440/777/721 485/1672/721 659/1671/721 638/852/721
f 439/775/721 484/1673/721 660/1672/721 637/850/721
f 438/772/721 483/1674/721 661/1673/721 636/848/721
f 437/773/721 482/1676/721 662/1675/721 635/846/721
f 436/767/721 481/1677/721 663/1676/721 634/844/721
f 435/768/721 480/1679/721 664/1678/721 633/842/721
f 434/765/721 479/1665/721 665/1679/721 632/840/721
f 621/1683/722 467/815/722 591/817/722 645/814/722
f 620/1684/723 521/812/723 592/814/723 646/811/723
f 619/1685/724 520/809/724 593/811/724 647/808/724
f 618/1686/724 519/806/724 594/818/724 648/805/724
f 617/1687/724 518/803/724 595/881/724 649/802/724
f 616/1688/725 517/800/725 596/819/725 650/799/725
f 615/1689/725 516/797/725 597/799/725 651/796/725
f 614/1690/725 515/794/725 598/796/725 652/793/725
f 613/1691/725 514/791/725 599/820/725 653/790/725
f 571/824/726 569/1659/726 375/1659/726 386/744/726
f 642/860/727 423/821/727 611/861/727
f 641/858/728 424/788/728 610/859/728
f 640/856/729 425/786/729 609/857/729
f 639/854/729 426/783/729 608/855/729
f 638/852/730 427/780/730 607/853/730
f 637/850/730 428/778/730 606/851/730
f 636/848/731 429/776/731 605/849/731
f 635/846/732 430/774/732 604/847/732
f 634/844/732 431/771/732 603/845/732
f 633/842/733 432/769/733 602/843/733
f 632/840/734 433/766/734 601/841/734
f 572/826/735 568/1660/735 374/1660/735 388/747/735
f 573/828/735 567/1661/735 373/1661/735 390/749/735
f 574/830/726 566/1662/726 372/1662/726 392/752/726
f 575/832/735 565/1663/735 371/1663/735 394/754/735
f 570/834/735 564/1657/735 370/1657/735 369/737/735
f 386/744/736 379/744/736 571/824/736
f 388/747/737 380/747/737 572/826/737
f 390/749/738 381/749/738 573/828/738
f 392/752/736 382/752/736 574/830/736
f 394/754/737 383/754/737 575/832/737
f 375/1659/739 569/1659/739 367/869/739
f 374/1660/740 568/1660/740 366/748/740
f 373/1661/740 567/1661/740 365/751/740
f 372/1662/741 566/1662/741 364/753/741
f 371/1663/740 565/1663/740 363/756/740
f 369/737/742 377/737/742 570/834/742
f 376/1658/743 368/743/743 563/825/743
f 387/1659/744 402/746/744 580/827/744
f 389/1660/745 401/748/745 579/829/745
f 391/1661/746 400/751/746 578/831/746
f 393/1662/744 399/753/744 577/833/744
f 395/1663/745 398/756/745 576/835/745
f 612/864/278 622/1667/278 490/1667/278 534/821/278
f 370/1657/740 564/1657/740 362/870/740
f 523/764/747 502/764/747 632/840/747
f 524/767/747 503/767/747 633/842/747
f 525/770/748 504/770/748 634/844/748
f 526/772/749 505/772/749 635/846/749
f 527/775/749 506/775/749 636/848/749
f 528/777/747 507/777/747 637/850/747
f 529/779/747 508/779/747 638/852/747
f 530/781/749 509/781/749 639/854/749
f 531/784/748 510/784/748 640/856/748
f 532/787/749 511/787/749 641/858/749
f 533/789/747 512/789/747 642/860/747
f 534/821/278 466/821/278 612/864/278
f 621/1683/750 454/816/750 499/871/750 631/871/750
f 620/1684/750 453/813/750 498/872/750 630/872/750
f 619/1685/750 452/810/750 497/873/750 629/873/750
f 618/1686/751 451/807/751 496/874/751 628/874/751
f 617/1687/751 450/804/751 495/875/751 627/875/751
f 616/1688/751 449/801/751 494/876/751 626/876/751
f 615/1689/750 448/798/750 493/877/750 625/877/750
f 614/1690/750 447/795/750 492/878/750 624/878/750
f 613/1691/750 446/792/750 491/879/750 623/879/750
f 632/840/752 665/1679/752 555/1679/752 523/764/752
f 490/1667/278 622/1667/278 445/862/278
f 653/790/753 446/792/753 613/1691/753
f 652/793/753 447/795/753 614/1690/753
f 514/791/754 422/820/754 599/820/754
f 651/796/755 448/798/755 615/1689/755
f 515/794/756 421/796/756 598/796/756
f 650/799/757 449/801/757 616/1688/757
f 516/797/758 420/799/758 597/799/758
f 649/802/757 450/804/757 617/1687/757
f 517/800/759 419/819/759 596/819/759
f 648/805/760 451/807/760 618/1686/760
f 518/803/761 418/805/761 595/881/761
f 647/808/762 452/810/762 619/1685/762
f 519/806/763 417/818/763 594/818/763
f 646/811/764 453/813/764 620/1684/764
f 520/809/765 416/811/765 593/811/765
f 645/814/755 454/816/755 621/1683/755
f 521/812/766 415/814/766 592/814/766
f 467/815/761 414/817/761 591/817/761
f 633/842/767 664/1678/767 554/1678/767 524/767/767
f 634/844/768 663/1676/768 553/1676/768 525/770/768
f 635/846/768 662/1675/768 552/1675/768 526/772/768
f 636/848/768 661/1673/768 551/1673/768 527/775/768
f 637/850/752 660/1672/752 550/1672/752 528/777/752
f 638/852/752 659/1671/752 549/1671/752 529/779/752
f 639/854/768 658/1670/768 548/1670/768 530/781/768
f 640/856/768 657/1669/768 547/1669/768 531/784/768
f 641/858/768 656/1668/768 546/1668/768 532/787/768
f 642/860/752 655/1667/752 545/1667/752 533/789/752
f 423/821/769 468/821/769 545/1667/769 655/1667/769
f 544/879/599 513/792/599 643/863/599
f 424/788/769 469/788/769 546/1668/769 656/1668/769
f 425/786/769 470/786/769 547/1669/769 657/1669/769
f 426/783/769 471/783/769 548/1670/769 658/1670/769
f 427/780/769 472/780/769 549/1671/769 659/1671/769
f 428/778/769 473/778/769 550/1672/769 660/1672/769
f 429/776/769 474/776/769 551/1673/769 661/1673/769
f 430/774/770 475/774/770 552/1675/770 662/1675/770
f 431/771/771 476/771/771 553/1676/771 663/1676/771
f 432/769/769 477/769/769 554/1678/769 664/1678/769
f 433/766/769 478/766/769 555/1679/769 665/1679/769
f 763/1089/528 766/1090/528 765/1885/528 764/1088/528
f 774/1886/822 766/1887/822 763/1888/822 770/1889/822
f 768/1890/823 767/1891/823 770/921/823
f 769/923/824 772/1892/824 768/1890/824
f 769/1893/825 765/1095/825 766/1093/825 774/1094/825
f 764/927/826 769/926/826 768/1894/826
f 763/928/828 764/1274/828 768/929/828
f 1003/1886/822 994/1887/822 992/1888/822 999/1889/822
f 995/1885/528 993/1088/528 992/1089/528
f 995/1885/528 992/1089/528 994/1090/528
f 997/2410/823 996/2411/823 999/921/823
f 998/923/824 1001/2412/824 997/2410/824
f 997/1894/1003 993/927/1003 995/925/1003 998/926/1003
f 998/1893/825 995/1095/825 994/1093/825 1003/1094/825
f 992/928/1004 993/1274/1004 997/929/1004
f 1230/2705/1136 1229/2706/1136 1232/1092/1136 1233/2707/1136
f 1227/1885/1137 1233/1088/1137 1228/1090/1137
f 1230/2705/1138 1233/2707/1138 1231/2708/1138 1235/2412/1138
f 1237/1091/1139 1238/1273/1139 1231/2708/1139
f 1237/1886/1140 1228/1887/1140 1226/1888/1140 1232/1889/1140
f 1227/1095/1141 1237/1094/1141 1231/1893/1141
f 1463/1886/1293 1455/1887/1293 1452/1888/1293 1457/1889/1293
f 1453/1885/441 1454/1088/441 1455/1090/441
f 1463/1091/1139 1464/1273/1139 1456/2938/1139
f 1456/2938/1294 1460/2412/1294 1458/1142/1294
f 1453/1095/1141 1463/1094/1141 1456/1893/1141
f 1458/929/1295 1457/930/1295 1452/928/1295 1454/1274/1295
f 1454/927/1296 1456/926/1296 1458/1894/1296
f 1685/2705/1136 1684/3138/1136 1687/1140/1136 1688/2707/1136
f 1682/1885/1137 1688/1088/1137 1683/1090/1137
f 1685/2705/1398 1688/2707/1398 1686/923/1398 1690/2412/1398
f 1692/1886/1399 1683/1887/1399 1681/1888/1399 1687/1889/1399
f 1686/1893/1400 1682/1095/1400 1683/1093/1400 1692/1094/1400
f 1934/1886/1534 1925/1887/1534 1923/1888/1534 1930/1889/1534
f 1925/1090/599 1926/3354/599 1923/1089/599
f 1924/3355/599 1923/1089/599 1926/3354/599
f 1928/3356/1535 1927/2706/1535 1930/1225/1535
f 1929/923/1536 1932/1892/1536 1928/3356/1536
f 1928/1894/1537 1924/927/1537 1926/925/1537 1929/926/1537
f 1929/1893/1538 1926/1095/1538 1925/1093/1538 1934/1094/1538
f 1930/930/1539 1923/928/1539 1924/1274/1539 1928/929/1539
f 2170/1886/1534 2161/1887/1534 2159/1888/1534 2165/1889/1534
f 2162/1885/599 2160/1088/599 2161/1090/599
f 2159/1089/599 2161/1090/599 2160/1088/599
f 2166/3617/1668 2169/3618/1668 2165/1225/1668
f 2164/923/1536 2163/3619/1536 2166/3617/1536
f 2166/1894/1537 2160/927/1537 2162/925/1537 2164/926/1537
f 2164/1893/1538 2162/1095/1538 2161/1093/1538 2170/1094/1538
f 2159/928/1669 2166/929/1669 2165/930/1669
f 269/666/1770 272/668/1770 271/3973/1770 270/3974/1770
usemtl Grey
f 264/663/250 268/664/250 266/665/250
f 340/701/267 328/702/267 338/703/267
f 309/716/270 336/717/270 308/718/270
f 351/738/280 354/739/280 350/740/280
f 354/739/281 355/741/281 350/740/281
f 412/757/285 405/735/285 410/733/285
f 413/758/286 407/759/286 408/740/286
f 411/760/287 413/760/287 409/760/287
f 264/1454/562 267/1455/562 268/1456/562
f 264/1454/565 265/1461/565 267/1455/565
f 342/1489/577 339/1490/577 293/1491/577 294/1492/577
f 344/1496/579 296/1497/579 291/1498/579 292/1499/579
f 329/1500/580 343/1501/580 344/1496/580 292/1499/580
f 331/1502/581 341/1503/581 337/1504/581 330/1505/581
f 337/1506/582 338/1507/582 290/1508/582
f 287/1509/583 295/1510/583 343/1511/583 329/1512/583
f 291/1513/441 296/1514/441 342/1489/441 294/1492/441
f 293/1515/278 339/1516/278 341/1517/278 331/1518/278
f 289/1519/584 297/1520/584 335/1521/584 307/716/584
f 338/703/585 328/702/585 290/1508/585
f 328/1520/586 340/1522/586 684/1523/586 288/1521/586
f 685/1524/587 668/1525/587 297/1526/587 289/1527/587
f 337/1506/588 290/1508/588 330/1528/588
f 325/1537/591 285/1538/591 302/1539/591 299/1540/591
f 319/1541/592 317/1542/592 301/1543/592 298/1544/592
f 336/717/593 309/1545/593 310/1546/593 345/1547/593
f 346/1548/580 312/1549/580 319/1541/580 298/1544/580
f 348/1550/594 279/1551/594 308/1552/594 347/1553/594
f 300/1554/595 278/1555/595 312/1556/595 346/1557/595
f 348/1551/596 302/1559/596 285/1560/596 279/1561/596
f 297/1562/597 276/1563/597 314/1564/597 333/1565/597
f 345/1566/598 310/1567/598 277/1491/598 686/1568/598
f 672/1569/599 667/1569/599 669/1570/599 682/1570/599
f 671/1571/600 687/1572/600 276/1573/600 297/1574/600
f 308/718/601 336/717/601 347/1575/601
f 410/733/643 404/734/643 406/762/643 412/757/643
f 409/760/644 413/758/644 408/740/644
f 406/762/645 404/734/645 405/735/645
f 411/760/646 409/760/646 407/760/646
f 680/1692/278 683/1692/278 681/1693/278 673/1693/278
f 333/1703/775 314/1704/775 666/1693/775 670/1692/775
f 307/1705/776 335/1706/776 669/1570/776 667/1569/776
f 678/1555/278 278/1555/278 300/1554/278 674/1554/278
f 683/1692/599 670/1692/599 666/1693/599 681/1693/599
f 677/1510/278 295/1510/278 287/1509/278 675/1509/278
f 311/1555/599 678/1555/599 674/1554/599 332/1554/599
f 334/1510/599 677/1510/599 675/1509/599 306/1509/599
f 676/1569/278 672/1569/278 682/1570/278 679/1570/278
usemtl Brown
f 273/676/256 275/677/256 284/678/256
f 273/676/257 284/678/257 274/679/257
f 274/679/258 284/678/258 305/680/258
f 305/680/259 276/681/259 274/679/259
f 300/682/260 346/683/260 332/684/260
f 284/678/261 321/685/261 322/686/261
f 281/687/262 282/688/262 286/689/262
f 286/689/263 280/690/263 313/691/263
f 343/692/264 295/693/264 334/694/264
f 669/695/265 335/696/265 679/697/265
f 297/698/266 684/699/266 686/700/266
f 666/704/265 314/705/265 673/706/265
f 312/707/264 278/708/264 311/709/264
f 336/710/268 337/711/268 347/712/268
f 290/713/269 315/714/269 330/715/269
f 282/688/271 281/687/271 315/719/271
f 275/677/272 304/720/272 303/721/272
f 281/687/273 327/722/273 326/723/273
f 287/724/274 329/725/274 306/726/274
f 276/727/275 277/728/275 274/729/275
f 312/707/276 311/709/276 314/705/276
f 277/730/277 276/731/277 687/732/277
f 354/739/282 351/738/282 355/741/282
f 413/758/288 411/761/288 407/759/288
f 412/757/289 406/762/289 405/735/289
f 333/884/344 680/885/344 332/684/344
f 679/697/345 335/696/345 334/694/345
f 307/886/346 676/887/346 306/726/346
f 333/884/347 670/888/347 680/885/347
f 307/886/347 667/889/347 676/887/347
f 2338/1313/528 2341/1314/528 2339/1315/528
f 2337/1316/528 2340/1317/528 2339/1315/528
f 2340/1318/529 2349/1319/529 2339/1320/529
f 2341/1321/63 2346/1322/63 2337/1323/63
f 2357/1324/530 2343/1325/530 2356/1326/530
f 2357/1327/531 2358/1328/531 2343/1329/531
f 2356/1330/532 2342/1331/532 2358/1332/532
f 2356/1330/533 2358/1332/533 2357/1333/533
f 2370/1334/534 2347/1335/534 2368/1336/534
f 2345/1337/535 2359/1338/535 2369/1339/535
f 2361/1340/536 2368/1336/536 2369/1339/536
f 2353/1341/537 2370/1334/537 2350/1342/537
f 2354/1343/538 2366/1344/538 2362/1345/538
f 2361/1346/539 2360/1347/539 2365/1348/539
f 2359/1349/540 2345/1350/540 2346/1351/540
f 2368/1352/541 2347/1353/541 2348/1354/541
f 2359/1349/542 2371/1355/542 2370/1356/542
f 298/1457/563 301/1458/563 296/1459/563 344/1460/563
f 273/676/566 304/720/566 275/677/566
f 324/1462/567 321/685/567 284/678/567 275/677/567
f 283/1463/568 289/1464/568 307/1465/568 313/1466/568
f 341/1467/569 348/1468/569 347/1469/569 337/1470/569
f 292/1471/570 291/1472/570 318/1473/570 320/1474/570
f 282/688/571 316/1475/571 280/690/571 286/689/571
f 322/1476/572 321/1477/572 317/1478/572 319/1479/572
f 313/691/573 280/690/573 283/1480/573
f 286/689/574 320/1481/574 318/1482/574
f 340/1483/575 345/1484/575 686/1485/575 684/1486/575
f 316/1484/576 328/1487/576 288/1488/576 280/1485/576
f 333/1493/578 335/1494/578 297/1495/578
f 674/682/79 300/682/79 670/888/79 683/888/79
f 299/1529/589 302/1530/589 339/1531/589 342/1532/589
f 338/1533/590 336/1534/590 345/1535/590 340/1536/590
f 301/1543/441 317/1558/441 325/1537/441 299/1540/441
f 281/1576/602 331/1577/602 330/1578/602 315/1579/602
f 313/1580/603 307/1581/603 329/1582/603 286/1583/603
f 312/1584/604 284/1585/604 322/1586/604 319/1587/604
f 285/1588/605 323/1589/605 275/1590/605 279/1591/605
f 676/887/63 667/889/63 287/724/63 306/726/63
f 335/1592/606 333/1593/606 346/1594/606 343/1595/606
f 336/710/607 338/1596/607 337/711/607
f 680/885/63 670/888/63 300/682/63 332/684/63
f 343/1597/608 346/1598/608 298/1599/608 344/1600/608
f 279/1601/609 275/1602/609 303/1603/609 308/1604/609
f 318/1605/610 291/1606/610 294/1607/610 327/1608/610
f 275/677/611 323/1609/611 324/1462/611
f 308/1610/612 303/1611/612 304/1612/612 309/1613/612
f 294/1607/613 293/1614/613 326/1615/613 327/1608/613
f 309/1616/614 304/1617/614 273/1618/614 310/1619/614
f 327/722/615 281/687/615 286/689/615 318/1482/615
f 314/1620/616 305/1621/616 284/1622/616 312/1623/616
f 324/1624/617 323/1625/617 285/1626/617 325/1627/617
f 326/1628/618 293/1629/618 331/1630/618 281/1631/618
f 317/1632/619 321/1633/619 324/1624/619 325/1627/619
f 282/1634/620 290/1635/620 328/1636/620 316/1637/620
f 290/713/621 282/1638/621 315/714/621
f 280/1639/622 288/1640/622 289/1641/622 283/1642/622
f 310/1643/623 273/1644/623 274/1645/623 277/1646/623
f 286/1629/624 329/1647/624 292/1648/624 320/1649/624
f 339/1650/625 302/1651/625 348/1598/625 341/1597/625
f 305/1652/626 314/1653/626 276/1654/626
f 296/1655/441 301/1656/441 299/1529/441 342/1532/441
f 314/705/628 311/709/628 673/706/628
f 329/725/629 307/886/629 306/726/629
f 334/694/630 335/696/630 343/692/630
f 346/683/631 333/884/631 332/684/631
f 686/1694/772 671/1695/772 297/1696/772
f 297/1697/773 668/1698/773 684/1699/773
f 288/1700/774 685/1701/774 289/1702/774
f 673/706/79 311/709/79 278/708/79 666/704/79
f 679/697/79 334/694/79 295/693/79 669/695/79
f 306/724/63 675/724/63 672/889/63 676/889/63
f 675/724/79 287/724/79 667/889/79 672/889/79
f 681/704/63 666/704/63 278/708/63 678/708/63
f 682/695/63 669/695/63 295/693/63 677/693/63
f 686/1707/777 277/1708/777 687/1572/777 671/1571/777
f 288/1709/778 684/1565/778 668/1525/778 685/1524/778
f 676/1569/779 679/1570/779 334/1510/779 306/1509/779
f 680/1692/779 673/1693/779 311/1555/779 332/1554/779
f 311/708/79 673/704/79 681/704/79 678/708/79
f 332/682/63 674/682/63 683/888/63 680/888/63
f 334/693/79 679/695/79 682/695/79 677/693/79
f 2347/3794/1718 2338/3795/1718 2339/3796/1718 2348/3797/1718
f 2339/1315/528 2341/1314/528 2337/1316/528
f 2342/3798/1719 2344/3799/1719 2358/3800/1719
f 2342/3801/1720 2343/3802/1720 2344/3803/1720
f 2345/3804/1721 2340/3805/1721 2337/3806/1721 2346/3807/1721
f 2339/1320/1722 2349/1319/1722 2348/3808/1722
f 2340/1318/1723 2345/3809/1723 2349/1319/1723
f 2341/1321/63 2371/3810/63 2346/1322/63
f 2371/3811/1724 2341/3812/1724 2338/3795/1724 2347/3794/1724
f 2353/3813/1725 2352/3814/1725 2364/3815/1725
f 2350/3816/1726 2351/3817/1726 2366/3818/1726
f 2356/1326/1727 2343/1325/1727 2342/3819/1727
f 2343/1329/1728 2358/1328/1728 2344/3820/1728
f 2367/3821/1729 2363/3822/1729 2369/1339/1729 2359/1338/1729 2370/1334/1729
f 2350/1342/1730 2370/1334/1730 2368/1336/1730 2351/3823/1730
f 2369/1339/1731 2363/3822/1731 2360/3824/1731
f 2369/1339/1732 2360/3824/1732 2361/1340/1732
f 2361/1340/1733 2351/3823/1733 2368/1336/1733
f 2364/3825/1734 2367/3821/1734 2370/1334/1734
f 2353/1341/1735 2364/3825/1735 2370/1334/1735
f 2367/3826/1736 2355/3827/1736 2363/3828/1736
f 2348/1354/1741 2349/3849/1741 2369/3850/1741 2368/1352/1741
f 2354/1343/1742 2362/1345/1742 2365/3851/1742
f 2369/3850/1743 2349/3849/1743 2345/1350/1743
f 2370/1356/1744 2371/1355/1744 2347/1353/1744
f 2359/1349/1746 2346/1351/1746 2371/1355/1746
usemtl Brick.004
f 698/1710/63 694/1710/63 697/1711/63 703/1711/63
f 702/1712/63 696/1712/63 695/1713/63 701/1713/63
f 688/1714/63 690/1715/63 692/1716/63 691/1717/63
f 688/1718/441 691/1717/441 697/1711/441 694/1710/441
f 691/1717/278 692/1716/278 696/1712/278 697/1711/278
f 692/1716/528 690/1719/528 695/1713/528 696/1712/528
f 690/1719/599 688/1720/599 694/1721/599 695/1713/599
f 698/1721/63 701/1713/63 695/1713/63 694/1721/63
f 703/1711/63 697/1711/63 696/1712/63 702/1712/63
usemtl Black
f 701/1713/780 698/1721/780 689/1722/780 699/1723/780
f 702/1712/781 701/1713/781 699/1723/781 693/1724/781
f 703/1711/782 702/1712/782 693/1724/782 700/1725/782
f 698/1710/783 703/1711/783 700/1725/783 689/1726/783
f 697/1711/784 700/1725/784 689/1727/784 694/1710/784
f 695/1713/782 699/1728/782 689/1727/782 694/1710/782
f 696/1712/785 693/1724/785 699/1728/785 695/1713/785
f 697/1711/780 700/1725/780 693/1724/780 696/1712/780
usemtl Windows
f 772/1895/827 771/1896/827 767/1897/827 768/1898/827
f 771/1899/829 773/1900/829 770/1901/829 767/1902/829
f 775/1903/830 774/1904/830 773/1905/830 771/1906/830
f 769/1907/831 775/1908/831 771/1909/831 772/1910/831
f 1001/1895/827 1000/1896/827 996/1897/827 997/1898/827
f 1000/1899/829 1002/1900/829 999/1901/829 996/1902/829
f 1004/1903/830 1003/1904/830 1002/1905/830 1000/1906/830
f 998/1907/831 1004/1908/831 1000/1909/831 1001/1910/831
f 1235/1895/1142 1234/1896/1142 1229/1897/1142 1230/1898/1142
f 1234/1899/1143 1236/1900/1143 1232/1901/1143 1229/1902/1143
f 1238/1903/1144 1237/1904/1144 1236/1905/1144 1234/1906/1144
f 1231/1907/1145 1238/1908/1145 1234/1909/1145 1235/1910/1145
f 1460/1895/1297 1459/1896/1297 1462/1897/1297 1458/1898/1297
f 1459/1899/1143 1461/1900/1143 1457/1901/1143 1462/1902/1143
f 1464/1903/1144 1463/1904/1144 1461/1905/1144 1459/1906/1144
f 1456/1907/1145 1464/1908/1145 1459/1909/1145 1460/1910/1145
f 1690/1895/1142 1689/1896/1142 1684/1897/1142 1685/1898/1142
f 1689/1899/1143 1691/1900/1143 1687/1901/1143 1684/1902/1143
f 1693/1903/1401 1692/1904/1401 1691/1905/1401 1689/1906/1401
f 1686/1907/1402 1693/1908/1402 1689/1909/1402 1690/1910/1402
f 1932/1895/1540 1931/1896/1540 1927/1897/1540 1928/1898/1540
f 1931/1899/1541 1933/1900/1541 1930/1901/1541 1927/1902/1541
f 1935/1903/1542 1934/1904/1542 1933/1905/1542 1931/1906/1542
f 1929/1907/1543 1935/1908/1543 1931/1909/1543 1932/1910/1543
f 2163/1895/1540 2167/1896/1540 2169/1897/1540 2166/1898/1540
f 2167/1899/1541 2168/1900/1541 2165/1901/1541 2169/1902/1541
f 2171/1903/1542 2170/1904/1542 2168/1905/1542 2167/1906/1542
f 2164/1907/1543 2171/1908/1543 2167/1909/1543 2163/1910/1543
f 2353/3829/1737 2350/3830/1737 2366/3831/1737 2354/3832/1737 2352/3833/1737
f 2351/3834/1738 2361/3835/1738 2365/3836/1738 2362/3837/1738 2366/3838/1738
f 2354/3839/1739 2365/3840/1739 2360/3841/1739 2363/3842/1739 2355/3843/1739
f 2367/3844/1740 2364/3845/1740 2352/3846/1740 2354/3847/1740 2355/3848/1740
usemtl BlackStone
f 721/890/348 718/891/348 708/892/348
f 718/893/349 719/894/349 720/895/349
f 730/896/350 728/897/350 731/898/350
f 728/899/351 729/900/351 716/901/351
f 736/902/350 739/903/350 741/904/350
f 739/905/351 740/906/351 726/907/351
f 751/908/350 748/909/350 752/910/350
f 748/911/351 749/912/351 750/913/351
f 761/914/352 758/915/352 745/916/352
f 758/917/349 759/918/349 760/919/349
f 792/931/357 790/932/357 780/933/357
f 797/934/358 798/935/358 799/936/358
f 805/937/358 807/938/358 808/939/358
f 816/940/359 815/941/359 817/942/359
f 811/943/360 814/944/360 818/945/360
f 826/946/352 824/947/352 813/948/352
f 829/949/361 831/950/361 830/951/361
f 841/952/362 843/953/362 845/954/362
f 838/955/363 840/956/363 839/957/363
f 843/958/364 844/959/364 831/960/364
f 850/961/365 852/962/365 854/963/365
f 848/964/361 863/965/361 849/966/361
f 852/967/366 853/968/366 840/969/366
f 864/970/367 861/971/367 865/972/367
f 857/973/368 873/974/368 858/975/368
f 861/976/369 862/977/369 863/978/369
f 874/979/370 872/980/370 875/981/370
f 868/982/371 870/983/371 869/984/371
f 884/985/372 882/986/372 885/987/372
f 882/988/364 883/989/364 870/990/364
f 902/991/373 901/992/373 903/993/373
f 908/994/374 910/995/374 911/996/374
f 918/997/375 917/998/375 919/999/375
f 927/1000/376 925/1001/376 915/1002/376
f 935/1003/377 932/1004/377 936/1005/377
f 954/1006/378 952/1007/378 942/892/378
f 949/1008/379 951/1009/379 955/1010/379
f 963/1011/380 962/1012/380 964/898/380
f 968/1013/381 971/1014/381 972/904/381
f 967/1015/379 970/1016/379 973/1017/379
f 981/1018/382 979/1019/382 982/910/382
f 990/1020/383 987/1021/383 976/916/383
f 1022/1023/384 1019/1024/384 1009/933/384
f 1019/1025/385 1020/1026/385 1021/1027/385
f 1031/1028/350 1029/1029/350 1032/936/350
f 1029/1030/386 1030/1031/386 1017/1032/386
f 1038/1033/350 1040/1034/350 1042/939/350
f 1040/1035/387 1041/1036/387 1027/1037/387
f 1052/1038/388 1050/1039/388 1053/942/388
f 1050/1040/387 1051/1041/387 1037/1042/387
f 1062/1043/389 1060/1044/389 1048/948/389
f 1060/1045/385 1061/1046/385 1047/1047/385
f 1065/1048/390 1067/950/390 1066/951/390
f 1080/1049/365 1078/1050/365 1081/954/365
f 1074/1051/361 1076/956/361 1075/957/361
f 1078/1052/366 1079/959/366 1067/960/366
f 1089/1053/391 1087/1054/391 1090/963/391
f 1084/964/392 1099/965/392 1085/966/392
f 1087/1055/364 1088/968/364 1076/969/364
f 1100/1056/393 1097/1057/393 1101/972/393
f 1093/1058/394 1109/974/394 1094/975/394
f 1097/1059/395 1098/977/395 1099/978/395
f 1110/1060/396 1108/1061/396 1111/981/396
f 1104/1062/397 1106/983/397 1105/984/397
f 1120/1063/398 1118/1064/398 1121/987/398
f 1118/988/366 1119/989/366 1106/990/366
f 1138/1065/399 1137/1066/399 1139/993/399
f 1146/1067/400 1145/1068/400 1147/996/400
f 1154/1069/401 1153/1070/401 1155/999/401
f 1153/1071/402 1150/1072/402 1143/1073/402
f 1163/1074/403 1161/1075/403 1151/1002/403
f 1171/1076/404 1168/1077/404 1172/1005/404
f 1190/1078/405 1188/1079/405 1178/892/405
f 1197/1080/406 1196/1081/406 1198/898/406
f 1202/1082/407 1205/1083/407 1206/904/407
f 1201/1084/408 1204/1016/408 1207/1085/408
f 1215/1086/409 1213/1087/409 1216/910/409
f 1224/1020/410 1221/1021/410 1210/916/410
f 1255/1098/416 1253/1099/416 1243/933/416
f 1261/1100/417 1260/1101/417 1262/936/417
f 1268/1102/418 1270/1103/418 1271/939/418
f 1279/1104/419 1278/1105/419 1280/942/419
f 1274/1106/420 1277/1107/420 1281/1108/420
f 1289/1109/421 1287/1110/421 1276/948/421
f 1292/1111/422 1294/950/422 1293/951/422
f 1307/1112/423 1305/1113/423 1308/954/423
f 1301/1051/424 1303/956/424 1302/957/424
f 1305/1052/425 1306/959/425 1294/960/425
f 1316/1114/426 1314/1115/426 1317/963/426
f 1311/964/427 1326/965/427 1312/966/427
f 1314/1055/425 1315/968/425 1303/969/425
f 1327/1116/428 1324/1117/428 1328/972/428
f 1320/1118/429 1337/974/429 1321/975/429
f 1324/1119/430 1325/977/430 1326/978/430
f 1338/1120/431 1336/1121/431 1339/981/431
f 1331/1062/432 1333/983/432 1332/984/432
f 1347/1122/433 1345/1123/433 1348/987/433
f 1345/988/434 1346/989/434 1333/990/434
f 1365/1124/435 1364/1125/435 1366/993/435
f 1373/1126/436 1372/1127/436 1374/996/436
f 1380/1128/437 1379/1129/437 1381/999/437
f 1390/1130/438 1388/1131/438 1378/1002/438
f 1398/1132/439 1395/1133/439 1399/1005/439
f 1417/1134/405 1415/1135/405 1405/892/405
f 1422/1136/406 1424/1081/406 1425/898/406
f 1429/1137/406 1432/1138/406 1433/904/406
f 1441/1139/409 1439/1019/409 1442/910/409
f 1450/1020/440 1447/1021/440 1436/916/440
f 1481/1144/405 1479/1145/405 1469/933/405
f 1486/1146/406 1487/1147/406 1488/936/406
f 1494/1148/406 1496/938/406 1497/939/406
f 1505/1149/444 1504/1150/444 1506/942/444
f 1500/943/445 1503/944/445 1507/945/445
f 1515/1151/410 1513/1152/410 1502/948/410
f 1518/1153/446 1520/950/446 1519/951/446
f 1534/1154/447 1532/1155/447 1535/954/447
f 1527/1051/448 1529/956/448 1528/957/448
f 1532/1156/425 1533/959/425 1520/960/425
f 1543/1157/449 1541/1158/449 1544/963/449
f 1538/964/450 1553/965/450 1539/966/450
f 1541/1159/434 1542/968/434 1529/969/434
f 1554/1160/451 1551/1161/451 1555/972/451
f 1547/1058/452 1564/974/452 1548/975/452
f 1551/1059/430 1552/977/430 1553/978/430
f 1565/1162/453 1563/1163/453 1566/981/453
f 1558/1164/454 1560/983/454 1559/984/454
f 1574/1122/455 1572/1165/455 1575/987/455
f 1572/988/425 1573/989/425 1560/990/425
f 1592/1166/435 1591/1167/435 1593/993/435
f 1600/1168/437 1599/1169/437 1601/996/437
f 1605/1170/456 1608/1171/456 1609/999/456
f 1617/1000/457 1615/1172/457 1606/1002/457
f 1625/1173/458 1622/1174/458 1626/1005/458
f 1644/1175/405 1642/1176/405 1632/892/405
f 1652/1177/459 1651/1178/459 1653/898/459
f 1657/1179/460 1660/1180/460 1661/904/460
f 1656/1181/408 1659/1182/408 1662/1085/408
f 1670/1183/409 1668/1019/409 1671/910/409
f 1679/1184/461 1676/1185/461 1665/916/461
f 1711/1187/465 1708/1188/465 1698/933/465
f 1708/1189/466 1709/1026/466 1710/1027/466
f 1720/1190/467 1718/1029/467 1721/936/467
f 1718/1191/468 1719/1031/468 1706/1032/468
f 1727/1192/467 1729/1034/467 1731/939/467
f 1729/1193/468 1730/1036/468 1716/1037/468
f 1741/1194/467 1739/1039/467 1742/942/467
f 1739/1040/469 1740/1041/469 1726/1042/469
f 1751/1043/470 1749/1195/470 1737/948/470
f 1749/1196/466 1750/1046/466 1736/1047/466
f 1754/1153/471 1756/950/471 1755/951/471
f 1770/1197/472 1768/1198/472 1771/954/472
f 1763/1051/446 1765/956/446 1764/957/446
f 1768/1199/473 1769/959/473 1756/960/473
f 1779/1200/474 1777/1115/474 1780/963/474
f 1774/964/475 1789/965/475 1775/966/475
f 1777/1055/434 1778/968/434 1765/969/434
f 1790/1056/476 1787/971/476 1791/972/476
f 1783/1058/450 1800/974/450 1784/975/450
f 1787/1059/477 1788/977/477 1789/978/477
f 1801/1201/431 1799/1121/431 1802/981/431
f 1794/982/432 1796/983/432 1795/984/432
f 1810/1063/478 1808/1202/478 1811/987/478
f 1808/1203/473 1809/989/473 1796/990/473
f 1828/1204/479 1827/1205/479 1829/993/479
f 1836/1206/480 1835/1207/480 1837/996/480
f 1841/1208/481 1844/1209/481 1845/999/481
f 1853/1210/438 1851/1131/438 1842/1002/438
f 1861/1211/482 1858/1212/482 1862/1005/482
f 1881/1213/483 1878/1214/483 1868/892/483
f 1878/1215/484 1879/894/484 1880/895/484
f 1890/1216/485 1888/1217/485 1891/898/485
f 1888/899/486 1889/900/486 1876/901/486
f 1896/902/487 1899/1218/487 1901/904/487
f 1899/905/488 1900/906/488 1886/907/488
f 1911/1219/489 1908/1220/489 1912/910/489
f 1908/911/490 1909/912/490 1910/913/490
f 1921/1221/491 1918/1222/491 1905/916/491
f 1918/1223/484 1919/918/484 1920/919/484
f 1952/1226/494 1950/1227/494 1939/933/494
f 1959/1228/495 1958/1229/495 1960/936/495
f 1968/1230/496 1967/1231/496 1969/939/496
f 1977/1232/497 1976/1150/497 1978/942/497
f 1987/1043/491 1985/1233/491 1975/948/491
f 1990/1234/498 1992/950/498 1991/951/498
f 2006/1235/499 2004/1236/499 2007/954/499
f 1999/1237/498 2001/956/498 2000/957/498
f 2004/1238/500 2005/959/500 1992/960/500
f 2015/1239/499 2013/1240/499 2016/963/499
f 2009/1241/498 2023/965/498 2010/966/498
f 2013/1242/500 2014/968/500 2001/969/500
f 2024/1243/499 2021/1244/499 2025/972/499
f 2018/1058/498 2035/974/498 2019/975/498
f 2021/1245/500 2022/977/500 2023/978/500
f 2036/1246/501 2033/1247/501 2037/981/501
f 2028/982/498 2030/983/498 2029/984/498
f 2033/1248/500 2034/1249/500 2035/1250/500
f 2046/1251/502 2044/1252/502 2047/987/502
f 2044/1253/500 2045/989/500 2030/990/500
f 2064/1254/503 2063/1167/503 2065/993/503
f 2072/1255/503 2071/1256/503 2073/996/503
f 2077/1257/504 2079/1258/504 2080/999/504
f 2085/1259/505 2087/1260/505 2078/1002/505
f 2097/1261/506 2094/1262/506 2098/1005/506
f 2117/1263/507 2114/1264/507 2104/892/507
f 2114/893/508 2115/894/508 2116/895/508
f 2123/1265/487 2125/897/487 2127/898/487
f 2125/899/486 2126/900/486 2112/901/486
f 2132/1266/487 2135/1267/487 2137/904/487
f 2135/905/486 2136/906/486 2122/907/486
f 2147/1268/487 2144/1220/487 2148/910/487
f 2144/911/486 2145/912/486 2146/913/486
f 2157/1269/491 2154/1270/491 2141/916/491
f 2154/1271/509 2155/918/509 2156/919/509
f 2189/1275/507 2186/1276/507 2175/933/507
f 2186/1277/512 2187/1026/512 2188/1027/512
f 2198/1278/487 2196/1279/487 2199/936/487
f 2196/1191/513 2197/1031/513 2184/1032/513
f 2205/1280/514 2207/1281/514 2209/939/514
f 2207/1035/515 2208/1036/515 2194/1037/515
f 2219/1282/487 2217/1283/487 2220/942/487
f 2217/1284/516 2218/1041/516 2204/1042/516
f 2229/1043/517 2227/1285/517 2215/948/517
f 2227/1286/518 2228/1046/518 2214/1047/518
f 2232/1153/498 2234/950/498 2233/951/498
f 2246/1235/519 2245/1287/519 2247/954/519
f 2241/1288/520 2243/956/520 2242/957/520
f 2254/1289/499 2253/1290/499 2255/963/499
f 2250/1291/520 2262/965/520 2251/966/520
f 2263/1292/521 2261/1293/521 2264/972/521
f 2258/1294/522 2272/974/522 2259/975/522
f 2273/1295/523 2271/1296/523 2274/981/523
f 2267/1297/522 2269/983/522 2268/984/522
f 2283/1122/519 2281/1298/519 2284/987/519
f 2300/1299/503 2299/1167/503 2301/993/503
f 2308/1300/503 2307/1256/503 2309/996/503
f 2316/1301/524 2315/1302/524 2317/999/524
f 2325/1303/505 2323/1304/505 2314/1002/505
f 2323/1305/525 2321/1306/525 2324/1307/525
f 2334/1308/526 2331/1309/526 2335/1005/526
f 2331/1310/527 2332/1311/527 2333/1312/527
f 2388/1357/543 2386/1358/543 2389/1359/543
f 2386/1360/544 2387/1361/544 2375/1362/544
f 2399/1363/545 2396/1364/545 2384/1365/545
f 2396/1366/546 2397/1367/546 2398/1368/546
f 2409/1369/545 2406/1370/545 2394/1371/545
f 2406/1372/546 2407/1373/546 2408/1374/546
f 2419/1375/545 2416/1376/545 2404/1377/545
f 2416/1378/547 2417/1379/547 2418/1380/547
f 2428/1381/548 2425/1382/548 2429/1383/548
f 2425/1384/549 2426/1385/549 2427/1386/549
f 2438/1387/545 2435/1388/545 2422/1389/545
f 2435/1390/547 2436/1391/547 2437/1392/547
f 2449/1393/545 2446/1394/545 2433/1395/545
f 2446/1396/546 2447/1397/546 2448/1398/546
f 2459/1399/545 2456/1400/545 2443/1401/545
f 2456/1402/550 2457/1403/550 2458/1404/550
f 2468/1405/551 2465/1406/551 2453/1407/551
f 2465/1408/546 2466/1409/546 2467/1410/546
f 2488/1411/552 2486/1412/552 2474/1413/552
f 2481/1414/553 2485/1415/553 2489/1416/553
f 2496/1417/554 2495/1418/554 2483/1419/554
f 2491/1420/555 2494/1421/555 2497/1422/555
f 2505/1423/554 2503/1424/554 2492/1425/554
f 2499/1426/555 2502/1427/555 2506/1428/555
f 2513/1429/556 2511/1430/556 2500/1431/556
f 2520/1432/557 2518/1433/557 2521/1434/557
f 2530/1435/558 2528/1436/558 2531/1437/558
f 2539/1438/559 2537/1439/559 2540/1440/559
f 2547/1441/552 2545/1442/552 2534/1443/552
f 2542/1444/553 2544/1445/553 2548/1446/553
f 2557/1447/551 2554/1448/551 2543/1449/551
f 713/1729/786 707/1730/786 705/1731/786 711/1732/786
f 704/1733/787 710/1734/787 707/1735/787 713/1736/787
f 706/1737/788 712/1738/788 711/1739/788 705/1740/788
f 709/1741/789 720/1742/789 705/1743/789 708/1744/789
f 710/1745/790 704/1746/790 712/1747/790 706/1748/790
f 704/1749/791 713/1750/791 711/1751/791 712/1752/791
f 710/1745/792 706/1748/792 720/1753/792 709/1754/792
f 708/1744/793 707/1755/793 710/1756/793 709/1741/793
f 705/1743/794 720/1742/794 706/1757/794
f 719/1758/795 722/1759/795 709/1754/795 720/1753/795
f 708/1760/796 705/1731/796 707/1730/796
f 714/1761/797 718/891/797 721/890/797
f 715/1762/798 719/1763/798 718/1764/798 714/1765/798
f 722/1766/799 717/1767/799 721/1768/799
f 723/1769/789 716/1770/789 714/1771/789 731/1772/789
f 717/1773/800 722/1759/800 719/1758/800 715/1774/800
f 720/895/801 709/1775/801 708/1776/801 718/893/801
f 717/1773/792 715/1774/792 716/1777/792 723/1778/792
f 731/1772/802 721/1779/802 717/1780/802 723/1769/802
f 714/1771/794 716/1770/794 715/1781/794
f 708/1776/803 709/1775/803 722/1782/803 721/1783/803
f 729/1784/795 732/1785/795 723/1778/795 716/1777/795
f 731/1786/804 714/1761/804 721/890/804
f 724/1787/805 728/897/805 730/896/805
f 725/1788/806 729/1789/806 728/1790/806 724/1791/806
f 732/1792/807 727/1793/807 730/1794/807
f 733/1795/789 726/1796/789 724/1797/789 741/1798/789
f 727/1799/800 732/1785/800 729/1784/800 725/1800/800
f 723/1801/808 731/1802/808 728/899/808 716/901/808
f 727/1799/792 725/1800/792 726/1803/792 733/1804/792
f 741/1798/809 730/1805/809 727/1806/809 733/1795/809
f 724/1797/810 726/1796/810 725/1807/810
f 731/1802/811 723/1801/811 732/1808/811 730/1809/811
f 740/1810/795 742/1811/795 733/1804/795 726/1803/795
f 741/1812/804 724/1787/804 730/896/804
f 734/1813/805 739/903/805 736/902/805
f 735/1814/806 740/1815/806 739/1816/806 734/1817/806
f 742/1818/807 738/1819/807 736/1820/807
f 737/1821/789 750/1822/789 734/1823/789 752/1824/789
f 738/1825/800 742/1811/800 740/1810/800 735/1826/800
f 733/1827/808 741/1828/808 739/905/808 726/907/808
f 738/1825/792 735/1826/792 750/1829/792 737/1830/792
f 752/1824/809 736/1831/809 738/1832/809 737/1821/809
f 734/1823/794 750/1822/794 735/1833/794
f 741/1828/811 733/1827/811 742/1834/811 736/1835/811
f 749/1836/795 753/1837/795 737/1830/795 750/1829/795
f 752/1838/804 734/1813/804 736/902/804
f 743/1839/812 748/909/812 751/908/812
f 744/1840/806 749/1841/806 748/1842/806 743/1843/806
f 753/1844/799 747/1845/799 751/1846/799
f 746/1847/789 760/1848/789 743/1849/789 745/1850/789
f 747/1851/800 753/1837/800 749/1836/800 744/1852/800
f 737/1853/808 752/1854/808 748/911/808 750/913/808
f 747/1851/792 744/1852/792 760/1855/792 746/1856/792
f 745/1850/813 751/1857/813 747/1858/813 746/1847/813
f 743/1849/810 760/1848/810 744/1859/810
f 752/1854/814 737/1853/814 753/1860/814 751/1861/814
f 761/914/815 756/1862/815 754/1863/815 758/915/815
f 745/1864/816 743/1839/816 751/908/816
f 759/1865/795 762/1866/795 746/1856/795 760/1855/795
f 762/1867/817 757/1868/817 756/1869/817 761/1870/817
f 755/1871/818 759/1872/818 758/1873/818 754/1874/818
f 757/1875/819 755/1876/819 754/1877/819 756/1878/819
f 757/1879/820 762/1866/820 759/1865/820 755/1880/820
f 760/919/801 746/1881/801 745/1882/801 758/917/801
f 745/1882/821 746/1881/821 762/1883/821 761/1884/821
f 785/1911/786 779/1912/786 777/1913/786 783/1914/786
f 776/1915/787 782/1916/787 779/1917/787 785/1918/787
f 778/1919/788 784/1920/788 783/1921/788 777/1922/788
f 781/1923/789 791/1924/789 777/1925/789 780/1926/789
f 782/1927/832 776/1928/832 784/1929/832 778/1930/832
f 776/1931/791 785/1932/791 783/1933/791 784/1934/791
f 782/1927/833 778/1930/833 791/1935/833 781/1936/833
f 780/1926/834 779/1937/834 782/1938/834 781/1923/834
f 777/1925/835 791/1924/835 778/1939/835
f 787/1940/836 789/1941/836 781/1936/836 791/1935/836
f 780/1942/837 777/1913/837 779/1912/837
f 786/1943/838 790/932/838 792/931/838
f 793/1944/789 788/1945/789 786/1946/789 799/1947/789
f 790/1948/839 786/1949/839 787/1950/839
f 791/1027/801 781/1951/801 780/1952/801 790/1953/801
f 789/1941/840 787/1940/840 788/1954/840 793/1955/840
f 792/1956/841 789/1957/841 793/1944/841 799/1947/841
f 786/1946/842 788/1945/842 787/1958/842
f 780/1952/843 781/1951/843 789/1959/843 792/1960/843
f 790/1953/844 787/1026/844 791/1027/844
f 795/1961/836 800/1962/836 793/1955/836 788/1954/836
f 799/1963/845 786/1943/845 792/931/845
f 794/1964/846 798/935/846 797/934/846
f 801/1965/789 796/1966/789 794/1967/789 808/1968/789
f 798/1969/847 794/1970/847 795/1971/847
f 793/1972/808 799/1973/808 798/1974/808 788/1032/808
f 800/1962/840 795/1961/840 796/1975/840 801/1976/840
f 797/1977/848 800/1978/848 801/1965/848 808/1968/848
f 794/1967/842 796/1966/842 795/1979/842
f 799/1973/849 793/1972/849 800/1980/849 797/1981/849
f 798/1974/850 795/1031/850 788/1032/850
f 803/1982/851 806/1983/851 801/1976/851 796/1975/851
f 808/1984/852 794/1964/852 797/934/852
f 802/1985/853 807/938/853 805/937/853
f 809/1986/789 804/1987/789 802/1988/789 817/1989/789
f 807/1990/847 802/1991/847 803/1992/847
f 801/1993/808 808/1994/808 807/1995/808 796/1037/808
f 806/1983/840 803/1982/840 804/1996/840 809/1997/840
f 805/1998/848 806/1999/848 809/1986/848 817/1989/848
f 802/1988/842 804/1987/842 803/2000/842
f 808/1994/849 801/1993/849 806/2001/849 805/2002/849
f 807/1995/850 803/1036/850 796/1037/850
f 811/943/854 818/945/854 809/1997/854 804/1996/854
f 817/2003/855 802/1985/855 805/937/855
f 810/2004/856 815/941/856 816/940/856
f 819/2005/789 812/2006/789 810/2007/789 813/2008/789
f 818/2009/857 814/2010/857 816/2011/857
f 815/2012/847 810/2013/847 811/2014/847
f 809/2015/808 817/2016/808 815/2017/808 804/1042/808
f 814/944/858 811/943/858 812/2018/858 819/2019/858
f 813/2008/859 816/2020/859 814/2021/859 819/2005/859
f 810/2007/842 812/2006/842 811/2022/842
f 817/2016/803 809/2015/803 818/2023/803 816/2024/803
f 815/2017/850 811/1041/850 804/1042/850
f 826/946/860 822/2025/860 820/2026/860 824/947/860
f 813/2027/861 810/2004/861 816/940/861
f 825/2028/862 827/2029/862 819/2019/862 812/2018/862
f 827/2030/817 823/2031/817 822/2032/817 826/2033/817
f 821/2034/863 825/2035/863 824/2036/863 820/2037/863
f 823/2038/864 821/2039/864 820/2040/864 822/2041/864
f 823/2042/865 827/2029/865 825/2028/865 821/2043/865
f 812/1047/801 819/2044/801 813/2045/801 824/2046/801
f 813/2045/866 819/2044/866 827/2047/866 826/2048/866
f 824/2046/867 825/1046/867 812/1047/867
f 836/2049/868 832/2050/868 829/2051/868 834/2052/868
f 828/2053/869 833/2054/869 832/2055/869 836/2056/869
f 830/2057/870 835/2058/870 834/2059/870 829/2060/870
f 837/2061/871 831/950/871 829/949/871 845/2062/871
f 833/2063/872 828/2064/872 835/2065/872 830/2066/872
f 828/2067/873 836/2068/873 834/2069/873 835/2070/873
f 833/2063/874 830/2066/874 831/2071/874 837/2072/874
f 845/2062/875 832/2073/875 833/2074/875 837/2061/875
f 844/2075/876 846/2076/876 837/2072/876 831/2071/876
f 845/2077/877 829/2051/877 832/2050/877
f 838/2078/878 843/953/878 841/952/878
f 839/2079/879 844/2080/879 843/2081/879 838/2082/879
f 846/2083/880 842/2084/880 841/2085/880
f 847/2086/871 840/956/871 838/955/871 854/2087/871
f 842/2088/881 846/2076/881 844/2075/881 839/2089/881
f 831/960/882 837/2090/882 845/2091/882 843/958/882
f 842/2088/883 839/2089/883 840/2092/883 847/2093/883
f 854/2087/884 841/2094/884 842/2095/884 847/2086/884
f 845/2091/885 837/2090/885 846/2096/885 841/2097/885
f 853/2098/886 855/2099/886 847/2093/886 840/2092/886
f 854/2100/887 838/2078/887 841/952/887
f 848/2101/888 852/962/888 850/961/888
f 849/2102/889 853/2103/889 852/2104/889 848/2105/889
f 855/2106/880 851/2107/880 850/2108/880
f 856/2109/871 863/965/871 848/964/871 865/2110/871
f 851/2111/890 855/2099/890 853/2098/890 849/2112/890
f 840/969/882 847/2113/882 854/2114/882 852/967/882
f 851/2111/883 849/2112/883 863/2115/883 856/2116/883
f 865/2110/891 850/2117/891 851/2118/891 856/2109/891
f 854/2114/892 847/2113/892 855/2119/892 850/2120/892
f 864/970/893 859/2121/893 857/2122/893 861/971/893
f 865/2123/894 848/2101/894 850/961/894
f 862/2124/876 866/2125/876 856/2116/876 863/2115/876
f 866/2126/441 860/2127/441 859/2128/441 864/2129/441
f 858/2130/870 862/2131/870 861/2132/870 857/2133/870
f 867/2134/895 873/974/895 857/973/895 875/2135/895
f 860/2136/896 866/2125/896 862/2124/896 858/2137/896
f 856/2138/897 865/2139/897 861/976/897 863/978/897
f 860/2136/898 858/2137/898 873/2140/898 867/2141/898
f 859/2142/899 860/2143/899 867/2134/899 875/2135/899
f 865/2139/900 856/2138/900 866/2144/900 864/2145/900
f 874/979/901 871/2146/901 868/2147/901 872/980/901
f 875/2148/902 857/2122/902 859/2121/902
f 869/2149/903 876/2150/903 867/2141/903 873/2140/903
f 877/2151/871 870/983/871 868/982/871 885/2152/871
f 871/2153/904 874/2154/904 876/2155/904
f 872/2156/905 868/2157/905 869/2158/905
f 867/2159/906 875/2160/906 872/2161/906 873/1250/906
f 876/2150/907 869/2149/907 870/2162/907 877/2163/907
f 871/2164/908 876/2165/908 877/2151/908 885/2152/908
f 874/2166/909 875/2160/909 867/2159/909 876/2167/909
f 872/2161/910 869/1249/910 873/1250/910
f 884/985/911 880/2168/911 878/2169/911 882/986/911
f 885/2170/912 868/2147/912 871/2146/912
f 883/2171/913 886/2172/913 877/2163/913 870/2162/913
f 886/2173/914 881/2174/914 880/2175/914 884/2176/914
f 879/2177/879 883/2178/879 882/2179/879 878/2180/879
f 881/2181/915 879/2182/915 878/2183/915 880/2184/915
f 881/2185/916 886/2172/916 883/2171/916 879/2186/916
f 870/990/882 877/2187/882 885/2188/882 882/988/882
f 884/2189/917 885/2188/917 877/2187/917 886/2190/917
f 894/2191/918 890/2192/918 887/2193/918 892/2194/918
f 895/2195/919 891/2196/919 890/2197/919 894/2198/919
f 888/2199/920 893/2200/920 892/2201/920 887/2202/920
f 896/2203/921 889/2204/921 887/2205/921 903/2206/921
f 891/2207/922 895/2208/922 893/2209/922 888/2210/922
f 895/2211/923 894/2212/923 892/2213/923 893/2214/923
f 891/2207/924 888/2210/924 889/2215/924 896/2216/924
f 890/2197/925 891/2196/925 896/2217/925 903/2218/925
f 887/2205/926 889/2204/926 888/2219/926
f 898/2220/927 900/2221/927 896/2216/927 889/2215/927
f 903/2222/928 887/2193/928 890/2192/928
f 897/2223/929 901/992/929 902/991/929
f 904/2224/930 899/2225/930 897/2226/930 911/2227/930
f 901/2228/931 897/2229/931 898/2230/931
f 896/2231/932 903/2232/932 901/2233/932 889/2234/932
f 900/2221/933 898/2220/933 899/2235/933 904/2236/933
f 902/2237/934 900/2238/934 904/2239/934 911/2240/934
f 897/2226/935 899/2225/935 898/2241/935
f 903/2232/936 896/2231/936 900/2242/936 902/2243/936
f 901/2233/937 898/2244/937 889/2234/937
f 906/2245/938 909/2246/938 904/2236/938 899/2235/938
f 911/2247/939 897/2223/939 902/991/939
f 905/2248/940 910/995/940 908/994/940
f 912/2249/921 907/2250/921 905/2251/921 919/2252/921
f 910/2253/931 905/2254/931 906/2255/931
f 904/2256/932 911/2257/932 910/2258/932 899/2259/932
f 909/2246/941 906/2245/941 907/2260/941 912/2261/941
f 908/2262/934 909/2263/934 912/2264/934 919/2265/934
f 905/2251/942 907/2250/942 906/2266/942
f 911/2257/943 904/2256/943 909/2267/943 908/2268/943
f 910/2258/944 906/2269/944 899/2259/944
f 914/2270/945 916/2271/945 912/2261/945 907/2260/945
f 919/2272/946 905/2248/946 908/994/946
f 913/2273/947 917/998/947 918/997/947
f 920/2274/930 926/2275/930 913/2276/930 915/2277/930
f 917/2278/931 913/2279/931 914/2280/931
f 912/2281/932 919/2282/932 917/2283/932 907/1073/932
f 916/2271/948 914/2270/948 926/2284/948 920/2285/948
f 915/2286/949 918/2287/949 916/2288/949 920/2289/949
f 913/2276/935 926/2275/935 914/2290/935
f 919/2282/950 912/2281/950 916/2291/950 918/2292/950
f 917/2283/937 914/1072/937 907/1073/937
f 922/2293/938 924/2294/938 920/2285/938 926/2284/938
f 915/2295/951 913/2273/951 918/997/951
f 921/2296/952 925/1001/952 927/1000/952
f 923/2297/921 934/2298/921 921/2299/921 936/2300/921
f 925/2301/953 921/2302/953 922/2303/953
f 926/1307/954 920/2304/954 915/2305/954 925/2306/954
f 924/2294/941 922/2293/941 934/2307/941 923/2308/941
f 927/2309/955 924/2310/955 923/2311/955 936/2312/955
f 921/2299/942 934/2298/942 922/2313/942
f 915/2305/956 920/2304/956 924/2314/956 927/2315/956
f 925/2306/957 922/1306/957 926/1307/957
f 935/1003/958 930/2316/958 928/2317/958 932/1004/958
f 936/2318/946 921/2296/946 927/1000/946
f 933/2319/959 937/2320/959 923/2308/959 934/2307/959
f 937/2321/960 931/2322/960 930/2323/960 935/2324/960
f 929/2325/961 933/2326/961 932/2327/961 928/2328/961
f 931/2329/962 929/2330/962 928/2331/962 930/2332/962
f 931/2333/963 937/2320/963 933/2319/963 929/2334/963
f 923/2335/932 936/2336/932 932/2337/932 934/1312/932
f 936/2336/964 923/2335/964 937/2338/964 935/2339/964
f 932/2337/965 933/1311/965 934/1312/965
f 947/2340/786 941/2341/786 939/2342/786 945/2343/786
f 938/2344/787 944/1734/787 941/2345/787 947/2346/787
f 940/2347/788 946/2348/788 945/2349/788 939/2350/788
f 943/1741/789 953/1742/789 939/2351/789 942/1744/789
f 944/2352/790 938/1746/790 946/2353/790 940/2354/790
f 938/1749/791 947/2355/791 945/2356/791 946/2357/791
f 944/2352/966 940/2354/966 953/1753/966 943/1754/966
f 942/1744/967 941/1755/967 944/1756/967 943/1741/967
f 939/2351/968 953/1742/968 940/1757/968
f 949/1008/969 955/1010/969 943/1754/969 953/1753/969
f 942/1760/970 939/2342/970 941/2341/970
f 948/2358/971 952/1007/971 954/1006/971
f 956/1769/789 950/1770/789 948/2359/789 964/1772/789
f 955/2360/857 951/2361/857 954/2362/857
f 952/2363/972 948/2364/972 949/2365/972
f 953/895/801 943/1775/801 942/1776/801 952/2366/801
f 951/1009/973 949/1008/973 950/1777/973 956/1778/973
f 964/1772/813 954/1779/813 951/1780/813 956/1769/813
f 948/2359/974 950/1770/974 949/1781/974
f 942/1776/975 943/1775/975 955/1782/975 954/1783/975
f 952/2366/976 949/894/976 953/895/976
f 963/1011/977 960/2367/977 957/2368/977 962/1012/977
f 964/1786/978 948/2358/978 954/1006/978
f 958/2369/979 961/2370/979 956/1778/979 950/1777/979
f 965/1795/789 959/1796/789 957/2371/789 972/1798/789
f 960/2372/980 963/2373/980 961/2374/980
f 962/2375/981 957/2376/981 958/2377/981
f 956/1801/808 964/1802/808 962/2378/808 950/901/808
f 961/2370/982 958/2369/982 959/1803/982 965/1804/982
f 960/1805/983 961/1806/983 965/1795/983 972/1798/983
f 957/2371/974 959/1796/974 958/1807/974
f 963/1809/984 964/1802/984 956/1801/984 961/1808/984
f 962/2378/985 958/900/985 950/901/985
f 967/1015/969 973/1017/969 965/1804/969 959/1803/969
f 972/1812/986 957/2368/986 960/2367/986
f 966/2379/987 971/1014/987 968/1013/987
f 969/1821/789 980/1822/789 966/2380/789 982/1824/789
f 973/2381/988 970/1819/988 968/2382/988
f 971/2383/981 966/2384/981 967/2385/981
f 965/1827/808 972/1828/808 971/2386/808 959/907/808
f 970/1016/989 967/1015/989 980/1829/989 969/1830/989
f 982/1824/990 968/1831/990 970/1832/990 969/1821/990
f 966/2380/974 980/1822/974 967/1833/974
f 972/1828/991 965/1827/991 973/1834/991 968/1835/991
f 971/2386/985 967/906/985 959/907/985
f 975/2387/992 978/2388/992 969/1830/992 980/1829/992
f 982/1838/978 966/2379/978 968/1013/978
f 974/2389/993 979/1019/993 981/1018/993
f 977/1847/789 989/1848/789 974/2390/789 976/1850/789
f 979/2391/981 974/2392/981 975/2393/981
f 969/1853/808 982/1854/808 979/2394/808 980/913/808
f 978/2388/994 975/2387/994 989/1855/994 977/1856/994
f 976/1850/995 981/1857/995 978/1858/995 977/1847/995
f 974/2390/974 989/1848/974 975/1859/974
f 981/1861/996 982/1854/996 969/1853/996 978/1860/996
f 979/2394/985 975/912/985 980/913/985
f 990/1020/860 985/2395/860 983/1863/860 987/1021/860
f 976/1864/997 974/2389/997 981/1018/997
f 988/2396/998 991/2397/998 977/1856/998 989/1855/998
f 991/2398/817 986/1868/817 985/2399/817 990/2400/817
f 984/1871/999 988/2401/999 987/2402/999 983/2403/999
f 986/2404/1000 984/2405/1000 983/2406/1000 985/1878/1000
f 986/2407/865 991/2397/865 988/2396/865 984/2408/865
f 989/919/801 977/1881/801 976/1882/801 987/2409/801
f 976/1882/1001 977/1881/1001 991/1883/1001 990/1884/1001
f 987/2409/1002 988/918/1002 989/919/1002
f 1014/2413/786 1008/2414/786 1006/2415/786 1012/2416/786
f 1005/2417/787 1011/2418/787 1008/2419/787 1014/2420/787
f 1007/2421/788 1013/2422/788 1012/2423/788 1006/1922/788
f 1010/1923/789 1021/1924/789 1006/2424/789 1009/1926/789
f 1011/2425/790 1005/2426/790 1013/2427/790 1007/2428/790
f 1005/2429/791 1014/2430/791 1012/2431/791 1013/2432/791
f 1011/2425/1005 1007/2428/1005 1021/1935/1005 1010/1936/1005
f 1009/1926/1006 1008/1937/1006 1011/1938/1006 1010/1923/1006
f 1006/2424/968 1021/1924/968 1007/1939/968
f 1020/2433/1007 1023/2434/1007 1010/1936/1007 1021/1935/1007
f 1009/1942/1008 1006/2415/1008 1008/2414/1008
f 1015/2435/1009 1019/1024/1009 1022/1023/1009
f 1016/2436/1010 1020/2437/1010 1019/2438/1010 1015/2439/1010
f 1023/2440/1011 1018/2441/1011 1022/2442/1011
f 1024/1944/789 1017/1945/789 1015/2443/789 1032/1947/789
f 1018/2444/800 1023/2434/800 1020/2433/800 1016/2445/800
f 1021/1027/801 1010/1951/801 1009/1952/801 1019/1025/801
f 1018/2444/1005 1016/2445/1005 1017/1954/1005 1024/1955/1005
f 1032/1947/1012 1022/1956/1012 1018/1957/1012 1024/1944/1012
f 1015/2443/968 1017/1945/968 1016/1958/968
f 1009/1952/814 1010/1951/814 1023/1959/814 1022/1960/814
f 1030/2446/1007 1033/2447/1007 1024/1955/1007 1017/1954/1007
f 1032/1963/804 1015/2435/804 1022/1023/804
f 1025/2448/805 1029/1029/805 1031/1028/805
f 1026/2449/806 1030/2450/806 1029/2451/806 1025/2452/806
f 1033/2453/807 1028/2454/807 1031/2455/807
f 1034/1965/789 1027/1966/789 1025/2456/789 1042/1968/789
f 1028/2457/800 1033/2447/800 1030/2446/800 1026/2458/800
f 1024/1972/808 1032/1973/808 1029/1030/808 1017/1032/808
f 1028/2457/1005 1026/2458/1005 1027/1975/1005 1034/1976/1005
f 1042/1968/1013 1031/1977/1013 1028/1978/1013 1034/1965/1013
f 1025/2456/968 1027/1966/968 1026/1979/968
f 1032/1973/811 1024/1972/811 1033/1980/811 1031/1981/811
f 1041/2459/1007 1043/2460/1007 1034/1976/1007 1027/1975/1007
f 1042/1984/804 1025/2448/804 1031/1028/804
f 1035/2461/805 1040/1034/805 1038/1033/805
f 1036/2462/806 1041/2463/806 1040/2464/806 1035/1991/806
f 1043/2465/807 1039/2466/807 1038/2467/807
f 1044/1986/789 1037/1987/789 1035/2468/789 1053/1989/789
f 1039/2469/800 1043/2460/800 1041/2459/800 1036/2470/800
f 1034/1993/808 1042/1994/808 1040/1035/808 1027/1037/808
f 1039/2469/1005 1036/2470/1005 1037/1996/1005 1044/1997/1005
f 1053/1989/1013 1038/1998/1013 1039/1999/1013 1044/1986/1013
f 1035/2468/968 1037/1987/968 1036/2000/968
f 1042/1994/811 1034/1993/811 1043/2001/811 1038/2002/811
f 1051/2471/1007 1054/2472/1007 1044/1997/1007 1037/1996/1007
f 1053/2003/804 1035/2461/804 1038/1033/804
f 1045/2473/1014 1050/1039/1014 1052/1038/1014
f 1046/2474/806 1051/2475/806 1050/2476/806 1045/2477/806
f 1054/2478/799 1049/2479/799 1052/2480/799
f 1055/2005/789 1047/2006/789 1045/2481/789 1048/2008/789
f 1049/2482/800 1054/2472/800 1051/2471/800 1046/2483/800
f 1044/2015/808 1053/2016/808 1050/1040/808 1037/1042/808
f 1049/2482/1005 1046/2483/1005 1047/2018/1005 1055/2019/1005
f 1048/2008/1015 1052/2020/1015 1049/2021/1015 1055/2005/1015
f 1045/2481/968 1047/2006/968 1046/2022/968
f 1053/2016/1016 1044/2015/1016 1054/2023/1016 1052/2024/1016
f 1062/1043/815 1058/2484/815 1056/2485/815 1060/1044/815
f 1048/2027/1017 1045/2473/1017 1052/1038/1017
f 1061/2486/1007 1063/2487/1007 1055/2019/1007 1047/2018/1007
f 1063/2488/817 1059/2489/817 1058/2032/817 1062/2490/817
f 1057/2491/818 1061/2492/818 1060/2493/818 1056/2494/818
f 1059/2495/864 1057/2496/864 1056/2497/864 1058/2041/864
f 1059/2498/820 1063/2487/820 1061/2486/820 1057/2499/820
f 1047/1047/801 1055/2044/801 1048/2045/801 1060/1045/801
f 1048/2045/1018 1055/2044/1018 1063/2047/1018 1062/2048/1018
f 1072/2500/868 1068/2501/868 1065/2502/868 1070/2503/868
f 1064/2504/869 1069/2505/869 1068/2506/869 1072/2507/869
f 1066/2508/870 1071/2509/870 1070/2510/870 1065/2511/870
f 1073/2061/895 1067/950/895 1065/1048/895 1081/2062/895
f 1069/2512/872 1064/2513/872 1071/2514/872 1066/2515/872
f 1064/2516/873 1072/2517/873 1070/2518/873 1071/2519/873
f 1069/2512/1019 1066/2515/1019 1067/2071/1019 1073/2072/1019
f 1081/2062/1020 1068/2073/1020 1069/2074/1020 1073/2061/1020
f 1079/2520/886 1082/2521/886 1073/2072/886 1067/2071/886
f 1081/2077/1021 1065/2502/1021 1068/2501/1021
f 1074/2522/888 1078/1050/888 1080/1049/888
f 1075/2523/889 1079/2524/889 1078/2525/889 1074/2526/889
f 1082/2527/880 1077/2528/880 1080/2529/880
f 1083/2086/871 1076/956/871 1074/1051/871 1090/2087/871
f 1077/2530/890 1082/2521/890 1079/2520/890 1075/2531/890
f 1067/960/882 1073/2090/882 1081/2091/882 1078/1052/882
f 1077/2530/874 1075/2531/874 1076/2092/874 1083/2093/874
f 1090/2087/891 1080/2094/891 1077/2095/891 1083/2086/891
f 1081/2091/892 1073/2090/892 1082/2096/892 1080/2097/892
f 1088/2532/876 1091/2533/876 1083/2093/876 1076/2092/876
f 1090/2100/894 1074/2522/894 1080/1049/894
f 1084/2534/1022 1087/1054/1022 1089/1053/1022
f 1085/2535/879 1088/2536/879 1087/2537/879 1084/2538/879
f 1091/2539/1023 1086/2540/1023 1089/2541/1023
f 1092/2109/871 1099/965/871 1084/964/871 1101/2110/871
f 1086/2542/881 1091/2533/881 1088/2532/881 1085/2543/881
f 1076/969/882 1083/2113/882 1090/2114/882 1087/1055/882
f 1086/2542/1024 1085/2543/1024 1099/2115/1024 1092/2116/1024
f 1101/2110/1025 1089/2117/1025 1086/2118/1025 1092/2109/1025
f 1090/2114/1026 1083/2113/1026 1091/2119/1026 1089/2120/1026
f 1100/1056/893 1095/2544/893 1093/2545/893 1097/1057/893
f 1101/2123/1027 1084/2534/1027 1089/1053/1027
f 1098/2546/1028 1102/2547/1028 1092/2116/1028 1099/2115/1028
f 1102/2548/1029 1096/2549/1029 1095/2550/1029 1100/2551/1029
f 1094/2552/1030 1098/2553/1030 1097/2554/1030 1093/2555/1030
f 1103/2134/871 1109/974/871 1093/1058/871 1111/2135/871
f 1094/2556/1031 1096/2557/1031 1102/2547/1031 1098/2546/1031
f 1092/2138/906 1101/2139/906 1097/1059/906 1099/978/906
f 1096/2557/1032 1094/2556/1032 1109/2140/1032 1103/2141/1032
f 1095/2142/1033 1096/2143/1033 1103/2134/1033 1111/2135/1033
f 1101/2139/1034 1092/2138/1034 1102/2144/1034 1100/2145/1034
f 1110/1060/901 1107/2558/901 1104/2559/901 1108/1061/901
f 1111/2148/1035 1093/2545/1035 1095/2544/1035
f 1105/2560/1036 1112/2561/1036 1103/2141/1036 1109/2140/1036
f 1113/2151/895 1106/983/895 1104/1062/895 1121/2152/895
f 1107/2562/1037 1110/2563/1037 1112/2564/1037
f 1108/2565/1038 1104/2566/1038 1105/2567/1038
f 1103/2159/897 1111/2160/897 1108/2568/897 1109/1250/897
f 1112/2561/1039 1105/2560/1039 1106/2162/1039 1113/2163/1039
f 1107/2164/1040 1112/2165/1040 1113/2151/1040 1121/2152/1040
f 1110/2166/1041 1111/2160/1041 1103/2159/1041 1112/2167/1041
f 1108/2568/1042 1105/1249/1042 1109/1250/1042
f 1120/1063/1043 1116/2569/1043 1114/2570/1043 1118/1064/1043
f 1121/2170/912 1104/2559/912 1107/2558/912
f 1119/2571/1044 1122/2572/1044 1113/2163/1044 1106/2162/1044
f 1122/2573/1045 1117/2574/1045 1116/2575/1045 1120/2576/1045
f 1115/2577/879 1119/2578/879 1118/2579/879 1114/2580/879
f 1117/2581/915 1115/2582/915 1114/2583/915 1116/2584/915
f 1117/2585/916 1122/2572/916 1119/2571/916 1115/2586/916
f 1106/990/882 1113/2187/882 1121/2188/882 1118/988/882
f 1120/2189/1046 1121/2188/1046 1113/2187/1046 1122/2190/1046
f 1131/2587/1047 1127/2588/1047 1124/2589/1047 1129/2590/1047
f 1123/2591/919 1128/2592/919 1127/2593/919 1131/2594/919
f 1125/2595/920 1130/2596/920 1129/2597/920 1124/2598/920
f 1132/2203/930 1126/2204/930 1124/2205/930 1139/2206/930
f 1128/2599/922 1123/2600/922 1130/2601/922 1125/2602/922
f 1123/2603/923 1131/2604/923 1129/2605/923 1130/2606/923
f 1128/2599/1048 1125/2602/1048 1126/2215/1048 1132/2216/1048
f 1127/2593/1049 1128/2592/1049 1132/2217/1049 1139/2218/1049
f 1124/2205/1050 1126/2204/1050 1125/2219/1050
f 1134/2607/1051 1136/2608/1051 1132/2216/1051 1126/2215/1051
f 1139/2222/1052 1124/2589/1052 1127/2588/1052
f 1133/2609/1053 1137/1066/1053 1138/1065/1053
f 1140/2224/921 1135/2225/921 1133/2610/921 1147/2227/921
f 1137/2611/931 1133/2612/931 1134/2613/931
f 1132/2231/932 1139/2232/932 1137/2614/932 1126/2234/932
f 1136/2608/1054 1134/2607/1054 1135/2235/1054 1140/2236/1054
f 1147/2240/1055 1138/2615/1055 1136/2616/1055 1140/2239/1055
f 1133/2610/942 1135/2225/942 1134/2241/942
f 1139/2232/1056 1132/2231/1056 1136/2242/1056 1138/2243/1056
f 1137/2614/944 1134/2244/944 1126/2234/944
f 1142/2617/1057 1144/2618/1057 1140/2236/1057 1135/2235/1057
f 1147/2247/1058 1133/2609/1058 1138/1065/1058
f 1141/2619/1059 1145/1068/1059 1146/1067/1059
f 1148/2249/930 1143/2250/930 1141/2620/930 1155/2252/930
f 1145/2621/1060 1141/2254/1060 1142/2622/1060
f 1140/2256/932 1147/2257/932 1145/2623/932 1135/2259/932
f 1144/2618/1061 1142/2617/1061 1143/2260/1061 1148/2261/1061
f 1155/2265/1062 1146/2624/1062 1144/2625/1062 1148/2264/1062
f 1141/2620/1063 1143/2250/1063 1142/2266/1063
f 1147/2257/1064 1140/2256/1064 1144/2267/1064 1146/2268/1064
f 1145/2623/1065 1142/2269/1065 1135/2259/1065
f 1150/2626/1066 1152/2627/1066 1148/2261/1066 1143/2260/1066
f 1155/2272/1067 1141/2619/1067 1146/1067/1067
f 1149/2628/1068 1153/1070/1068 1154/1069/1068
f 1156/2274/921 1162/2275/921 1149/2629/921 1151/2277/921
f 1153/2630/1069 1149/2631/1069 1150/2632/1069
f 1148/2281/932 1155/2282/932 1153/1071/932 1143/1073/932
f 1152/2627/1070 1150/2626/1070 1162/2284/1070 1156/2285/1070
f 1151/2286/1071 1154/2633/1071 1152/2634/1071 1156/2289/1071
f 1149/2629/1072 1162/2275/1072 1150/2290/1072
f 1154/2292/1073 1155/2282/1073 1148/2281/1073 1152/2291/1073
f 1158/2635/1074 1160/2636/1074 1156/2285/1074 1162/2284/1074
f 1151/2295/1075 1149/2628/1075 1154/1069/1075
f 1157/2637/1076 1161/1075/1076 1163/1074/1076
f 1159/2297/930 1170/2298/930 1157/2638/930 1172/2300/930
f 1161/2639/1077 1157/2640/1077 1158/2641/1077
f 1162/1307/954 1156/2304/954 1151/2305/954 1161/2642/954
f 1160/2636/1078 1158/2635/1078 1170/2307/1078 1159/2308/1078
f 1163/2643/1079 1160/2644/1079 1159/2311/1079 1172/2312/1079
f 1157/2638/935 1170/2298/935 1158/2313/935
f 1151/2305/1080 1156/2304/1080 1160/2314/1080 1163/2315/1080
f 1161/2642/1081 1158/1306/1081 1162/1307/1081
f 1171/1076/958 1166/2645/958 1164/2646/958 1168/1077/958
f 1172/2318/1082 1157/2637/1082 1163/1074/1082
f 1169/2647/1083 1173/2648/1083 1159/2308/1083 1170/2307/1083
f 1173/2649/960 1167/2650/960 1166/2651/960 1171/2652/960
f 1165/2653/961 1169/2654/961 1168/2655/961 1164/2656/961
f 1167/2329/962 1165/2657/962 1164/2658/962 1166/2332/962
f 1167/2659/963 1173/2648/963 1169/2647/963 1165/2660/963
f 1159/2335/932 1172/2336/932 1168/2661/932 1170/1312/932
f 1172/2336/1084 1159/2335/1084 1173/2338/1084 1171/2339/1084
f 1168/2661/1085 1169/1311/1085 1170/1312/1085
f 1183/2662/1086 1177/2663/1086 1175/2664/1086 1181/2665/1086
f 1174/2666/1087 1180/2667/1087 1177/2668/1087 1183/2346/1087
f 1176/2669/1088 1182/2670/1088 1181/2671/1088 1175/2672/1088
f 1179/1741/1089 1189/1742/1089 1175/2673/1089 1178/1744/1089
f 1180/2674/1090 1174/2675/1090 1182/2676/1090 1176/2677/1090
f 1174/2678/1091 1183/2355/1091 1181/2356/1091 1182/2679/1091
f 1180/2674/1092 1176/2677/1092 1189/1753/1092 1179/1754/1092
f 1178/1744/1093 1177/1755/1093 1180/1756/1093 1179/1741/1093
f 1175/2673/1094 1189/1742/1094 1176/1757/1094
f 1185/1008/1095 1187/2680/1095 1179/1754/1095 1189/1753/1095
f 1178/1760/1096 1175/2664/1096 1177/2663/1096
f 1184/1761/1097 1188/1079/1097 1190/1078/1097
f 1191/1769/1089 1186/1770/1089 1184/2681/1089 1198/1772/1089
f 1188/2363/1098 1184/2682/1098 1185/2683/1098
f 1189/895/1099 1179/1775/1099 1178/1776/1099 1188/2366/1099
f 1187/2680/1100 1185/1008/1100 1186/1777/1100 1191/1778/1100
f 1190/1779/1101 1187/1780/1101 1191/1769/1101 1198/1772/1101
f 1184/2681/1102 1186/1770/1102 1185/1781/1102
f 1178/1776/1103 1179/1775/1103 1187/1782/1103 1190/1783/1103
f 1188/2366/1104 1185/894/1104 1189/895/1104
f 1193/2684/1105 1195/2685/1105 1191/1778/1105 1186/1777/1105
f 1198/1786/1106 1184/1761/1106 1190/1078/1106
f 1192/1787/1107 1196/1081/1107 1197/1080/1107
f 1199/1795/1089 1194/1796/1089 1192/2686/1089 1206/1798/1089
f 1196/2375/1108 1192/2687/1108 1193/2688/1108
f 1191/1801/1109 1198/1802/1109 1196/2689/1109 1186/901/1109
f 1195/2685/1110 1193/2684/1110 1194/1803/1110 1199/1804/1110
f 1197/1805/1111 1195/1806/1111 1199/1795/1111 1206/1798/1111
f 1192/2686/1102 1194/1796/1102 1193/1807/1102
f 1198/1802/1112 1191/1801/1112 1195/1808/1112 1197/1809/1112
f 1196/2689/1113 1193/900/1113 1186/901/1113
f 1201/1084/1114 1207/1085/1114 1199/1804/1114 1194/1803/1114
f 1206/1812/1115 1192/1787/1115 1197/1080/1115
f 1200/2690/1116 1205/1083/1116 1202/1082/1116
f 1203/1821/1089 1214/1822/1089 1200/1823/1089 1216/1824/1089
f 1207/2381/1117 1204/1819/1117 1202/2382/1117
f 1205/2383/1108 1200/2384/1108 1201/2691/1108
f 1199/1827/1109 1206/1828/1109 1205/2692/1109 1194/907/1109
f 1204/1016/1118 1201/1084/1118 1214/1829/1118 1203/1830/1118
f 1216/1824/1119 1202/1831/1119 1204/1832/1119 1203/1821/1119
f 1200/1823/1102 1214/1822/1102 1201/1833/1102
f 1206/1828/1120 1199/1827/1120 1207/1834/1120 1202/1835/1120
f 1205/2692/1113 1201/906/1113 1194/907/1113
f 1209/2693/1121 1212/2694/1121 1203/1830/1121 1214/1829/1121
f 1216/1838/1122 1200/2690/1122 1202/1082/1122
f 1208/2695/1123 1213/1087/1123 1215/1086/1123
f 1211/1847/1089 1223/1848/1089 1208/1849/1089 1210/1850/1089
f 1213/2391/1108 1208/2696/1108 1209/2393/1108
f 1203/1853/1109 1216/1854/1109 1213/2394/1109 1214/913/1109
f 1212/2694/1124 1209/2693/1124 1223/1855/1124 1211/1856/1124
f 1210/1850/1125 1215/1857/1125 1212/1858/1125 1211/1847/1125
f 1208/1849/1102 1223/1848/1102 1209/1859/1102
f 1215/1861/1126 1216/1854/1126 1203/1853/1126 1212/1860/1126
f 1213/2394/1113 1209/912/1113 1214/913/1113
f 1224/1020/1127 1219/1862/1127 1217/1863/1127 1221/1021/1127
f 1210/1864/1128 1208/2695/1128 1215/1086/1128
f 1222/2697/1129 1225/2397/1129 1211/1856/1129 1223/1855/1129
f 1225/2398/1130 1220/1868/1130 1219/2399/1130 1224/2400/1130
f 1218/1871/1131 1222/2698/1131 1221/2402/1131 1217/2403/1131
f 1220/2699/1132 1218/2700/1132 1217/2701/1132 1219/2702/1132
f 1220/2703/1133 1225/2397/1133 1222/2697/1133 1218/2704/1133
f 1223/919/1099 1211/1881/1099 1210/1882/1099 1221/2409/1099
f 1210/1882/1134 1211/1881/1134 1225/1883/1134 1224/1884/1134
f 1221/2409/1135 1222/918/1135 1223/919/1135
f 1248/2709/1086 1242/2710/1086 1240/2711/1086 1246/2712/1086
f 1239/2713/1146 1245/2714/1146 1242/2715/1146 1248/2716/1146
f 1241/2717/1088 1247/2718/1088 1246/2719/1088 1240/2720/1088
f 1244/1923/1089 1254/1924/1089 1240/1925/1089 1243/1926/1089
f 1245/2425/1147 1239/2721/1147 1247/2722/1147 1241/2428/1147
f 1239/2429/1148 1248/2430/1148 1246/2723/1148 1247/1934/1148
f 1245/2425/1149 1241/2428/1149 1254/1935/1149 1244/1936/1149
f 1243/1926/1150 1242/1937/1150 1245/1938/1150 1244/1923/1150
f 1240/1925/1151 1254/1924/1151 1241/1939/1151
f 1250/2724/1152 1252/2725/1152 1244/1936/1152 1254/1935/1152
f 1243/1942/1153 1240/2711/1153 1242/2710/1153
f 1249/2726/1154 1253/1099/1154 1255/1098/1154
f 1256/1944/1089 1251/1945/1089 1249/2727/1089 1262/1947/1089
f 1253/2728/1098 1249/2439/1098 1250/2729/1098
f 1254/1027/1099 1244/1951/1099 1243/1952/1099 1253/2730/1099
f 1252/2725/1155 1250/2724/1155 1251/1954/1155 1256/1955/1155
f 1255/1956/1156 1252/1957/1156 1256/1944/1156 1262/1947/1156
f 1249/2727/1102 1251/1945/1102 1250/1958/1102
f 1243/1952/1157 1244/1951/1157 1252/1959/1157 1255/1960/1157
f 1253/2730/1104 1250/1026/1104 1254/1027/1104
f 1258/2731/1152 1263/2732/1152 1256/1955/1152 1251/1954/1152
f 1262/1963/1158 1249/2726/1158 1255/1098/1158
f 1257/2448/1159 1260/1101/1159 1261/1100/1159
f 1264/1965/1089 1259/1966/1089 1257/2733/1089 1271/1968/1089
f 1260/2734/1108 1257/2452/1108 1258/2735/1108
f 1256/1972/1109 1262/1973/1109 1260/2736/1109 1251/1032/1109
f 1263/2732/1155 1258/2731/1155 1259/1975/1155 1264/1976/1155
f 1261/1977/1160 1263/1978/1160 1264/1965/1160 1271/1968/1160
f 1257/2733/1102 1259/1966/1102 1258/1979/1102
f 1262/1973/1161 1256/1972/1161 1263/1980/1161 1261/1981/1161
f 1260/2736/1113 1258/1031/1113 1251/1032/1113
f 1266/2737/1152 1269/2738/1152 1264/1976/1152 1259/1975/1152
f 1271/1984/1162 1257/2448/1162 1261/1100/1162
f 1265/2739/1159 1270/1103/1159 1268/1102/1159
f 1272/1986/1089 1267/1987/1089 1265/2468/1089 1280/1989/1089
f 1270/2740/1108 1265/2741/1108 1266/2742/1108
f 1264/1993/1109 1271/1994/1109 1270/2743/1109 1259/1037/1109
f 1269/2738/1110 1266/2737/1110 1267/1996/1110 1272/1997/1110
f 1268/1998/1160 1269/1999/1160 1272/1986/1160 1280/1989/1160
f 1265/2468/1102 1267/1987/1102 1266/2000/1102
f 1271/1994/1161 1264/1993/1161 1269/2001/1161 1268/2002/1161
f 1270/2743/1113 1266/1036/1113 1259/1037/1113
f 1274/1106/1114 1281/1108/1114 1272/1997/1114 1267/1996/1114
f 1280/2003/1163 1265/2739/1163 1268/1102/1163
f 1273/2473/1164 1278/1105/1164 1279/1104/1164
f 1282/2005/1089 1275/2006/1089 1273/2481/1089 1276/2008/1089
f 1281/2744/1165 1277/2745/1165 1279/2746/1165
f 1278/2747/1108 1273/2748/1108 1274/2749/1108
f 1272/2015/1109 1280/2016/1109 1278/2750/1109 1267/1042/1109
f 1277/1107/1166 1274/1106/1166 1275/2018/1166 1282/2019/1166
f 1276/2008/1167 1279/2020/1167 1277/2021/1167 1282/2005/1167
f 1273/2481/1102 1275/2006/1102 1274/2022/1102
f 1280/2016/1168 1272/2015/1168 1281/2023/1168 1279/2024/1168
f 1278/2750/1113 1274/1041/1113 1267/1042/1113
f 1289/1109/1169 1285/2751/1169 1283/2026/1169 1287/1110/1169
f 1276/2027/1170 1273/2473/1170 1279/1104/1170
f 1288/2752/1171 1290/2753/1171 1282/2019/1171 1275/2018/1171
f 1290/2754/1130 1286/2489/1130 1285/2755/1130 1289/2756/1130
f 1284/2491/1131 1288/2757/1131 1287/2758/1131 1283/2759/1131
f 1286/2038/1172 1284/2496/1172 1283/2760/1172 1285/2761/1172
f 1286/2762/1133 1290/2753/1133 1288/2752/1133 1284/2763/1133
f 1275/1047/1099 1282/2044/1099 1276/2045/1099 1287/2764/1099
f 1276/2045/1173 1282/2044/1173 1290/2047/1173 1289/2048/1173
f 1287/2764/1174 1288/1046/1174 1275/1047/1174
f 1299/2500/1175 1295/2765/1175 1292/2766/1175 1297/2767/1175
f 1291/2768/1176 1296/2769/1176 1295/2770/1176 1299/2771/1176
f 1293/2772/1177 1298/2773/1177 1297/2774/1177 1292/2775/1177
f 1300/2061/1178 1294/950/1178 1292/1111/1178 1308/2062/1178
f 1296/2776/1179 1291/2513/1179 1298/2065/1179 1293/2777/1179
f 1291/2516/1180 1299/2517/1180 1297/2069/1180 1298/2070/1180
f 1296/2776/1181 1293/2777/1181 1294/2071/1181 1300/2072/1181
f 1308/2062/1182 1295/2073/1182 1296/2074/1182 1300/2061/1182
f 1306/2778/1183 1309/2779/1183 1300/2072/1183 1294/2071/1183
f 1308/2077/1184 1292/2766/1184 1295/2765/1184
f 1301/2780/1185 1305/1113/1185 1307/1112/1185
f 1302/2781/1186 1306/2782/1186 1305/2081/1186 1301/2783/1186
f 1309/2784/1187 1304/2084/1187 1307/2785/1187
f 1310/2086/1178 1303/956/1178 1301/1051/1178 1317/2087/1178
f 1304/2088/1188 1309/2779/1188 1306/2778/1188 1302/2531/1188
f 1294/960/1189 1300/2090/1189 1308/2091/1189 1305/1052/1189
f 1304/2088/1190 1302/2531/1190 1303/2092/1190 1310/2093/1190
f 1317/2087/1191 1307/2094/1191 1304/2095/1191 1310/2086/1191
f 1308/2091/1192 1300/2090/1192 1309/2096/1192 1307/2097/1192
f 1315/2532/1193 1318/2786/1193 1310/2093/1193 1303/2092/1193
f 1317/2100/1194 1301/2780/1194 1307/1112/1194
f 1311/2787/1185 1314/1115/1185 1316/1114/1185
f 1312/2535/1186 1315/2788/1186 1314/2789/1186 1311/2790/1186
f 1318/2791/1187 1313/2107/1187 1316/2792/1187
f 1319/2109/1178 1326/965/1178 1311/964/1178 1328/2110/1178
f 1313/2111/1188 1318/2786/1188 1315/2532/1188 1312/2793/1188
f 1303/969/1189 1310/2113/1189 1317/2114/1189 1314/1055/1189
f 1313/2111/1181 1312/2793/1181 1326/2115/1181 1319/2116/1181
f 1328/2110/1191 1316/2117/1191 1313/2118/1191 1319/2109/1191
f 1317/2114/1192 1310/2113/1192 1318/2119/1192 1316/2120/1192
f 1327/1116/1195 1322/2794/1195 1320/2795/1195 1324/1117/1195
f 1328/2123/1196 1311/2787/1196 1316/1114/1196
f 1325/2796/1197 1329/2797/1197 1319/2116/1197 1326/2115/1197
f 1329/2798/528 1323/2799/528 1322/2550/528 1327/2551/528
f 1321/2800/1177 1325/2553/1177 1324/2801/1177 1320/2555/1177
f 1330/2134/1178 1337/974/1178 1320/1118/1178 1339/2135/1178
f 1323/2802/1198 1329/2797/1198 1325/2796/1198 1321/2803/1198
f 1319/2138/1199 1328/2139/1199 1324/1119/1199 1326/978/1199
f 1323/2802/1200 1321/2803/1200 1337/2140/1200 1330/2141/1200
f 1322/2142/1201 1323/2143/1201 1330/2134/1201 1339/2135/1201
f 1328/2139/1202 1319/2138/1202 1329/2144/1202 1327/2145/1202
f 1338/1120/1203 1334/2804/1203 1331/2805/1203 1336/1121/1203
f 1339/2148/1204 1320/2795/1204 1322/2794/1204
f 1332/2806/1205 1335/2807/1205 1330/2141/1205 1337/2140/1205
f 1340/2151/1206 1333/983/1206 1331/1062/1206 1348/2152/1206
f 1334/2808/1207 1338/2809/1207 1335/2810/1207
f 1336/2811/1208 1331/2812/1208 1332/2813/1208
f 1330/2159/1209 1339/2160/1209 1336/2568/1209 1337/1250/1209
f 1335/2807/1210 1332/2806/1210 1333/2162/1210 1340/2163/1210
f 1334/2164/1211 1335/2165/1211 1340/2151/1211 1348/2152/1211
f 1338/2166/1212 1339/2160/1212 1330/2159/1212 1335/2167/1212
f 1336/2568/1213 1332/1249/1213 1337/1250/1213
f 1347/1122/1214 1343/2814/1214 1341/2815/1214 1345/1123/1214
f 1348/2170/1215 1331/2805/1215 1334/2804/1215
f 1346/2816/1216 1349/2817/1216 1340/2163/1216 1333/2162/1216
f 1349/2818/1217 1344/2819/1217 1343/2820/1217 1347/2821/1217
f 1342/2822/1186 1346/2178/1186 1345/2179/1186 1341/2823/1186
f 1344/2824/1218 1342/2825/1218 1341/2826/1218 1343/2827/1218
f 1344/2828/1219 1349/2817/1219 1346/2816/1219 1342/2829/1219
f 1333/990/1189 1340/2187/1189 1348/2188/1189 1345/988/1189
f 1347/2189/1220 1348/2188/1220 1340/2187/1220 1349/2190/1220
f 1357/2830/1221 1353/2831/1221 1350/2832/1221 1355/2833/1221
f 1358/2834/1222 1354/2835/1222 1353/2836/1222 1357/2837/1222
f 1351/2595/1223 1356/2596/1223 1355/2838/1223 1350/2839/1223
f 1359/2203/1224 1352/2204/1224 1350/2840/1224 1366/2206/1224
f 1354/2841/1225 1358/2842/1225 1356/2601/1225 1351/2602/1225
f 1358/2211/1226 1357/2843/1226 1355/2605/1226 1356/2606/1226
f 1354/2841/1227 1351/2602/1227 1352/2215/1227 1359/2216/1227
f 1353/2836/1228 1354/2835/1228 1359/2217/1228 1366/2218/1228
f 1350/2840/1229 1352/2204/1229 1351/2219/1229
f 1361/2844/1230 1363/2845/1230 1359/2216/1230 1352/2215/1230
f 1366/2222/1231 1350/2832/1231 1353/2831/1231
f 1360/2846/1232 1364/1125/1232 1365/1124/1232
f 1367/2224/1233 1362/2225/1233 1360/2847/1233 1374/2227/1233
f 1364/2848/1234 1360/2849/1234 1361/2850/1234
f 1359/2231/1235 1366/2232/1235 1364/2851/1235 1352/2234/1235
f 1363/2845/1236 1361/2844/1236 1362/2235/1236 1367/2236/1236
f 1365/2852/1237 1363/2853/1237 1367/2239/1237 1374/2240/1237
f 1360/2847/1238 1362/2225/1238 1361/2241/1238
f 1366/2232/1239 1359/2231/1239 1363/2242/1239 1365/2243/1239
f 1364/2851/1240 1361/2244/1240 1352/2234/1240
f 1369/2854/1241 1371/2855/1241 1367/2236/1241 1362/2235/1241
f 1374/2247/1242 1360/2846/1242 1365/1124/1242
f 1368/2856/1243 1372/1127/1243 1373/1126/1243
f 1375/2249/1224 1370/2250/1224 1368/2251/1224 1381/2252/1224
f 1372/2857/1244 1368/2858/1244 1369/2859/1244
f 1367/2256/1235 1374/2257/1235 1372/2623/1235 1362/2259/1235
f 1371/2855/1245 1369/2854/1245 1370/2260/1245 1375/2261/1245
f 1373/2860/1237 1371/2861/1237 1375/2264/1237 1381/2265/1237
f 1368/2251/1246 1370/2250/1246 1369/2266/1246
f 1374/2257/1247 1367/2256/1247 1371/2267/1247 1373/2268/1247
f 1372/2623/1240 1369/2269/1240 1362/2259/1240
f 1377/2862/1248 1382/2863/1248 1375/2261/1248 1370/2260/1248
f 1381/2272/1249 1368/2856/1249 1373/1126/1249
f 1376/2864/1250 1379/1129/1250 1380/1128/1250
f 1383/2274/1224 1389/2275/1224 1376/2865/1224 1378/2277/1224
f 1379/2866/1244 1376/2631/1244 1377/2867/1244
f 1375/2281/1235 1381/2282/1235 1379/2868/1235 1370/1073/1235
f 1382/2863/1251 1377/2862/1251 1389/2284/1251 1383/2285/1251
f 1378/2286/1252 1380/2869/1252 1382/2870/1252 1383/2289/1252
f 1376/2865/1238 1389/2275/1238 1377/2290/1238
f 1381/2282/1253 1375/2281/1253 1382/2291/1253 1380/2292/1253
f 1379/2868/1254 1377/1072/1254 1370/1073/1254
f 1385/2871/1255 1387/2872/1255 1383/2285/1255 1389/2284/1255
f 1378/2295/1256 1376/2864/1256 1380/1128/1256
f 1384/2873/1257 1388/1131/1257 1390/1130/1257
f 1386/2297/1224 1397/2298/1224 1384/2874/1224 1399/2300/1224
f 1388/2639/1258 1384/2875/1258 1385/2876/1258
f 1389/1307/1259 1383/2304/1259 1378/2305/1259 1388/2877/1259
f 1387/2872/1245 1385/2871/1245 1397/2307/1245 1386/2308/1245
f 1390/2878/1260 1387/2879/1260 1386/2311/1260 1399/2312/1260
f 1384/2874/1261 1397/2298/1261 1385/2313/1261
f 1378/2305/1262 1383/2304/1262 1387/2314/1262 1390/2315/1262
f 1388/2877/1263 1385/1306/1263 1389/1307/1263
f 1398/1132/1264 1393/2880/1264 1391/2881/1264 1395/1133/1264
f 1399/2318/1249 1384/2873/1249 1390/1130/1249
f 1396/2882/1265 1400/2883/1265 1386/2308/1265 1397/2307/1265
f 1400/2884/1266 1394/2885/1266 1393/2886/1266 1398/2887/1266
f 1392/2888/1267 1396/2654/1267 1395/2889/1267 1391/2890/1267
f 1394/2329/1268 1392/2891/1268 1391/2658/1268 1393/2332/1268
f 1394/2892/1269 1400/2883/1269 1396/2882/1269 1392/2660/1269
f 1386/2335/1235 1399/2336/1235 1395/2661/1235 1397/1312/1235
f 1399/2336/1270 1386/2335/1270 1400/2338/1270 1398/2339/1270
f 1395/2661/1271 1396/1311/1271 1397/1312/1271
f 1410/2662/1086 1404/2663/1086 1402/2893/1086 1408/2665/1086
f 1401/2344/1146 1407/1734/1146 1404/2894/1146 1410/2895/1146
f 1403/2896/1088 1409/2897/1088 1408/2671/1088 1402/2898/1088
f 1406/1741/1089 1416/1742/1089 1402/2899/1089 1405/1744/1089
f 1407/1745/1147 1401/1746/1147 1409/2900/1147 1403/1748/1147
f 1401/1749/1272 1410/2355/1272 1408/2356/1272 1409/2679/1272
f 1407/1745/1273 1403/1748/1273 1416/1753/1273 1406/1754/1273
f 1405/1744/1274 1404/1755/1274 1407/1756/1274 1406/1741/1274
f 1402/2899/1275 1416/1742/1275 1403/1757/1275
f 1412/2901/1276 1414/2902/1276 1406/1754/1276 1416/1753/1276
f 1405/1760/1277 1402/2893/1277 1404/2663/1277
f 1411/2903/1097 1415/1135/1097 1417/1134/1097
f 1418/1769/1089 1413/1770/1089 1411/2904/1089 1425/1772/1089
f 1415/2905/1098 1411/2906/1098 1412/2907/1098
f 1416/895/1099 1406/1775/1099 1405/1776/1099 1415/2908/1099
f 1414/2902/1278 1412/2901/1278 1413/1777/1278 1418/1778/1278
f 1417/1779/1279 1414/1780/1279 1418/1769/1279 1425/1772/1279
f 1411/2904/1102 1413/1770/1102 1412/1781/1102
f 1405/1776/1280 1406/1775/1280 1414/1782/1280 1417/1783/1280
f 1415/2908/1104 1412/894/1104 1416/895/1104
f 1420/2909/1281 1423/2910/1281 1418/1778/1281 1413/1777/1281
f 1425/1786/1106 1411/2903/1106 1417/1134/1106
f 1419/2911/1107 1424/1081/1107 1422/1136/1107
f 1426/1795/1089 1421/1796/1089 1419/2912/1089 1433/1798/1089
f 1424/2913/1282 1419/2914/1282 1420/2915/1282
f 1418/1801/1109 1425/1802/1109 1424/2378/1109 1413/901/1109
f 1423/2910/1278 1420/2909/1278 1421/1803/1278 1426/1804/1278
f 1422/1805/1283 1423/1806/1283 1426/1795/1283 1433/1798/1283
f 1419/2912/1102 1421/1796/1102 1420/1807/1102
f 1425/1802/1112 1418/1801/1112 1423/1808/1112 1422/1809/1112
f 1424/2378/1284 1420/900/1284 1413/901/1284
f 1428/2916/1281 1431/2917/1281 1426/1804/1281 1421/1803/1281
f 1433/1812/1115 1419/2911/1115 1422/1136/1115
f 1427/2379/1107 1432/1138/1107 1429/1137/1107
f 1430/1821/1089 1440/1822/1089 1427/2918/1089 1442/1824/1089
f 1432/2919/1282 1427/2920/1282 1428/2921/1282
f 1426/1827/1109 1433/1828/1109 1432/2692/1109 1421/907/1109
f 1431/2917/1285 1428/2916/1285 1440/1829/1285 1430/1830/1285
f 1429/1831/1283 1431/1832/1283 1430/1821/1283 1442/1824/1283
f 1427/2918/1102 1440/1822/1102 1428/1833/1102
f 1433/1828/1112 1426/1827/1112 1431/1834/1112 1429/1835/1112
f 1432/2692/1284 1428/906/1284 1421/907/1284
f 1435/2922/1286 1438/2923/1286 1430/1830/1286 1440/1829/1286
f 1442/1838/1115 1427/2379/1115 1429/1137/1115
f 1434/2924/1123 1439/1019/1123 1441/1139/1123
f 1437/1847/1089 1449/1848/1089 1434/2390/1089 1436/1850/1089
f 1439/2925/1282 1434/2926/1282 1435/2927/1282
f 1430/1853/1109 1442/1854/1109 1439/2394/1109 1440/913/1109
f 1438/2923/1287 1435/2922/1287 1449/1855/1287 1437/1856/1287
f 1436/1850/1125 1441/1857/1125 1438/1858/1125 1437/1847/1125
f 1434/2390/1102 1449/1848/1102 1435/1859/1102
f 1441/1861/1126 1442/1854/1126 1430/1853/1126 1438/1860/1126
f 1439/2394/1284 1435/912/1284 1440/913/1284
f 1450/1020/1127 1445/2928/1127 1443/2929/1127 1447/1021/1127
f 1436/1864/1288 1434/2924/1288 1441/1139/1288
f 1448/2930/1289 1451/1866/1289 1437/1856/1289 1449/1855/1289
f 1451/2398/1130 1446/2931/1130 1445/1869/1130 1450/2400/1130
f 1444/2932/1131 1448/2698/1131 1447/2933/1131 1443/2934/1131
f 1446/2699/1290 1444/2405/1290 1443/2935/1290 1445/1878/1290
f 1446/2936/1133 1451/1866/1133 1448/2930/1133 1444/2937/1133
f 1449/919/1099 1437/1881/1099 1436/1882/1099 1447/2409/1099
f 1436/1882/1291 1437/1881/1291 1451/1883/1291 1450/1884/1291
f 1447/2409/1292 1448/918/1292 1449/919/1292
f 1474/2939/1086 1468/1912/1086 1466/2940/1086 1472/2941/1086
f 1465/1915/1087 1471/2942/1087 1468/2943/1087 1474/2944/1087
f 1467/2945/1088 1473/1920/1088 1472/2946/1088 1466/1922/1088
f 1470/1923/1089 1480/1924/1089 1466/2947/1089 1469/1926/1089
f 1471/1927/1147 1465/2948/1147 1473/2949/1147 1467/1930/1147
f 1465/2950/1272 1474/2951/1272 1472/2952/1272 1473/2953/1272
f 1471/1927/1298 1467/1930/1298 1480/1935/1298 1470/1936/1298
f 1469/1926/1299 1468/1937/1299 1471/1938/1299 1470/1923/1299
f 1466/2947/1300 1480/1924/1300 1467/1939/1300
f 1476/2954/1301 1478/1941/1301 1470/1936/1301 1480/1935/1301
f 1469/1942/1302 1466/2940/1302 1468/1912/1302
f 1475/2955/1097 1479/1145/1097 1481/1144/1097
f 1482/1944/1089 1477/1945/1089 1475/2956/1089 1488/1947/1089
f 1479/2957/1303 1475/2958/1303 1476/2959/1303
f 1480/1027/1099 1470/1951/1099 1469/1952/1099 1479/1953/1099
f 1478/1941/1304 1476/2954/1304 1477/1954/1304 1482/1955/1304
f 1481/1956/1101 1478/1957/1101 1482/1944/1101 1488/1947/1101
f 1475/2956/1305 1477/1945/1305 1476/1958/1305
f 1469/1952/1306 1470/1951/1306 1478/1959/1306 1481/1960/1306
f 1479/1953/1307 1476/1026/1307 1480/1027/1307
f 1484/1961/1301 1489/1962/1301 1482/1955/1301 1477/1954/1301
f 1488/1963/1115 1475/2955/1115 1481/1144/1115
f 1483/2960/1308 1487/1147/1308 1486/1146/1308
f 1490/1965/1089 1485/1966/1089 1483/2961/1089 1497/1968/1089
f 1487/2962/1309 1483/2963/1309 1484/2964/1309
f 1482/1972/1109 1488/1973/1109 1487/2965/1109 1477/1032/1109
f 1489/1962/1304 1484/1961/1304 1485/1975/1304 1490/1976/1304
f 1486/1977/1310 1489/1978/1310 1490/1965/1310 1497/1968/1310
f 1483/2961/1305 1485/1966/1305 1484/1979/1305
f 1488/1973/1311 1482/1972/1311 1489/1980/1311 1486/1981/1311
f 1487/2965/1312 1484/1031/1312 1477/1032/1312
f 1492/2966/1313 1495/1983/1313 1490/1976/1313 1485/1975/1313
f 1497/1984/1115 1483/2960/1115 1486/1146/1115
f 1491/1985/1308 1496/938/1308 1494/1148/1308
f 1498/1986/1089 1493/1987/1089 1491/2967/1089 1506/1989/1089
f 1496/2968/1309 1491/1991/1309 1492/2969/1309
f 1490/1993/1109 1497/1994/1109 1496/1995/1109 1485/1037/1109
f 1495/1983/1314 1492/2966/1314 1493/1996/1314 1498/1997/1314
f 1494/1998/1310 1495/1999/1310 1498/1986/1310 1506/1989/1310
f 1491/2967/1305 1493/1987/1305 1492/2000/1305
f 1497/1994/1311 1490/1993/1311 1495/2001/1311 1494/2002/1311
f 1496/1995/1312 1492/1036/1312 1485/1037/1312
f 1500/943/1315 1507/945/1315 1498/1997/1315 1493/1996/1315
f 1506/2003/1316 1491/1985/1316 1494/1148/1316
f 1499/2970/1317 1504/1150/1317 1505/1149/1317
f 1508/2005/1089 1501/2006/1089 1499/2971/1089 1502/2008/1089
f 1507/2972/1318 1503/2010/1318 1505/2973/1318
f 1504/2974/1309 1499/2975/1309 1500/2976/1309
f 1498/2015/1109 1506/2016/1109 1504/2017/1109 1493/1042/1109
f 1503/944/1319 1500/943/1319 1501/2018/1319 1508/2019/1319
f 1502/2008/1320 1505/2020/1320 1503/2021/1320 1508/2005/1320
f 1499/2971/1305 1501/2006/1305 1500/2022/1305
f 1506/2016/1321 1498/2015/1321 1507/2023/1321 1505/2024/1321
f 1504/2017/1312 1500/1041/1312 1493/1042/1312
f 1515/1151/1127 1511/2977/1127 1509/2978/1127 1513/1152/1127
f 1502/2027/1322 1499/2970/1322 1505/1149/1322
f 1514/2979/1323 1516/2029/1323 1508/2019/1323 1501/2018/1323
f 1516/2030/1130 1512/2031/1130 1511/2980/1130 1515/2981/1130
f 1510/2982/1131 1514/2035/1131 1513/2983/1131 1509/2984/1131
f 1512/2495/1132 1510/2985/1132 1509/2497/1132 1511/2041/1132
f 1512/2986/1133 1516/2029/1133 1514/2979/1133 1510/2043/1133
f 1501/1047/1099 1508/2044/1099 1502/2045/1099 1513/2987/1099
f 1502/2045/1324 1508/2044/1324 1516/2047/1324 1515/2048/1324
f 1513/2987/1325 1514/1046/1325 1501/1047/1325
f 1525/2988/1175 1521/2989/1175 1518/2990/1175 1523/2991/1175
f 1517/2992/1176 1522/2993/1176 1521/2994/1176 1525/2995/1176
f 1519/2996/1177 1524/2997/1177 1523/2998/1177 1518/2999/1177
f 1526/2061/1178 1520/950/1178 1518/1153/1178 1535/2062/1178
f 1522/2776/1179 1517/3000/1179 1524/3001/1179 1519/3002/1179
f 1517/3003/1180 1525/3004/1180 1523/3005/1180 1524/2070/1180
f 1522/2776/1181 1519/3002/1181 1520/2071/1181 1526/2072/1181
f 1535/2062/1182 1521/2073/1182 1522/2074/1182 1526/2061/1182
f 1534/1154/1326 1530/3006/1326 1527/3007/1326 1532/1155/1326
f 1535/2077/1327 1518/2990/1327 1521/2989/1327
f 1533/3008/1193 1536/2076/1193 1526/2072/1193 1520/2071/1193
f 1536/2784/528 1531/3009/528 1530/3010/528 1534/3011/528
f 1528/3012/1186 1533/2080/1186 1532/3013/1186 1527/2082/1186
f 1537/2086/1206 1529/956/1206 1527/1051/1206 1544/2087/1206
f 1531/3014/1198 1536/2076/1198 1533/3008/1198 1528/3015/1198
f 1520/960/1189 1526/2090/1189 1535/2091/1189 1532/1156/1189
f 1531/3014/1200 1528/3015/1200 1529/2092/1200 1537/2093/1200
f 1530/2094/1328 1531/2095/1328 1537/2086/1328 1544/2087/1328
f 1535/2091/1329 1526/2090/1329 1536/2096/1329 1534/2097/1329
f 1542/3016/1330 1545/3017/1330 1537/2093/1330 1529/2092/1330
f 1544/2100/1215 1527/3007/1215 1530/3006/1215
f 1538/2101/1331 1541/1158/1331 1543/1157/1331
f 1539/2102/1332 1542/3018/1332 1541/2104/1332 1538/2105/1332
f 1545/3019/1333 1540/2107/1333 1543/3020/1333
f 1546/2109/1178 1553/965/1178 1538/964/1178 1555/2110/1178
f 1540/3021/1334 1545/3017/1334 1542/3016/1334 1539/3022/1334
f 1529/969/1189 1537/2113/1189 1544/2114/1189 1541/1159/1189
f 1540/3021/1335 1539/3022/1335 1553/2115/1335 1546/2116/1335
f 1555/2110/1336 1543/2117/1336 1540/2118/1336 1546/2109/1336
f 1544/2114/1337 1537/2113/1337 1545/2119/1337 1543/2120/1337
f 1554/1160/1195 1549/3023/1195 1547/2122/1195 1551/1161/1195
f 1555/2123/1338 1538/2101/1338 1543/1157/1338
f 1552/3024/1193 1556/2125/1193 1546/2116/1193 1553/2115/1193
f 1556/2126/528 1550/2127/528 1549/3025/528 1554/3026/528
f 1548/3027/1177 1552/3028/1177 1551/2132/1177 1547/3029/1177
f 1557/2134/1206 1564/974/1206 1547/1058/1206 1566/2135/1206
f 1550/3030/1198 1556/2125/1198 1552/3024/1198 1548/3031/1198
f 1546/2138/1209 1555/2139/1209 1551/1059/1209 1553/978/1209
f 1550/3030/1339 1548/3031/1339 1564/2140/1339 1557/2141/1339
f 1549/2142/1340 1550/2143/1340 1557/2134/1340 1566/2135/1340
f 1555/2139/1329 1546/2138/1329 1556/2144/1329 1554/2145/1329
f 1565/1162/1203 1561/3032/1203 1558/2147/1203 1563/1163/1203
f 1566/2148/1341 1547/2122/1341 1549/3023/1341
f 1559/3033/1342 1562/3034/1342 1557/2141/1342 1564/2140/1342
f 1567/2151/1178 1560/983/1178 1558/1164/1178 1575/2152/1178
f 1561/3035/1207 1565/3036/1207 1562/3037/1207
f 1563/2156/1343 1558/3038/1343 1559/3039/1343
f 1557/2159/1199 1566/2160/1199 1563/2161/1199 1564/1250/1199
f 1562/3034/1344 1559/3033/1344 1560/2162/1344 1567/2163/1344
f 1561/2164/1345 1562/2165/1345 1567/2151/1345 1575/2152/1345
f 1565/2166/1346 1566/2160/1346 1557/2159/1346 1562/2167/1346
f 1563/2161/1347 1559/1249/1347 1564/1250/1347
f 1574/1122/1214 1570/3040/1214 1568/3041/1214 1572/1165/1214
f 1575/2170/1348 1558/2147/1348 1561/3032/1348
f 1573/3042/1349 1576/3043/1349 1567/2163/1349 1560/2162/1349
f 1576/2818/1217 1571/3044/1217 1570/3045/1217 1574/3046/1217
f 1569/2177/1186 1573/3047/1186 1572/2179/1186 1568/3048/1186
f 1571/3049/1218 1569/3050/1218 1568/2183/1218 1570/2827/1218
f 1571/3051/1219 1576/3043/1219 1573/3042/1219 1569/3052/1219
f 1560/990/1189 1567/2187/1189 1575/2188/1189 1572/988/1189
f 1574/2189/1350 1575/2188/1350 1567/2187/1350 1576/2190/1350
f 1584/3053/1351 1580/3054/1351 1577/3055/1351 1582/3056/1351
f 1585/3057/1352 1581/3058/1352 1580/3059/1352 1584/3060/1352
f 1578/3061/1223 1583/3062/1223 1582/3063/1223 1577/2202/1223
f 1586/2203/1233 1579/2204/1233 1577/2205/1233 1593/2206/1233
f 1581/3064/1353 1585/3065/1353 1583/3066/1353 1578/3067/1353
f 1585/3068/1226 1584/3069/1226 1582/3070/1226 1583/2606/1226
f 1581/3064/1354 1578/3067/1354 1579/2215/1354 1586/2216/1354
f 1593/2218/1355 1580/3059/1355 1581/3058/1355 1586/2217/1355
f 1577/2205/1356 1579/2204/1356 1578/2219/1356
f 1588/3071/1357 1590/3072/1357 1586/2216/1357 1579/2215/1357
f 1593/2222/1358 1577/3055/1358 1580/3054/1358
f 1587/3073/1359 1591/1167/1359 1592/1166/1359
f 1594/2224/1224 1589/2225/1224 1587/2226/1224 1601/2227/1224
f 1591/2228/1244 1587/3074/1244 1588/3075/1244
f 1586/2231/1235 1593/2232/1235 1591/2851/1235 1579/2234/1235
f 1590/3072/1360 1588/3071/1360 1589/2235/1360 1594/2236/1360
f 1592/3076/1361 1590/3077/1361 1594/2239/1361 1601/2240/1361
f 1587/2226/1261 1589/2225/1261 1588/2241/1261
f 1593/2232/1362 1586/2231/1362 1590/2242/1362 1592/2243/1362
f 1591/2851/1363 1588/2244/1363 1579/2234/1363
f 1596/2245/1248 1598/3078/1248 1594/2236/1248 1589/2235/1248
f 1601/2247/1364 1587/3073/1364 1592/1166/1364
f 1595/3079/1365 1599/1169/1365 1600/1168/1365
f 1602/2249/1233 1597/2250/1233 1595/3080/1233 1609/2252/1233
f 1599/2253/1244 1595/2254/1244 1596/2255/1244
f 1594/2256/1235 1601/2257/1235 1599/2258/1235 1589/2259/1235
f 1598/3078/1366 1596/2245/1366 1597/2260/1366 1602/2261/1366
f 1609/2265/1367 1600/3081/1367 1598/3082/1367 1602/2264/1367
f 1595/3080/1238 1597/2250/1238 1596/2266/1238
f 1601/2257/1368 1594/2256/1368 1598/2267/1368 1600/2268/1368
f 1599/2258/1369 1596/2269/1369 1589/2259/1369
f 1604/3083/1370 1607/3084/1370 1602/2261/1370 1597/2260/1370
f 1609/2272/1371 1595/3079/1371 1600/1168/1371
f 1603/3085/1372 1608/1171/1372 1605/1170/1372
f 1610/2274/1224 1616/2275/1224 1603/2629/1224 1606/2277/1224
f 1608/3086/1244 1603/2279/1244 1604/3087/1244
f 1602/2281/1235 1609/2282/1235 1608/3088/1235 1597/1073/1235
f 1607/3084/1373 1604/3083/1373 1616/2284/1373 1610/2285/1373
f 1606/2286/1374 1605/3089/1374 1607/3090/1374 1610/2289/1374
f 1603/2629/1261 1616/2275/1261 1604/2290/1261
f 1609/2282/1375 1602/2281/1375 1607/2291/1375 1605/2292/1375
f 1608/3088/1363 1604/1072/1363 1597/1073/1363
f 1612/2293/1376 1614/2294/1376 1610/2285/1376 1616/2284/1376
f 1606/2295/1377 1603/3085/1377 1605/1170/1377
f 1611/2296/1378 1615/1172/1378 1617/1000/1378
f 1613/2297/1233 1624/2298/1233 1611/2299/1233 1626/2300/1233
f 1615/3091/1379 1611/2302/1379 1612/3092/1379
f 1616/1307/1259 1610/2304/1259 1606/2305/1259 1615/3093/1259
f 1614/2294/1380 1612/2293/1380 1624/2307/1380 1613/2308/1380
f 1617/3094/1260 1614/3095/1260 1613/2311/1260 1626/2312/1260
f 1611/2299/1238 1624/2298/1238 1612/2313/1238
f 1606/2305/1381 1610/2304/1381 1614/2314/1381 1617/2315/1381
f 1615/3093/1382 1612/1306/1382 1616/1307/1382
f 1625/1173/1264 1620/3096/1264 1618/3097/1264 1622/1174/1264
f 1626/2318/1383 1611/2296/1383 1617/1000/1383
f 1623/3098/1384 1627/3099/1384 1613/2308/1384 1624/2307/1384
f 1627/2884/1266 1621/3100/1266 1620/2323/1266 1625/2324/1266
f 1619/3101/1267 1623/3102/1267 1622/3103/1267 1618/3104/1267
f 1621/2329/1268 1619/3105/1268 1618/3106/1268 1620/2332/1268
f 1621/3107/1269 1627/3099/1269 1623/3098/1269 1619/3108/1269
f 1613/2335/1235 1626/2336/1235 1622/3109/1235 1624/1312/1235
f 1626/2336/1270 1613/2335/1270 1627/2338/1270 1625/2339/1270
f 1622/3109/1385 1623/1311/1385 1624/1312/1385
f 1637/2340/1086 1631/3110/1086 1629/2664/1086 1635/3111/1086
f 1628/2344/1087 1634/1734/1087 1631/3112/1087 1637/2346/1087
f 1630/3113/1088 1636/2348/1088 1635/3114/1088 1629/3115/1088
f 1633/1741/1089 1643/1742/1089 1629/2673/1089 1632/1744/1089
f 1634/2352/1147 1628/1746/1147 1636/2353/1147 1630/2677/1147
f 1628/1749/1272 1637/2355/1272 1635/2356/1272 1636/2679/1272
f 1634/2352/1386 1630/2677/1386 1643/1753/1386 1633/1754/1386
f 1632/1744/1150 1631/1755/1150 1634/1756/1150 1633/1741/1150
f 1629/2673/1151 1643/1742/1151 1630/1757/1151
f 1639/1008/1152 1641/3116/1152 1633/1754/1152 1643/1753/1152
f 1632/1760/1387 1629/2664/1387 1631/3110/1387
f 1638/1761/1097 1642/1176/1097 1644/1175/1097
f 1645/1769/1089 1640/1770/1089 1638/2359/1089 1653/1772/1089
f 1642/3117/1098 1638/3118/1098 1639/3119/1098
f 1643/895/1099 1633/1775/1099 1632/1776/1099 1642/2366/1099
f 1641/3116/1155 1639/1008/1155 1640/1777/1155 1645/1778/1155
f 1644/1779/1279 1641/1780/1279 1645/1769/1279 1653/1772/1279
f 1638/2359/1102 1640/1770/1102 1639/1781/1102
f 1632/1776/1388 1633/1775/1388 1641/1782/1388 1644/1783/1388
f 1642/2366/1104 1639/894/1104 1643/895/1104
f 1652/1177/1389 1649/2367/1389 1646/3120/1389 1651/1178/1389
f 1653/1786/1106 1638/1761/1106 1644/1175/1106
f 1647/3121/1390 1650/2370/1390 1645/1778/1390 1640/1777/1390
f 1654/1795/1089 1648/1796/1089 1646/3122/1089 1661/1798/1089
f 1649/3123/1391 1652/3124/1391 1650/2374/1391
f 1651/3125/1108 1646/3126/1108 1647/3127/1108
f 1645/1801/1109 1653/1802/1109 1651/2378/1109 1640/901/1109
f 1650/2370/1392 1647/3121/1392 1648/1803/1392 1654/1804/1392
f 1649/1805/1393 1650/1806/1393 1654/1795/1393 1661/1798/1393
f 1646/3122/1102 1648/1796/1102 1647/1807/1102
f 1652/1809/1394 1653/1802/1394 1645/1801/1394 1650/1808/1394
f 1651/2378/1113 1647/900/1113 1640/901/1113
f 1656/1181/1114 1662/1085/1114 1654/1804/1114 1648/1803/1114
f 1661/1812/1395 1646/3120/1395 1649/2367/1395
f 1655/3128/1116 1660/1180/1116 1657/1179/1116
f 1658/1821/1089 1669/1822/1089 1655/1823/1089 1671/1824/1089
f 1662/2381/1117 1659/1819/1117 1657/3129/1117
f 1660/2383/1108 1655/2920/1108 1656/2691/1108
f 1654/1827/1109 1661/1828/1109 1660/2386/1109 1648/907/1109
f 1659/1182/1118 1656/1181/1118 1669/1829/1118 1658/1830/1118
f 1671/1824/1119 1657/1831/1119 1659/1832/1119 1658/1821/1119
f 1655/1823/1102 1669/1822/1102 1656/1833/1102
f 1661/1828/1120 1654/1827/1120 1662/1834/1120 1657/1835/1120
f 1660/2386/1113 1656/906/1113 1648/907/1113
f 1664/2387/1121 1667/3130/1121 1658/1830/1121 1669/1829/1121
f 1671/1838/1122 1655/3128/1122 1657/1179/1122
f 1663/3131/1123 1668/1019/1123 1670/1183/1123
f 1666/1847/1089 1678/1848/1089 1663/2390/1089 1665/1850/1089
f 1668/2391/1108 1663/2926/1108 1664/2393/1108
f 1658/1853/1109 1671/1854/1109 1668/2394/1109 1669/913/1109
f 1667/3130/1124 1664/2387/1124 1678/1855/1124 1666/1856/1124
f 1665/1850/1125 1670/1857/1125 1667/1858/1125 1666/1847/1125
f 1663/2390/1102 1678/1848/1102 1664/1859/1102
f 1670/1861/1126 1671/1854/1126 1658/1853/1126 1667/1860/1126
f 1668/2394/1113 1664/912/1113 1669/913/1113
f 1679/1184/1127 1674/2395/1127 1672/1863/1127 1676/1185/1127
f 1665/1864/1288 1663/3131/1288 1670/1183/1288
f 1677/2396/1129 1680/2397/1129 1666/1856/1129 1678/1855/1129
f 1680/1867/1130 1675/1868/1130 1674/1869/1130 1679/3132/1130
f 1673/2932/1131 1677/2401/1131 1676/2402/1131 1672/2934/1131
f 1675/3133/1396 1673/2700/1396 1672/3134/1396 1674/3135/1396
f 1675/2407/1133 1680/2397/1133 1677/2396/1133 1673/3136/1133
f 1678/919/1099 1666/1881/1099 1665/1882/1099 1676/3137/1099
f 1665/1882/1397 1666/1881/1397 1680/1883/1397 1679/1884/1397
f 1676/3137/1135 1677/918/1135 1678/919/1135
f 1703/3139/1086 1697/3140/1086 1695/2415/1086 1701/3141/1086
f 1694/2417/1087 1700/2714/1087 1697/3142/1087 1703/3143/1087
f 1696/2421/1088 1702/2422/1088 1701/3144/1088 1695/2720/1088
f 1699/1923/1089 1710/1924/1089 1695/1925/1089 1698/1926/1089
f 1700/2425/1147 1694/3145/1147 1702/2427/1147 1696/2428/1147
f 1694/2429/1272 1703/2430/1272 1701/3146/1272 1702/2432/1272
f 1700/2425/1403 1696/2428/1403 1710/1935/1403 1699/1936/1403
f 1698/1926/1404 1697/1937/1404 1700/1938/1404 1699/1923/1404
f 1695/1925/1094 1710/1924/1094 1696/1939/1094
f 1709/3147/1405 1712/2434/1405 1699/1936/1405 1710/1935/1405
f 1698/1942/1406 1695/2415/1406 1697/3140/1406
f 1704/2726/1407 1708/1188/1407 1711/1187/1407
f 1705/2436/1408 1709/2437/1408 1708/3148/1408 1704/3149/1408
f 1712/3150/1409 1707/2441/1409 1711/3151/1409
f 1713/1944/1089 1706/1945/1089 1704/2956/1089 1721/1947/1089
f 1707/2444/1410 1712/2434/1410 1709/3147/1410 1705/3152/1410
f 1710/1027/1099 1699/1951/1099 1698/1952/1099 1708/1189/1099
f 1707/2444/1403 1705/3152/1403 1706/1954/1403 1713/1955/1403
f 1721/1947/1411 1711/1956/1411 1707/1957/1411 1713/1944/1411
f 1704/2956/1094 1706/1945/1094 1705/1958/1094
f 1698/1952/1321 1699/1951/1321 1712/1959/1321 1711/1960/1321
f 1719/2446/1412 1722/2447/1412 1713/1955/1412 1706/1954/1412
f 1721/1963/1413 1704/2726/1413 1711/1187/1413
f 1714/2448/1414 1718/1029/1414 1720/1190/1414
f 1715/2449/1415 1719/2450/1415 1718/3153/1415 1714/2963/1415
f 1722/2453/1165 1717/3154/1165 1720/3155/1165
f 1723/1965/1089 1716/1966/1089 1714/2961/1089 1731/1968/1089
f 1717/2457/1410 1722/2447/1410 1719/2446/1410 1715/2458/1410
f 1713/1972/1109 1721/1973/1109 1718/1191/1109 1706/1032/1109
f 1717/2457/1403 1715/2458/1403 1716/1975/1403 1723/1976/1403
f 1731/1968/1416 1720/1977/1416 1717/1978/1416 1723/1965/1416
f 1714/2961/1094 1716/1966/1094 1715/1979/1094
f 1721/1973/1168 1713/1972/1168 1722/1980/1168 1720/1981/1168
f 1730/2459/1417 1732/2460/1417 1723/1976/1417 1716/1975/1417
f 1731/1984/1413 1714/2448/1413 1720/1190/1413
f 1724/1985/1414 1729/1034/1414 1727/1192/1414
f 1725/3156/1415 1730/2463/1415 1729/2464/1415 1724/2741/1415
f 1732/3157/1165 1728/2466/1165 1727/2467/1165
f 1733/1986/1089 1726/1987/1089 1724/2468/1089 1742/1989/1089
f 1728/3158/1410 1732/2460/1410 1730/2459/1410 1725/3159/1410
f 1723/1993/1109 1731/1994/1109 1729/1193/1109 1716/1037/1109
f 1728/3158/1403 1725/3159/1403 1726/1996/1403 1733/1997/1403
f 1742/1989/1418 1727/1998/1418 1728/1999/1418 1733/1986/1418
f 1724/2468/1094 1726/1987/1094 1725/2000/1094
f 1731/1994/1168 1723/1993/1168 1732/2001/1168 1727/2002/1168
f 1740/3160/1412 1743/1108/1412 1733/1997/1412 1726/1996/1412
f 1742/2003/1413 1724/1985/1413 1727/1192/1413
f 1734/2970/1419 1739/1039/1419 1741/1194/1419
f 1735/3161/1415 1740/3162/1415 1739/2476/1415 1734/3163/1415
f 1743/2744/1409 1738/3164/1409 1741/3165/1409
f 1744/2005/1089 1736/2006/1089 1734/2971/1089 1737/2008/1089
f 1738/1107/1410 1743/1108/1410 1740/3160/1410 1735/2483/1410
f 1733/2015/1109 1742/2016/1109 1739/1040/1109 1726/1042/1109
f 1738/1107/1403 1735/2483/1403 1736/2018/1403 1744/2019/1403
f 1737/2008/1411 1741/2020/1411 1738/2021/1411 1744/2005/1411
f 1734/2971/1094 1736/2006/1094 1735/2022/1094
f 1742/2016/1420 1733/2015/1420 1743/2023/1420 1741/2024/1420
f 1751/1043/1169 1747/3166/1169 1745/2485/1169 1749/1195/1169
f 1737/2027/1421 1734/2970/1421 1741/1194/1421
f 1750/2486/1405 1752/2487/1405 1744/2019/1405 1736/2018/1405
f 1752/2754/1130 1748/2489/1130 1747/2980/1130 1751/3167/1130
f 1746/2491/1422 1750/2492/1422 1749/2493/1422 1745/2984/1422
f 1748/2038/1396 1746/2039/1396 1745/2497/1396 1747/2041/1396
f 1748/2762/1423 1752/2487/1423 1750/2486/1423 1746/3168/1423
f 1736/1047/1099 1744/2044/1099 1737/2045/1099 1749/1196/1099
f 1737/2045/1424 1744/2044/1424 1752/2047/1424 1751/2048/1424
f 1761/3169/1175 1757/3170/1175 1754/2502/1175 1759/3171/1175
f 1753/2504/1176 1758/3172/1176 1757/3173/1176 1761/2507/1176
f 1755/2772/1177 1760/3174/1177 1759/2510/1177 1754/3175/1177
f 1762/2061/1206 1756/950/1206 1754/1153/1206 1771/2062/1206
f 1758/3176/1179 1753/2513/1179 1760/3177/1179 1755/3178/1179
f 1753/3179/1180 1761/2517/1180 1759/2518/1180 1760/2070/1180
f 1758/3176/1425 1755/3178/1425 1756/2071/1425 1762/2072/1425
f 1771/2062/1426 1757/2073/1426 1758/2074/1426 1762/2061/1426
f 1770/1197/1427 1766/3180/1427 1763/2522/1427 1768/1198/1427
f 1771/2077/1428 1754/2502/1428 1757/3170/1428
f 1769/3181/1429 1772/3182/1429 1762/2072/1429 1756/2071/1429
f 1772/3183/528 1767/2084/528 1766/3184/528 1770/3185/528
f 1764/3186/1332 1769/3187/1332 1768/2525/1332 1763/2526/1332
f 1773/2086/1178 1765/956/1178 1763/1051/1178 1780/2087/1178
f 1767/3188/1430 1772/3182/1430 1769/3181/1430 1764/3189/1430
f 1756/960/1431 1762/2090/1431 1771/2091/1431 1768/1199/1431
f 1767/3188/1432 1764/3189/1432 1765/2092/1432 1773/2093/1432
f 1780/2087/1433 1766/2094/1433 1767/2095/1433 1773/2086/1433
f 1770/2097/1434 1771/2091/1434 1762/2090/1434 1772/2096/1434
f 1778/2532/1183 1781/2786/1183 1773/2093/1183 1765/2092/1183
f 1780/2100/1435 1763/2522/1435 1766/3180/1435
f 1774/3190/1436 1777/1115/1436 1779/1200/1436
f 1775/3191/1332 1778/2536/1332 1777/2789/1332 1774/3192/1332
f 1781/2791/1437 1776/3193/1437 1779/2541/1437
f 1782/2109/1178 1789/965/1178 1774/964/1178 1791/2110/1178
f 1776/3194/1188 1781/2786/1188 1778/2532/1188 1775/2543/1188
f 1765/969/1189 1773/2113/1189 1780/2114/1189 1777/1055/1189
f 1776/3194/1438 1775/2543/1438 1789/2115/1438 1782/2116/1438
f 1791/2110/1439 1779/2117/1439 1776/2118/1439 1782/2109/1439
f 1780/2114/1440 1773/2113/1440 1781/2119/1440 1779/2120/1440
f 1790/1056/1195 1785/3195/1195 1783/3196/1195 1787/971/1195
f 1791/2123/1441 1774/3190/1441 1779/1200/1441
f 1788/3197/1442 1792/3198/1442 1782/2116/1442 1789/2115/1442
f 1792/2798/528 1786/2799/528 1785/3199/528 1790/3200/528
f 1784/3201/1177 1788/3202/1177 1787/2801/1177 1783/2555/1177
f 1793/2134/1178 1800/974/1178 1783/1058/1178 1802/2135/1178
f 1786/2802/1198 1792/3198/1198 1788/3197/1198 1784/2803/1198
f 1782/2138/1199 1791/2139/1199 1787/1059/1199 1789/978/1199
f 1786/2802/1443 1784/2803/1443 1800/2140/1443 1793/2141/1443
f 1785/2142/1444 1786/2143/1444 1793/2134/1444 1802/2135/1444
f 1791/2139/1445 1782/2138/1445 1792/2144/1445 1790/2145/1445
f 1801/1201/1203 1797/3203/1203 1794/3204/1203 1799/1121/1203
f 1802/2148/1341 1783/3196/1341 1785/3195/1341
f 1795/3205/1446 1798/3206/1446 1793/2141/1446 1800/2140/1446
f 1803/2151/1178 1796/983/1178 1794/982/1178 1811/2152/1178
f 1797/3207/1207 1801/3208/1207 1798/3209/1207
f 1799/2565/1343 1794/3210/1343 1795/3211/1343
f 1793/2159/1209 1802/2160/1209 1799/3212/1209 1800/1250/1209
f 1798/3206/1447 1795/3205/1447 1796/2162/1447 1803/2163/1447
f 1797/2164/1448 1798/2165/1448 1803/2151/1448 1811/2152/1448
f 1801/2166/1449 1802/2160/1449 1793/2159/1449 1798/2167/1449
f 1799/3212/1450 1795/1249/1450 1800/1250/1450
f 1810/1063/1451 1806/2569/1451 1804/2815/1451 1808/1202/1451
f 1811/2170/1452 1794/3204/1452 1797/3203/1452
f 1809/3213/1429 1812/3214/1429 1803/2163/1429 1796/2162/1429
f 1812/2573/1453 1807/2574/1453 1806/2575/1453 1810/2576/1453
f 1805/3215/1186 1809/3216/1186 1808/2579/1186 1804/2580/1186
f 1807/2581/1218 1805/3050/1218 1804/2826/1218 1806/2584/1218
f 1807/2585/1219 1812/3214/1219 1809/3213/1219 1805/3217/1219
f 1796/990/1454 1803/2187/1454 1811/2188/1454 1808/1203/1454
f 1810/2189/1455 1811/2188/1455 1803/2187/1455 1812/2190/1455
f 1820/2587/1351 1816/3218/1351 1813/3219/1351 1818/2590/1351
f 1821/2834/528 1817/3220/528 1816/3221/528 1820/3222/528
f 1814/3223/1223 1819/3224/1223 1818/3225/1223 1813/3226/1223
f 1822/2203/1224 1815/2204/1224 1813/3227/1224 1829/2206/1224
f 1817/3228/1353 1821/3229/1353 1819/3230/1353 1814/3231/1353
f 1821/3232/1226 1820/3233/1226 1818/3234/1226 1819/3235/1226
f 1817/3228/1456 1814/3231/1456 1815/2215/1456 1822/2216/1456
f 1829/2218/1457 1816/3221/1457 1817/3220/1457 1822/2217/1457
f 1813/3227/1458 1815/2204/1458 1814/2219/1458
f 1824/3236/1459 1826/3237/1459 1822/2216/1459 1815/2215/1459
f 1829/2222/1460 1813/3219/1460 1816/3218/1460
f 1823/3238/1461 1827/1205/1461 1828/1204/1461
f 1830/2224/1233 1825/2225/1233 1823/3239/1233 1837/2227/1233
f 1827/3240/1462 1823/3241/1462 1824/3242/1462
f 1822/2231/1235 1829/2232/1235 1827/3243/1235 1815/2234/1235
f 1826/3237/1463 1824/3236/1463 1825/2235/1463 1830/2236/1463
f 1828/3244/1464 1826/3245/1464 1830/2239/1464 1837/2240/1464
f 1823/3239/1261 1825/2225/1261 1824/2241/1261
f 1828/2243/1465 1829/2232/1465 1822/2231/1465 1826/2242/1465
f 1827/3243/1369 1824/2244/1369 1815/2234/1369
f 1832/3246/1466 1834/3247/1466 1830/2236/1466 1825/2235/1466
f 1837/2247/1467 1823/3238/1467 1828/1204/1467
f 1831/2619/1468 1835/1207/1468 1836/1206/1468
f 1838/2249/1224 1833/2250/1224 1831/3248/1224 1845/2252/1224
f 1835/3249/1234 1831/3250/1234 1832/3251/1234
f 1830/2256/1235 1837/2257/1235 1835/3252/1235 1825/2259/1235
f 1834/3247/1469 1832/3246/1469 1833/2260/1469 1838/2261/1469
f 1845/2265/1470 1836/3253/1470 1834/3254/1470 1838/2264/1470
f 1831/3248/1246 1833/2250/1246 1832/2266/1246
f 1837/2257/1471 1830/2256/1471 1834/2267/1471 1836/2268/1471
f 1835/3252/1472 1832/2269/1472 1825/2259/1472
f 1840/3255/1473 1843/2627/1473 1838/2261/1473 1833/2260/1473
f 1845/2272/1474 1831/2619/1474 1836/1206/1474
f 1839/2628/1475 1844/1209/1475 1841/1208/1475
f 1846/2274/1233 1852/2275/1233 1839/3256/1233 1842/2277/1233
f 1844/2866/1462 1839/3257/1462 1840/3258/1462
f 1838/2281/1235 1845/2282/1235 1844/3259/1235 1833/1073/1235
f 1843/2627/1476 1840/3255/1476 1852/2284/1476 1846/2285/1476
f 1842/2286/1477 1841/3260/1477 1843/2634/1477 1846/2289/1477
f 1839/3256/1261 1852/2275/1261 1840/2290/1261
f 1841/2292/1478 1845/2282/1478 1838/2281/1478 1843/2291/1478
f 1844/3259/1369 1840/1072/1369 1833/1073/1369
f 1848/3261/1479 1850/3262/1479 1846/2285/1479 1852/2284/1479
f 1842/2295/1480 1839/2628/1480 1841/1208/1480
f 1847/2637/1481 1851/1131/1481 1853/1210/1481
f 1849/2297/1224 1860/2298/1224 1847/3263/1224 1862/2300/1224
f 1851/2639/1482 1847/3264/1482 1848/3265/1482
f 1852/1307/1259 1846/2304/1259 1842/2305/1259 1851/3093/1259
f 1850/3262/1483 1848/3261/1483 1860/2307/1483 1849/2308/1483
f 1853/3266/1484 1850/3267/1484 1849/2311/1484 1862/2312/1484
f 1847/3263/1246 1860/2298/1246 1848/2313/1246
f 1842/2305/1485 1846/2304/1485 1850/2314/1485 1853/2315/1485
f 1851/3093/1486 1848/1306/1486 1852/1307/1486
f 1861/1211/1487 1856/3268/1487 1854/3269/1487 1858/1212/1487
f 1862/2318/1488 1847/2637/1488 1853/1210/1488
f 1859/3270/1489 1863/3271/1489 1849/2308/1489 1860/2307/1489
f 1863/3272/1266 1857/3273/1266 1856/3274/1266 1861/2652/1266
f 1855/3275/1490 1859/3276/1490 1858/2655/1490 1854/3277/1490
f 1857/2329/1268 1855/3278/1268 1854/2658/1268 1856/2332/1268
f 1857/3279/1269 1863/3271/1269 1859/3270/1269 1855/2660/1269
f 1849/2335/1235 1862/2336/1235 1858/3280/1235 1860/1312/1235
f 1862/2336/1491 1849/2335/1491 1863/2338/1491 1861/2339/1491
f 1858/3280/1492 1859/1311/1492 1860/1312/1492
f 1873/3281/1493 1867/3282/1493 1865/3283/1493 1871/1732/1493
f 1864/3284/1494 1870/3285/1494 1867/3286/1494 1873/3287/1494
f 1866/3288/1495 1872/3289/1495 1871/3290/1495 1865/3291/1495
f 1869/1741/1496 1880/1742/1496 1865/3292/1496 1868/1744/1496
f 1870/3293/1497 1864/3294/1497 1872/3295/1497 1866/2677/1497
f 1864/3296/1498 1873/1750/1498 1871/1751/1498 1872/1752/1498
f 1870/3293/1499 1866/2677/1499 1880/1753/1499 1869/1754/1499
f 1868/1744/1500 1867/1755/1500 1870/1756/1500 1869/1741/1500
f 1865/3292/1501 1880/1742/1501 1866/1757/1501
f 1879/3297/1502 1882/3298/1502 1869/1754/1502 1880/1753/1502
f 1868/1760/1503 1865/3283/1503 1867/3282/1503
f 1874/3299/1504 1878/1214/1504 1881/1213/1504
f 1875/3300/1505 1879/3301/1505 1878/3302/1505 1874/3303/1505
f 1882/3304/1506 1877/3305/1506 1881/3306/1506
f 1883/1769/1496 1876/1770/1496 1874/2359/1496 1891/1772/1496
f 1877/3307/1507 1882/3298/1507 1879/3297/1507 1875/3308/1507
f 1880/895/1508 1869/1775/1508 1868/1776/1508 1878/1215/1508
f 1877/3307/1499 1875/3308/1499 1876/1777/1499 1883/1778/1499
f 1891/1772/1509 1881/1779/1509 1877/1780/1509 1883/1769/1509
f 1874/2359/1510 1876/1770/1510 1875/1781/1510
f 1868/1776/1511 1869/1775/1511 1882/1782/1511 1881/1783/1511
f 1889/3309/1502 1892/3310/1502 1883/1778/1502 1876/1777/1502
f 1891/1786/1512 1874/3299/1512 1881/1213/1512
f 1884/1787/1513 1888/1217/1513 1890/1216/1513
f 1885/3311/1514 1889/3312/1514 1888/3313/1514 1884/3314/1514
f 1892/3315/1515 1887/3316/1515 1890/3317/1515
f 1893/1795/1496 1886/1796/1496 1884/3318/1496 1901/1798/1496
f 1887/3319/1507 1892/3310/1507 1889/3309/1507 1885/3320/1507
f 1883/1801/1516 1891/1802/1516 1888/899/1516 1876/901/1516
f 1887/3319/1499 1885/3320/1499 1886/1803/1499 1893/1804/1499
f 1901/1798/1517 1890/1805/1517 1887/1806/1517 1893/1795/1517
f 1884/3318/1510 1886/1796/1510 1885/1807/1510
f 1891/1802/1518 1883/1801/1518 1892/1808/1518 1890/1809/1518
f 1900/3321/1519 1902/3322/1519 1893/1804/1519 1886/1803/1519
f 1901/1812/1512 1884/1787/1512 1890/1216/1512
f 1894/3323/1513 1899/1218/1513 1896/902/1513
f 1895/3324/1514 1900/3325/1514 1899/3326/1514 1894/2384/1514
f 1902/3327/1515 1898/3328/1515 1896/3329/1515
f 1897/1821/1496 1910/1822/1496 1894/3330/1496 1912/1824/1496
f 1898/3331/1507 1902/3322/1507 1900/3321/1507 1895/3332/1507
f 1893/1827/1516 1901/1828/1516 1899/905/1516 1886/907/1516
f 1898/3331/1520 1895/3332/1520 1910/1829/1520 1897/1830/1520
f 1912/1824/1521 1896/1831/1521 1898/1832/1521 1897/1821/1521
f 1894/3330/1522 1910/1822/1522 1895/1833/1522
f 1901/1828/1518 1893/1827/1518 1902/1834/1518 1896/1835/1518
f 1909/3333/1519 1913/3334/1519 1897/1830/1519 1910/1829/1519
f 1912/1838/1512 1894/3323/1512 1896/902/1512
f 1903/3335/1523 1908/1220/1523 1911/1219/1523
f 1904/3336/1514 1909/1841/1514 1908/3337/1514 1903/2696/1514
f 1913/1844/1506 1907/3338/1506 1911/3339/1506
f 1906/1847/1496 1920/1848/1496 1903/3340/1496 1905/1850/1496
f 1907/3341/1507 1913/3334/1507 1909/3333/1507 1904/3342/1507
f 1897/1853/1516 1912/1854/1516 1908/911/1516 1910/913/1516
f 1907/3341/1499 1904/3342/1499 1920/1855/1499 1906/1856/1499
f 1905/1850/1524 1911/1857/1524 1907/1858/1524 1906/1847/1524
f 1903/3340/1525 1920/1848/1525 1904/1859/1525
f 1912/1854/1526 1897/1853/1526 1913/1860/1526 1911/1861/1526
f 1921/1221/1527 1916/3343/1527 1914/1863/1527 1918/1222/1527
f 1905/1864/1528 1903/3335/1528 1911/1219/1528
f 1919/3344/1519 1922/3345/1519 1906/1856/1519 1920/1855/1519
f 1922/2398/1529 1917/1868/1529 1916/2399/1529 1921/3346/1529
f 1915/1871/1530 1919/1872/1530 1918/1873/1530 1914/3347/1530
f 1917/3348/1531 1915/3349/1531 1914/3350/1531 1916/3351/1531
f 1917/3352/1532 1922/3345/1532 1919/3344/1532 1915/3353/1532
f 1920/919/1508 1906/1881/1508 1905/1882/1508 1918/1223/1508
f 1905/1882/1533 1906/1881/1533 1922/1883/1533 1921/1884/1533
f 1944/3357/1544 1938/3358/1544 1936/2940/1544 1942/3359/1544
f 1945/3360/1545 1941/3361/1545 1938/3362/1545 1944/3363/1545
f 1937/3364/1546 1943/3365/1546 1942/2946/1546 1936/3366/1546
f 1940/1923/1496 1951/1924/1496 1936/2947/1496 1939/1926/1496
f 1941/3367/1547 1945/3368/1547 1943/3369/1547 1937/3370/1547
f 1943/3371/1548 1945/3372/1548 1944/3373/1548 1942/3374/1548
f 1941/3367/1499 1937/3370/1499 1951/1935/1499 1940/1936/1499
f 1939/1926/1549 1938/1937/1549 1941/1938/1549 1940/1923/1549
f 1936/2947/1550 1951/1924/1550 1937/1939/1550
f 1947/3375/1551 1949/3376/1551 1940/1936/1551 1951/1935/1551
f 1939/1942/1552 1936/2940/1552 1938/3358/1552
f 1946/3377/1553 1950/1227/1553 1952/1226/1553
f 1953/1944/1496 1948/1945/1496 1946/3378/1496 1960/1947/1496
f 1950/3379/1554 1946/3380/1554 1947/3381/1554
f 1951/1027/1508 1940/1951/1508 1939/1952/1508 1950/3382/1508
f 1949/3376/1555 1947/3375/1555 1948/1954/1555 1953/1955/1555
f 1952/1956/1556 1949/1957/1556 1953/1944/1556 1960/1947/1556
f 1946/3378/1557 1948/1945/1557 1947/1958/1557
f 1939/1952/1558 1940/1951/1558 1949/1959/1558 1952/1960/1558
f 1950/3382/1559 1947/1026/1559 1951/1027/1559
f 1959/1228/1560 1957/3383/1560 1954/3384/1560 1958/1229/1560
f 1960/1963/1561 1946/3377/1561 1952/1226/1561
f 1955/3385/1562 1961/3386/1562 1953/1955/1562 1948/1954/1562
f 1962/1965/1496 1956/1966/1496 1954/3387/1496 1969/1968/1496
f 1957/3388/1563 1959/3389/1563 1961/3390/1563
f 1958/3391/1564 1954/3392/1564 1955/3393/1564
f 1953/1972/1516 1960/1973/1516 1958/3394/1516 1948/1032/1516
f 1961/3386/1565 1955/3385/1565 1956/1975/1565 1962/1976/1565
f 1957/1977/1566 1961/1978/1566 1962/1965/1566 1969/1968/1566
f 1954/3387/1557 1956/1966/1557 1955/1979/1557
f 1959/1981/1567 1960/1973/1567 1953/1972/1567 1961/1980/1567
f 1958/3394/1568 1955/1031/1568 1948/1032/1568
f 1968/1230/1560 1966/3395/1560 1963/3396/1560 1967/1231/1560
f 1969/1984/1569 1954/3384/1569 1957/3383/1569
f 1964/3397/1562 1970/3398/1562 1962/1976/1562 1956/1975/1562
f 1971/1986/1496 1965/1987/1496 1963/3399/1496 1978/1989/1496
f 1966/3400/1563 1968/3401/1563 1970/3402/1563
f 1967/3403/1564 1963/3404/1564 1964/3405/1564
f 1962/1993/1516 1969/1994/1516 1967/3406/1516 1956/1037/1516
f 1970/3398/1565 1964/3397/1565 1965/1996/1565 1971/1997/1565
f 1966/1998/1566 1970/1999/1566 1971/1986/1566 1978/1989/1566
f 1963/3399/1557 1965/1987/1557 1964/2000/1557
f 1968/2002/1567 1969/1994/1567 1962/1993/1567 1970/2001/1567
f 1967/3406/1568 1964/1036/1568 1956/1037/1568
f 1973/3407/1570 1979/3408/1570 1971/1997/1570 1965/1996/1570
f 1978/2003/1569 1963/3396/1569 1966/3395/1569
f 1972/3409/1571 1976/1150/1571 1977/1232/1571
f 1980/2005/1496 1974/2006/1496 1972/2481/1496 1975/2008/1496
f 1976/3410/1564 1972/3411/1564 1973/3412/1564
f 1971/2015/1516 1978/2016/1516 1976/3413/1516 1965/1042/1516
f 1979/3408/1572 1973/3407/1572 1974/2018/1572 1980/2019/1572
f 1975/2008/1573 1977/2020/1573 1979/2021/1573 1980/2005/1573
f 1972/2481/1574 1974/2006/1574 1973/2022/1574
f 1977/2024/1575 1978/2016/1575 1971/2015/1575 1979/2023/1575
f 1976/3413/1568 1973/1041/1568 1965/1042/1568
f 1987/1043/1527 1983/3414/1527 1981/3415/1527 1985/1233/1527
f 1975/2027/1576 1972/3409/1576 1977/1232/1576
f 1986/3416/1577 1988/3417/1577 1980/2019/1577 1974/2018/1577
f 1988/2754/1529 1984/2489/1529 1983/3418/1529 1987/3167/1529
f 1982/3419/1578 1986/3420/1578 1985/2036/1578 1981/3421/1578
f 1984/2495/1531 1982/3422/1531 1981/2760/1531 1983/2041/1531
f 1984/3423/1579 1988/3417/1579 1986/3416/1579 1982/3424/1579
f 1974/1047/1508 1980/2044/1508 1975/2045/1508 1985/3425/1508
f 1975/2045/1580 1980/2044/1580 1988/2047/1580 1987/2048/1580
f 1985/3425/1581 1986/1046/1581 1974/1047/1581
f 1997/3426/1582 1993/3427/1582 1990/3428/1582 1995/3429/1582
f 1989/3430/1583 1994/3431/1583 1993/3432/1583 1997/3433/1583
f 1991/3434/1584 1996/3435/1584 1995/3436/1584 1990/3437/1584
f 1998/2061/1585 1992/950/1585 1990/1234/1585 2007/2062/1585
f 1994/3438/1586 1989/3439/1586 1996/3440/1586 1991/3441/1586
f 1989/2516/1587 1997/3442/1587 1995/2518/1587 1996/2519/1587
f 1994/3438/1588 1991/3441/1588 1992/2071/1588 1998/2072/1588
f 1993/2073/1589 1994/2074/1589 1998/2061/1589 2007/2062/1589
f 2006/1235/1590 2002/3443/1590 1999/3444/1590 2004/1236/1590
f 2007/2077/1591 1990/3428/1591 1993/3427/1591
f 2005/3445/1592 2003/3446/1592 1998/2072/1592 1992/2071/1592
f 2000/3447/1584 2005/3448/1584 2004/2081/1584 1999/3449/1584
f 2002/3450/1593 2006/3451/1593 2003/3452/1593
f 2008/2086/1585 2001/956/1585 1999/1237/1585 2016/2087/1585
f 1998/2090/1594 2007/2091/1594 2004/1238/1594 1992/960/1594
f 2005/3445/1595 2000/3453/1595 2003/3446/1595
f 2003/3446/1596 2000/3453/1596 2001/2092/1596 2008/2093/1596
f 2002/2094/1597 2003/2095/1597 2008/2086/1597 2016/2087/1597
f 2006/2097/1598 2007/2091/1598 1998/2090/1598 2003/2096/1598
f 2015/1239/1590 2011/3454/1590 2009/3455/1590 2013/1240/1590
f 2016/2100/1599 1999/3444/1599 2002/3443/1599
f 2014/3456/1592 2012/3457/1592 2008/2093/1592 2001/2092/1592
f 2010/3458/1584 2014/3459/1584 2013/2789/1584 2009/3460/1584
f 2011/3461/1593 2015/3462/1593 2012/3463/1593
f 2017/2109/1585 2023/965/1585 2009/1241/1585 2025/2110/1585
f 2008/2113/1600 2016/2114/1600 2013/1242/1600 2001/969/1600
f 2014/3456/1595 2010/3464/1595 2012/3457/1595
f 2012/3457/1596 2010/3464/1596 2023/2115/1596 2017/2116/1596
f 2011/2117/1597 2012/2118/1597 2017/2109/1597 2025/2110/1597
f 2015/2120/1598 2016/2114/1598 2008/2113/1598 2012/2119/1598
f 2024/1243/1590 2020/3465/1590 2018/3466/1590 2021/1244/1590
f 2025/2123/1591 2009/3455/1591 2011/3454/1591
f 2022/3467/1592 2026/3468/1592 2017/2116/1592 2023/2115/1592
f 2019/3027/1584 2022/3469/1584 2021/2132/1584 2018/3470/1584
f 2020/3471/1601 2024/3472/1601 2026/3473/1601
f 2027/2134/1585 2035/974/1585 2018/1058/1585 2037/2135/1585
f 2017/2138/1600 2025/2139/1600 2021/1245/1600 2023/978/1600
f 2022/3467/1595 2019/3474/1595 2026/3468/1595
f 2026/3468/1596 2019/3474/1596 2035/2140/1596 2027/2141/1596
f 2020/2142/1597 2026/2143/1597 2027/2134/1597 2037/2135/1597
f 2024/2145/1598 2025/2139/1598 2017/2138/1598 2026/2144/1598
f 2036/1246/1602 2031/3475/1602 2028/3476/1602 2033/1247/1602
f 2037/2148/1591 2018/3466/1591 2020/3465/1591
f 2034/3477/1603 2038/3478/1603 2027/2141/1603 2035/2140/1603
f 2038/3479/278 2032/3480/278 2031/3481/278 2036/3036/278
f 2029/3482/1584 2034/3483/1584 2033/3484/1584 2028/3485/1584
f 2039/2151/1585 2030/983/1585 2028/982/1585 2047/2152/1585
f 2032/3486/1604 2038/3478/1604 2034/3477/1604 2029/3487/1604
f 2027/2159/1600 2037/2160/1600 2033/1248/1600 2035/1250/1600
f 2032/3486/1588 2029/3487/1588 2030/2162/1588 2039/2163/1588
f 2031/2164/1589 2032/2165/1589 2039/2151/1589 2047/2152/1589
f 2037/2160/1605 2027/2159/1605 2038/2167/1605 2036/2166/1605
f 2046/1251/1606 2042/3488/1606 2040/3489/1606 2044/1252/1606
f 2047/2170/1599 2028/3476/1599 2031/3475/1599
f 2045/3490/1603 2048/3491/1603 2039/2163/1603 2030/2162/1603
f 2048/3492/1607 2043/3493/1607 2042/3494/1607 2046/3495/1607
f 2041/3496/1584 2045/3497/1584 2044/2179/1584 2040/3498/1584
f 2043/3499/1608 2041/3500/1608 2040/3501/1608 2042/3502/1608
f 2043/3503/1609 2048/3491/1609 2045/3490/1609 2041/3504/1609
f 2039/2187/1600 2047/2188/1600 2044/1253/1600 2030/990/1600
f 2047/2188/1610 2039/2187/1610 2048/2190/1610 2046/2189/1610
f 2057/3505/1611 2053/3506/1611 2050/3507/1611 2055/3508/1611
f 2049/3509/1612 2054/3510/1612 2053/2197/1612 2057/3511/1612
f 2051/3061/1613 2056/3512/1613 2055/3513/1613 2050/2598/1613
f 2058/2203/1614 2052/2204/1614 2050/2205/1614 2065/2206/1614
f 2054/3514/1615 2049/3515/1615 2056/3516/1615 2051/3517/1615
f 2049/2603/1616 2057/3518/1616 2055/3519/1616 2056/3520/1616
f 2054/3514/1617 2051/3517/1617 2052/2215/1617 2058/2216/1617
f 2053/2197/1618 2054/3510/1618 2058/2217/1618 2065/2218/1618
f 2050/2205/1619 2052/2204/1619 2051/2219/1619
f 2060/3521/1620 2062/3522/1620 2058/2216/1620 2052/2215/1620
f 2065/2222/1621 2050/3507/1621 2053/3506/1621
f 2059/3523/1622 2063/1167/1622 2064/1254/1622
f 2066/2224/1614 2061/2225/1614 2059/2610/1614 2073/2227/1614
f 2063/3524/1623 2059/3525/1623 2060/3526/1623
f 2058/2231/1624 2065/2232/1624 2063/3527/1624 2052/2234/1624
f 2062/3522/1625 2060/3521/1625 2061/2235/1625 2066/2236/1625
f 2064/3528/1626 2062/3529/1626 2066/2239/1626 2073/2240/1626
f 2059/2610/1627 2061/2225/1627 2060/2241/1627
f 2064/2243/1628 2065/2232/1628 2058/2231/1628 2062/2242/1628
f 2063/3527/1629 2060/2244/1629 2052/2234/1629
f 2068/3530/1630 2070/3531/1630 2066/2236/1630 2061/2235/1630
f 2073/2247/1631 2059/3523/1631 2064/1254/1631
f 2067/3532/1622 2071/1256/1622 2072/1255/1622
f 2074/2249/1614 2069/2250/1614 2067/2251/1614 2080/2252/1614
f 2071/3533/1623 2067/3534/1623 2068/3535/1623
f 2066/2256/1624 2073/2257/1624 2071/2258/1624 2061/2259/1624
f 2070/3531/1625 2068/3530/1625 2069/2260/1625 2074/2261/1625
f 2072/3536/1626 2070/3537/1626 2074/2264/1626 2080/2265/1626
f 2067/2251/1632 2069/2250/1632 2068/2266/1632
f 2072/2268/1628 2073/2257/1628 2066/2256/1628 2070/2267/1628
f 2071/2258/1629 2068/2269/1629 2061/2259/1629
f 2076/3538/1633 2081/3539/1633 2074/2261/1633 2069/2260/1633
f 2080/2272/1631 2067/3532/1631 2072/1255/1631
f 2075/3540/1634 2079/1258/1634 2077/1257/1634
f 2082/2274/1614 2088/2275/1614 2075/2865/1614 2078/2277/1614
f 2079/3541/1623 2075/3542/1623 2076/3543/1623
f 2074/2281/1624 2080/2282/1624 2079/3544/1624 2069/1073/1624
f 2081/3539/1635 2076/3538/1635 2088/2284/1635 2082/2285/1635
f 2078/2286/1636 2077/3545/1636 2081/3546/1636 2082/2289/1636
f 2075/2865/1637 2088/2275/1637 2076/2290/1637
f 2077/2292/1638 2080/2282/1638 2074/2281/1638 2081/2291/1638
f 2079/3544/1629 2076/1072/1629 2069/1073/1629
f 2084/3547/1639 2089/3548/1639 2082/2285/1639 2088/2284/1639
f 2078/2295/1640 2075/3540/1640 2077/1257/1640
f 2083/3549/1641 2087/1260/1641 2085/1259/1641
f 2086/2297/1614 2096/2298/1614 2083/2299/1614 2098/2300/1614
f 2087/3550/1642 2083/3551/1642 2084/3552/1642
f 2088/1307/1643 2082/2304/1643 2078/2305/1643 2087/3553/1643
f 2089/3548/1644 2084/3547/1644 2096/2307/1644 2086/2308/1644
f 2085/3554/1645 2089/3555/1645 2086/2311/1645 2098/2312/1645
f 2083/2299/1632 2096/2298/1632 2084/2313/1632
f 2078/2305/1646 2082/2304/1646 2089/2314/1646 2085/2315/1646
f 2087/3553/1647 2084/1306/1647 2088/1307/1647
f 2097/1261/1648 2092/3556/1648 2090/3557/1648 2094/1262/1648
f 2098/2318/1649 2083/3549/1649 2085/1259/1649
f 2095/3558/1650 2099/3559/1650 2086/2308/1650 2096/2307/1650
f 2099/3560/1651 2093/3561/1651 2092/3562/1651 2097/2324/1651
f 2091/2653/1652 2095/3563/1652 2094/3564/1652 2090/3277/1652
f 2093/2329/1653 2091/3565/1653 2090/3566/1653 2092/2332/1653
f 2093/3567/1654 2099/3559/1654 2095/3558/1654 2091/3568/1654
f 2086/2335/1624 2098/2336/1624 2094/2661/1624 2096/1312/1624
f 2098/2336/1655 2086/2335/1655 2099/2338/1655 2097/2339/1655
f 2094/2661/1656 2095/1311/1656 2096/1312/1656
f 2109/3569/1493 2103/3570/1493 2101/2664/1493 2107/1732/1493
f 2100/3284/1494 2106/3285/1494 2103/3286/1494 2109/3571/1494
f 2102/3288/1495 2108/3572/1495 2107/3573/1495 2101/3291/1495
f 2105/1741/1496 2116/1742/1496 2101/3292/1496 2104/1744/1496
f 2106/3293/1497 2100/3574/1497 2108/3575/1497 2102/2354/1497
f 2100/1749/1498 2109/1750/1498 2107/3576/1498 2108/1752/1498
f 2106/3293/1520 2102/2354/1520 2116/1753/1520 2105/1754/1520
f 2104/1744/1500 2103/1755/1500 2106/1756/1500 2105/1741/1500
f 2101/3292/1657 2116/1742/1657 2102/1757/1657
f 2115/3577/1658 2118/3298/1658 2105/1754/1658 2116/1753/1658
f 2104/1760/1503 2101/2664/1503 2103/3570/1503
f 2110/3578/1659 2114/1264/1659 2117/1263/1659
f 2111/3300/1505 2115/3579/1505 2114/3580/1505 2110/3581/1505
f 2118/3582/1506 2113/3583/1506 2117/3584/1506
f 2119/1769/1496 2112/1770/1496 2110/1771/1496 2127/1772/1496
f 2113/3585/1507 2118/3298/1507 2115/3577/1507 2111/3308/1507
f 2116/895/1508 2105/1775/1508 2104/1776/1508 2114/893/1508
f 2113/3585/1660 2111/3308/1660 2112/1777/1660 2119/1778/1660
f 2127/1772/1509 2117/1779/1509 2113/1780/1509 2119/1769/1509
f 2110/1771/1661 2112/1770/1661 2111/1781/1661
f 2104/1776/1662 2105/1775/1662 2118/1782/1662 2117/1783/1662
f 2126/3586/1502 2128/3310/1502 2119/1778/1502 2112/1777/1502
f 2127/1786/1663 2110/3578/1663 2117/1263/1663
f 2120/3587/1664 2125/897/1664 2123/1265/1664
f 2121/3588/1514 2126/3312/1514 2125/3589/1514 2120/3314/1514
f 2128/3590/1665 2124/3316/1665 2123/3591/1665
f 2129/1795/1496 2122/1796/1496 2120/3592/1496 2137/1798/1496
f 2124/3319/1507 2128/3310/1507 2126/3586/1507 2121/3593/1507
f 2119/1801/1516 2127/1802/1516 2125/899/1516 2112/901/1516
f 2124/3319/1660 2121/3593/1660 2122/1803/1660 2129/1804/1660
f 2137/1798/1521 2123/1805/1521 2124/1806/1521 2129/1795/1521
f 2120/3592/1661 2122/1796/1661 2121/1807/1661
f 2127/1802/1518 2119/1801/1518 2128/1808/1518 2123/1809/1518
f 2136/3321/1519 2138/3322/1519 2129/1804/1519 2122/1803/1519
f 2137/1812/1512 2120/3587/1512 2123/1265/1512
f 2130/3594/1664 2135/1267/1664 2132/1266/1664
f 2131/3324/1514 2136/3595/1514 2135/3326/1514 2130/1817/1514
f 2138/3596/1665 2134/1819/1665 2132/3597/1665
f 2133/1821/1496 2146/1822/1496 2130/3330/1496 2148/1824/1496
f 2134/3598/1507 2138/3322/1507 2136/3321/1507 2131/3599/1507
f 2129/1827/1516 2137/1828/1516 2135/905/1516 2122/907/1516
f 2134/3598/1660 2131/3599/1660 2146/1829/1660 2133/1830/1660
f 2148/1824/1517 2132/1831/1517 2134/1832/1517 2133/1821/1517
f 2130/3330/1666 2146/1822/1666 2131/1833/1666
f 2137/1828/1518 2129/1827/1518 2138/1834/1518 2132/1835/1518
f 2145/3600/1519 2149/3601/1519 2133/1830/1519 2146/1829/1519
f 2148/1838/1512 2130/3594/1512 2132/1266/1512
f 2139/2695/1523 2144/1220/1523 2147/1268/1523
f 2140/3602/1514 2145/3603/1514 2144/3337/1514 2139/2696/1514
f 2149/1844/1506 2143/3338/1506 2147/3604/1506
f 2142/1847/1496 2156/1848/1496 2139/3605/1496 2141/1850/1496
f 2143/3341/1507 2149/3601/1507 2145/3600/1507 2140/3606/1507
f 2133/1853/1516 2148/1854/1516 2144/911/1516 2146/913/1516
f 2143/3341/1660 2140/3606/1660 2156/1855/1660 2142/1856/1660
f 2141/1850/1524 2147/1857/1524 2143/1858/1524 2142/1847/1524
f 2139/3605/1657 2156/1848/1657 2140/1859/1657
f 2148/1854/1511 2133/1853/1511 2149/1860/1511 2147/1861/1511
f 2157/1269/1667 2152/3607/1667 2150/3608/1667 2154/1270/1667
f 2141/1864/1528 2139/2695/1528 2147/1268/1528
f 2155/3609/1519 2158/3345/1519 2142/1856/1519 2156/1855/1519
f 2158/2398/1529 2153/2931/1529 2152/3610/1529 2157/3611/1529
f 2151/1871/1530 2155/1872/1530 2154/1873/1530 2150/1874/1530
f 2153/3612/1531 2151/3613/1531 2150/3614/1531 2152/3615/1531
f 2153/2407/1532 2158/3345/1532 2155/3609/1532 2151/3616/1532
f 2156/919/1508 2142/1881/1508 2141/1882/1508 2154/1271/1508
f 2141/1882/1533 2142/1881/1533 2158/1883/1533 2157/1884/1533
f 2180/3620/1670 2174/3358/1670 2172/2940/1670 2178/3621/1670
f 2181/3622/1545 2177/3361/1545 2174/3362/1545 2180/3363/1545
f 2173/3623/1546 2179/3624/1546 2178/3625/1546 2172/2720/1546
f 2176/1923/1496 2188/1924/1496 2172/2947/1496 2175/1926/1496
f 2177/3367/1547 2181/3626/1547 2179/3627/1547 2173/3628/1547
f 2179/3629/1548 2181/3372/1548 2180/3373/1548 2178/3630/1548
f 2177/3367/1499 2173/3628/1499 2188/1935/1499 2176/1936/1499
f 2175/1926/1549 2174/1937/1549 2177/1938/1549 2176/1923/1549
f 2172/2947/1501 2188/1924/1501 2173/1939/1501
f 2187/3631/1502 2190/3632/1502 2176/1936/1502 2188/1935/1502
f 2175/1942/1503 2172/2940/1503 2174/3358/1503
f 2182/2726/1504 2186/1276/1504 2189/1275/1504
f 2183/3633/1505 2187/3634/1505 2186/3635/1505 2182/2439/1505
f 2190/3150/1506 2185/3636/1506 2189/2442/1506
f 2191/1944/1496 2184/1945/1496 2182/2956/1496 2199/1947/1496
f 2185/3637/1507 2190/3632/1507 2187/3631/1507 2183/3638/1507
f 2188/1027/1508 2176/1951/1508 2175/1952/1508 2186/1277/1508
f 2185/3637/1499 2183/3638/1499 2184/1954/1499 2191/1955/1499
f 2199/1947/1509 2189/1956/1509 2185/1957/1509 2191/1944/1509
f 2182/2956/1501 2184/1945/1501 2183/1958/1501
f 2175/1952/1511 2176/1951/1511 2190/1959/1511 2189/1960/1511
f 2197/3639/1502 2200/3640/1502 2191/1955/1502 2184/1954/1502
f 2199/1963/1512 2182/2726/1512 2189/1275/1512
f 2192/2960/1671 2196/1279/1671 2198/1278/1671
f 2193/3641/1514 2197/3642/1514 2196/3643/1514 2192/2452/1514
f 2200/2453/1665 2195/2454/1665 2198/3644/1665
f 2201/1965/1496 2194/1966/1496 2192/2456/1496 2209/1968/1496
f 2195/3645/1672 2200/3640/1672 2197/3639/1672 2193/3646/1672
f 2191/1972/1516 2199/1973/1516 2196/1191/1516 2184/1032/1516
f 2195/3645/1499 2193/3646/1499 2194/1975/1499 2201/1976/1499
f 2209/1968/1521 2198/1977/1521 2195/1978/1521 2201/1965/1521
f 2192/2456/1501 2194/1966/1501 2193/1979/1501
f 2199/1973/1518 2191/1972/1518 2200/1980/1518 2198/1981/1518
f 2208/3647/1502 2210/3648/1502 2201/1976/1502 2194/1975/1502
f 2209/1984/1673 2192/2960/1673 2198/1278/1673
f 2202/3649/1671 2207/1281/1671 2205/1280/1671
f 2203/3650/1674 2208/3651/1674 2207/3652/1674 2202/3653/1674
f 2210/3654/1665 2206/2466/1665 2205/3655/1665
f 2211/1986/1496 2204/1987/1496 2202/3656/1496 2220/1989/1496
f 2206/3657/1507 2210/3648/1507 2208/3647/1507 2203/3658/1507
f 2201/1993/1516 2209/1994/1516 2207/1035/1516 2194/1037/1516
f 2206/3657/1499 2203/3658/1499 2204/1996/1499 2211/1997/1499
f 2220/1989/1521 2205/1998/1521 2206/1999/1521 2211/1986/1521
f 2202/3656/1501 2204/1987/1501 2203/2000/1501
f 2209/1994/1518 2201/1993/1518 2210/2001/1518 2205/2002/1518
f 2218/3659/1502 2221/3660/1502 2211/1997/1502 2204/1996/1502
f 2220/2003/1512 2202/3649/1512 2205/1280/1512
f 2212/3661/1675 2217/1283/1675 2219/1282/1675
f 2213/3662/1514 2218/3663/1514 2217/3664/1514 2212/2477/1514
f 2221/2744/1506 2216/3164/1506 2219/3665/1506
f 2222/2005/1496 2214/2006/1496 2212/2481/1496 2215/2008/1496
f 2216/3666/1507 2221/3660/1507 2218/3659/1507 2213/3667/1507
f 2211/2015/1516 2220/2016/1516 2217/1284/1516 2204/1042/1516
f 2216/3666/1499 2213/3667/1499 2214/2018/1499 2222/2019/1499
f 2215/2008/1524 2219/2020/1524 2216/2021/1524 2222/2005/1524
f 2212/2481/1501 2214/2006/1501 2213/2022/1501
f 2220/2016/1511 2211/2015/1511 2221/2023/1511 2219/2024/1511
f 2229/1043/1527 2225/3668/1527 2223/2485/1527 2227/1285/1527
f 2215/2027/1676 2212/3661/1676 2219/1282/1676
f 2228/3669/1502 2230/3417/1502 2222/2019/1502 2214/2018/1502
f 2230/2488/1529 2226/2489/1529 2225/3418/1529 2229/3167/1529
f 2224/3670/1530 2228/2492/1530 2227/3671/1530 2223/2984/1530
f 2226/2495/1531 2224/3672/1531 2223/3673/1531 2225/3674/1531
f 2226/3675/1532 2230/3417/1532 2228/3669/1532 2224/3676/1532
f 2214/1047/1508 2222/2044/1508 2215/2045/1508 2227/1286/1508
f 2215/2045/1677 2222/2044/1677 2230/2047/1677 2229/2048/1677
f 2239/3677/1678 2235/3678/1678 2232/3679/1678 2237/3680/1678
f 2231/3681/1679 2236/3682/1679 2235/3683/1679 2239/3684/1679
f 2233/3685/1584 2238/3686/1584 2237/3687/1584 2232/3688/1584
f 2240/2061/1585 2234/950/1585 2232/1153/1585 2247/2062/1585
f 2236/3689/1680 2231/3439/1680 2238/3690/1680 2233/3691/1680
f 2231/2516/1587 2239/3442/1587 2237/2518/1587 2238/3692/1587
f 2236/3689/1681 2233/3691/1681 2234/2071/1681 2240/2072/1681
f 2247/2062/1682 2235/2073/1682 2236/2074/1682 2240/2061/1682
f 2246/1235/1590 2244/3443/1590 2241/3693/1590 2245/1287/1590
f 2247/2077/1683 2232/3679/1683 2235/3678/1683
f 2242/3694/1684 2248/3695/1684 2240/2072/1684 2234/2071/1684
f 2249/2086/1585 2243/956/1585 2241/1288/1585 2255/2087/1585
f 2244/3696/1601 2246/3451/1601 2248/3697/1601
f 2245/3698/1685 2241/3449/1685 2242/3699/1685
f 2240/2090/1600 2247/2091/1600 2245/3700/1600 2234/960/1600
f 2248/3695/1686 2242/3694/1686 2243/2092/1686 2249/2093/1686
f 2244/2094/1597 2248/2095/1597 2249/2086/1597 2255/2087/1597
f 2246/2097/1598 2247/2091/1598 2240/2090/1598 2248/2096/1598
f 2245/3700/1687 2242/959/1687 2234/960/1687
f 2254/1289/1590 2252/3701/1590 2250/3702/1590 2253/1290/1590
f 2255/2100/1688 2241/3693/1688 2244/3443/1688
f 2251/3703/1684 2256/3704/1684 2249/2093/1684 2243/2092/1684
f 2257/2109/1585 2262/965/1585 2250/1291/1585 2264/2110/1585
f 2252/3461/1601 2254/3705/1601 2256/3706/1601
f 2253/3707/1685 2250/3460/1685 2251/3708/1685
f 2249/2113/1594 2255/2114/1594 2253/3709/1594 2243/969/1594
f 2256/3704/1686 2251/3703/1686 2262/2115/1686 2257/2116/1686
f 2252/2117/1597 2256/2118/1597 2257/2109/1597 2264/2110/1597
f 2254/2120/1598 2255/2114/1598 2249/2113/1598 2256/2119/1598
f 2253/3709/1687 2251/968/1687 2243/969/1687
f 2261/1293/1689 2263/1292/1689 2260/3710/1689 2258/3711/1689
f 2264/2123/1591 2250/3702/1591 2252/3701/1591
f 2259/3712/1684 2265/3713/1684 2257/2116/1684 2262/2115/1684
f 2266/2134/1690 2272/974/1690 2258/1294/1690 2274/2135/1690
f 2260/3714/1691 2263/3715/1691 2265/3716/1691
f 2261/3717/1692 2258/3470/1692 2259/3718/1692
f 2257/2138/1693 2264/2139/1693 2261/3719/1693 2262/978/1693
f 2265/3713/1686 2259/3712/1686 2272/2140/1686 2266/2141/1686
f 2260/2142/1694 2265/2143/1694 2266/2134/1694 2274/2135/1694
f 2263/2145/1695 2264/2139/1695 2257/2138/1695 2265/2144/1695
f 2261/3719/1696 2259/977/1696 2262/978/1696
f 2271/1296/1689 2273/1295/1689 2270/3720/1689 2267/3721/1689
f 2274/2148/1697 2258/3711/1697 2260/3710/1697
f 2268/3722/1684 2275/3723/1684 2266/2141/1684 2272/2140/1684
f 2276/2151/1690 2269/983/1690 2267/1297/1690 2284/2152/1690
f 2270/3724/1691 2273/3036/1691 2275/3725/1691
f 2271/3726/1692 2267/3727/1692 2268/3728/1692
f 2266/2159/1693 2274/2160/1693 2271/3729/1693 2272/1250/1693
f 2275/3723/1686 2268/3722/1686 2269/2162/1686 2276/2163/1686
f 2270/2164/1694 2275/2165/1694 2276/2151/1694 2284/2152/1694
f 2273/2166/1695 2274/2160/1695 2266/2159/1695 2275/2167/1695
f 2271/3729/1696 2268/1249/1696 2272/1250/1696
f 2283/1122/1698 2279/3730/1698 2277/2169/1698 2281/1298/1698
f 2284/2170/1699 2267/3721/1699 2270/3720/1699
f 2282/3731/1700 2285/3732/1700 2276/2163/1700 2269/2162/1700
f 2285/3733/596 2280/3493/596 2279/3734/596 2283/3735/596
f 2278/3496/1701 2282/3736/1701 2281/3737/1701 2277/3498/1701
f 2280/3738/1608 2278/3500/1608 2277/3501/1608 2279/3739/1608
f 2280/3740/1702 2285/3732/1702 2282/3731/1702 2278/3741/1702
f 2276/2187/1594 2284/2188/1594 2281/3742/1594 2269/990/1594
f 2283/2189/1703 2284/2188/1703 2276/2187/1703 2285/2190/1703
f 2281/3742/1704 2282/989/1704 2269/990/1704
f 2293/3505/1611 2289/3506/1611 2286/3743/1611 2291/2833/1611
f 2294/3744/1612 2290/3745/1612 2289/2197/1612 2293/3511/1612
f 2287/3061/1613 2292/2596/1613 2291/3746/1613 2286/3747/1613
f 2295/2203/1614 2288/2204/1614 2286/2205/1614 2301/2206/1614
f 2290/3748/1615 2294/3749/1615 2292/3750/1615 2287/3751/1615
f 2294/3752/1616 2293/3518/1616 2291/3070/1616 2292/3235/1616
f 2290/3748/1705 2287/3751/1705 2288/2215/1705 2295/2216/1705
f 2289/2197/1706 2290/3745/1706 2295/2217/1706 2301/2218/1706
f 2286/2205/1619 2288/2204/1619 2287/2219/1619
f 2297/3753/1620 2302/3754/1620 2295/2216/1620 2288/2215/1620
f 2301/2222/1707 2286/3743/1707 2289/3506/1707
f 2296/3755/1622 2299/1167/1622 2300/1299/1622
f 2303/2224/1614 2298/2225/1614 2296/3756/1614 2309/2227/1614
f 2299/3524/1623 2296/3757/1623 2297/3758/1623
f 2295/2231/1624 2301/2232/1624 2299/3527/1624 2288/2234/1624
f 2302/3754/1625 2297/3753/1625 2298/2235/1625 2303/2236/1625
f 2300/3759/1626 2302/3760/1626 2303/2239/1626 2309/2240/1626
f 2296/3756/1637 2298/2225/1637 2297/2241/1637
f 2300/2243/1628 2301/2232/1628 2295/2231/1628 2302/2242/1628
f 2299/3527/1629 2297/2244/1629 2288/2234/1629
f 2305/3761/1620 2310/3762/1620 2303/2236/1620 2298/2235/1620
f 2309/2247/1631 2296/3755/1631 2300/1299/1631
f 2304/3079/1622 2307/1256/1622 2308/1300/1622
f 2311/2249/1614 2306/2250/1614 2304/2251/1614 2317/2252/1614
f 2307/3533/1623 2304/3763/1623 2305/3764/1623
f 2303/2256/1624 2309/2257/1624 2307/2258/1624 2298/2259/1624
f 2310/3762/1625 2305/3761/1625 2306/2260/1625 2311/2261/1625
f 2308/3765/1626 2310/3766/1626 2311/2264/1626 2317/2265/1626
f 2304/2251/1637 2306/2250/1637 2305/2266/1637
f 2308/2268/1628 2309/2257/1628 2303/2256/1628 2310/2267/1628
f 2307/2258/1629 2305/2269/1629 2298/2259/1629
f 2313/3767/1633 2318/3768/1633 2311/2261/1633 2306/2260/1633
f 2317/2272/1631 2304/3079/1631 2308/1300/1631
f 2312/3540/1634 2315/1302/1634 2316/1301/1634
f 2319/2274/1614 2324/2275/1614 2312/2629/1614 2314/2277/1614
f 2315/3769/1623 2312/3542/1623 2313/3770/1623
f 2311/2281/1624 2317/2282/1624 2315/3771/1624 2306/1073/1624
f 2318/3768/1635 2313/3767/1635 2324/2284/1635 2319/2285/1635
f 2314/2286/1636 2316/3772/1636 2318/3773/1636 2319/2289/1636
f 2312/2629/1637 2324/2275/1637 2313/2290/1637
f 2316/2292/1638 2317/2282/1638 2311/2281/1638 2318/2291/1638
f 2315/3771/1629 2313/1072/1629 2306/1073/1629
f 2321/3774/1708 2326/3775/1708 2319/2285/1708 2324/2284/1708
f 2314/2295/1640 2312/3540/1640 2316/1301/1640
f 2320/3776/1641 2323/1304/1641 2325/1303/1641
f 2322/2297/1614 2333/2298/1614 2320/2299/1614 2335/2300/1614
f 2323/3777/1709 2320/3551/1709 2321/3778/1709
f 2324/1307/1643 2319/2304/1643 2314/2305/1643 2323/1305/1643
f 2326/3775/1710 2321/3774/1710 2333/2307/1710 2322/2308/1710
f 2325/3779/1645 2326/3555/1645 2322/2311/1645 2335/2312/1645
f 2320/2299/1711 2333/2298/1711 2321/2313/1711
f 2314/2305/1646 2319/2304/1646 2326/2314/1646 2325/2315/1646
f 2334/1308/1712 2329/3780/1712 2327/3781/1712 2331/1309/1712
f 2335/2318/1649 2320/3776/1649 2325/1303/1649
f 2332/3782/1713 2336/3783/1713 2322/2308/1713 2333/2307/1713
f 2336/3784/1714 2330/3785/1714 2329/3786/1714 2334/3787/1714
f 2328/3788/1715 2332/3789/1715 2331/3790/1715 2327/3277/1715
f 2330/2329/1653 2328/3791/1653 2327/3106/1653 2329/2332/1653
f 2330/3792/1716 2336/3783/1716 2332/3782/1716 2328/3793/1716
f 2322/2335/1624 2335/2336/1624 2331/1310/1624 2333/1312/1624
f 2334/2339/1717 2335/2336/1717 2322/2335/1717 2336/2338/1717
f 2378/3852/1745 2380/3853/1745 2376/3854/1745 2373/3855/1745
f 2372/3856/1747 2377/3857/1747 2376/3858/1747 2380/3859/1747
f 2374/3860/1748 2379/3861/1748 2378/3862/1748 2373/3863/1748
f 2381/3864/1749 2375/3865/1749 2373/3866/1749 2389/3867/1749
f 2377/3868/790 2372/3869/790 2379/3870/790 2374/3871/790
f 2372/3872/1750 2380/3873/1750 2378/3874/1750 2379/3875/1750
f 2377/3868/792 2374/3871/792 2375/3876/792 2381/3877/792
f 2389/3878/1751 2376/3858/1751 2377/3857/1751 2381/3879/1751
f 2373/3866/1752 2375/3865/1752 2374/3880/1752
f 2387/3881/1753 2390/3882/1753 2381/3883/1753 2375/3884/1753
f 2389/3867/1754 2373/3866/1754 2376/3885/1754
f 2388/1357/1755 2382/3886/1755 2386/1358/1755
f 2383/3887/1756 2387/1361/1756 2386/1360/1756 2382/3888/1756
f 2390/3889/799 2385/3890/799 2388/3891/799
f 2391/3892/1749 2398/3893/1749 2382/3894/1749 2384/3895/1749
f 2385/3896/800 2390/3897/800 2387/3898/800 2383/3899/800
f 2375/3884/1757 2381/3883/1757 2389/3900/1757 2386/3901/1757
f 2385/3896/1758 2383/3899/1758 2398/3902/1758 2391/3903/1758
f 2384/3904/802 2388/3891/802 2385/3890/802 2391/3905/802
f 2382/3894/1759 2398/3893/1759 2383/3906/1759
f 2389/3907/814 2381/3908/814 2390/3889/814 2388/3891/814
f 2397/3909/795 2400/3910/795 2391/3911/795 2398/3912/795
f 2384/3895/1760 2382/3894/1760 2388/3913/1760
f 2399/1363/1761 2392/3914/1761 2396/1364/1761
f 2393/3915/1756 2397/1367/1756 2396/1366/1756 2392/3916/1756
f 2400/3917/1011 2395/3918/1011 2399/3919/1011
f 2401/3920/1749 2408/3921/1749 2392/3922/1749 2394/3923/1749
f 2395/3924/800 2400/3925/800 2397/3926/800 2393/3927/800
f 2398/3912/1762 2391/3911/1762 2384/3928/1762 2396/3929/1762
f 2395/3924/1758 2393/3927/1758 2408/3930/1758 2401/3931/1758
f 2394/3932/1763 2399/3919/1763 2395/3918/1763 2401/3933/1763
f 2392/3922/1764 2408/3921/1764 2393/3934/1764
f 2384/3935/1765 2391/3936/1765 2400/3917/1765 2399/3919/1765
f 2407/3937/795 2410/3938/795 2401/3939/795 2408/3940/795
f 2394/3923/1760 2392/3922/1760 2399/3941/1760
f 2409/1369/1766 2402/3942/1766 2406/1370/1766
f 2403/3943/1756 2407/1373/1756 2406/1372/1756 2402/3944/1756
f 2410/3945/1011 2405/3946/1011 2409/3947/1011
f 2411/3948/1749 2418/3949/1749 2402/3950/1749 2404/3951/1749
f 2405/3952/800 2410/3953/800 2407/3954/800 2403/3955/800
f 2408/3940/1762 2401/3939/1762 2394/3956/1762 2406/3957/1762
f 2405/3952/1758 2403/3955/1758 2418/3958/1758 2411/3959/1758
f 2404/3960/1012 2409/3947/1012 2405/3946/1012 2411/3961/1012
f 2402/3950/1764 2418/3949/1764 2403/3962/1764
f 2394/3963/1765 2401/3964/1765 2410/3945/1765 2409/3947/1765
f 2417/3965/1767 2415/3966/1767 2411/3967/1767 2418/3968/1767
f 2404/3951/1768 2402/3950/1768 2409/3969/1768
f 2419/1375/1769 2412/3970/1769 2416/1376/1769
f 2413/3971/1756 2417/1379/1756 2416/1378/1756 2412/3972/1756
f 2414/3975/1749 2427/3976/1749 2412/3977/1749 2429/3978/1749
f 2418/3968/1762 2411/3967/1762 2404/3979/1762 2416/3980/1762
f 2417/3981/1771 2413/3982/1771 2415/3983/1771
f 2415/3983/1772 2413/3982/1772 2427/3984/1772 2414/3985/1772
f 2429/3986/1773 2419/3987/1773 2415/3988/1773 2414/3989/1773
f 2412/3977/1759 2427/3976/1759 2413/3990/1759
f 2404/3991/1774 2411/3992/1774 2415/3988/1774 2419/3987/1774
f 2426/3993/1775 2430/3994/1775 2414/3995/1775 2427/3996/1775
f 2429/3978/1776 2412/3977/1776 2419/3997/1776
f 2428/1381/1777 2420/3998/1777 2425/1382/1777
f 2421/3999/1778 2426/1385/1778 2425/1384/1778 2420/4000/1778
f 2430/4001/799 2424/4002/799 2428/4003/799
f 2423/4004/1749 2437/4005/1749 2420/4006/1749 2422/4007/1749
f 2424/4008/800 2430/4009/800 2426/4010/800 2421/4011/800
f 2414/3995/1779 2429/4012/1779 2425/4013/1779 2427/3996/1779
f 2424/4008/792 2421/4011/792 2437/4014/792 2423/4015/792
f 2422/4016/813 2428/4003/813 2424/4002/813 2423/4017/813
f 2420/4006/1780 2437/4005/1780 2421/4018/1780
f 2429/4019/814 2414/4020/814 2430/4001/814 2428/4003/814
f 2436/4021/1775 2439/4022/1775 2423/4023/1775 2437/4024/1775
f 2422/4007/1760 2420/4006/1760 2428/4025/1760
f 2438/1387/1761 2431/4026/1761 2435/1388/1761
f 2432/4027/1756 2436/1391/1756 2435/1390/1756 2431/4028/1756
f 2439/4029/1011 2434/4030/1011 2438/4031/1011
f 2440/4032/1749 2448/4033/1749 2431/4034/1749 2433/4035/1749
f 2434/4036/800 2439/4037/800 2436/4038/800 2432/4039/800
f 2437/4024/1762 2423/4023/1762 2422/4040/1762 2435/4041/1762
f 2434/4036/1758 2432/4039/1758 2448/4042/1758 2440/4043/1758
f 2433/4044/1763 2438/4031/1763 2434/4030/1763 2440/4045/1763
f 2431/4034/1764 2448/4033/1764 2432/4046/1764
f 2422/4047/1765 2423/4048/1765 2439/4029/1765 2438/4031/1765
f 2447/4049/795 2450/4050/795 2440/4051/795 2448/4052/795
f 2433/4035/1768 2431/4034/1768 2438/4053/1768
f 2449/1393/1761 2441/4054/1761 2446/1394/1761
f 2442/4055/1756 2447/1397/1756 2446/1396/1756 2441/4056/1756
f 2450/4057/1011 2445/4058/1011 2449/4059/1011
f 2444/4060/1749 2458/4061/1749 2441/4062/1749 2443/4063/1749
f 2445/4064/800 2450/4065/800 2447/4066/800 2442/4067/800
f 2448/4052/1762 2440/4051/1762 2433/4068/1762 2446/4069/1762
f 2445/4064/792 2442/4067/792 2458/4070/792 2444/4071/792
f 2443/4072/1012 2449/4059/1012 2445/4058/1012 2444/4073/1012
f 2441/4062/1780 2458/4061/1780 2442/4074/1780
f 2433/4075/1765 2440/4076/1765 2450/4057/1765 2449/4059/1765
f 2457/4077/1775 2460/4078/1775 2444/4079/1775 2458/4080/1775
f 2443/4063/1760 2441/4062/1760 2449/4081/1760
f 2459/1399/1766 2451/4082/1766 2456/1400/1766
f 2452/4083/1756 2457/1403/1756 2456/1402/1756 2451/4084/1756
f 2460/4085/1011 2455/4086/1011 2459/4087/1011
f 2454/4088/1749 2467/4089/1749 2451/4090/1749 2453/4091/1749
f 2455/4092/800 2460/4093/800 2457/4094/800 2452/4095/800
f 2458/4080/1762 2444/4079/1762 2443/4096/1762 2456/4097/1762
f 2455/4092/792 2452/4095/792 2467/4098/792 2454/4099/792
f 2453/4100/1012 2459/4087/1012 2455/4086/1012 2454/4101/1012
f 2451/4090/1781 2467/4089/1781 2452/4102/1781
f 2443/4103/1765 2444/4104/1765 2460/4085/1765 2459/4087/1765
f 2465/1406/1782 2468/1405/1782 2463/4105/1782 2461/4106/1782
f 2453/4091/1760 2451/4090/1760 2459/4107/1760
f 2466/4108/1775 2469/4109/1775 2454/4110/1775 2467/4111/1775
f 2469/4112/1783 2464/4113/1783 2463/4114/1783 2468/4115/1783
f 2462/4116/1784 2466/1409/1784 2465/1408/1784 2461/4117/1784
f 2464/4118/1785 2462/4119/1785 2461/4120/1785 2463/4121/1785
f 2464/4122/820 2469/4123/820 2466/4124/820 2462/4125/820
f 2467/4111/1762 2454/4110/1762 2453/4126/1762 2465/4127/1762
f 2453/4128/1786 2454/4129/1786 2469/4112/1786 2468/4115/1786
f 2477/4130/1745 2479/4131/1745 2473/4132/1745 2471/4133/1745
f 2470/4134/1747 2476/4135/1747 2473/4136/1747 2479/4137/1747
f 2472/4138/1748 2478/4139/1748 2477/4140/1748 2471/4141/1748
f 2475/4142/1749 2487/4143/1749 2471/4144/1749 2474/4145/1749
f 2476/4146/790 2470/4147/790 2478/4148/790 2472/4149/790
f 2470/4150/1750 2479/4151/1750 2477/4152/1750 2478/4153/1750
f 2476/4146/1787 2472/4149/1787 2487/4154/1787 2475/4155/1787
f 2474/4156/1788 2473/4136/1788 2476/4135/1788 2475/4157/1788
f 2471/4144/1789 2487/4143/1789 2472/4158/1789
f 2481/4159/969 2489/4160/969 2475/4161/969 2487/4162/969
f 2474/4145/1790 2471/4144/1790 2473/4163/1790
f 2488/1411/1791 2480/4164/1791 2486/1412/1791
f 2484/4165/1749 2482/4166/1749 2480/4167/1749 2483/4168/1749
f 2489/4169/1011 2485/4170/1011 2488/4171/1011
f 2486/4172/1792 2480/4173/1792 2481/4174/1792
f 2487/4162/1757 2475/4161/1757 2474/4175/1757 2486/4176/1757
f 2485/1415/1793 2481/1414/1793 2482/4177/1793 2484/4178/1793
f 2483/4179/1012 2488/4171/1012 2485/4170/1012 2484/4180/1012
f 2480/4167/1794 2482/4166/1794 2481/4181/1794
f 2474/4182/1765 2475/4183/1765 2489/4169/1765 2488/4171/1765
f 2486/4172/1795 2481/4174/1795 2487/4184/1795
f 2491/4185/969 2497/4186/969 2484/4187/969 2482/4188/969
f 2483/4168/1796 2480/4167/1796 2488/4189/1796
f 2496/1417/1791 2490/4190/1791 2495/1418/1791
f 2493/4191/1749 2504/4192/1749 2490/4193/1749 2492/4194/1749
f 2497/4195/1797 2494/4196/1797 2496/4197/1797
f 2495/4198/1792 2490/4199/1792 2491/4200/1792
f 2482/4188/1762 2484/4187/1762 2483/4201/1762 2495/4202/1762
f 2494/1421/1793 2491/1420/1793 2504/4203/1793 2493/4204/1793
f 2492/4205/1763 2496/4197/1763 2494/4196/1763 2493/4206/1763
f 2490/4193/1794 2504/4192/1794 2491/4207/1794
f 2483/4208/1765 2484/4209/1765 2497/4195/1765 2496/4197/1765
f 2495/4198/1795 2491/4200/1795 2482/4210/1795
f 2499/4211/969 2506/4212/969 2493/4213/969 2504/4214/969
f 2492/4194/1796 2490/4193/1796 2496/4215/1796
f 2505/1423/1791 2498/4216/1791 2503/1424/1791
f 2501/4217/1749 2512/4218/1749 2498/4219/1749 2500/4220/1749
f 2506/4221/1797 2502/4222/1797 2505/4223/1797
f 2503/4224/1792 2498/4225/1792 2499/4226/1792
f 2504/4214/1757 2493/4213/1757 2492/4227/1757 2503/4228/1757
f 2502/1427/1793 2499/1426/1793 2512/4229/1793 2501/4230/1793
f 2500/4231/1763 2505/4223/1763 2502/4222/1763 2501/4232/1763
f 2498/4219/1794 2512/4218/1794 2499/4233/1794
f 2492/4234/1765 2493/4235/1765 2506/4221/1765 2505/4223/1765
f 2503/4224/1795 2499/4226/1795 2504/4236/1795
f 2508/4237/1798 2510/4238/1798 2501/4239/1798 2512/4240/1798
f 2500/4220/1796 2498/4219/1796 2505/4241/1796
f 2513/1429/1799 2507/4242/1799 2511/1430/1799
f 2509/4243/1749 2519/4244/1749 2507/4245/1749 2521/4246/1749
f 2511/4247/1792 2507/4248/1792 2508/4249/1792
f 2512/4240/1757 2501/4239/1757 2500/4250/1757 2511/4251/1757
f 2510/4252/1800 2508/4253/1800 2519/4254/1800 2509/4255/1800
f 2513/4256/1801 2510/4257/1801 2509/4258/1801 2521/4259/1801
f 2507/4245/1794 2519/4244/1794 2508/4260/1794
f 2500/4261/1802 2501/4262/1802 2510/4257/1802 2513/4256/1802
f 2511/4247/1795 2508/4249/1795 2512/4263/1795
f 2518/1433/1803 2520/1432/1803 2516/4264/1803 2514/4265/1803
f 2521/4246/1804 2507/4245/1804 2513/4266/1804
f 2515/4267/979 2517/4268/979 2509/4269/979 2519/4270/979
f 2522/4271/1749 2529/4272/1749 2514/4273/1749 2531/4274/1749
f 2516/4275/1805 2520/4276/1805 2517/4277/1805
f 2518/4278/1806 2514/4279/1806 2515/4280/1806
f 2509/4269/1779 2521/4281/1779 2518/4282/1779 2519/4270/1779
f 2517/4283/1807 2515/4284/1807 2529/4285/1807 2522/4286/1807
f 2516/4275/1808 2517/4277/1808 2522/4287/1808 2531/4288/1808
f 2514/4273/1794 2529/4272/1794 2515/4289/1794
f 2520/4276/1809 2521/4290/1809 2509/4291/1809 2517/4277/1809
f 2518/4278/1810 2515/4280/1810 2519/4292/1810
f 2528/1436/1803 2530/1435/1803 2525/4293/1803 2523/4294/1803
f 2531/4274/1811 2514/4273/1811 2516/4295/1811
f 2524/4296/979 2527/4297/979 2522/4298/979 2529/4299/979
f 2526/4300/1749 2538/4301/1749 2523/4302/1749 2540/4303/1749
f 2525/4304/1805 2530/4305/1805 2527/4306/1805
f 2528/4307/1806 2523/4308/1806 2524/4309/1806
f 2522/4298/1779 2531/4310/1779 2528/4311/1779 2529/4299/1779
f 2527/4312/1812 2524/4313/1812 2538/4314/1812 2526/4315/1812
f 2525/4304/1813 2527/4306/1813 2526/4316/1813 2540/4317/1813
f 2523/4302/1794 2538/4301/1794 2524/4318/1794
f 2530/4305/1809 2531/4319/1809 2522/4320/1809 2527/4306/1809
f 2528/4307/1810 2524/4309/1810 2529/4321/1810
f 2533/4322/992 2536/4323/992 2526/4324/992 2538/4325/992
f 2540/4303/1811 2523/4302/1811 2525/4326/1811
f 2539/1438/1814 2532/4327/1814 2537/1439/1814
f 2535/4328/1749 2546/4329/1749 2532/4330/1749 2534/4331/1749
f 2537/4332/1806 2532/4333/1806 2533/4334/1806
f 2526/4324/1779 2540/4335/1779 2537/4336/1779 2538/4325/1779
f 2536/4337/1815 2533/4338/1815 2546/4339/1815 2535/4340/1815
f 2534/4341/1816 2539/4342/1816 2536/4343/1816 2535/4344/1816
f 2532/4330/1794 2546/4329/1794 2533/4345/1794
f 2539/4342/1817 2540/4346/1817 2526/4347/1817 2536/4343/1817
f 2537/4332/1810 2533/4334/1810 2538/4348/1810
f 2542/4349/969 2548/4350/969 2535/4351/969 2546/4352/969
f 2534/4331/1818 2532/4330/1818 2539/4353/1818
f 2547/1441/1791 2541/4354/1791 2545/1442/1791
f 2549/4355/1749 2556/4356/1749 2541/4357/1749 2543/4358/1749
f 2548/4359/1797 2544/4360/1797 2547/4361/1797
f 2545/4362/1792 2541/4363/1792 2542/4364/1792
f 2546/4352/1757 2535/4351/1757 2534/4365/1757 2545/4366/1757
f 2544/1445/1793 2542/1444/1793 2556/4367/1793 2549/4368/1793
f 2543/4369/1763 2547/4361/1763 2544/4360/1763 2549/4370/1763
f 2541/4357/1794 2556/4356/1794 2542/4371/1794
f 2534/4372/1765 2535/4373/1765 2548/4359/1765 2547/4361/1765
f 2545/4362/1795 2542/4364/1795 2546/4374/1795
f 2554/1448/1782 2557/1447/1782 2552/4375/1782 2550/4376/1782
f 2543/4358/1796 2541/4357/1796 2547/4377/1796
f 2555/4378/1819 2558/4379/1819 2549/4380/1819 2556/4381/1819
f 2558/4382/1045 2553/4383/1045 2552/4384/1045 2557/4385/1045
f 2551/4386/1820 2555/4387/1820 2554/4388/1820 2550/4389/1820
f 2553/4390/1785 2551/4391/1785 2550/4392/1785 2552/4393/1785
f 2553/4394/865 2558/4395/865 2555/4396/865 2551/4397/865
f 2556/4381/1757 2549/4380/1757 2543/4398/1757 2554/4399/1757
f 2543/4400/1821 2549/4401/1821 2558/4382/1821 2557/4385/1821
f 2554/4388/1822 2555/4387/1822 2556/4402/1822
f 2566/4403/1823 2562/4404/1823 2560/4405/1823 2564/4406/1823
f 2559/4407/1824 2563/4408/1824 2562/4409/1824 2566/4410/1824
f 2561/4411/1825 2565/4412/1825 2564/4413/1825 2560/4414/1825
f 2563/4415/1826 2561/4416/1826 2560/4417/1826 2562/4418/1826
f 2563/4419/1827 2559/4420/1827 2565/4421/1827 2561/4422/1827
f 2559/4423/1828 2566/4424/1828 2564/4425/1828 2565/4426/1828
f 2574/4427/1829 2570/4428/1829 2568/4429/1829 2572/4430/1829
f 2567/4431/1830 2571/4432/1830 2570/4433/1830 2574/4434/1830
f 2569/4435/1831 2573/4436/1831 2572/4437/1831 2568/4438/1831
f 2571/4439/1832 2569/4440/1832 2568/4441/1832 2570/4442/1832
f 2571/4443/1833 2567/4444/1833 2573/4445/1833 2569/4446/1833
f 2567/4447/1834 2574/4448/1834 2572/4449/1834 2573/4450/1834
f 2582/4451/1835 2578/4452/1835 2576/4453/1835 2580/4454/1835
f 2575/4455/1836 2579/4456/1836 2578/4457/1836 2582/4458/1836
f 2577/4459/1837 2581/4460/1837 2580/4461/1837 2576/4462/1837
f 2579/4463/1838 2577/4464/1838 2576/4465/1838 2578/4466/1838
f 2579/4467/1839 2575/4468/1839 2581/4469/1839 2577/4470/1839
f 2575/4471/1840 2582/4472/1840 2580/4473/1840 2581/4474/1840
f 2590/4475/1841 2586/4476/1841 2584/4477/1841 2588/4478/1841
f 2587/4479/1842 2586/4480/1842 2590/4481/1842 2583/4482/1842
f 2585/4483/1843 2589/4484/1843 2588/4485/1843 2584/4486/1843
f 2587/4487/1844 2585/4488/1844 2584/4489/1844 2586/4490/1844
f 2587/4491/1845 2583/4492/1845 2589/4493/1845 2585/4494/1845
f 2583/4495/1846 2590/4496/1846 2588/4497/1846 2589/4498/1846
f 2598/4499/1847 2594/4500/1847 2592/4501/1847 2596/4502/1847
f 2591/4503/1848 2595/4504/1848 2594/4505/1848 2598/4506/1848
f 2593/4507/1849 2597/4508/1849 2596/4509/1849 2592/4510/1849
f 2595/4511/1850 2593/4512/1850 2592/4513/1850 2594/4514/1850
f 2595/4515/1851 2591/4516/1851 2597/4517/1851 2593/4518/1851
f 2591/4519/1852 2598/4520/1852 2596/4521/1852 2597/4522/1852
f 2606/4523/1853 2602/4524/1853 2600/4525/1853 2604/4526/1853
f 2599/4527/1854 2603/4528/1854 2602/4529/1854 2606/4530/1854
f 2601/4531/1855 2605/4532/1855 2604/4533/1855 2600/4534/1855
f 2603/4535/1856 2601/4536/1856 2600/4537/1856 2602/4538/1856
f 2603/4539/1857 2599/4540/1857 2605/4541/1857 2601/4542/1857
f 2599/4543/1858 2606/4544/1858 2604/4545/1858 2605/4546/1858
f 2614/4547/1859 2610/4548/1859 2608/4549/1859 2612/4550/1859
f 2611/4551/1860 2610/4552/1860 2614/4553/1860 2607/4554/1860
f 2609/4555/1861 2613/4556/1861 2612/4557/1861 2608/4558/1861
f 2611/4559/1862 2609/4560/1862 2608/4561/1862 2610/4562/1862
f 2611/4563/1863 2607/4564/1863 2613/4565/1863 2609/4566/1863
f 2607/4567/1864 2614/4568/1864 2612/4569/1864 2613/4570/1864
f 2616/4571/1865 2618/4572/1865 2615/4573/1865 2619/4574/1865
f 2615/4575/1866 2617/4576/1866 2619/4577/1866
f 2617/4578/1867 2615/4579/1867 2618/4580/1867
f 2616/4581/1868 2619/4582/1868 2617/4583/1868 2618/4584/1868
