# Blender 4.5.3 LTS
# www.blender.org
mtllib farmer.mtl
o Hat
v -0.112917 1.771943 -0.028497
v -0.109790 1.772245 -0.046258
v -0.127453 1.757654 -0.063681
v -0.146975 1.738080 -0.078588
v -0.160672 1.712647 -0.093070
v -0.163960 1.685204 -0.100876
v -0.097229 1.771422 -0.058206
v -0.105366 1.756239 -0.087477
v -0.112805 1.743424 -0.114036
v -0.118381 1.716352 -0.134798
v -0.119091 1.688537 -0.144804
v -0.081099 1.771443 -0.058208
v -0.072957 1.756311 -0.087481
v -0.065545 1.743488 -0.114041
v -0.059789 1.716466 -0.134798
v -0.059031 1.688633 -0.144825
v -0.068600 1.772306 -0.046262
v -0.050892 1.757789 -0.063689
v -0.033250 1.742638 -0.078600
v -0.019964 1.712887 -0.093086
v -0.014134 1.685454 -0.100902
v -0.065469 1.771807 -0.028501
v -0.044111 1.757944 -0.028032
v -0.024453 1.738877 -0.026695
v -0.006116 1.710290 -0.025779
v -0.000666 1.681153 -0.022404
v -0.071845 1.772031 -0.008980
v -0.053496 1.760250 0.006676
v -0.037673 1.741814 0.025454
v -0.021931 1.714888 0.048244
v -0.015623 1.683290 0.055439
v -0.082494 1.770002 0.000849
v -0.076448 1.762633 0.029880
v -0.067908 1.745944 0.060898
v -0.058713 1.717473 0.088777
v -0.057015 1.688041 0.097755
v -0.095828 1.770563 0.000850
v -0.101862 1.768207 0.029881
v -0.110422 1.745858 0.060901
v -0.119411 1.717381 0.088785
v -0.121050 1.687935 0.097754
v -0.095755 1.774221 -0.028506
v -0.106535 1.772215 -0.008976
v -0.124843 1.760126 0.006684
v -0.140650 1.741630 0.025464
v -0.156193 1.714659 0.048260
v -0.162432 1.683031 0.055451
v -0.134228 1.757789 -0.028021
v -0.153870 1.738651 -0.026679
v -0.172007 1.709993 -0.025762
v -0.177411 1.680838 -0.022384
v -0.166159 1.670729 -0.102435
v -0.119561 1.673594 -0.148406
v -0.058509 1.673702 -0.148423
v -0.011885 1.671005 -0.102461
v 0.002331 1.664640 -0.022230
v -0.012973 1.668446 0.056521
v -0.057823 1.671116 0.102642
v -0.120182 1.670999 0.102642
v -0.165030 1.668170 0.056534
v -0.180352 1.664328 -0.022209
v -0.163257 1.663398 -0.099069
v -0.118253 1.666279 -0.143511
v -0.059792 1.666382 -0.143511
v -0.014766 1.663662 -0.099087
v 0.000834 1.657644 -0.023181
v -0.014883 1.661223 0.053329
v -0.059557 1.661819 0.099835
v -0.118420 1.661717 0.099847
v -0.163101 1.660958 0.053346
v -0.178828 1.657344 -0.023160
v -0.167942 1.663682 -0.104155
v -0.119908 1.666289 -0.150723
v -0.058137 1.666401 -0.150737
v -0.010084 1.663954 -0.104173
v 0.006263 1.657839 -0.023126
v -0.009951 1.661829 0.058047
v -0.058103 1.662030 0.105949
v -0.119871 1.661918 0.105954
v -0.168033 1.661546 0.058064
v -0.184249 1.657500 -0.023106
v -0.225210 1.664151 -0.145840
v -0.142321 1.666312 -0.218569
v -0.035741 1.666508 -0.218579
v 0.047173 1.664626 -0.145871
v 0.085404 1.676404 -0.011741
v 0.048083 1.662837 0.099936
v -0.035424 1.663003 0.174557
v -0.142540 1.662817 0.174567
v -0.226058 1.662362 0.099967
v -0.263452 1.675794 -0.011703
v -0.232325 1.664254 -0.152428
v -0.145050 1.666012 -0.228590
v -0.033013 1.666198 -0.228610
v 0.054288 1.664760 -0.152459
v 0.097911 1.673530 -0.013980
v 0.055839 1.663013 0.106471
v -0.032705 1.663095 0.184650
v -0.145256 1.662899 0.184660
v -0.233825 1.662506 0.106513
v -0.275945 1.672775 -0.013932
v -0.233070 1.657067 -0.152593
v -0.145061 1.659373 -0.229842
v -0.032979 1.659569 -0.229851
v 0.055053 1.657574 -0.152624
v 0.094711 1.664585 -0.015143
v 0.056646 1.655878 0.108022
v -0.032934 1.654213 0.186056
v -0.144997 1.654016 0.186066
v -0.234600 1.655371 0.108054
v -0.272719 1.663851 -0.015096
v -0.226462 1.656974 -0.146450
v -0.142475 1.659383 -0.220151
v -0.035562 1.659569 -0.220162
v 0.048445 1.657449 -0.146481
v 0.093278 1.663416 -0.014742
v 0.049841 1.654471 0.102418
v -0.035558 1.654068 0.176584
v -0.142373 1.653892 0.176594
v -0.227785 1.653995 0.102449
v -0.271281 1.662724 -0.014698
v -0.158666 1.656145 -0.092362
v -0.116218 1.659157 -0.133391
v -0.061799 1.659256 -0.133403
v -0.019340 1.656385 -0.092370
v -0.002992 1.650761 -0.023868
v -0.018610 1.654094 0.047052
v -0.062582 1.652743 0.089262
v -0.115367 1.652657 0.089278
v -0.159359 1.653853 0.047078
v -0.174961 1.650456 -0.023849
v -0.082565 1.771712 -0.028507
vn -0.6100 0.5837 -0.5359
vn -0.6863 0.2677 -0.6763
vn -0.3280 0.8682 -0.3723
vn -0.4367 0.8244 -0.3600
vn -0.0011 0.6089 -0.7933
vn -0.0008 0.3387 -0.9409
vn -0.0018 0.8880 -0.4598
vn -0.0016 0.9006 -0.4347
vn 0.3742 0.8577 -0.3525
vn 0.6246 0.5523 -0.5522
vn 0.6907 0.2954 -0.6600
vn 0.3255 0.8694 -0.3718
vn 0.6564 0.7495 -0.0859
vn 0.8573 0.4964 -0.1364
vn 0.9636 0.2056 -0.1708
vn 0.5567 0.8249 -0.0980
vn 0.9584 0.2177 0.1845
vn 0.5081 0.8545 0.1078
vn 0.6828 0.7181 0.1344
vn 0.8117 0.5637 0.1531
vn 0.7128 0.2655 0.6491
vn 0.2615 0.9306 0.2560
vn 0.4747 0.8117 0.3403
vn 0.5813 0.6760 0.4530
vn -0.0011 0.6996 0.7145
vn -0.0004 0.2916 0.9565
vn 0.1543 0.9745 0.1632
vn 0.0683 0.8444 0.5314
vn -0.5841 0.6731 0.4537
vn -0.7135 0.2638 0.6491
vn -0.3114 0.9407 0.1345
vn -0.5567 0.7549 0.3467
vn -0.6845 0.7166 0.1343
vn -0.8149 0.5589 0.1537
vn -0.9588 0.2158 0.1847
vn -0.8422 0.5257 -0.1196
vn -0.9741 0.1622 -0.1576
vn -0.9741 0.1619 -0.1578
vn -0.5615 0.8212 -0.1015
vn -0.6787 0.7258 -0.1118
vn 0.0844 0.9951 -0.0514
vn 0.1145 0.9893 0.0905
vn -0.0688 0.9974 0.0215
vn -0.0348 0.9994 0.0061
vn -0.0489 0.9960 0.0753
vn -0.0708 0.9960 -0.0549
vn -0.5175 0.8486 0.1096
vn -0.9674 0.1780 0.1803
vn 0.6944 0.1874 -0.6948
vn 0.7127 0.1692 0.6808
vn -0.0007 0.2343 -0.9722
vn 0.9668 0.1813 0.1800
vn -0.7131 0.1667 0.6809
vn -0.0005 0.2774 0.9608
vn -0.9730 0.1685 -0.1580
vn -0.6952 0.1849 -0.6946
vn 0.9724 0.1718 -0.1580
vn 0.0009 -0.5567 -0.8307
vn -0.9367 -0.2865 0.2011
vn 0.6581 -0.3810 0.6495
vn 0.5846 -0.5186 -0.6239
vn -0.9256 -0.3202 -0.2020
vn 0.0006 -0.2887 0.9574
vn 0.9266 -0.3171 -0.2021
vn -0.5834 -0.5197 -0.6241
vn -0.6568 -0.3827 0.6498
vn 0.9378 -0.2832 0.2008
vn 0.0391 0.9980 -0.0505
vn 0.0451 0.9973 -0.0576
vn 0.0445 0.9974 -0.0568
vn -0.0429 0.9978 -0.0508
vn -0.0425 0.9978 -0.0502
vn -0.0495 0.9971 -0.0574
vn 0.0205 0.9991 0.0358
vn 0.0043 0.9969 0.0786
vn -0.0018 0.9994 -0.0337
vn -0.0088 0.9968 0.0788
vn -0.0236 0.9991 0.0361
vn 0.0386 0.9980 -0.0500
vn -0.0503 0.9970 -0.0581
vn -0.0018 1.0000 0.0020
vn -0.0018 1.0000 0.0014
vn -0.0083 0.9999 -0.0119
vn -0.0051 0.9999 -0.0127
vn -0.0046 0.9999 -0.0147
vn -0.0083 0.9999 -0.0113
vn 0.0160 0.9997 0.0187
vn 0.1410 0.9900 0.0090
vn 0.1343 0.9909 0.0089
vn 0.1346 0.9909 0.0090
vn -0.0016 0.9999 -0.0133
vn 0.0010 0.9999 -0.0146
vn -0.1377 0.9904 0.0089
vn -0.1444 0.9895 0.0093
vn -0.1380 0.9904 0.0092
vn -0.0194 0.9996 0.0186
vn 0.0049 0.9999 -0.0120
vn 0.0047 0.9999 -0.0113
vn -0.1447 0.9894 0.0090
vn -0.0018 1.0000 0.0010
vn 0.1413 0.9899 0.0089
vn 0.0189 0.9998 0.0006
vn -0.1007 0.9895 -0.1034
vn 0.0042 0.9999 -0.0109
vn -0.0079 0.9999 -0.0112
vn 0.0923 0.9905 -0.1024
vn -0.0220 0.9998 0.0012
vn 0.0046 0.9999 -0.0107
vn 0.1021 0.9853 0.1371
vn -0.0018 0.9995 -0.0304
vn -0.1102 0.9842 0.1383
vn -0.0083 0.9999 -0.0109
vn -0.0002 0.1563 0.9877
vn 0.9522 -0.1207 -0.2805
vn -0.6559 0.1123 -0.7464
vn -0.6504 0.1577 0.7431
vn 0.9445 -0.1333 0.3002
vn -0.0004 0.1846 -0.9828
vn -0.9439 -0.1370 0.3004
vn 0.6500 0.1606 0.7428
vn 0.6554 0.1139 -0.7467
vn -0.9519 -0.1235 -0.2804
vn 0.1574 -0.9875 -0.0018
vn 0.0151 -0.9998 -0.0140
vn 0.0216 -0.9995 -0.0215
vn 0.0222 -0.9995 -0.0220
vn -0.0612 -0.9963 0.0608
vn 0.2835 -0.9586 0.0257
vn 0.0017 -1.0000 0.0005
vn 0.0017 -1.0000 -0.0027
vn -0.2758 -0.9609 0.0248
vn 0.0654 -0.9960 0.0616
vn -0.0113 -0.9998 -0.0144
vn -0.0187 -0.9996 -0.0221
vn -0.0181 -0.9996 -0.0215
vn -0.1493 -0.9888 -0.0008
vn 0.0017 -0.9999 0.0142
vn 0.0017 -0.9999 0.0144
vn 0.0225 -0.9995 -0.0225
vn -0.0117 -0.9999 0.0018
vn 0.0806 -0.9967 -0.0044
vn 0.0018 -1.0000 -0.0031
vn -0.0767 -0.9970 -0.0042
vn 0.0152 -0.9999 0.0018
vn -0.0191 -0.9996 -0.0225
vn -0.0735 -0.9970 -0.0221
vn 0.0016 -0.9999 0.0147
vn 0.0773 -0.9968 -0.0219
vt 0.830800 0.606400
vt 0.805400 0.577600
vt 0.837900 0.540300
vt 0.874900 0.550200
vt 0.863200 0.646100
vt 0.921400 0.563600
vt 0.784200 0.556300
vt 0.765900 0.541900
vt 0.780400 0.526400
vt 0.810500 0.534100
vt 0.836400 0.496900
vt 0.873500 0.487700
vt 0.921900 0.474500
vt 0.780600 0.511300
vt 0.810100 0.503200
vt 0.783900 0.481500
vt 0.804800 0.460100
vt 0.830300 0.431400
vt 0.863100 0.391500
vt 0.765800 0.496000
vt 0.751800 0.472500
vt 0.751800 0.445000
vt 0.751800 0.407300
vt 0.751700 0.353800
vt 0.751900 0.493600
vt 0.673100 0.431600
vt 0.640600 0.391900
vt 0.738100 0.496100
vt 0.719800 0.481700
vt 0.698600 0.460300
vt 0.629000 0.487900
vt 0.582500 0.474600
vt 0.723500 0.511500
vt 0.693500 0.504000
vt 0.666100 0.497700
vt 0.667700 0.541200
vt 0.630600 0.550500
vt 0.582200 0.563800
vt 0.723700 0.526600
vt 0.694000 0.534900
vt 0.699300 0.577900
vt 0.673900 0.606600
vt 0.641200 0.646500
vt 0.738300 0.542000
vt 0.720200 0.556500
vt 0.752200 0.565500
vt 0.752300 0.593000
vt 0.752300 0.630600
vt 0.752400 0.684000
vt 0.752100 0.544500
vt 0.752000 0.525400
vt 0.752000 0.512800
vt 0.752500 0.716300
vt 0.621800 0.672400
vt 0.882600 0.365600
vt 0.952800 0.464700
vt 0.551400 0.465000
vt 0.620900 0.365900
vt 0.952500 0.573300
vt 0.751600 0.321400
vt 0.551400 0.573600
vt 0.882900 0.672000
vt 0.969200 0.459500
vt 0.968800 0.578500
vt 0.752500 0.733100
vt 0.611700 0.686000
vt 0.535000 0.459900
vt 0.610700 0.352300
vt 0.892800 0.352000
vt 0.893000 0.685600
vt 0.535000 0.578800
vt 0.751600 0.304500
vt 0.211700 0.344000
vt 0.296200 0.364200
vt 0.296300 0.372700
vt 0.205000 0.351000
vt 0.210100 0.168100
vt 0.158400 0.222800
vt 0.147600 0.220200
vt 0.203300 0.161300
vt 0.431400 0.221000
vt 0.378700 0.166800
vt 0.385400 0.159800
vt 0.442200 0.218200
vt 0.380300 0.342700
vt 0.387000 0.349600
vt 0.159000 0.289900
vt 0.148100 0.292600
vt 0.294200 0.146700
vt 0.294100 0.138100
vt 0.432000 0.288100
vt 0.442800 0.290600
vt 0.050200 0.188000
vt 0.142000 0.075300
vt 0.445400 0.072300
vt 0.539500 0.185200
vt 0.448400 0.435500
vt 0.297300 0.480500
vt 0.050800 0.325700
vt 0.293100 0.030400
vt 0.540200 0.322900
vt 0.145000 0.438500
vt 0.453500 0.062200
vt 0.553800 0.181100
vt 0.456600 0.445500
vt 0.297400 0.492200
vt 0.036600 0.329800
vt 0.036800 0.184100
vt 0.293000 0.018600
vt 0.553600 0.326800
vt 0.136800 0.448700
vt 0.133800 0.065400
vt 0.026200 0.333900
vt 0.026200 0.180700
vt 0.292600 0.007800
vt 0.459200 0.052800
vt 0.564200 0.330200
vt 0.462900 0.454400
vt 0.131100 0.458000
vt 0.127500 0.056400
vt 0.564200 0.177000
vt 0.297700 0.503000
vt 0.507800 0.915100
vt 0.354200 0.996700
vt 0.351800 0.985400
vt 0.498200 0.907600
vt 0.423000 0.524700
vt 0.550300 0.623400
vt 0.538700 0.629500
vt 0.417400 0.535500
vt 0.020900 0.738400
vt 0.095800 0.595800
vt 0.105400 0.603200
vt 0.034000 0.739200
vt 0.180600 0.986200
vt 0.186200 0.975400
vt 0.582700 0.772500
vt 0.569600 0.771700
vt 0.249400 0.514100
vt 0.251800 0.525400
vt 0.053300 0.887500
vt 0.064900 0.881300
vt 0.429700 0.692200
vt 0.366200 0.648700
vt 0.198900 0.685000
vt 0.159200 0.751000
vt 0.237400 0.862200
vt 0.325600 0.864900
vt 0.444400 0.759900
vt 0.278000 0.645900
vt 0.173900 0.818600
vt 0.404700 0.825800
s 1
usemtl Hat
f 5/1/1 4/2/1 9/3/1 10/4/1
f 6/5/2 5/1/2 10/4/2 11/6/2
f 3/7/3 2/8/3 7/9/3 8/10/3
f 4/2/4 3/7/4 8/10/4 9/3/4
f 10/4/5 9/3/5 14/11/5 15/12/5
f 11/6/6 10/4/6 15/12/6 16/13/6
f 8/10/7 7/9/7 12/14/7 13/15/7
f 9/3/8 8/10/8 13/15/8 14/11/8
f 14/11/9 13/15/9 18/16/9 19/17/9
f 15/12/10 14/11/10 19/17/10 20/18/10
f 16/13/11 15/12/11 20/18/11 21/19/11
f 13/15/12 12/14/12 17/20/12 18/16/12
f 19/17/13 18/16/13 23/21/13 24/22/13
f 20/18/14 19/17/14 24/22/14 25/23/14
f 21/19/15 20/18/15 25/23/15 26/24/15
f 18/16/16 17/20/16 22/25/16 23/21/16
f 26/24/17 25/23/17 30/26/17 31/27/17
f 23/21/18 22/25/18 27/28/18 28/29/18
f 24/22/19 23/21/19 28/29/19 29/30/19
f 25/23/20 24/22/20 29/30/20 30/26/20
f 31/27/21 30/26/21 35/31/21 36/32/21
f 28/29/22 27/28/22 32/33/22 33/34/22
f 29/30/23 28/29/23 33/34/23 34/35/23
f 30/26/24 29/30/24 34/35/24 35/31/24
f 35/31/25 34/35/25 39/36/25 40/37/25
f 36/32/26 35/31/26 40/37/26 41/38/26
f 33/34/27 32/33/27 37/39/27 38/40/27
f 34/35/28 33/34/28 38/40/28 39/36/28
f 40/37/29 39/36/29 45/41/29 46/42/29
f 41/38/30 40/37/30 46/42/30 47/43/30
f 38/40/31 37/39/31 43/44/31 44/45/31
f 39/36/32 38/40/32 44/45/32 45/41/32
f 45/41/33 44/45/33 48/46/33 49/47/33
f 46/42/34 45/41/34 49/47/34 50/48/34
f 47/43/35 46/42/35 50/48/35 51/49/35
f 50/48/36 49/47/36 4/2/36 5/1/36
f 51/49/37 50/48/38 5/1/38 6/5/37
f 48/46/39 1/50/39 2/8/39 3/7/39
f 49/47/40 48/46/40 3/7/40 4/2/40
f 7/9/41 42/51/41 132/52/41 12/14/41
f 37/39/42 32/33/42 132/52/42 42/51/42
f 27/28/43 22/25/43 132/52/43 32/33/43
f 12/14/44 132/52/44 22/25/44 17/20/44
f 37/39/45 42/51/45 1/50/45 43/44/45
f 1/50/46 42/51/46 7/9/46 2/8/46
f 44/45/47 43/44/47 1/50/47 48/46/47
f 47/43/48 51/49/48 61/53/48 60/54/48
f 16/13/49 21/19/49 55/55/49 54/56/49
f 31/27/50 36/32/50 58/57/50 57/58/50
f 11/6/51 16/13/51 54/56/51 53/59/51
f 26/24/52 31/27/52 57/58/52 56/60/52
f 41/38/53 47/43/53 60/54/53 59/61/53
f 36/32/54 41/38/54 59/61/54 58/57/54
f 51/49/37 6/5/37 52/62/55 61/53/55
f 6/5/56 11/6/56 53/59/56 52/62/56
f 21/19/57 26/24/57 56/60/57 55/55/57
f 53/59/58 54/56/58 64/63/58 63/64/58
f 60/54/59 61/53/59 71/65/59 70/66/59
f 57/58/60 58/57/60 68/67/60 67/68/60
f 54/56/61 55/55/61 65/69/61 64/63/61
f 61/53/62 52/62/62 62/70/62 71/65/62
f 58/57/63 59/61/63 69/71/63 68/67/63
f 55/55/64 56/60/64 66/72/64 65/69/64
f 52/62/65 53/59/65 63/64/65 62/70/65
f 59/61/66 60/54/66 70/66/66 69/71/66
f 56/60/67 57/58/67 67/68/67 66/72/67
f 70/73/68 71/74/69 81/75/69 80/76/70
f 67/77/71 68/78/72 78/79/72 77/80/73
f 64/81/74 65/82/74 75/83/74 74/84/74
f 71/74/75 62/85/75 72/86/75 81/75/75
f 68/78/76 69/87/76 79/88/76 78/79/76
f 65/82/77 66/89/77 76/90/77 75/83/77
f 62/85/78 63/91/78 73/92/78 72/86/78
f 69/87/79 70/73/68 80/76/70 79/88/79
f 66/89/80 67/77/71 77/80/73 76/90/80
f 63/91/81 64/81/81 74/84/82 73/92/82
f 77/80/83 78/79/84 88/93/85 87/94/86
f 74/84/87 75/83/87 85/95/87 84/96/87
f 81/75/88 72/86/89 82/97/89 91/98/90
f 78/79/84 79/88/91 89/99/92 88/93/85
f 75/83/93 76/90/94 86/100/95 85/95/93
f 72/86/96 73/92/96 83/101/96 82/97/96
f 79/88/91 80/76/97 90/102/98 89/99/92
f 76/90/94 77/80/99 87/94/99 86/100/95
f 73/92/82 74/84/82 84/96/100 83/101/100
f 80/76/101 81/75/88 91/98/90 90/102/101
f 84/96/102 85/95/102 95/103/102 94/104/102
f 91/98/103 82/97/103 92/105/103 101/106/103
f 88/93/85 89/99/92 99/107/104 98/108/105
f 85/95/106 86/100/106 96/109/106 95/103/106
f 82/97/107 83/101/107 93/110/107 92/105/107
f 89/99/92 90/102/98 100/111/108 99/107/104
f 86/100/109 87/94/109 97/112/109 96/109/109
f 83/101/110 84/96/110 94/104/110 93/110/110
f 90/102/111 91/98/111 101/106/111 100/111/111
f 87/94/86 88/93/85 98/108/105 97/112/112
f 98/108/113 99/107/113 109/113/113 108/114/113
f 95/103/114 96/109/114 106/115/114 105/116/114
f 92/105/115 93/110/115 103/117/115 102/118/115
f 99/107/116 100/111/116 110/119/116 109/113/116
f 96/109/117 97/112/117 107/120/117 106/115/117
f 93/110/118 94/104/118 104/121/118 103/117/118
f 100/111/119 101/106/119 111/122/119 110/119/119
f 97/112/120 98/108/120 108/114/120 107/120/120
f 94/104/121 95/103/121 105/116/121 104/121/121
f 101/106/122 92/105/122 102/118/122 111/122/122
f 105/123/123 106/124/123 116/125/123 115/126/123
f 102/127/124 103/128/124 113/129/125 112/130/126
f 109/131/127 110/132/127 120/133/127 119/134/127
f 106/124/128 107/135/128 117/136/128 116/125/128
f 103/128/129 104/137/129 114/138/130 113/129/130
f 110/132/131 111/139/131 121/140/131 120/133/131
f 107/135/132 108/141/132 118/142/132 117/136/132
f 104/137/133 105/123/133 115/126/134 114/138/135
f 111/139/136 102/127/136 112/130/136 121/140/136
f 108/141/137 109/131/137 119/134/138 118/142/138
f 112/130/126 113/129/125 123/143/139 122/144/139
f 119/134/140 120/133/140 130/145/140 129/146/140
f 116/125/141 117/136/141 127/147/141 126/148/141
f 113/129/130 114/138/130 124/149/142 123/143/142
f 120/133/143 121/140/143 131/150/143 130/145/143
f 117/136/144 118/142/144 128/151/144 127/147/144
f 114/138/135 115/126/134 125/152/145 124/149/145
f 121/140/146 112/130/146 122/144/146 131/150/146
f 118/142/138 119/134/138 129/146/147 128/151/147
f 115/126/148 116/125/148 126/148/148 125/152/148
o Worker
v -0.173455 1.310310 0.069479
v -0.207982 1.244355 0.061978
v -0.210464 1.226257 0.052134
v -0.220174 1.225027 0.041923
v -0.234217 1.206392 -0.104704
v -0.228033 1.190291 -0.099631
v -0.247692 1.205079 0.001798
v -0.196601 1.198161 -0.141652
v -0.169104 1.208657 -0.148736
v -0.245448 1.191481 -0.054309
v -0.249677 1.197447 -0.033084
v -0.216958 1.192960 -0.125210
v -0.192379 1.226661 0.066119
v -0.156248 1.246236 0.076540
v -0.179049 1.242658 0.070240
v -0.195243 1.243765 0.066149
v -0.167451 1.242814 0.072776
v -0.171017 1.260942 0.071834
v -0.199430 1.261159 0.068385
v -0.182805 1.258946 0.070046
v -0.121254 1.267209 0.081368
v -0.160175 1.264768 0.074925
v -0.150066 1.265771 0.076775
v -0.238250 1.214438 0.018965
v -0.250443 1.200508 -0.015546
v -0.174119 1.285378 0.073556
v -0.203184 1.284922 0.068345
v -0.186382 1.284250 0.071070
v -0.122315 1.288252 0.081403
v -0.162671 1.287373 0.076324
v -0.150656 1.288563 0.079817
v -0.252511 1.208461 -0.051383
v -0.169420 1.221542 -0.154816
v -0.218499 1.209257 -0.128633
v -0.250381 1.221584 0.002335
v -0.200495 1.214686 -0.151900
v -0.224031 1.241882 0.044403
v -0.213246 1.246660 0.054706
v -0.242314 1.229918 0.020351
v -0.253876 1.210654 -0.029464
v -0.254227 1.216154 -0.012982
v -0.240143 1.189712 -0.078340
v -0.141014 1.277974 -0.173089
v -0.230009 1.220095 0.032205
v -0.245386 1.205214 -0.078277
v -0.137363 1.245730 -0.159790
v -0.233214 1.236475 0.034783
v -0.134277 1.226423 -0.151373
v -0.132620 1.211512 -0.149863
v -0.205645 1.224924 0.063523
v -0.171112 1.374022 0.032134
v -0.173800 1.411373 0.014437
v -0.174459 1.438850 0.001766
v -0.183141 1.458911 -0.012829
v -0.175021 1.490317 -0.097350
v -0.150859 1.443885 -0.143907
v -0.135416 1.378748 -0.159790
v -0.127279 1.355025 -0.163803
v -0.122007 1.311500 -0.173161
v -0.226245 1.365293 0.021161
v -0.219326 1.349162 0.028253
v -0.219668 1.334942 0.036548
v -0.247268 1.418560 -0.003914
v -0.217124 1.385572 0.017626
v -0.205180 1.361023 0.032089
v -0.204611 1.340847 0.042920
v -0.233101 1.434290 -0.012134
v -0.207724 1.399688 0.013763
v -0.195903 1.368726 0.035651
v -0.140732 1.402035 0.023359
v -0.147952 1.373959 0.036615
v -0.202305 1.309027 0.066778
v -0.239026 1.266350 -0.024410
v -0.238933 1.244458 -0.033525
v -0.232511 1.341592 0.012705
v -0.229047 1.329369 0.014766
v -0.232770 1.320899 0.022128
v -0.233173 1.287445 -0.018178
v -0.247423 1.296391 -0.003846
v -0.253276 1.292130 0.001286
v -0.247671 1.469060 -0.082878
v -0.248654 1.449905 -0.036796
v -0.244362 1.416988 -0.140670
v -0.219916 1.331696 -0.161373
v -0.220102 1.436879 -0.147598
v -0.190477 1.340909 -0.170431
v -0.257392 1.267105 -0.075629
v -0.235024 1.318096 -0.126927
v -0.251197 1.283176 -0.047576
v -0.236037 1.301509 -0.126503
v -0.219254 1.285854 -0.079377
v -0.237010 1.281014 -0.128788
v -0.222036 1.268046 -0.087580
v -0.241756 1.258119 -0.135075
v -0.223576 1.246143 -0.095212
v -0.212987 1.291459 -0.079173
v -0.227599 1.304002 -0.006485
v -0.235272 1.307332 -0.004483
v -0.247164 1.302089 0.008870
v -0.242521 1.222245 -0.042659
v -0.244982 1.238336 -0.140722
v -0.224817 1.226464 -0.100109
v -0.244362 1.206517 -0.048941
v -0.234641 1.327000 0.003157
v -0.246761 1.222866 -0.144806
v -0.228302 1.212691 -0.106268
v -0.239222 1.301530 0.035232
v -0.221725 1.306504 0.050007
v -0.186604 1.309151 0.069738
v -0.133620 1.423855 0.016054
v -0.241105 1.222174 -0.110040
v -0.213215 1.478198 -0.089994
v -0.220505 1.420328 0.002598
v -0.229461 1.404031 0.008663
v -0.255189 1.315883 0.000792
v -0.260794 1.291500 -0.007151
v -0.262635 1.270291 -0.016301
v -0.260039 1.246775 -0.022414
v -0.262511 1.225265 -0.030911
v -0.262697 1.210777 -0.035157
v -0.221932 1.352698 -0.160349
v -0.195083 1.361467 -0.170576
v -0.248912 1.267042 -0.130122
v -0.254103 1.317652 -0.144444
v -0.250101 1.309286 -0.144692
v -0.257092 1.278428 0.002324
v -0.211819 1.293423 -0.164496
v -0.185691 1.302926 -0.171910
v -0.146331 1.311064 -0.177236
v -0.255665 1.261573 -0.065492
v -0.254476 1.266960 -0.037951
v -0.236161 1.281096 -0.148550
v -0.253204 1.286174 0.013207
v -0.257050 1.283971 -0.012898
v -0.225396 1.221201 -0.065166
v -0.224786 1.241779 -0.057307
v -0.220050 1.278366 -0.040859
v -0.233163 1.317612 0.006442
v -0.261807 1.254417 -0.012372
v -0.241146 1.288573 -0.026464
v -0.223566 1.263103 -0.046974
v -0.189797 1.480813 -0.043211
v -0.255520 1.238564 0.002012
v -0.257898 1.225957 -0.027565
v -0.219554 1.266413 0.053405
v -0.247371 1.246640 0.017024
v -0.229926 1.261893 0.044004
v -0.257144 1.221367 -0.047153
v -0.224931 1.225948 -0.137195
v -0.201333 1.237158 -0.162097
v -0.173310 1.240674 -0.165199
v -0.117432 1.398944 0.025512
v -0.121450 1.376255 0.041936
v -0.123433 1.351343 0.052442
v -0.123358 1.314777 0.073182
v -0.113703 1.417692 0.022198
v -0.259522 1.261986 0.002537
v -0.259429 1.246568 -0.030553
v -0.259470 1.239640 -0.051694
v -0.231188 1.256102 -0.142986
v -0.203349 1.266081 -0.160338
v -0.181261 1.273331 -0.172210
v -0.223018 1.285233 0.053090
v -0.255127 1.268811 0.014602
v -0.236617 1.283382 0.039590
v -0.245830 1.246372 -0.117123
v -0.116222 1.489118 -0.115024
v -0.155189 1.497493 -0.102857
v -0.116180 1.496243 -0.111663
v -0.151380 1.506315 -0.095383
v -0.133733 1.441776 0.013582
v -0.172551 1.466108 -0.011977
v -0.157679 1.454123 -0.002702
v -0.111833 1.437785 0.020024
v -0.124843 1.449883 0.000432
v -0.162110 1.471848 -0.012165
v -0.148271 1.460928 -0.005321
v -0.109752 1.449356 0.006508
v -0.180967 1.485043 -0.043861
v -0.172687 1.490896 -0.044497
v -0.212987 1.264892 0.062081
v -0.215469 1.285171 0.062506
v -0.162926 1.312048 0.069542
v -0.150414 1.313454 0.071087
v -0.155421 1.348769 -0.172458
v -0.228437 1.206547 -0.071539
v -0.258281 1.271821 -0.011897
v -0.258498 1.233237 -0.012779
v -0.240856 1.311375 0.014503
v -0.254352 1.261749 -0.094929
v -0.254713 1.240859 -0.081414
v -0.247868 1.296287 0.024937
v -0.246223 1.277043 0.028287
v -0.251539 1.221491 -0.075148
v -0.245024 1.308252 -0.132025
v -0.239967 1.254623 0.033188
v -0.241477 1.322637 -0.149615
v -0.162646 1.369078 -0.169832
v -0.190605 1.439181 -0.148291
v -0.119739 1.387547 -0.150794
v -0.218582 1.465561 -0.041334
v -0.212625 1.444981 -0.016491
v -0.203473 1.430856 -0.000492
v -0.192748 1.408798 0.011447
v -0.182391 1.373390 0.034346
v -0.121497 1.446636 -0.137909
v -0.148586 1.447237 0.004178
v -0.139045 1.454589 -0.001236
v -0.151363 1.427422 0.010652
v -0.160289 1.373308 0.034113
v -0.154855 1.407247 0.019011
v -0.210319 1.307208 0.059739
v -0.171106 1.349626 0.048123
v -0.150530 1.350837 0.051419
v -0.162490 1.350020 0.050260
v -0.181771 1.348003 0.047216
v -0.195145 1.344673 0.046128
v -0.140334 1.397806 -0.156078
v -0.199947 1.379750 -0.168373
v -0.226668 1.369513 -0.157505
v -0.260742 1.269266 -0.147743
v -0.256544 1.292678 -0.145830
v -0.254827 1.309700 -0.142159
v -0.257237 1.333288 -0.140463
v -0.169222 1.388364 -0.164475
v -0.118763 1.402635 -0.147329
v -0.247351 1.210250 -0.055870
v -0.253018 1.224086 -0.139077
v -0.234869 1.214107 -0.106972
v -0.266047 1.213000 -0.041840
v -0.234062 1.208895 -0.076456
v -0.116478 1.500905 -0.108979
v -0.148608 1.507897 -0.091900
v -0.123620 1.454661 -0.001664
v -0.155824 1.472975 -0.012753
v -0.142681 1.462923 -0.006417
v -0.167481 1.492726 -0.044988
v -0.132426 1.457391 -0.003457
v -0.098191 1.281541 -0.164434
v -0.101208 1.308996 -0.167774
v -0.102786 1.360464 -0.155395
v -0.117741 1.244624 -0.155540
v -0.123593 1.280807 -0.169118
v -0.101079 1.448622 -0.133721
v -0.100621 1.401415 -0.144103
v -0.207486 1.206713 0.054509
v -0.216679 1.207871 0.040639
v -0.231012 1.172630 -0.101931
v -0.244476 1.187075 0.000480
v -0.191248 1.180416 -0.133400
v -0.164078 1.185793 -0.142397
v -0.238395 1.173570 -0.053684
v -0.243059 1.179485 -0.033753
v -0.211767 1.176104 -0.118323
v -0.189352 1.209753 0.062695
v -0.234755 1.197159 0.018299
v -0.246503 1.180644 -0.016226
v -0.238395 1.171502 -0.078136
v -0.225448 1.203549 0.030886
v -0.132282 1.192402 -0.147753
v -0.202119 1.207230 0.059580
v -0.207351 1.190488 0.051146
v -0.215180 1.187996 0.041402
v -0.227992 1.154025 -0.099065
v -0.238819 1.168709 -0.000186
v -0.188627 1.161264 -0.128209
v -0.166582 1.165309 -0.138271
v -0.246627 1.154150 -0.062913
v -0.240598 1.156807 -0.036399
v -0.203784 1.157159 -0.110195
v -0.194015 1.193032 0.058851
v -0.232284 1.176827 0.017639
v -0.241684 1.162112 -0.018169
v -0.244827 1.152361 -0.084633
v -0.222532 1.184418 0.030259
v -0.146611 1.171233 -0.143327
v -0.200505 1.191914 0.056705
v -0.204952 1.173900 0.050576
v -0.208106 1.170871 0.040862
v -0.223721 1.134926 -0.095179
v -0.230743 1.150882 0.000087
v -0.188269 1.141058 -0.125882
v -0.167616 1.144564 -0.135882
v -0.245044 1.135722 -0.060861
v -0.244341 1.141193 -0.035182
v -0.204177 1.137573 -0.109432
v -0.193114 1.176228 0.057180
v -0.226048 1.157448 0.016852
v -0.237289 1.145567 -0.016824
v -0.236244 1.133891 -0.076942
v -0.216741 1.164801 0.030083
v -0.150183 1.150581 -0.141621
v -0.198231 1.174997 0.054371
v -0.201612 1.155928 0.048071
v -0.208179 1.152277 0.040371
v -0.219471 1.114564 -0.090583
v -0.230794 1.130727 0.002964
v -0.189979 1.120355 -0.125934
v -0.170375 1.124316 -0.135685
v -0.235520 1.114958 -0.053261
v -0.238633 1.120241 -0.033081
v -0.206648 1.117201 -0.109853
v -0.189080 1.158617 0.054650
v -0.219978 1.137397 0.016580
v -0.239615 1.124956 -0.013113
v -0.228333 1.113406 -0.071397
v -0.211415 1.145566 0.029448
v -0.152442 1.129972 -0.140908
v -0.193706 1.157748 0.052848
v -0.197185 1.134563 0.043690
v -0.208075 1.130624 0.034846
v -0.221632 1.093985 -0.090773
v -0.222149 1.106684 0.002448
v -0.192158 1.098225 -0.125779
v -0.172799 1.102362 -0.136461
v -0.231787 1.092135 -0.052147
v -0.229626 1.097005 -0.032390
v -0.210433 1.096251 -0.110970
v -0.185017 1.137914 0.050889
v -0.216224 1.114905 0.016026
v -0.226193 1.100148 -0.014226
v -0.228344 1.092434 -0.072073
v -0.211540 1.124212 0.029079
v -0.154709 1.107987 -0.141073
v -0.189339 1.136725 0.048420
v -0.196006 1.115133 0.042255
v -0.205066 1.111141 0.026945
v -0.223628 1.076023 -0.093030
v -0.216906 1.084575 0.000444
v -0.193919 1.081080 -0.126037
v -0.174339 1.085154 -0.136037
v -0.232284 1.071669 -0.051066
v -0.228551 1.074058 -0.033709
v -0.212139 1.078402 -0.112677
v -0.183313 1.119072 0.047504
v -0.212811 1.094368 0.015479
v -0.223649 1.077625 -0.015558
v -0.230970 1.073634 -0.073943
v -0.211281 1.104575 0.021504
v -0.156668 1.088773 -0.141559
v -0.187621 1.117170 0.045585
v -0.194260 1.103034 0.040969
v -0.202532 1.099611 0.035382
v -0.224197 1.067213 -0.094767
v -0.219306 1.073665 0.000090
v -0.195117 1.073510 -0.127082
v -0.176472 1.076198 -0.136347
v -0.232211 1.059384 -0.051162
v -0.229605 1.061670 -0.033777
v -0.213060 1.070511 -0.113700
v -0.183596 1.107842 0.046271
v -0.214900 1.082630 0.013531
v -0.225686 1.065869 -0.015842
v -0.231818 1.064048 -0.074497
v -0.208737 1.092641 0.012844
v -0.160162 1.077243 -0.141735
v -0.187154 1.105278 0.044752
v -0.002535 1.308479 0.070451
v 0.032075 1.243052 0.061469
v 0.040162 1.226124 0.050121
v 0.046863 1.224366 0.039061
v 0.065198 1.202742 -0.109978
v 0.059376 1.189827 -0.110888
v 0.077286 1.202153 -0.008743
v 0.015509 1.199547 -0.146957
v -0.009287 1.207612 -0.155116
v 0.076066 1.191450 -0.069040
v 0.082054 1.196466 -0.048688
v 0.041610 1.197539 -0.127940
v 0.019439 1.226008 0.064176
v -0.017667 1.245410 0.076299
v 0.004571 1.241707 0.069630
v 0.020059 1.242679 0.064924
v -0.007174 1.242028 0.073199
v -0.004050 1.259174 0.071076
v 0.023637 1.259907 0.066271
v 0.007567 1.257312 0.069347
v -0.054504 1.266692 0.081587
v -0.014904 1.262679 0.073770
v -0.023837 1.264178 0.077244
v 0.067132 1.212494 0.012328
v 0.082023 1.197551 -0.028947
v -0.001288 1.282845 0.072148
v 0.027267 1.282606 0.066231
v 0.010731 1.281365 0.069195
v -0.055116 1.288521 0.081714
v -0.012348 1.285170 0.075652
v -0.027956 1.287849 0.079980
v 0.077979 1.206466 -0.063597
v -0.009900 1.220394 -0.160638
v 0.043151 1.208410 -0.131714
v 0.081175 1.219308 -0.005006
v 0.010897 1.212391 -0.145489
v 0.049128 1.241634 0.043320
v 0.038270 1.246184 0.053643
v 0.070575 1.228305 0.016291
v 0.082643 1.212969 -0.042576
v 0.082809 1.216724 -0.024990
v 0.068941 1.190241 -0.089234
v -0.035536 1.277125 -0.167815
v 0.057670 1.219442 0.027013
v 0.072664 1.202990 -0.086394
v -0.041570 1.244251 -0.161073
v 0.060296 1.235493 0.033305
v -0.043814 1.225182 -0.158539
v -0.044855 1.211088 -0.157102
v 0.031734 1.224913 0.060422
v -0.006831 1.379586 0.041188
v -0.002192 1.420506 0.014791
v -0.001410 1.445117 -0.003010
v 0.005686 1.463638 -0.019764
v 0.000846 1.489686 -0.095229
v -0.025287 1.447826 -0.138705
v -0.041611 1.378840 -0.158219
v -0.049518 1.354798 -0.163306
v -0.054280 1.310694 -0.169832
v 0.047277 1.377269 0.019095
v 0.040358 1.359389 0.027677
v 0.039531 1.342523 0.033028
v 0.038942 1.395583 0.017607
v 0.025995 1.369947 0.028692
v 0.025230 1.347900 0.038841
v 0.055063 1.439295 -0.017580
v 0.028932 1.406172 0.014005
v 0.016450 1.375387 0.030834
v -0.033440 1.404165 0.026269
v -0.029371 1.374641 0.041936
v 0.024506 1.309493 0.061617
v 0.099851 1.285646 0.008760
v 0.048652 1.273020 -0.010598
v 0.098568 1.262648 0.011842
v 0.046646 1.245369 -0.013081
v 0.052354 1.357879 0.014781
v 0.047783 1.342077 0.014155
v 0.051837 1.329968 0.018129
v 0.099758 1.309752 0.008368
v 0.049428 1.296123 -0.007194
v 0.068672 1.303919 -0.002897
v 0.072633 1.299214 -0.001106
v 0.069282 1.465344 -0.089399
v 0.074060 1.458539 -0.041507
v 0.073657 1.418447 -0.145809
v 0.044815 1.330796 -0.168953
v 0.045653 1.433782 -0.153689
v 0.013792 1.340299 -0.174102
v 0.104028 1.444817 -0.081087
v 0.080513 1.275916 -0.077145
v 0.062571 1.303309 -0.111405
v 0.077783 1.282286 -0.036491
v 0.061661 1.289773 -0.105627
v 0.043264 1.287735 -0.062988
v 0.062178 1.265430 -0.103462
v 0.046263 1.269825 -0.063374
v 0.065198 1.237850 -0.102246
v 0.046677 1.241853 -0.063143
v 0.079303 1.284302 -0.043037
v 0.046274 1.318014 -0.004331
v 0.052633 1.322336 0.001898
v 0.062292 1.309948 0.003478
v 0.067287 1.317507 -0.154165
v 0.099365 1.239701 0.012827
v 0.047390 1.221108 -0.014747
v 0.067731 1.215596 -0.102158
v 0.048197 1.218016 -0.065552
v 0.099230 1.226568 0.012364
v 0.047225 1.209350 -0.016327
v 0.154493 1.233766 -0.024948
v 0.053285 1.342223 0.009456
v 0.068983 1.205989 -0.100435
v 0.049490 1.204904 -0.067505
v 0.060451 1.305088 0.034657
v 0.044919 1.308645 0.049338
v 0.010762 1.307797 0.067091
v -0.037941 1.427382 0.019650
v 0.070389 1.220023 -0.107092
v 0.034444 1.479170 -0.094312
v 0.041269 1.426419 -0.000809
v 0.051103 1.412252 0.004768
v 0.059541 1.392791 0.012494
v 0.063750 1.370805 0.012443
v 0.071185 1.331582 0.007639
v 0.076894 1.305606 0.005210
v 0.075704 1.280373 0.003115
v 0.070513 1.254417 0.002724
v 0.069944 1.229650 0.001508
v 0.071082 1.217612 0.000444
v 0.045115 1.352151 -0.166781
v 0.018498 1.360992 -0.175612
v 0.070265 1.266267 -0.119202
v 0.069479 1.337662 -0.154061
v 0.079489 1.319441 -0.142169
v 0.073357 1.302917 -0.138074
v 0.077338 1.286557 0.001120
v 0.035891 1.292523 -0.159129
v 0.008111 1.301334 -0.171145
v -0.028710 1.312172 -0.174278
v 0.073936 1.270352 -0.069678
v 0.073564 1.278543 -0.044521
v 0.060389 1.277529 -0.141094
v 0.072250 1.293641 0.011602
v 0.076366 1.292906 -0.014751
v 0.038962 1.215606 -0.033662
v 0.036915 1.238616 -0.031195
v 0.036791 1.285482 -0.023527
v 0.050389 1.330414 0.005598
v 0.085497 1.261056 -0.017845
v 0.075001 1.293279 -0.012814
v 0.035405 1.265347 -0.026878
v 0.010969 1.481300 -0.052353
v 0.083450 1.239184 -0.001797
v 0.082757 1.232214 -0.040556
v 0.044609 1.264407 0.054265
v 0.073905 1.246474 0.017250
v 0.055012 1.260879 0.044166
v 0.079479 1.223569 -0.059107
v 0.048880 1.228346 -0.132707
v 0.020307 1.238626 -0.152945
v -0.009858 1.239680 -0.160638
v -0.056221 1.399440 0.030398
v -0.054883 1.374301 0.045869
v -0.053368 1.351509 0.056542
v -0.053749 1.314592 0.073334
v -0.058703 1.418303 0.022882
v 0.083295 1.267136 0.001350
v 0.080647 1.256795 -0.040609
v 0.077659 1.246847 -0.060993
v 0.054981 1.253610 -0.135013
v 0.026739 1.265213 -0.156647
v 0.004314 1.273455 -0.165013
v 0.048094 1.284541 0.054244
v 0.075363 1.273786 0.014901
v 0.061475 1.284343 0.042356
v 0.070565 1.242245 -0.111963
v -0.056613 1.494442 -0.113390
v -0.019110 1.499055 -0.098100
v -0.055814 1.501526 -0.108209
v -0.023532 1.505136 -0.089395
v -0.038621 1.443690 0.009896
v -0.007007 1.468860 -0.018661
v -0.016759 1.460618 -0.004322
v -0.062611 1.438601 0.018806
v -0.049985 1.456015 -0.000137
v -0.019693 1.474360 -0.018378
v -0.026590 1.467887 -0.005815
v -0.063447 1.449449 0.007137
v -0.000131 1.485643 -0.051087
v -0.008732 1.490875 -0.050405
v 0.037908 1.263548 0.060613
v 0.040348 1.283723 0.060564
v -0.014905 1.311313 0.069946
v -0.026344 1.313061 0.070981
v -0.021106 1.348231 -0.173379
v 0.039893 1.204056 -0.038101
v 0.079551 1.281375 -0.015032
v 0.085208 1.236806 -0.021307
v 0.056335 1.321074 0.010303
v 0.076180 1.265864 -0.092056
v 0.075818 1.242699 -0.084148
v 0.067307 1.301023 0.024198
v 0.068745 1.279453 0.030875
v 0.067969 1.352098 0.010622
v 0.075384 1.218978 -0.082463
v 0.070275 1.298614 -0.118592
v 0.064267 1.255172 0.033553
v 0.067700 1.302844 -0.133307
v -0.014239 1.368540 -0.169356
v 0.015571 1.442966 -0.149263
v -0.056791 1.387993 -0.149429
v 0.041320 1.469263 -0.051199
v 0.035829 1.450143 -0.022424
v 0.026657 1.437485 -0.003427
v 0.016047 1.417340 0.014236
v 0.005543 1.380609 0.037778
v -0.053279 1.448519 -0.131973
v -0.024838 1.453637 0.003357
v -0.039732 1.461848 -0.001609
v -0.019443 1.437091 0.007811
v -0.017803 1.376204 0.040884
v -0.020372 1.413328 0.020220
v 0.032872 1.309080 0.056737
v -0.005632 1.352470 0.051647
v -0.026723 1.350744 0.054235
v -0.015057 1.350133 0.053854
v 0.004636 1.353287 0.047403
v 0.015447 1.350609 0.041192
v -0.037162 1.398022 -0.153762
v 0.082798 1.208099 -0.111363
v 0.083812 1.335749 -0.139481
v 0.071423 1.354477 -0.150897
v 0.022893 1.379068 -0.171155
v 0.049004 1.368965 -0.163472
v 0.082209 1.218275 -0.113752
v 0.078310 1.245316 -0.117092
v 0.075684 1.273133 -0.119367
v 0.075570 1.291448 -0.121446
v 0.081030 1.313908 -0.126441
v 0.084143 1.321582 -0.137133
v -0.007555 1.388323 -0.164413
v -0.057452 1.403089 -0.144465
v 0.099706 1.223073 0.003038
v 0.051206 1.207034 -0.020761
v 0.146747 1.229722 -0.029237
v 0.072716 1.204883 -0.096011
v 0.053936 1.203498 -0.065427
v 0.073926 1.215368 -0.004620
v 0.045767 1.203198 -0.039735
v 0.084887 1.206827 -0.105795
v -0.055431 1.505167 -0.107239
v -0.024619 1.508186 -0.089279
v -0.052358 1.459614 -0.001682
v -0.021496 1.477391 -0.018121
v -0.031032 1.470380 -0.007152
v -0.012420 1.492581 -0.048587
v -0.043655 1.464661 -0.003241
v -0.086721 1.398106 0.026028
v -0.088307 1.351963 0.054646
v -0.088147 1.374497 0.042763
v -0.078248 1.280011 -0.163979
v -0.088670 1.314757 0.073853
v -0.086025 1.414083 0.024554
v -0.086948 1.491630 -0.113618
v -0.087497 1.481114 -0.116844
v -0.086123 1.433080 0.024213
v -0.087353 1.450143 0.010909
v -0.087254 1.269059 0.077505
v -0.088394 1.288150 0.077020
v -0.075917 1.309142 -0.166316
v -0.070208 1.358117 -0.154796
v -0.059511 1.243041 -0.160390
v -0.053765 1.279846 -0.165840
v -0.087203 1.449904 -0.130494
v -0.073375 1.448663 -0.130887
v -0.074445 1.401766 -0.142221
v -0.087071 1.495798 -0.111839
v -0.086918 1.452934 0.007246
v -0.108099 1.452976 0.003299
v 0.038528 1.206061 0.050508
v 0.044195 1.206713 0.035842
v 0.052023 1.173094 -0.109262
v 0.074536 1.183436 -0.013239
v 0.017815 1.182991 -0.150039
v -0.010820 1.188027 -0.150618
v 0.074463 1.175670 -0.072413
v 0.079324 1.177985 -0.050790
v 0.035384 1.175442 -0.131197
v 0.019180 1.209123 0.059521
v 0.063595 1.195813 0.009168
v 0.080172 1.178813 -0.031639
v 0.066304 1.170344 -0.091301
v 0.054877 1.202783 0.023069
v -0.045456 1.191946 -0.153999
v 0.030545 1.207240 0.054347
v 0.037629 1.190229 0.043595
v 0.044857 1.187666 0.033016
v 0.048125 1.156073 -0.112128
v 0.070430 1.168648 -0.017337
v 0.020287 1.164749 -0.146843
v -0.010122 1.169775 -0.148881
v 0.067142 1.155960 -0.075824
v 0.072571 1.158090 -0.056649
v 0.034568 1.160065 -0.130153
v 0.023709 1.193177 0.053035
v 0.061403 1.177345 0.003528
v 0.073688 1.162247 -0.037024
v 0.059738 1.153912 -0.093981
v 0.053057 1.183942 0.019744
v -0.030639 1.171863 -0.151352
v 0.030017 1.191853 0.049157
v 0.036460 1.173519 0.038808
v 0.044391 1.171026 0.029323
v 0.042871 1.137272 -0.111994
v 0.068993 1.152288 -0.023218
v 0.009054 1.146880 -0.139377
v -0.011747 1.150468 -0.148115
v 0.062354 1.137086 -0.078864
v 0.067669 1.140769 -0.060324
v 0.028921 1.141906 -0.128043
v 0.023616 1.175886 0.048257
v 0.059221 1.159185 -0.001550
v 0.070906 1.145763 -0.042083
v 0.054453 1.135060 -0.095331
v 0.052034 1.165535 0.015800
v -0.027642 1.151978 -0.150504
v 0.028683 1.175318 0.045305
v 0.035240 1.156021 0.032537
v 0.043843 1.153033 0.023452
v 0.045198 1.115215 -0.116596
v 0.058890 1.132330 -0.022738
v 0.007548 1.124988 -0.140928
v -0.013294 1.128959 -0.148405
v 0.058083 1.114801 -0.079639
v 0.059241 1.118710 -0.059813
v 0.027867 1.120003 -0.129946
v 0.022572 1.157923 0.042112
v 0.058011 1.140220 -0.006999
v 0.061444 1.124575 -0.040994
v 0.054484 1.112868 -0.099703
v 0.051527 1.147510 0.009974
v -0.027844 1.131027 -0.151187
v 0.027391 1.157355 0.038921
v 0.034878 1.134543 0.024736
v 0.043295 1.131244 0.015004
v 0.039273 1.092145 -0.115345
v 0.058859 1.106829 -0.024508
v 0.007758 1.099342 -0.144217
v -0.012623 1.105299 -0.152759
v 0.056149 1.090821 -0.078946
v 0.061547 1.093416 -0.060598
v 0.025364 1.095124 -0.130794
v 0.022034 1.136828 0.035070
v 0.058093 1.116445 -0.011194
v 0.063088 1.097460 -0.042699
v 0.048394 1.090376 -0.098098
v 0.051775 1.125268 0.004070
v -0.028860 1.108660 -0.153131
v 0.026574 1.136322 0.032693
v 0.034733 1.114647 0.020201
v 0.043512 1.111296 0.012012
v 0.038311 1.070056 -0.116844
v 0.061154 1.084296 -0.025468
v 0.006509 1.078173 -0.146668
v -0.012942 1.084295 -0.154537
v 0.055126 1.068887 -0.078880
v 0.060172 1.071359 -0.060168
v 0.024837 1.073479 -0.133834
v 0.021714 1.117252 0.031993
v 0.058735 1.095320 -0.011224
v 0.063264 1.075682 -0.042353
v 0.047825 1.068691 -0.098000
v 0.052054 1.104781 0.001089
v -0.029250 1.089239 -0.154248
v 0.027070 1.115361 0.027115
v 0.034743 1.101658 0.018650
v 0.043078 1.098298 0.010617
v 0.037815 1.057554 -0.118064
v 0.064960 1.073013 -0.027733
v 0.006426 1.066271 -0.147391
v -0.015315 1.072620 -0.152479
v 0.054919 1.056923 -0.078821
v 0.060058 1.059881 -0.060057
v 0.024516 1.061183 -0.134848
v 0.023058 1.105061 0.029513
v 0.058249 1.082766 -0.012860
v 0.065601 1.064452 -0.043912
v 0.048021 1.056581 -0.098368
v 0.051444 1.092175 -0.000345
v -0.026834 1.077502 -0.155147
v 0.026698 1.103014 0.026146
v -0.087628 1.401684 -0.143059
v -0.090462 1.360682 -0.152717
v -0.089630 1.307652 -0.166729
v -0.089360 1.280475 -0.164320
v -0.067268 1.454123 0.003438
v -0.001289 1.377641 0.046475
v -0.009785 1.374259 0.048813
v 0.007669 1.379306 0.042152
v -0.012198 1.372563 0.049049
v 0.008836 1.420805 0.018783
v -0.002824 1.421384 0.019069
v 0.020545 1.419347 0.017173
v -0.006547 1.420629 0.019406
v 0.018177 1.442800 0.001663
v 0.005595 1.445044 0.002452
v 0.030597 1.440452 -0.000984
v 0.001076 1.445892 0.001485
v 0.024195 1.461693 -0.020064
v 0.010163 1.465850 -0.016665
v 0.037267 1.455922 -0.021821
v 0.005390 1.467122 -0.015519
v 0.026781 1.475178 -0.036151
v 0.010587 1.479976 -0.034934
v 0.039966 1.468012 -0.035657
v 0.005568 1.481590 -0.033315
v 0.026202 1.488073 -0.068363
v 0.009666 1.492974 -0.068838
v 0.039997 1.482810 -0.067351
v 0.004734 1.493543 -0.069276
v 0.017288 1.488362 -0.098105
v 0.000926 1.490917 -0.097670
v 0.033823 1.484309 -0.097007
v -0.003150 1.491559 -0.098667
v 0.006646 1.470554 -0.130660
v -0.009385 1.473668 -0.129088
v 0.019904 1.467236 -0.132635
v -0.013939 1.474950 -0.129181
v -0.006015 1.443244 -0.149780
v -0.021593 1.446430 -0.149191
v 0.008752 1.441280 -0.152148
v -0.026942 1.447888 -0.148767
v -0.018307 1.416378 -0.160111
v -0.033535 1.420474 -0.157422
v -0.003778 1.411032 -0.161217
v -0.038710 1.421486 -0.156326
v -0.033491 1.378830 -0.168415
v -0.047507 1.383329 -0.163679
v -0.018906 1.372708 -0.170535
v -0.052742 1.383577 -0.162376
v -0.040973 1.354311 -0.171817
v -0.054660 1.357620 -0.167681
v -0.026594 1.348975 -0.173720
v -0.060082 1.358272 -0.165871
v -0.047370 1.333340 -0.173772
v -0.060539 1.335687 -0.170287
v -0.033481 1.328356 -0.175695
v -0.066075 1.335191 -0.168498
v -0.053440 1.309389 -0.173099
v -0.066465 1.310879 -0.170886
v -0.039041 1.306216 -0.174082
v -0.072895 1.311116 -0.169832
v 0.043388 1.480897 -0.067515
v -0.026816 1.325842 -0.176398
v 0.010876 1.487018 -0.050273
v 0.038104 1.482075 -0.096146
v -0.032406 1.303174 -0.173844
v 0.025374 1.466315 -0.131973
v 0.005115 1.488000 -0.049208
v 0.040586 1.476160 -0.049364
v 0.026812 1.481992 -0.050467
v -0.020159 1.347166 -0.173937
v -0.013175 1.369440 -0.170948
v 0.002871 1.410473 -0.160163
v 0.015064 1.440701 -0.151869
v 0.043740 1.474547 -0.049041
v 0.042582 1.465944 -0.035010
v 0.040441 1.454361 -0.021548
v 0.033306 1.439770 -0.001951
v 0.023110 1.418074 0.015869
v 0.009873 1.378024 0.040692
v -0.179624 1.368397 0.041526
v -0.169350 1.367393 0.041543
v -0.187989 1.367982 0.038386
v -0.167435 1.366979 0.041878
v -0.185351 1.410969 0.019192
v -0.175292 1.412552 0.019128
v -0.196148 1.409604 0.017599
v -0.172157 1.411632 0.019375
v -0.195505 1.436017 0.006521
v -0.186104 1.439563 0.007902
v -0.207827 1.433410 0.003715
v -0.183038 1.440163 0.007034
v -0.203091 1.454413 -0.014098
v -0.193638 1.459459 -0.012901
v -0.215562 1.449294 -0.015536
v -0.191278 1.460845 -0.012037
v -0.206379 1.467752 -0.029128
v -0.195385 1.474754 -0.030538
v -0.218530 1.460980 -0.028580
v -0.192374 1.475757 -0.029222
v -0.206441 1.485271 -0.061573
v -0.191822 1.490440 -0.063793
v -0.219285 1.479603 -0.058244
v -0.188883 1.492654 -0.064711
v -0.194882 1.486677 -0.096726
v -0.179285 1.490575 -0.097655
v -0.210443 1.483233 -0.092470
v -0.176089 1.491258 -0.098944
v -0.182595 1.466564 -0.132593
v -0.166099 1.470472 -0.130835
v -0.195570 1.462448 -0.132335
v -0.162183 1.471693 -0.130205
v -0.170975 1.441549 -0.150090
v -0.155936 1.444619 -0.150184
v -0.185105 1.439221 -0.151104
v -0.150315 1.445436 -0.148839
v -0.160824 1.418468 -0.158705
v -0.145600 1.421901 -0.157278
v -0.175675 1.415427 -0.158767
v -0.140156 1.422500 -0.156409
v -0.144888 1.379905 -0.168063
v -0.130357 1.383896 -0.163844
v -0.159837 1.373970 -0.171176
v -0.124659 1.384218 -0.162159
v -0.136569 1.355728 -0.172727
v -0.122981 1.358572 -0.168022
v -0.150384 1.350785 -0.176078
v -0.117085 1.358633 -0.165902
v -0.129105 1.334838 -0.176274
v -0.116219 1.336783 -0.171093
v -0.142748 1.329317 -0.178477
v -0.110647 1.335977 -0.169304
v -0.122674 1.310713 -0.177329
v -0.110898 1.311189 -0.173699
v -0.136471 1.308212 -0.180493
v -0.104127 1.311292 -0.171776
v -0.223287 1.477908 -0.057822
v -0.148981 1.327952 -0.178539
v -0.195272 1.482923 -0.044075
v -0.214197 1.481620 -0.091474
v -0.142575 1.306102 -0.181962
v -0.199916 1.461890 -0.131652
v -0.192270 1.484536 -0.044108
v -0.220019 1.470452 -0.039653
v -0.207941 1.476635 -0.040415
v -0.156118 1.349326 -0.177225
v -0.164689 1.371508 -0.172748
v -0.180844 1.413379 -0.159077
v -0.190768 1.438592 -0.150649
v -0.223090 1.469035 -0.039628
v -0.221301 1.459035 -0.028244
v -0.218727 1.447929 -0.015675
v -0.210764 1.432718 0.002557
v -0.198737 1.407982 0.017083
v -0.190119 1.366825 0.037893
v -0.042543 1.398871 -0.161786
v -0.047456 1.400432 -0.160432
v -0.013351 1.389274 -0.166605
v -0.028315 1.394838 -0.164858
v -0.007431 1.386679 -0.166667
v -0.136443 1.399833 -0.161331
v -0.130748 1.401735 -0.159273
v -0.166262 1.391116 -0.166305
v -0.150856 1.396420 -0.163854
v -0.171174 1.388799 -0.166760
v -0.196420 1.355314 0.044350
v -0.197579 1.345573 0.050484
v -0.196492 1.360392 0.041827
v -0.196876 1.353846 0.045318
v -0.195751 1.363732 0.040768
v -0.196806 1.344219 0.051557
v -0.194673 1.343825 0.052287
v -0.191811 1.339140 0.056335
v -0.191009 1.335449 0.059177
v -0.189904 1.331510 0.061858
v -0.192709 1.326215 0.063273
v -0.194549 1.321923 0.066418
v -0.195758 1.320310 0.067597
v -0.197507 1.319255 0.068273
v -0.199947 1.318635 0.068680
v -0.202708 1.318314 0.068869
v -0.203980 1.317435 0.069340
v -0.204549 1.315408 0.070418
v -0.204559 1.313547 0.071674
v -0.203711 1.312409 0.072587
v -0.201105 1.311913 0.073434
v -0.198923 1.311075 0.074438
v -0.196511 1.311252 0.075616
v -0.195557 1.364704 0.040380
v -0.194654 1.365149 0.040391
v -0.190946 1.365387 0.041232
v -0.197280 1.344684 0.051127
v -0.193210 1.343133 0.053156
v -0.190669 1.363194 0.042134
v -0.193857 1.363019 0.041123
v -0.194571 1.361509 0.041637
v -0.195435 1.360009 0.042266
v -0.195039 1.358158 0.043193
v -0.191358 1.358727 0.043578
v -0.194256 1.362481 0.041312
v -0.193169 1.355501 0.044974
v -0.196434 1.358076 0.042900
v -0.195313 1.359151 0.042659
v -0.193479 1.354156 0.045809
v -0.194307 1.345563 0.051333
v -0.194514 1.344560 0.051915
v -0.198541 1.316753 0.070409
v -0.201540 1.316856 0.069974
v -0.202170 1.316566 0.070099
v -0.202460 1.315025 0.070974
v -0.202057 1.314323 0.071449
v -0.199099 1.313909 0.072272
v -0.200702 1.314177 0.071860
v -0.196842 1.316649 0.070520
v -0.197465 1.313837 0.072558
v -0.190400 1.339389 0.059056
v -0.189253 1.336359 0.061491
v -0.188171 1.331954 0.064400
v -0.189592 1.326257 0.063694
v -0.191337 1.322089 0.066846
v -0.191924 1.320910 0.067719
v -0.191372 1.343071 0.056472
v -0.186381 1.339493 0.060350
v -0.186116 1.336194 0.062737
v -0.185789 1.331902 0.065016
v -0.186184 1.325842 0.064561
v -0.186745 1.321923 0.067513
v -0.187009 1.320558 0.068589
v -0.185988 1.343122 0.057695
v -0.190625 1.365862 0.042369
v -0.190483 1.363122 0.042993
v -0.190665 1.358841 0.043810
v -0.192161 1.355491 0.045142
v -0.192171 1.354539 0.045640
v -0.193313 1.345542 0.051463
v -0.193792 1.344156 0.052410
v -0.189564 1.366121 0.042633
v -0.189538 1.362977 0.043337
v -0.189465 1.358830 0.044126
v -0.189471 1.355563 0.045623
v -0.189491 1.354736 0.046047
v -0.190823 1.345780 0.051691
v -0.191079 1.344446 0.052622
v -0.186198 1.367662 0.043052
v -0.184544 1.363597 0.044625
v -0.184470 1.359451 0.045404
v -0.184538 1.356018 0.047036
v -0.184601 1.355118 0.047455
v -0.185350 1.345894 0.052955
v -0.185623 1.344508 0.053862
v -0.195170 1.316649 0.070962
v -0.195619 1.314115 0.073549
v -0.194104 1.311675 0.075878
v -0.192641 1.316866 0.070894
v -0.192902 1.314674 0.073707
v -0.189700 1.312057 0.076219
v -0.187787 1.316639 0.071608
v -0.188264 1.314809 0.074319
v -0.196638 1.354250 0.040427
v -0.197662 1.344715 0.046325
v -0.195678 1.360082 0.037538
v -0.196631 1.353587 0.040819
v -0.196724 1.363339 0.036482
v -0.196918 1.342905 0.047796
v -0.194100 1.342440 0.048796
v -0.192714 1.337879 0.052217
v -0.192005 1.334622 0.054924
v -0.191379 1.330299 0.058103
v -0.193362 1.325615 0.061747
v -0.195324 1.321344 0.064850
v -0.196184 1.320238 0.065647
v -0.197579 1.319493 0.066111
v -0.199575 1.318893 0.066387
v -0.202812 1.318221 0.066899
v -0.204053 1.317021 0.067407
v -0.205045 1.314933 0.068824
v -0.205283 1.312605 0.070428
v -0.204342 1.311541 0.071119
v -0.201705 1.310982 0.071985
v -0.198903 1.310352 0.073098
v -0.195598 1.364880 0.036097
v -0.194762 1.365666 0.035980
v -0.191311 1.366276 0.036828
v -0.197476 1.343422 0.047288
v -0.193381 1.341912 0.049343
v -0.190328 1.361871 0.037685
v -0.193577 1.361839 0.037030
v -0.193925 1.360857 0.037364
v -0.194715 1.359285 0.037989
v -0.194208 1.357920 0.038600
v -0.191582 1.358158 0.038961
v -0.193875 1.361571 0.037141
v -0.196593 1.357228 0.038874
v -0.194670 1.358603 0.038310
v -0.199006 1.315646 0.069301
v -0.201302 1.315893 0.068876
v -0.201850 1.315646 0.068940
v -0.201819 1.314767 0.069359
v -0.201633 1.314178 0.069850
v -0.199316 1.314043 0.070263
v -0.200475 1.314043 0.070144
v -0.190632 1.366328 0.037059
v -0.183878 1.306577 0.078307
v -0.194116 1.306701 0.075517
v -0.198086 1.306887 0.074412
v -0.196709 1.351654 0.046582
v -0.193340 1.351912 0.047026
v -0.192601 1.352161 0.048350
v -0.189850 1.352626 0.048446
v -0.184748 1.352874 0.049942
v -0.196836 1.351064 0.042366
v -0.196698 1.347890 0.048988
v -0.193922 1.347828 0.049830
v -0.193029 1.348066 0.050940
v -0.190496 1.348303 0.051170
v -0.185309 1.348458 0.052606
v -0.196823 1.347207 0.044661
v -0.190432 1.329896 0.060679
v -0.188214 1.329782 0.061257
v -0.185698 1.329576 0.062225
v -0.191766 1.329256 0.058944
v -0.159981 1.356204 0.053231
v -0.160641 1.345935 0.059042
v -0.159310 1.361633 0.050953
v -0.159924 1.355087 0.053920
v -0.158989 1.364715 0.049695
v -0.162339 1.344322 0.059745
v -0.165850 1.343526 0.060013
v -0.170494 1.338862 0.062308
v -0.171796 1.335428 0.064129
v -0.173141 1.330868 0.066531
v -0.170901 1.325646 0.067677
v -0.169603 1.321499 0.070780
v -0.168112 1.320144 0.071724
v -0.165733 1.319369 0.072187
v -0.162758 1.319131 0.072705
v -0.158962 1.319038 0.073020
v -0.157323 1.318427 0.073492
v -0.156855 1.316515 0.074569
v -0.157518 1.314498 0.075647
v -0.158802 1.313382 0.076289
v -0.162167 1.312740 0.076684
v -0.165208 1.311840 0.077388
v -0.168322 1.311840 0.078049
v -0.159679 1.365655 0.049086
v -0.161319 1.365831 0.048721
v -0.165802 1.366235 0.048489
v -0.161457 1.344911 0.059487
v -0.168002 1.342760 0.060210
v -0.166786 1.363990 0.049147
v -0.162006 1.363494 0.049540
v -0.160944 1.362232 0.050615
v -0.161029 1.360868 0.051161
v -0.161918 1.358779 0.051826
v -0.167186 1.359223 0.050690
v -0.161131 1.363091 0.050032
v -0.165026 1.355511 0.053077
v -0.159622 1.359130 0.051892
v -0.161346 1.359937 0.051470
v -0.165077 1.354507 0.053522
v -0.165863 1.345325 0.059157
v -0.165855 1.344301 0.059694
v -0.165040 1.317208 0.073707
v -0.161169 1.317528 0.073558
v -0.160394 1.317259 0.073733
v -0.160094 1.315853 0.074698
v -0.160601 1.315170 0.075177
v -0.164680 1.314592 0.075607
v -0.162418 1.314891 0.075368
v -0.167056 1.316918 0.073846
v -0.166770 1.314415 0.075575
v -0.172311 1.339328 0.064045
v -0.173514 1.336225 0.065676
v -0.175072 1.331468 0.068087
v -0.173788 1.325780 0.067165
v -0.173141 1.321469 0.070584
v -0.172596 1.320403 0.071361
v -0.170684 1.342967 0.062270
v -0.176522 1.339348 0.063057
v -0.177013 1.336184 0.065033
v -0.177669 1.331540 0.067545
v -0.178000 1.325450 0.067130
v -0.177357 1.321871 0.069186
v -0.177267 1.320547 0.070136
v -0.176406 1.342884 0.061031
v -0.167296 1.366959 0.048609
v -0.168113 1.363618 0.049556
v -0.168412 1.358996 0.050781
v -0.166461 1.355522 0.052609
v -0.166479 1.354528 0.053150
v -0.167251 1.345242 0.058898
v -0.167232 1.343888 0.059728
v -0.168531 1.367682 0.048117
v -0.168792 1.363836 0.049349
v -0.169296 1.359286 0.050279
v -0.169612 1.355718 0.051724
v -0.169624 1.354859 0.052177
v -0.170188 1.345593 0.057810
v -0.170149 1.344218 0.058671
v -0.172037 1.368261 0.046946
v -0.172935 1.363763 0.048418
v -0.174163 1.359389 0.049317
v -0.174814 1.356173 0.050174
v -0.174871 1.355263 0.050655
v -0.175629 1.345862 0.056194
v -0.175991 1.344177 0.057274
v -0.169250 1.316866 0.073924
v -0.168812 1.314529 0.076220
v -0.170822 1.311789 0.078371
v -0.172010 1.316711 0.073763
v -0.171705 1.314456 0.076405
v -0.175865 1.311458 0.077845
v -0.177284 1.316504 0.073076
v -0.176754 1.315067 0.075524
v -0.181721 1.339669 0.061596
v -0.181940 1.335987 0.064212
v -0.181702 1.331726 0.066046
v -0.182413 1.325450 0.066239
v -0.182346 1.321603 0.068554
v -0.182505 1.320289 0.069618
v -0.181273 1.343205 0.059307
v -0.179446 1.368024 0.046194
v -0.179794 1.363836 0.046948
v -0.179950 1.359865 0.047654
v -0.179852 1.356111 0.049133
v -0.179903 1.355180 0.049596
v -0.181164 1.345646 0.055213
v -0.180873 1.344456 0.055712
v -0.182566 1.311799 0.077323
v -0.182475 1.316566 0.072578
v -0.182638 1.314922 0.075211
v -0.158596 1.354994 0.049941
v -0.159023 1.345056 0.055346
v -0.158074 1.360682 0.047328
v -0.158607 1.354332 0.050374
v -0.157780 1.364301 0.045864
v -0.161164 1.342915 0.056211
v -0.165590 1.341861 0.056728
v -0.169019 1.337321 0.059146
v -0.170137 1.334394 0.060883
v -0.171136 1.329896 0.063182
v -0.169957 1.324964 0.066326
v -0.168462 1.320951 0.069423
v -0.167382 1.320020 0.070067
v -0.165557 1.319452 0.070509
v -0.162645 1.319110 0.071037
v -0.158365 1.318883 0.071388
v -0.156650 1.317890 0.072098
v -0.156057 1.316049 0.073182
v -0.156624 1.313650 0.074398
v -0.158229 1.312285 0.075083
v -0.161803 1.311458 0.075651
v -0.165199 1.310889 0.076913
v -0.159069 1.365345 0.044970
v -0.160606 1.365862 0.044435
v -0.165697 1.366441 0.044246
v -0.159975 1.343577 0.055953
v -0.166812 1.341240 0.057046
v -0.166150 1.362315 0.045587
v -0.161853 1.361818 0.045692
v -0.161170 1.360940 0.046445
v -0.161356 1.359647 0.046906
v -0.162156 1.358344 0.047162
v -0.166461 1.358830 0.046623
v -0.161296 1.361654 0.045993
v -0.158345 1.358117 0.048502
v -0.161538 1.358924 0.047152
v -0.164398 1.316153 0.072664
v -0.161400 1.316535 0.072440
v -0.160757 1.316359 0.072571
v -0.160697 1.315532 0.073125
v -0.161121 1.314994 0.073487
v -0.164248 1.314726 0.073654
v -0.162642 1.314788 0.073627
v -0.166575 1.367020 0.043450
v -0.175213 1.306423 0.078997
v -0.166945 1.306825 0.079929
v -0.160164 1.352543 0.055309
v -0.165247 1.351964 0.055043
v -0.166637 1.352346 0.055706
v -0.169692 1.352708 0.054691
v -0.175144 1.352916 0.053228
v -0.180077 1.352894 0.052049
v -0.158763 1.351778 0.051576
v -0.166624 1.309607 0.077942
v -0.160437 1.348272 0.057878
v -0.165518 1.347703 0.057731
v -0.166916 1.347930 0.058363
v -0.170040 1.348262 0.057395
v -0.175359 1.348489 0.055696
v -0.180822 1.348355 0.054776
v -0.158988 1.347320 0.054132
v -0.197827 1.309018 0.075024
v -0.172535 1.329141 0.065390
v -0.174593 1.329213 0.065226
v -0.177441 1.329151 0.064674
v -0.181788 1.328955 0.063617
v -0.170842 1.328717 0.063997
v -0.053369 1.309358 -0.171910
v -0.066385 1.310817 -0.169811
v -0.038969 1.306205 -0.173254
v -0.072811 1.311054 -0.168880
v -0.030917 1.248833 -0.167215
v 0.024744 1.305357 0.071012
v -0.032331 1.303206 -0.173192
v -0.087964 1.311188 -0.168508
v -0.029263 1.283516 -0.172634
v -0.242470 0.889324 -0.136223
v -0.236586 0.993233 -0.114755
v -0.231725 1.018424 -0.107898
v -0.216400 0.997296 0.033163
v -0.124746 0.991226 0.070110
v -0.153025 0.992995 0.065822
v -0.241911 1.014566 -0.043347
v -0.240918 1.013614 -0.006727
v -0.228137 1.005694 0.010350
v -0.201736 0.995073 0.051443
v -0.180567 0.996293 0.060484
v -0.243628 1.015341 -0.079969
v -0.201550 1.023459 -0.135654
v -0.183867 1.025062 -0.143669
v -0.162473 1.026664 -0.149491
v -0.139676 1.026572 -0.155509
v -0.202088 0.996366 -0.143141
v -0.183268 0.998434 -0.152304
v -0.162296 1.000316 -0.158188
v -0.139753 1.001381 -0.162024
v -0.217351 1.021453 -0.124527
v -0.197341 0.887795 -0.169490
v -0.170964 0.886465 -0.178839
v -0.145213 0.889380 -0.179625
v -0.124687 0.891761 -0.175922
v -0.256854 0.888998 -0.107019
v -0.222015 0.888385 -0.155995
v -0.105777 0.835836 -0.149491
v -0.099368 0.815747 -0.135106
v -0.262138 0.888853 -0.063187
v -0.265995 0.887171 -0.016734
v -0.248643 0.885504 0.016424
v -0.234279 0.881936 0.041045
v -0.123454 0.873563 0.068533
v -0.159072 0.878223 0.068300
v -0.213959 0.880709 0.055653
v -0.190135 0.879944 0.064796
v -0.123503 0.846659 0.067068
v -0.203070 0.974195 0.052920
v -0.178152 0.975725 0.057368
v -0.122321 0.968310 0.070768
v -0.221622 0.971185 0.039201
v -0.149728 0.970265 0.065289
v -0.101366 0.821512 0.067610
v -0.091590 0.798865 0.059351
v -0.087484 0.790866 -0.052092
v -0.091528 0.808879 -0.114228
v -0.219378 0.994515 -0.131725
v -0.249460 0.989458 -0.088009
v -0.251342 0.986696 -0.050882
v -0.229274 0.978962 0.008439
v -0.246968 0.985683 -0.013231
v -0.089513 0.782955 -0.049257
v -0.092314 0.800659 -0.109247
v -0.088517 0.767700 -0.048142
v -0.092660 0.783276 -0.102384
v -0.104686 0.808211 -0.131539
v -0.106016 0.795925 -0.131073
v -0.082233 0.737309 -0.044265
v -0.085176 0.757726 -0.102047
v -0.100094 0.765564 -0.130939
v -0.092260 0.613053 -0.030255
v -0.089542 0.612319 -0.080700
v -0.102331 0.614160 -0.115748
v -0.087328 0.790276 0.000094
v -0.089691 0.784082 -0.000790
v -0.090929 0.765255 -0.003576
v -0.086637 0.732512 -0.001795
v -0.100900 0.614614 -0.004282
v -0.090824 0.684500 -0.008365
v -0.084521 0.686040 -0.039982
v -0.086478 0.690280 -0.090009
v -0.106711 0.694531 -0.122366
v -0.116462 1.029612 -0.160266
v -0.116601 1.002880 -0.163565
v -0.109978 0.893972 -0.174340
v -0.105251 0.860811 -0.164216
v -0.101538 0.838681 -0.150566
v -0.098465 0.819048 -0.137981
v -0.090799 0.812767 -0.117330
v -0.084806 0.797284 -0.052772
v -0.084402 0.792463 0.000446
v -0.087681 0.802661 0.057585
v -0.090782 0.826618 0.060898
v -0.094100 0.842451 0.068236
v -0.096725 0.870954 0.070469
v -0.094971 0.965673 0.072433
v -0.096371 0.989210 0.071888
v 0.054671 0.890983 -0.161817
v 0.045395 0.987131 -0.135448
v 0.040090 1.010823 -0.129801
v -0.065342 0.987793 0.071166
v 0.061713 0.996076 0.005757
v -0.016855 0.991526 0.061915
v 0.008977 0.994442 0.050601
v 0.067638 1.007265 -0.072586
v 0.076790 1.013366 -0.043075
v 0.067907 1.002302 -0.017259
v 0.050214 0.998268 0.024295
v 0.030679 0.996996 0.035893
v 0.057132 1.008517 -0.105211
v 0.008638 1.019292 -0.150928
v -0.009205 1.021898 -0.155778
v -0.028110 1.023149 -0.157588
v -0.049482 1.026148 -0.158074
v -0.094878 1.029509 -0.161186
v 0.008661 0.991402 -0.157205
v -0.009532 0.994483 -0.161848
v -0.028089 0.996127 -0.165716
v -0.049165 0.997792 -0.165333
v 0.023534 1.014483 -0.143431
v 0.005542 0.889154 -0.187763
v -0.022337 0.887572 -0.193895
v -0.047615 0.890519 -0.192530
v -0.068088 0.892622 -0.187939
v 0.077721 0.893061 -0.134651
v 0.029159 0.889389 -0.177246
v -0.078762 0.859444 -0.182603
v -0.089414 0.836075 -0.167588
v -0.093003 0.813633 -0.149491
v 0.087731 0.892411 -0.089947
v 0.095487 0.889660 -0.043088
v 0.084711 0.885276 -0.012277
v 0.068962 0.880958 0.011211
v -0.024963 0.868900 0.060679
v -0.001374 0.865675 0.053245
v 0.047142 0.876221 0.026849
v 0.024257 0.870428 0.041719
v -0.039004 0.837357 0.052712
v 0.048859 0.975198 0.021087
v 0.029986 0.973036 0.035989
v -0.016877 0.966677 0.061787
v 0.066087 0.974639 0.008371
v 0.007261 0.968662 0.050094
v -0.068039 0.810872 0.037997
v -0.081555 0.780931 0.029660
v -0.085909 0.777387 -0.054344
v -0.095561 0.805765 -0.131290
v 0.026088 0.989075 -0.148943
v 0.063905 0.984815 -0.111642
v 0.076552 0.983067 -0.078865
v 0.074618 0.975921 -0.014055
v 0.079789 0.981940 -0.045073
v -0.060453 0.802779 0.036363
v -0.076529 0.777988 0.028238
v -0.090380 0.776248 -0.065440
v -0.094527 0.798040 -0.128612
v -0.076796 0.767431 0.021605
v -0.090275 0.759870 -0.068113
v -0.093035 0.779647 -0.126337
v -0.086229 0.805410 -0.156368
v -0.083222 0.746099 0.008340
v -0.094941 0.739017 -0.070023
v -0.094119 0.753981 -0.128312
v -0.048023 0.609992 -0.028381
v -0.076588 0.601926 -0.076559
v -0.073411 0.603726 -0.111694
v -0.077019 0.790437 0.002798
v -0.092717 0.774013 -0.026274
v -0.090849 0.757695 -0.029656
v -0.093080 0.735355 -0.031485
v -0.061661 0.607117 -0.049786
v -0.071878 0.684986 -0.009334
v -0.088205 0.684510 -0.044451
v -0.089688 0.685699 -0.066384
v -0.086707 0.689143 -0.115582
v -0.073557 1.028702 -0.159501
v -0.073802 1.000336 -0.163492
v -0.084579 0.894547 -0.183172
v -0.090529 0.860644 -0.174702
v -0.094490 0.836785 -0.164527
v -0.089551 0.816059 -0.140711
v -0.083030 0.809520 -0.117268
v -0.077862 0.797030 -0.052814
v -0.079612 0.791710 0.001204
v -0.080974 0.801803 0.061010
v -0.076693 0.815269 0.037510
v -0.056352 0.839716 0.060256
v -0.047460 0.869560 0.064205
v -0.041005 0.965053 0.070346
v -0.042438 0.990161 0.070809
v -0.095082 1.001092 -0.164764
v -0.099697 0.894074 -0.175736
v -0.095624 0.859911 -0.166543
v -0.096273 0.838514 -0.153689
v -0.094175 0.818524 -0.139863
v -0.070193 0.868849 0.067657
v -0.075662 0.841314 0.062881
v -0.064975 0.964360 0.071891
v -0.083642 0.828479 0.059263
v -0.084784 0.804015 0.059888
v -0.080340 0.797387 -0.052690
v -0.088033 0.812959 -0.118788
v -0.081520 0.792190 0.001019
v -0.228985 1.041505 -0.103624
v -0.213690 1.021681 0.032213
v -0.125714 1.010739 0.071996
v -0.153357 1.013563 0.067126
v -0.237154 1.043966 -0.011738
v -0.232584 1.025962 0.002602
v -0.223980 1.022818 0.016071
v -0.198386 1.019499 0.046673
v -0.178543 1.016644 0.057218
v -0.239781 1.040698 -0.075870
v -0.200919 1.047699 -0.132418
v -0.181820 1.049405 -0.140515
v -0.162188 1.049943 -0.146171
v -0.140919 1.050067 -0.151631
v -0.214766 1.043448 -0.121921
v -0.117399 1.050232 -0.156874
v -0.098025 1.008558 0.072572
v -0.068577 1.007865 0.070917
v 0.058176 1.019003 0.002085
v -0.018492 1.010605 0.064143
v 0.008854 1.013614 0.052448
v -0.231353 1.043459 -0.001160
v 0.075911 1.024162 -0.031566
v 0.067566 1.020977 -0.017494
v 0.046863 1.016697 0.021146
v 0.030607 1.015352 0.037873
v 0.054681 1.032239 -0.102841
v 0.006021 1.042249 -0.151249
v -0.010625 1.045930 -0.156471
v -0.028676 1.047533 -0.157298
v -0.049261 1.049891 -0.159635
v -0.095569 1.050315 -0.159056
v 0.021486 1.038216 -0.141694
v -0.072798 1.050822 -0.160018
v -0.044099 1.009819 0.068510
v 0.073750 1.036024 -0.033855
v 0.042334 1.200156 0.050619
v 0.037091 1.201191 0.054111
v 0.049272 1.141730 0.020986
v 0.052530 1.140964 0.016528
v 0.059055 1.099745 -0.000538
v 0.061847 1.098979 -0.005469
v 0.065043 1.072890 -0.020307
v 0.069003 1.069362 -0.038764
v 0.071299 1.060242 -0.042228
v 0.037494 1.033769 -0.126864
v 0.069655 1.060936 -0.029701
v 0.070906 1.034493 -0.044038
v 0.040131 1.221842 0.060743
v 0.034040 1.221542 0.063622
v 0.036419 1.244779 0.064225
v 0.032075 1.243031 0.066601
v 0.031207 1.301044 0.069651
v 0.029594 1.297322 0.072009
v 0.018921 1.303825 0.072817
v 0.008598 1.303743 0.074879
v -0.010538 1.303774 0.078760
v -0.051852 1.301768 0.081330
v -0.064179 1.301283 0.081279
v 0.065508 1.034887 -0.017737
v 0.024278 1.201564 0.061015
v 0.036119 1.141968 0.031366
v 0.048290 1.098090 0.011919
v 0.057235 1.071607 -0.004637
v 0.060720 1.059456 -0.011632
v 0.019501 1.220694 0.068347
v 0.015861 1.242390 0.072065
v 0.010690 1.294457 0.074837
v 0.057607 1.032818 0.002851
v 0.009718 1.202907 0.067117
v 0.020225 1.143136 0.044254
v 0.032696 1.096653 0.025529
v 0.045147 1.069146 0.011961
v 0.050079 1.057677 0.007352
v 0.004861 1.221614 0.072556
v -0.000596 1.243403 0.076286
v -0.002648 1.292813 0.078065
v 0.046025 1.030025 0.021589
v -0.009188 1.203538 0.073183
v 0.003535 1.143405 0.056628
v 0.014868 1.094523 0.040374
v 0.029997 1.064152 0.029174
v 0.035664 1.052787 0.026034
v -0.013393 1.221666 0.077820
v -0.017793 1.242544 0.081022
v -0.015647 1.292121 0.081913
v 0.028487 1.028982 0.038265
v -0.027712 1.203321 0.078066
v -0.013306 1.144418 0.064914
v -0.003495 1.096467 0.053633
v 0.011228 1.062073 0.045719
v 0.017991 1.051246 0.042765
v -0.033009 1.222494 0.081368
v -0.030604 1.242090 0.083316
v -0.031438 1.293227 0.084256
v 0.005391 1.027720 0.054642
v -0.042744 1.203394 0.080074
v -0.031033 1.144512 0.070860
v -0.021863 1.100025 0.062902
v -0.009969 1.063397 0.059566
v -0.004177 1.050905 0.058379
v -0.045534 1.221480 0.082716
v -0.046945 1.241128 0.084869
v -0.053168 1.292658 0.084342
v -0.020378 1.027120 0.064940
v -0.054826 1.202339 0.080384
v -0.044671 1.144553 0.074235
v -0.039238 1.103654 0.069085
v -0.032606 1.066261 0.066543
v -0.028087 1.052528 0.066252
v -0.058295 1.220829 0.082609
v -0.060079 1.240136 0.082547
v -0.065189 1.291965 0.084725
v -0.083276 1.201129 0.080007
v -0.074894 1.144976 0.076648
v -0.073081 1.104668 0.074813
v -0.072511 1.066871 0.073015
v -0.072409 1.053986 0.070879
v -0.084332 1.219308 0.082142
v -0.085464 1.239412 0.080669
v -0.087945 1.289927 0.079850
v -0.002529 1.303733 0.077161
v -0.030028 1.302057 0.081607
v -0.088029 1.300248 0.077582
v 0.064102 1.032983 -0.073155
v 0.061940 1.066334 -0.072735
v 0.050834 1.067398 -0.102135
v 0.038642 1.075723 -0.123235
v 0.023740 1.081700 -0.138984
v 0.005636 1.088919 -0.149749
v -0.011176 1.092341 -0.155902
v -0.030619 1.093985 -0.158756
v -0.051462 1.092889 -0.158219
v -0.074469 1.092424 -0.156564
v -0.096974 1.093509 -0.154289
v 0.062437 1.073623 -0.071482
v 0.057152 1.072538 -0.087641
v 0.058042 1.077378 -0.084615
v 0.049531 1.081784 -0.104088
v 0.050400 1.089157 -0.103504
v 0.038818 1.092506 -0.120618
v 0.041393 1.101121 -0.119098
v 0.023927 1.101669 -0.135561
v 0.027060 1.112289 -0.132749
v 0.005210 1.116746 -0.147329
v 0.011445 1.126219 -0.142800
v -0.006401 1.141151 -0.150670
v -0.001171 1.144336 -0.148798
v -0.016382 1.160002 -0.153575
v -0.008872 1.161357 -0.152603
v -0.023374 1.174925 -0.155778
v -0.015818 1.176714 -0.155271
v -0.028599 1.193073 -0.158581
v -0.022825 1.194096 -0.158425
v -0.032354 1.210912 -0.160876
v -0.027442 1.211429 -0.160856
v -0.035353 1.228822 -0.163006
v -0.030098 1.228812 -0.162851
v -0.035269 1.245441 -0.166047
v -0.035077 1.260994 -0.168953
v -0.030363 1.262358 -0.170142
v -0.033041 1.284933 -0.172686
v -0.031678 1.300889 -0.173606
v -0.035489 1.297228 -0.173978
v -0.041330 1.299596 -0.173978
v -0.040100 1.303743 -0.173544
v -0.051347 1.300672 -0.172479
v -0.053055 1.307115 -0.172065
v -0.064845 1.300600 -0.169852
v -0.065198 1.307115 -0.170059
v -0.074135 1.301779 -0.168487
v -0.074102 1.308097 -0.168849
v -0.011738 1.116787 -0.153544
v -0.018591 1.140333 -0.152603
v -0.024167 1.158534 -0.154155
v -0.031247 1.175691 -0.156419
v -0.036258 1.192122 -0.158901
v -0.040091 1.210301 -0.161300
v -0.042123 1.227902 -0.163151
v -0.041891 1.245172 -0.165685
v -0.041398 1.260631 -0.168053
v -0.041605 1.279836 -0.171290
v -0.030970 1.116622 -0.155964
v -0.035345 1.139206 -0.153689
v -0.039104 1.157542 -0.153958
v -0.042890 1.174748 -0.156171
v -0.047285 1.192494 -0.158539
v -0.049576 1.210746 -0.161424
v -0.051077 1.227012 -0.162986
v -0.051228 1.243392 -0.164320
v -0.051177 1.259793 -0.166471
v -0.050128 1.281096 -0.170100
v -0.052304 1.115370 -0.155013
v -0.052670 1.137573 -0.152914
v -0.055644 1.157055 -0.153431
v -0.057446 1.174418 -0.155271
v -0.060050 1.191750 -0.157412
v -0.060716 1.209784 -0.160214
v -0.061864 1.227458 -0.163162
v -0.062566 1.242917 -0.164558
v -0.061671 1.258129 -0.165602
v -0.063054 1.280135 -0.167577
v -0.072225 1.114399 -0.153172
v -0.072641 1.136704 -0.151259
v -0.074437 1.156941 -0.151735
v -0.074050 1.174635 -0.153886
v -0.074300 1.192722 -0.156161
v -0.074321 1.210147 -0.158622
v -0.074625 1.227520 -0.162345
v -0.075388 1.243828 -0.164733
v -0.075850 1.258729 -0.165850
v -0.076098 1.280062 -0.166636
v -0.089310 1.303010 -0.169770
v -0.089886 1.308820 -0.169180
v -0.096843 1.114461 -0.152634
v -0.095168 1.136952 -0.150494
v -0.093627 1.157149 -0.152014
v -0.092536 1.174429 -0.154516
v -0.091719 1.192618 -0.156254
v -0.091312 1.209961 -0.158456
v -0.091032 1.228172 -0.161766
v -0.088538 1.244530 -0.164289
v -0.089594 1.259256 -0.165716
v -0.089254 1.282089 -0.167546
v -0.207879 1.201212 0.057490
v -0.206648 1.201108 0.060197
v -0.208954 1.140117 0.041474
v -0.210692 1.138421 0.038333
v -0.213215 1.106880 0.025970
v -0.214621 1.104781 0.022330
v -0.219533 1.085185 0.008913
v -0.226679 1.085619 -0.006553
v -0.230898 1.074120 -0.011646
v -0.223163 1.075599 0.001642
v -0.209306 1.221676 0.063439
v -0.205593 1.221884 0.066307
v -0.208117 1.242856 0.066747
v -0.204332 1.242535 0.068983
v -0.193892 1.202711 0.065839
v -0.198220 1.141554 0.049805
v -0.206162 1.106973 0.036290
v -0.212057 1.086694 0.020555
v -0.214962 1.076323 0.015435
v -0.191053 1.222205 0.070577
v -0.188344 1.242627 0.073507
v -0.175090 1.203498 0.073106
v -0.183007 1.142517 0.060801
v -0.191713 1.104306 0.047608
v -0.200785 1.083437 0.034616
v -0.203825 1.070832 0.031574
v -0.171463 1.222370 0.075876
v -0.170420 1.243207 0.077736
v -0.159956 1.203735 0.076643
v -0.166397 1.143881 0.067984
v -0.173377 1.100500 0.055853
v -0.184715 1.074017 0.049567
v -0.188887 1.061793 0.047292
v -0.158890 1.220695 0.079250
v -0.157073 1.241532 0.082040
v -0.145907 1.203362 0.079917
v -0.150058 1.145536 0.071528
v -0.151843 1.100283 0.064723
v -0.165434 1.067729 0.060196
v -0.170237 1.055775 0.059560
v -0.144047 1.221253 0.082252
v -0.143588 1.240384 0.083355
v -0.125045 1.203818 0.081169
v -0.128346 1.146280 0.075941
v -0.129354 1.103003 0.071599
v -0.141815 1.066633 0.069788
v -0.146839 1.052445 0.069893
v -0.125445 1.221698 0.083325
v -0.126169 1.238429 0.084903
v -0.106870 1.203311 0.082759
v -0.106625 1.145370 0.077226
v -0.109818 1.105877 0.074819
v -0.117912 1.068018 0.075220
v -0.121680 1.052404 0.075269
v -0.108341 1.220881 0.085964
v -0.110488 1.237768 0.086115
v -0.078322 1.289824 0.082076
v -0.236037 1.080977 -0.041259
v -0.235965 1.078484 -0.072296
v -0.227330 1.080356 -0.094666
v -0.215004 1.086674 -0.112604
v -0.198686 1.090894 -0.126492
v -0.180206 1.091338 -0.135696
v -0.162095 1.093024 -0.143896
v -0.142394 1.094264 -0.149977
v -0.120627 1.093510 -0.152841
v -0.232149 1.086116 -0.033025
v -0.236565 1.087771 -0.054397
v -0.236492 1.090831 -0.052807
v -0.233442 1.090490 -0.072265
v -0.233194 1.096746 -0.070871
v -0.225831 1.095050 -0.091742
v -0.225004 1.102154 -0.091375
v -0.213018 1.104378 -0.111177
v -0.213163 1.113655 -0.108324
v -0.201095 1.124626 -0.121125
v -0.202429 1.131182 -0.118519
v -0.189561 1.147294 -0.129160
v -0.194619 1.149693 -0.125913
v -0.181763 1.165329 -0.136647
v -0.188190 1.166786 -0.133824
v -0.174325 1.181884 -0.143462
v -0.180728 1.182402 -0.141549
v -0.163547 1.196775 -0.148953
v -0.171300 1.198254 -0.148653
v -0.153563 1.214108 -0.153513
v -0.159862 1.214862 -0.154537
v -0.145254 1.230570 -0.158994
v -0.151572 1.230312 -0.159925
v -0.179891 1.118183 -0.135820
v -0.175590 1.143715 -0.136833
v -0.170595 1.162857 -0.140794
v -0.164463 1.179413 -0.145096
v -0.153991 1.196020 -0.149894
v -0.146018 1.213208 -0.153079
v -0.139613 1.229753 -0.157598
v -0.157509 1.115422 -0.144196
v -0.149554 1.137315 -0.144858
v -0.143871 1.156859 -0.146130
v -0.139299 1.176186 -0.148798
v -0.136918 1.193932 -0.152241
v -0.133347 1.211191 -0.154454
v -0.129771 1.229360 -0.156481
v -0.137604 1.114626 -0.149863
v -0.131918 1.135443 -0.148684
v -0.126416 1.155453 -0.149325
v -0.124091 1.174976 -0.150587
v -0.121348 1.192391 -0.153358
v -0.119345 1.210229 -0.156895
v -0.117707 1.228057 -0.158094
v -0.118529 1.113985 -0.151580
v -0.114037 1.135173 -0.150659
v -0.108879 1.155877 -0.151642
v -0.108539 1.174118 -0.153617
v -0.107829 1.191595 -0.155416
v -0.108022 1.209268 -0.158374
v -0.104865 1.226982 -0.161031
v -0.073059 1.240695 0.080640
v -0.071061 1.220983 0.080224
v -0.068630 1.201905 0.079859
v -0.049641 1.052434 0.068962
v -0.052060 1.067098 0.070313
v -0.055739 1.105309 0.072950
v -0.058808 1.145411 0.075818
v -0.077618 1.300693 0.078707
v -0.097363 1.239546 0.083963
v -0.095880 1.220426 0.084662
v -0.094900 1.202050 0.081772
v -0.095353 1.066995 0.075493
v -0.091075 1.106395 0.075757
v -0.091181 1.145515 0.077575
v -0.097277 1.051897 0.074678
v -0.044985 1.025425 0.067407
v -0.070500 1.023945 0.069974
v -0.097731 1.023945 0.072590
v -0.124741 1.026076 0.073699
v -0.152588 1.028093 0.068466
v -0.177248 1.032508 0.058114
v -0.196111 1.037192 0.046324
v -0.209389 1.042197 0.030241
v -0.220888 1.041453 0.014134
v -0.237485 1.042062 -0.042899
v -0.142721 1.232969 0.082094
v -0.031670 1.229175 0.081415
v -0.019384 1.229061 0.079999
v -0.020047 1.235048 0.080974
v -0.029813 1.234923 0.081556
v -0.144089 1.227664 0.081984
v -0.085600 1.233589 0.081150
v -0.047424 1.234169 0.083933
v -0.059885 1.234086 0.082880
v -0.154363 1.233568 0.081191
v -0.154120 1.227716 0.080354
v -0.126187 1.233073 0.084389
v -0.109678 1.232370 0.085906
v -0.084931 1.226795 0.081048
v -0.072394 1.234520 0.080829
v -0.097326 1.233134 0.084526
v -0.046322 1.228894 0.083687
v -0.058916 1.228285 0.082259
v -0.126122 1.228564 0.083502
v -0.109197 1.227292 0.084987
v -0.071248 1.228181 0.080593
v -0.096758 1.227830 0.084219
v -0.083716 0.954588 0.071974
v -0.073491 0.955270 0.071354
v -0.084979 0.869831 0.068564
v -0.078250 0.870010 0.067653
v -0.230888 1.030098 -0.105431
v 0.056646 1.021061 -0.103473
v 0.075094 1.019902 -0.042234
v -0.231642 1.035921 0.001104
v -0.162966 1.038091 -0.147288
v -0.238664 1.028289 -0.011107
v -0.009302 1.034493 -0.156078
v 0.075208 1.030016 -0.032424
v -0.201633 1.035796 -0.134062
v -0.216638 1.033066 -0.122397
v -0.044251 1.018061 0.068527
v -0.027659 1.036034 -0.157298
v -0.048902 1.038433 -0.157577
v -0.073049 1.039860 -0.158870
v -0.241570 1.028309 -0.078335
v -0.117831 1.040119 -0.157639
v -0.183497 1.037275 -0.141673
v -0.140146 1.038599 -0.152366
v 0.007683 1.030956 -0.151300
v 0.023006 1.026510 -0.142014
v 0.067390 1.027482 -0.017096
v -0.094708 1.039612 -0.159904
v 0.039645 1.022301 -0.128364
v 0.058166 1.026044 0.003289
v 0.046263 1.023511 0.022222
v 0.029749 1.022570 0.038337
v 0.007215 1.020874 0.054200
v -0.019255 1.019271 0.065226
v 0.063936 1.021743 -0.072829
v -0.069156 1.016375 0.070951
v -0.097693 1.016118 0.073333
v -0.126900 1.018227 0.073288
v -0.153380 1.020946 0.067911
v -0.177974 1.024276 0.057936
v -0.197382 1.028329 0.047068
v -0.213080 1.031092 0.031783
v -0.223121 1.032632 0.015745
v -0.239171 1.028082 -0.043179
v 0.047266 1.173084 0.037120
v 0.043316 1.173932 0.040848
v 0.029252 1.173343 0.049813
v 0.013968 1.174604 0.058411
v -0.003983 1.174336 0.066903
v -0.020566 1.175256 0.072554
v -0.037354 1.175080 0.076318
v -0.050653 1.174273 0.077222
v -0.077654 1.175266 0.078051
v -0.208406 1.171005 0.052114
v -0.207289 1.171399 0.054909
v -0.198065 1.173023 0.063332
v -0.180953 1.174149 0.068016
v -0.164324 1.175411 0.073104
v -0.149469 1.176124 0.076685
v -0.126146 1.174563 0.077552
v -0.107508 1.175835 0.078570
v -0.063918 1.174077 0.077656
v -0.092924 1.175193 0.078379
v 0.035695 1.274912 0.069649
v 0.039417 1.275864 0.067143
v 0.015044 1.270125 0.073407
v -0.001478 1.268388 0.077986
v -0.017923 1.269380 0.081226
v -0.033525 1.269225 0.085720
v -0.051626 1.266598 0.084994
v -0.064723 1.267053 0.085958
v -0.086944 1.268750 0.081309
v -0.075077 1.269349 0.083727
v -0.079608 0.849047 0.064799
v -0.085822 0.848496 0.066194
v -0.122670 1.310713 -0.176491
v -0.110892 1.311159 -0.172986
v -0.136475 1.308190 -0.179666
v -0.104128 1.311293 -0.171145
v -0.146925 1.248802 -0.166833
v -0.200268 1.304146 0.073184
v -0.142573 1.306071 -0.181176
v -0.145584 1.282896 -0.178973
v -0.207982 1.298087 0.071966
v -0.206607 1.296122 0.073195
v -0.197318 1.301810 0.074387
v -0.185619 1.300548 0.077022
v -0.165640 1.301231 0.078805
v -0.125355 1.300827 0.081698
v -0.113172 1.301862 0.082871
v -0.186733 1.292761 0.077130
v -0.173833 1.292068 0.078879
v -0.160040 1.291458 0.081472
v -0.146091 1.291313 0.083420
v -0.123772 1.292492 0.084308
v -0.112228 1.292461 0.086871
v -0.173603 1.300837 0.077904
v -0.147055 1.300465 0.080711
v -0.142831 1.245564 -0.165095
v -0.141817 1.260383 -0.170028
v -0.146462 1.261511 -0.171476
v -0.142121 1.283693 -0.178549
v -0.142921 1.302409 -0.181589
v -0.140475 1.297912 -0.181041
v -0.133901 1.299173 -0.179594
v -0.135890 1.304798 -0.179831
v -0.124116 1.300921 -0.176957
v -0.122397 1.308066 -0.176626
v -0.111471 1.301085 -0.173161
v -0.111981 1.308035 -0.173534
v -0.102500 1.301768 -0.170938
v -0.102008 1.308624 -0.171021
v -0.136640 1.245441 -0.163668
v -0.135567 1.260425 -0.168860
v -0.134209 1.278904 -0.174940
v -0.127426 1.244830 -0.160959
v -0.125808 1.259907 -0.166667
v -0.125174 1.279535 -0.172861
v -0.113947 1.243982 -0.160266
v -0.115695 1.258812 -0.163410
v -0.113959 1.279484 -0.169418
v -0.100881 1.243600 -0.163730
v -0.100851 1.258791 -0.165147
v -0.100659 1.280972 -0.167670
v -0.097399 1.290259 0.084210
v -0.099313 1.301106 0.079823
v -0.211912 1.275109 0.070107
v -0.214497 1.276143 0.067959
v -0.191188 1.270682 0.074517
v -0.174998 1.269101 0.078726
v -0.158920 1.269359 0.081358
v -0.143000 1.269597 0.084919
v -0.124432 1.266774 0.086085
v -0.110997 1.267012 0.086436
v -0.099507 1.268821 0.084845
v -0.020062 1.361736 0.058333
v -0.019007 1.351178 0.062306
v -0.020529 1.366978 0.056606
v -0.020058 1.360557 0.058713
v -0.020754 1.370061 0.055625
v -0.017586 1.349937 0.062545
v -0.014160 1.349296 0.062615
v -0.008788 1.344312 0.063776
v -0.007027 1.340600 0.064654
v -0.005550 1.336017 0.065542
v -0.007112 1.329555 0.065665
v -0.007434 1.324364 0.068107
v -0.008662 1.322740 0.068911
v -0.010811 1.321654 0.069576
v -0.013603 1.321148 0.069995
v -0.017201 1.320661 0.070452
v -0.018649 1.319762 0.070979
v -0.019294 1.317818 0.071934
v -0.018721 1.315739 0.072802
v -0.017072 1.314395 0.073155
v -0.013613 1.313940 0.073354
v -0.010713 1.313061 0.073718
v -0.007810 1.313236 0.074222
v -0.019996 1.370867 0.055376
v -0.018504 1.371230 0.055163
v -0.014111 1.371489 0.055030
v -0.018457 1.350485 0.062409
v -0.012059 1.348530 0.062536
v -0.013879 1.369182 0.055918
v -0.017879 1.369141 0.055767
v -0.018952 1.367755 0.056255
v -0.018953 1.366431 0.056670
v -0.018159 1.364456 0.057203
v -0.013482 1.364405 0.057152
v -0.018672 1.368623 0.055969
v -0.015245 1.361550 0.058111
v -0.020248 1.364518 0.057352
v -0.018677 1.365542 0.056918
v -0.015118 1.360402 0.058372
v -0.014244 1.351199 0.061903
v -0.014194 1.350113 0.062308
v -0.011378 1.319162 0.070560
v -0.015312 1.319203 0.070970
v -0.015987 1.318945 0.071187
v -0.015814 1.317373 0.071716
v -0.015302 1.316587 0.072027
v -0.011511 1.316256 0.072118
v -0.013451 1.316494 0.072011
v -0.009393 1.319017 0.070501
v -0.009462 1.316131 0.072009
v -0.007005 1.345377 0.065671
v -0.005373 1.342026 0.066440
v -0.003506 1.336824 0.067667
v -0.004121 1.329907 0.064962
v -0.003996 1.324870 0.067542
v -0.004415 1.323568 0.068057
v -0.009162 1.349026 0.064644
v -0.003138 1.346308 0.064253
v -0.002218 1.342626 0.065429
v -0.001420 1.337921 0.066359
v -0.000669 1.330196 0.064249
v 0.000404 1.325779 0.066334
v -0.000130 1.324291 0.066470
v -0.003606 1.350206 0.063168
v -0.012450 1.371922 0.056099
v -0.012448 1.369213 0.056570
v -0.012165 1.364425 0.057126
v -0.013675 1.361416 0.057979
v -0.013644 1.360444 0.058317
v -0.012992 1.351157 0.061737
v -0.012985 1.349782 0.062192
v -0.011277 1.373907 0.054748
v -0.011424 1.369771 0.056169
v -0.011027 1.365418 0.056498
v -0.010357 1.361664 0.057590
v -0.010320 1.360796 0.057885
v -0.009779 1.351613 0.061357
v -0.009702 1.350154 0.061880
v -0.007633 1.375303 0.053325
v -0.005892 1.371643 0.053585
v -0.005247 1.366637 0.054662
v -0.005099 1.363278 0.055712
v -0.005099 1.362419 0.056004
v -0.004543 1.353319 0.059316
v -0.004430 1.351881 0.059823
v -0.007220 1.319079 0.070317
v -0.007203 1.316422 0.072588
v -0.005191 1.313392 0.074354
v -0.004609 1.319162 0.069936
v -0.004389 1.316670 0.072543
v -0.000430 1.314044 0.073515
v -0.000048 1.319866 0.068800
v 0.000464 1.317198 0.071675
v -0.021093 1.359730 0.054663
v -0.020135 1.349296 0.058399
v -0.021475 1.365335 0.052779
v -0.021056 1.359037 0.054861
v -0.021614 1.368768 0.051814
v -0.018443 1.347703 0.058768
v -0.014140 1.346876 0.058780
v -0.010229 1.342077 0.060284
v -0.008557 1.338780 0.061160
v -0.007259 1.334167 0.062355
v -0.007936 1.328572 0.064574
v -0.008569 1.323734 0.066744
v -0.009502 1.322585 0.067318
v -0.011233 1.321830 0.067774
v -0.013825 1.321147 0.068208
v -0.017800 1.320413 0.068855
v -0.019440 1.319162 0.069586
v -0.020092 1.317218 0.070494
v -0.019611 1.314684 0.071488
v -0.017622 1.313082 0.071928
v -0.013986 1.312348 0.072159
v -0.010754 1.312006 0.072261
v -0.020414 1.369947 0.051289
v -0.019005 1.370650 0.050979
v -0.014460 1.371085 0.050565
v -0.019527 1.348303 0.058626
v -0.012931 1.346318 0.058889
v -0.014381 1.366762 0.051945
v -0.017830 1.366670 0.052069
v -0.018664 1.365893 0.052333
v -0.018542 1.364643 0.052742
v -0.017805 1.363411 0.053082
v -0.014013 1.363308 0.053127
v -0.018459 1.366617 0.052085
v -0.021239 1.362782 0.053591
v -0.018392 1.363950 0.052958
v -0.011923 1.317776 0.069461
v -0.014958 1.317952 0.069654
v -0.015521 1.317807 0.069815
v -0.015163 1.316970 0.069972
v -0.014735 1.316484 0.070164
v -0.012075 1.316432 0.070119
v -0.013354 1.316432 0.070114
v -0.012817 1.371757 0.049929
v 0.006029 1.308594 0.072791
v -0.004118 1.308014 0.073292
v -0.008379 1.308355 0.072961
v -0.019791 1.357992 0.059593
v -0.015094 1.358076 0.059330
v -0.013647 1.358562 0.060313
v -0.010405 1.358985 0.059876
v -0.005340 1.360734 0.057800
v -0.020867 1.356452 0.055652
v -0.019298 1.353577 0.061341
v -0.014649 1.353629 0.060956
v -0.013225 1.354063 0.061947
v -0.009978 1.354476 0.061566
v -0.004794 1.356183 0.059536
v -0.020402 1.351819 0.057444
v -0.006016 1.333897 0.063833
v -0.003821 1.333919 0.063536
v -0.001457 1.334881 0.062372
v -0.007448 1.332885 0.062893
v 0.016481 1.367020 0.050750
v 0.017846 1.356266 0.055270
v 0.016553 1.372398 0.048869
v 0.016522 1.365810 0.051161
v 0.015809 1.375387 0.047790
v 0.017019 1.354653 0.055836
v 0.014671 1.354043 0.055980
v 0.011393 1.349141 0.057418
v 0.010990 1.344704 0.059097
v 0.010659 1.339317 0.060944
v 0.013648 1.333070 0.060995
v 0.016471 1.327766 0.063541
v 0.017836 1.325884 0.064459
v 0.019697 1.324664 0.065120
v 0.021941 1.324198 0.064871
v 0.024661 1.323919 0.065380
v 0.026015 1.322875 0.065924
v 0.027070 1.320445 0.067186
v 0.027205 1.318056 0.068204
v 0.026636 1.316577 0.068947
v 0.024164 1.315801 0.069444
v 0.022045 1.314695 0.070082
v 0.019697 1.314581 0.071069
v 0.015530 1.376245 0.047556
v 0.014547 1.376544 0.047529
v 0.012458 1.377103 0.047392
v 0.017525 1.355232 0.055658
v 0.012975 1.353163 0.056112
v 0.010432 1.375387 0.048076
v 0.013947 1.374435 0.048287
v 0.015406 1.373163 0.048634
v 0.015468 1.371819 0.049093
v 0.015013 1.369812 0.049781
v 0.010618 1.370381 0.049734
v 0.014475 1.373948 0.048407
v 0.013017 1.366680 0.050958
v 0.016491 1.369947 0.049721
v 0.015323 1.370919 0.049408
v 0.013079 1.365521 0.051345
v 0.014216 1.355966 0.055185
v 0.014475 1.354869 0.055625
v 0.020762 1.321788 0.066211
v 0.023616 1.322130 0.066299
v 0.024237 1.321819 0.066414
v 0.025261 1.319679 0.067681
v 0.025033 1.318686 0.068102
v 0.021993 1.318056 0.068481
v 0.023627 1.318366 0.068247
v 0.019304 1.321426 0.066498
v 0.020390 1.317869 0.068606
v 0.009935 1.349730 0.059766
v 0.009521 1.345315 0.061596
v 0.009113 1.339648 0.063674
v 0.010607 1.333174 0.060732
v 0.013131 1.327910 0.063273
v 0.014030 1.326369 0.064005
v 0.010462 1.354114 0.058122
v 0.005958 1.348790 0.060936
v 0.006567 1.344467 0.062771
v 0.006832 1.339214 0.064302
v 0.007397 1.332201 0.061694
v 0.008649 1.327363 0.063848
v 0.009262 1.325553 0.064745
v 0.005772 1.352626 0.059636
v 0.009987 1.378654 0.047872
v 0.009646 1.375170 0.048861
v 0.009863 1.370412 0.049664
v 0.011838 1.366576 0.051001
v 0.011890 1.365542 0.051363
v 0.013068 1.355873 0.055175
v 0.013492 1.354435 0.055720
v 0.008956 1.379265 0.047843
v 0.008739 1.375138 0.048956
v 0.008614 1.370547 0.049615
v 0.008621 1.367062 0.050828
v 0.008648 1.366162 0.051140
v 0.009842 1.356897 0.054601
v 0.010225 1.355356 0.055210
v 0.006008 1.379171 0.048109
v 0.003908 1.374311 0.050163
v 0.003874 1.369802 0.050829
v 0.003781 1.366287 0.051971
v 0.003846 1.365366 0.052285
v 0.004926 1.355522 0.056030
v 0.005263 1.354001 0.056585
v 0.017567 1.321313 0.066603
v 0.018487 1.318077 0.069354
v 0.017649 1.314560 0.071470
v 0.015178 1.321107 0.066669
v 0.015943 1.318324 0.069494
v 0.012800 1.314416 0.071551
v 0.010183 1.321075 0.066842
v 0.011186 1.318738 0.069298
v 0.001203 1.348241 0.062288
v 0.002221 1.343557 0.064125
v 0.002959 1.338324 0.065751
v 0.003314 1.331489 0.062869
v 0.004618 1.326535 0.065210
v 0.004528 1.325026 0.065584
v 0.000534 1.352305 0.060814
v -0.001059 1.377476 0.051173
v -0.000854 1.373267 0.052073
v -0.000686 1.368985 0.052669
v -0.000202 1.364580 0.054210
v -0.000812 1.364331 0.054009
v 0.000580 1.354261 0.058010
v 0.000883 1.352708 0.058614
v 0.006345 1.314332 0.072409
v 0.005597 1.319906 0.068197
v 0.005534 1.318427 0.070242
v 0.016967 1.365293 0.046765
v 0.018239 1.354798 0.051064
v 0.016822 1.370661 0.044835
v 0.017422 1.364021 0.047450
v 0.016936 1.374218 0.043646
v 0.017319 1.352719 0.051792
v 0.014320 1.351892 0.051878
v 0.012748 1.346680 0.053906
v 0.012200 1.342957 0.055277
v 0.012407 1.337786 0.057343
v 0.014547 1.332316 0.059626
v 0.017236 1.327187 0.062097
v 0.018239 1.325905 0.062695
v 0.019728 1.325057 0.063179
v 0.021796 1.324384 0.063518
v 0.024919 1.323898 0.063650
v 0.026481 1.322410 0.064388
v 0.027515 1.319969 0.065593
v 0.027908 1.317114 0.066854
v 0.027163 1.315336 0.067745
v 0.024495 1.314446 0.068284
v 0.022096 1.313629 0.069606
v 0.015757 1.375603 0.043326
v 0.014847 1.376224 0.043215
v 0.012624 1.376731 0.043119
v 0.017960 1.353349 0.051605
v 0.013555 1.351220 0.052089
v 0.010607 1.372894 0.044191
v 0.013679 1.372388 0.044319
v 0.014216 1.371488 0.044610
v 0.014878 1.370216 0.045081
v 0.014423 1.368975 0.045560
v 0.010876 1.369182 0.045752
v 0.014061 1.372201 0.044358
v 0.016926 1.368417 0.045664
v 0.014806 1.369513 0.045338
v 0.021248 1.320526 0.065031
v 0.023410 1.320951 0.065009
v 0.023937 1.320744 0.065102
v 0.024640 1.319369 0.066023
v 0.024413 1.318645 0.066324
v 0.022055 1.318438 0.066532
v 0.023234 1.318468 0.066443
v 0.010432 1.378147 0.042714
v 0.014506 1.308521 0.072623
v 0.022076 1.309246 0.072437
v 0.016698 1.362853 0.052272
v 0.013162 1.363112 0.052271
v 0.012076 1.363443 0.053393
v 0.008816 1.364094 0.053178
v 0.004028 1.363163 0.054369
v -0.000586 1.362098 0.056141
v 0.017153 1.361581 0.048170
v 0.021072 1.311830 0.071155
v 0.017205 1.358696 0.054009
v 0.013761 1.358386 0.054082
v 0.012386 1.359109 0.054888
v 0.009387 1.359916 0.054638
v 0.004581 1.358541 0.056169
v 0.000143 1.357321 0.058072
v 0.017670 1.357269 0.049911
v -0.008934 1.310641 0.073793
v 0.011207 1.337227 0.059215
v 0.009178 1.336948 0.059279
v 0.006853 1.336132 0.060356
v 0.003022 1.334838 0.061975
v 0.012831 1.336328 0.057959
v -0.248540 0.994060 -0.019202
v -0.248985 0.988837 -0.019214
v -0.247744 0.994421 -0.014920
v -0.247464 0.999251 -0.019220
v -0.248922 0.993595 -0.023636
v -0.249533 0.988817 -0.023290
v -0.248416 0.989550 -0.015152
v -0.247123 0.999272 -0.015140
v -0.248136 0.998527 -0.023243
v -0.249553 0.985249 -0.015725
v -0.250112 0.984370 -0.019068
v -0.250525 0.984618 -0.022442
v -0.246430 1.003232 -0.015846
v -0.246627 1.003428 -0.019163
v -0.247257 1.002518 -0.022426
v -0.249315 0.997689 -0.027620
v -0.250081 0.993222 -0.029016
v -0.250546 0.988816 -0.027988
v -0.247981 0.990368 -0.010257
v -0.247299 0.995105 -0.009221
v -0.246730 0.999426 -0.010356
v -0.248840 0.987204 -0.012723
v -0.250711 0.986014 -0.025499
v -0.246430 1.001991 -0.012852
v -0.248302 1.000657 -0.025185
v -0.245386 0.987927 -0.020188
v -0.244052 0.993532 -0.015789
v -0.244010 0.998382 -0.020112
v -0.245427 0.992725 -0.024590
v -0.246037 0.987948 -0.024278
v -0.244662 0.988620 -0.016068
v -0.243514 0.998404 -0.015996
v -0.244683 0.997648 -0.024176
v -0.247123 0.984680 -0.016338
v -0.247764 0.983801 -0.019699
v -0.248250 0.984060 -0.023086
v -0.244238 1.002715 -0.016397
v -0.244445 1.002922 -0.019733
v -0.245055 1.002011 -0.023012
v -0.247102 0.997162 -0.028235
v -0.247837 0.992705 -0.029640
v -0.248333 0.988299 -0.028631
v -0.245406 0.989748 -0.010893
v -0.244765 0.994484 -0.009800
v -0.244393 0.998878 -0.010926
v -0.246368 0.986645 -0.013321
v -0.248478 0.985487 -0.026152
v -0.244186 1.001464 -0.013399
v -0.246099 1.000140 -0.025795
v 0.069169 1.036375 -0.016093
v 0.069313 1.031018 -0.016519
v 0.071010 1.036138 -0.020133
v 0.068466 1.041628 -0.015749
v 0.066842 1.036262 -0.012330
v 0.067380 1.031442 -0.012838
v 0.071371 1.031360 -0.020098
v 0.070534 1.041122 -0.019381
v 0.066459 1.041277 -0.012162
v 0.071371 1.026840 -0.019691
v 0.069872 1.026448 -0.016681
v 0.068279 1.027016 -0.013596
v 0.069738 1.045155 -0.018438
v 0.067980 1.045848 -0.015418
v 0.066449 1.045186 -0.012539
v 0.064619 1.041225 -0.007999
v 0.064350 1.036933 -0.007216
v 0.065177 1.032374 -0.008327
v 0.074122 1.031702 -0.024162
v 0.074184 1.036210 -0.024839
v 0.073264 1.040470 -0.023494
v 0.072912 1.028651 -0.022228
v 0.066615 1.029064 -0.010755
v 0.071475 1.043562 -0.021103
v 0.065374 1.043800 -0.010057
v 0.065880 1.029963 -0.018262
v 0.067638 1.035072 -0.021967
v 0.065322 1.040522 -0.017455
v 0.063574 1.035342 -0.013946
v 0.064050 1.030501 -0.014468
v 0.067897 1.030243 -0.021992
v 0.067349 1.040015 -0.021176
v 0.063274 1.040305 -0.013815
v 0.069086 1.026168 -0.020888
v 0.067638 1.025775 -0.017811
v 0.066118 1.026407 -0.014644
v 0.067659 1.044627 -0.019461
v 0.065963 1.045217 -0.016499
v 0.064433 1.044617 -0.013586
v 0.062550 1.040667 -0.009036
v 0.062251 1.036386 -0.008246
v 0.063078 1.031815 -0.009346
v 0.071723 1.030935 -0.025442
v 0.071857 1.035413 -0.026124
v 0.071103 1.039829 -0.024656
v 0.070627 1.027958 -0.023467
v 0.064484 1.028485 -0.011775
v 0.069407 1.042932 -0.022226
v 0.063099 1.043282 -0.011080
v 0.082964 0.945074 -0.013917
v 0.082829 0.941724 -0.013976
v 0.083646 0.944919 -0.016641
v 0.082757 0.948425 -0.013927
v 0.082064 0.945188 -0.011236
v 0.082230 0.941858 -0.011533
v 0.083595 0.941827 -0.016490
v 0.083532 0.948073 -0.016424
v 0.082085 0.948311 -0.011414
v 0.083574 0.939014 -0.016048
v 0.083026 0.938590 -0.014039
v 0.082488 0.938983 -0.011952
v 0.083243 0.950710 -0.015995
v 0.082602 0.951113 -0.013972
v 0.082074 0.950824 -0.011931
v 0.081516 0.948176 -0.008561
v 0.081351 0.945405 -0.007757
v 0.081671 0.942168 -0.008509
v 0.084753 0.942013 -0.019400
v 0.085042 0.944929 -0.019838
v 0.084598 0.947690 -0.019281
v 0.084153 0.940038 -0.017905
v 0.082023 0.940131 -0.010050
v 0.083936 0.949603 -0.017801
v 0.081723 0.949903 -0.010132
v 0.080565 0.941496 -0.014594
v 0.081371 0.944712 -0.017326
v 0.080616 0.948207 -0.014527
v 0.079893 0.944991 -0.011809
v 0.080027 0.941651 -0.012110
v 0.081268 0.941589 -0.017189
v 0.081361 0.947845 -0.017080
v 0.079934 0.948104 -0.011993
v 0.082054 0.938880 -0.016482
v 0.081547 0.938445 -0.014440
v 0.081051 0.938849 -0.012320
v 0.081878 0.950596 -0.016386
v 0.081247 0.951010 -0.014348
v 0.080709 0.950720 -0.012301
v 0.080130 0.948063 -0.008921
v 0.079955 0.945291 -0.008116
v 0.080275 0.942054 -0.008865
v 0.083140 0.941837 -0.019861
v 0.083470 0.944743 -0.020336
v 0.083160 0.947576 -0.019706
v 0.082622 0.939914 -0.018363
v 0.080616 0.940007 -0.010401
v 0.082550 0.949479 -0.018209
v 0.080347 0.949790 -0.010491
v 0.026212 0.037066 -0.092871
v 0.047825 0.039776 -0.095210
v 0.057328 0.038948 -0.100292
v 0.066832 0.035856 -0.106360
v 0.003056 0.029548 -0.123142
v -0.003933 0.030841 -0.135634
v 0.060100 0.022090 -0.153896
v 0.009035 0.019528 -0.210958
v 0.027463 0.020349 -0.203306
v 0.043316 0.019401 -0.190038
v 0.051392 0.019888 -0.172344
v -0.014690 0.028049 -0.190317
v -0.010315 0.030707 -0.150835
v -0.014516 0.032010 -0.170318
v -0.008248 0.025908 -0.205829
v 0.011238 0.029538 -0.109033
v 0.067256 0.028669 -0.125137
v 0.037670 0.041068 -0.091982
v 0.062768 0.023230 -0.071738
v 0.068166 0.022992 -0.075087
v 0.073812 0.021834 -0.078747
v 0.078827 0.019890 -0.082708
v 0.083336 0.017077 -0.087000
v 0.087493 0.012103 -0.089910
v 0.086707 0.013447 -0.091217
v 0.045891 0.020789 -0.062616
v 0.044991 0.021927 -0.063853
v 0.061341 0.021400 -0.073029
v 0.066294 0.021286 -0.076177
v 0.071775 0.020376 -0.079691
v 0.076501 0.018659 -0.083331
v 0.080544 0.016260 -0.087042
v 0.083708 0.013034 -0.090795
v 0.044640 0.019869 -0.065592
v 0.085394 0.010490 -0.089371
v 0.046325 0.018359 -0.063864
v 0.041300 0.018701 -0.062006
v 0.040617 0.019735 -0.063368
v 0.040441 0.018194 -0.064994
v 0.041341 0.016684 -0.063416
v 0.079851 0.019869 -0.081798
v 0.084567 0.016994 -0.086262
v 0.088083 0.012796 -0.091258
v 0.040255 0.019486 -0.062185
v 0.039790 0.017377 -0.063695
v 0.085032 0.011213 -0.090984
v 0.054071 0.043902 -0.091774
v 0.059231 0.043540 -0.094899
v 0.053192 0.045236 -0.093079
v 0.058435 0.044977 -0.096360
v 0.064577 0.042320 -0.098243
v 0.063957 0.043829 -0.099916
v 0.069314 0.040158 -0.102154
v 0.068755 0.041813 -0.103857
v 0.073171 0.037190 -0.106386
v 0.072530 0.038680 -0.108124
v 0.076170 0.033437 -0.110836
v 0.075342 0.034853 -0.112273
v 0.047939 0.044367 -0.088973
v 0.047070 0.045691 -0.090284
v 0.041651 0.043023 -0.087346
v 0.040741 0.044191 -0.088822
v 0.036501 0.041058 -0.086553
v 0.035550 0.042185 -0.088122
v 0.051703 0.043457 -0.094350
v 0.056511 0.043343 -0.097440
v 0.061878 0.042423 -0.100860
v 0.066356 0.040603 -0.104474
v 0.069810 0.037945 -0.108196
v 0.072426 0.034522 -0.111891
v 0.046087 0.043716 -0.091948
v 0.040131 0.042040 -0.090692
v 0.035147 0.040096 -0.089968
v 0.053471 0.041378 -0.092579
v 0.058290 0.041037 -0.095392
v 0.063430 0.039838 -0.098593
v 0.067835 0.037831 -0.102328
v 0.071237 0.035298 -0.106258
v 0.074112 0.031834 -0.110257
v 0.047773 0.041771 -0.090040
v 0.041837 0.040510 -0.088520
v 0.036894 0.038659 -0.087679
v 0.031900 0.038638 -0.086535
v 0.031176 0.039683 -0.088207
v 0.030969 0.038297 -0.089674
v 0.031910 0.036756 -0.087747
v 0.053926 0.045225 -0.092130
v 0.059293 0.045019 -0.095347
v 0.064857 0.043850 -0.098839
v 0.069800 0.041740 -0.102879
v 0.073802 0.038576 -0.107325
v 0.076718 0.034161 -0.112253
v 0.047670 0.045691 -0.089240
v 0.041248 0.044284 -0.087649
v 0.035808 0.042237 -0.086861
v 0.030855 0.039424 -0.086890
v 0.030379 0.037449 -0.088244
v 0.073698 0.032620 -0.111973
v 0.057711 0.036477 -0.084639
v 0.062943 0.036136 -0.087804
v 0.056904 0.037821 -0.085893
v 0.062271 0.037583 -0.089231
v 0.068352 0.034915 -0.091200
v 0.067855 0.036425 -0.092850
v 0.072788 0.034481 -0.096763
v 0.077783 0.030138 -0.099340
v 0.077214 0.031637 -0.100993
v 0.081237 0.026570 -0.103796
v 0.080482 0.027987 -0.105156
v 0.051320 0.036859 -0.081878
v 0.050503 0.038183 -0.083106
v 0.044443 0.035918 -0.079476
v 0.043668 0.037190 -0.080771
v 0.039521 0.034047 -0.077931
v 0.038704 0.035360 -0.079181
v 0.055446 0.036032 -0.087155
v 0.060368 0.035929 -0.090299
v 0.065798 0.034998 -0.093781
v 0.070451 0.033271 -0.097380
v 0.074401 0.030851 -0.101041
v 0.077473 0.027604 -0.104745
v 0.049603 0.036353 -0.084560
v 0.043285 0.035277 -0.082225
v 0.038487 0.033416 -0.080740
v 0.057090 0.033933 -0.085471
v 0.061971 0.033612 -0.088316
v 0.067163 0.032413 -0.091560
v 0.075859 0.028235 -0.099230
v 0.079086 0.024916 -0.103230
v 0.051227 0.034357 -0.082835
v 0.044805 0.033571 -0.080423
v 0.040028 0.031741 -0.078942
v 0.035240 0.031441 -0.077717
v 0.034640 0.032764 -0.078971
v 0.034464 0.031585 -0.080269
v 0.035240 0.029724 -0.078818
v 0.057607 0.037821 -0.084963
v 0.063078 0.037604 -0.088233
v 0.068693 0.036446 -0.091782
v 0.073802 0.034409 -0.095830
v 0.078434 0.031524 -0.100235
v 0.081836 0.027294 -0.105171
v 0.051072 0.038173 -0.082139
v 0.044081 0.037190 -0.079772
v 0.038880 0.035308 -0.078099
v 0.034247 0.032361 -0.077856
v 0.033740 0.030551 -0.079079
v 0.078755 0.025712 -0.104883
v 0.060606 0.030448 -0.078937
v 0.065994 0.030210 -0.082288
v 0.071630 0.029052 -0.085938
v 0.076604 0.027108 -0.089881
v 0.081082 0.024274 -0.094146
v 0.085177 0.019269 -0.097014
v 0.084412 0.020634 -0.098338
v 0.054402 0.031027 -0.075840
v 0.048032 0.030386 -0.073021
v 0.042758 0.029145 -0.071023
v 0.059148 0.028628 -0.080211
v 0.064112 0.028535 -0.083364
v 0.069582 0.027615 -0.086869
v 0.074277 0.025888 -0.090495
v 0.078290 0.023468 -0.094187
v 0.081413 0.020241 -0.097917
v 0.053450 0.029093 -0.077386
v 0.047432 0.028307 -0.074706
v 0.042375 0.027098 -0.072739
v 0.083057 0.017625 -0.096464
v 0.038394 0.026963 -0.070510
v 0.038197 0.025433 -0.072122
v 0.061310 0.030458 -0.078027
v 0.066811 0.030272 -0.081308
v 0.085777 0.019972 -0.098371
v 0.054981 0.031027 -0.074893
v 0.048497 0.030417 -0.072013
v 0.038011 0.026694 -0.069314
v 0.037515 0.024585 -0.070802
v 0.082716 0.018390 -0.098087
v 0.000623 0.038773 -0.118002
v -0.014521 0.041823 -0.165964
v 0.065767 0.030645 -0.155933
v 0.042892 0.030531 -0.198094
v 0.035147 0.013923 -0.059611
v 0.060100 0.026425 -0.076487
v 0.080937 0.026549 -0.120753
v 0.022582 0.031503 -0.086355
v 0.052695 0.046704 -0.097934
v 0.077928 0.021524 -0.086055
v 0.070947 0.040706 -0.109709
v 0.045043 0.023664 -0.067730
v 0.035188 0.043240 -0.090655
v 0.043089 0.027646 -0.200162
v 0.012862 0.043333 -0.105777
v 0.001501 0.033364 -0.120194
v -0.012063 0.036994 -0.145334
v -0.012817 0.035970 -0.165002
v -0.014715 0.046735 -0.184009
v 0.052561 0.024647 -0.181445
v 0.062592 0.026177 -0.156564
v 0.068166 0.038752 -0.142397
v 0.031662 0.039279 -0.209945
v 0.039624 0.026653 -0.197008
v 0.041496 0.056528 -0.108940
v 0.027691 0.053219 -0.103447
v -0.008141 0.048793 -0.201217
v -0.000350 0.049755 -0.206708
v 0.059841 0.050675 -0.121187
v 0.015437 0.048235 -0.211237
v 0.031103 0.036312 -0.212695
v -0.017225 0.044760 -0.184371
v 0.085239 0.019187 -0.106460
v 0.029542 0.022847 -0.072946
v -0.002159 0.047831 -0.208404
v 0.056201 0.036508 -0.087192
v 0.074391 0.034533 -0.140153
v 0.013999 0.039424 -0.100087
v 0.046449 0.054470 -0.106151
v 0.014568 0.046177 -0.213833
v 0.074681 0.031162 -0.097410
v 0.064360 0.048648 -0.119502
v -0.010271 0.046973 -0.202147
v 0.040245 0.033540 -0.079010
v 0.031134 0.050851 -0.099341
v -0.009869 0.031234 -0.145944
v 0.048952 0.020115 -0.180741
v 0.031682 0.047686 -0.101685
v -0.009020 0.043106 -0.198363
v 0.060482 0.046053 -0.121808
v 0.013782 0.042423 -0.209448
v 0.046377 0.051368 -0.108688
v 0.013885 0.038163 -0.107352
v 0.066501 0.034202 -0.142852
v -0.001673 0.043757 -0.204764
v -0.013385 0.041678 -0.181052
v 0.030793 0.036198 -0.206956
v -0.153719 0.021745 0.042562
v -0.159866 0.021561 0.042254
v -0.153506 0.023085 0.041100
v -0.159847 0.023017 0.040703
v -0.166563 0.022017 0.040157
v -0.172863 0.020200 0.039048
v -0.178883 0.017457 0.037414
v -0.183954 0.012527 0.036842
v -0.183871 0.013850 0.035312
v -0.146803 0.022165 0.042306
v -0.146563 0.023537 0.040893
v -0.139685 0.022775 0.040384
v -0.134125 0.021478 0.039649
v -0.152868 0.021298 0.039298
v -0.158726 0.021327 0.038870
v -0.165225 0.020563 0.038370
v -0.171116 0.018946 0.037405
v -0.176446 0.016619 0.036059
v -0.181033 0.013416 0.034268
v -0.146494 0.021639 0.039085
v -0.140004 0.020749 0.038619
v -0.134645 0.019482 0.037959
v -0.153682 0.019233 0.041526
v -0.159359 0.019053 0.041333
v -0.181856 0.010893 0.036330
v -0.147264 0.019599 0.041264
v -0.130019 0.018142 0.039548
v -0.130053 0.019299 0.038018
v -0.130673 0.017819 0.036509
v -0.130733 0.016175 0.038335
v -0.153708 0.023075 0.042240
v -0.160111 0.023045 0.041955
v -0.185104 0.013209 0.035928
v -0.146634 0.023487 0.042001
v -0.129172 0.018982 0.038888
v -0.129490 0.016927 0.037349
v -0.182301 0.011606 0.034736
v -0.155290 0.044067 0.019244
v -0.161343 0.043746 0.018928
v -0.155233 0.045411 0.017691
v -0.161477 0.045205 0.017275
v -0.167643 0.042557 0.018508
v -0.168042 0.044088 0.016738
v -0.173672 0.040427 0.017304
v -0.173979 0.042061 0.015526
v -0.178971 0.037459 0.015419
v -0.179226 0.038938 0.013580
v -0.183742 0.033726 0.012933
v -0.183688 0.035143 0.011269
v -0.148629 0.044512 0.018837
v -0.148583 0.045835 0.017295
v -0.142439 0.043147 0.017364
v -0.142504 0.044336 0.015694
v -0.137550 0.041151 0.015666
v -0.137617 0.042299 0.013910
v -0.154544 0.043622 0.015885
v -0.160319 0.043560 0.015431
v -0.166685 0.042661 0.014934
v -0.172221 0.040851 0.013858
v -0.176861 0.038193 0.012231
v -0.180940 0.034791 0.010235
v -0.148522 0.043860 0.015377
v -0.142846 0.042185 0.013765
v -0.138126 0.040199 0.012097
v -0.155104 0.041534 0.018257
v -0.160697 0.041223 0.018056
v -0.166738 0.040055 0.017668
v -0.172396 0.038079 0.016468
v -0.177221 0.035556 0.014628
v -0.181663 0.032113 0.012485
v -0.148936 0.041895 0.017813
v -0.143083 0.040613 0.016397
v -0.138356 0.038731 0.014833
v -0.133477 0.038690 0.013533
v -0.133767 0.039755 0.011792
v -0.134251 0.038348 0.010391
v -0.133996 0.036777 0.012440
v -0.155387 0.045411 0.018867
v -0.161693 0.045236 0.018567
v -0.168251 0.044108 0.018107
v -0.174440 0.042009 0.016883
v -0.179965 0.038845 0.014882
v -0.184898 0.034450 0.011946
v -0.148571 0.045846 0.018484
v -0.142317 0.044419 0.016936
v -0.137180 0.042340 0.015111
v -0.132782 0.039476 0.012762
v -0.132931 0.037469 0.011310
v -0.182105 0.032888 0.010774
v -0.155074 0.036663 0.027275
v -0.161181 0.036363 0.026962
v -0.154950 0.038007 0.025782
v -0.161255 0.037800 0.025378
v -0.167557 0.035174 0.026533
v -0.167895 0.036673 0.024839
v -0.174102 0.034770 0.023732
v -0.179747 0.030469 0.023846
v -0.180017 0.031947 0.022112
v -0.184917 0.026911 0.021571
v -0.184888 0.028328 0.020009
v -0.148136 0.037014 0.026682
v -0.147991 0.038328 0.025206
v -0.141057 0.036042 0.025596
v -0.140979 0.037304 0.024083
v -0.135998 0.034129 0.024652
v -0.135887 0.035443 0.023170
v -0.154264 0.036197 0.023986
v -0.160096 0.036125 0.023547
v -0.166530 0.035246 0.023051
v -0.172338 0.033540 0.022088
v -0.177573 0.031141 0.020747
v -0.182050 0.027914 0.018953
v -0.147893 0.036477 0.023507
v -0.141338 0.035391 0.022629
v -0.136435 0.033488 0.021698
v -0.154935 0.034119 0.026262
v -0.160579 0.033829 0.026062
v -0.178011 0.028545 0.023043
v -0.182772 0.025246 0.021064
v -0.148524 0.034502 0.025809
v -0.141825 0.033685 0.024940
v -0.136935 0.031823 0.024012
v -0.132030 0.031461 0.022772
v -0.132097 0.032785 0.021383
v -0.132556 0.031606 0.020159
v -0.132563 0.029755 0.021812
v -0.155128 0.038007 0.026933
v -0.161495 0.037831 0.026640
v -0.168129 0.036714 0.026175
v -0.174558 0.034708 0.025036
v -0.180735 0.031844 0.023359
v -0.186094 0.027645 0.020640
v -0.148032 0.038317 0.026327
v -0.140868 0.037304 0.025156
v -0.135522 0.035391 0.024202
v -0.131216 0.032382 0.022175
v -0.131363 0.030572 0.020869
v -0.183252 0.026042 0.019444
v -0.155131 0.029331 0.035160
v -0.161275 0.029058 0.034850
v -0.154958 0.030646 0.033696
v -0.161300 0.030468 0.033297
v -0.167696 0.027904 0.034415
v -0.167993 0.029352 0.032751
v -0.174031 0.025867 0.033300
v -0.174258 0.027439 0.031641
v -0.179996 0.023199 0.031721
v -0.180236 0.024626 0.030015
v -0.185230 0.019652 0.029450
v -0.185173 0.021017 0.027914
v -0.148228 0.029825 0.034907
v -0.148036 0.031162 0.033492
v -0.141273 0.029200 0.034472
v -0.141139 0.030466 0.032986
v -0.135548 0.029171 0.032262
v -0.154292 0.028836 0.031897
v -0.160153 0.028783 0.031463
v -0.166635 0.027894 0.030967
v -0.172500 0.026198 0.030003
v -0.177794 0.023809 0.028659
v -0.182332 0.020603 0.026869
v -0.147935 0.029245 0.031687
v -0.141425 0.028399 0.031231
v -0.136030 0.027148 0.030575
v -0.155042 0.026808 0.034131
v -0.160720 0.026531 0.033936
v -0.166882 0.025401 0.033536
v -0.172871 0.023550 0.032453
v -0.178290 0.021306 0.030912
v -0.183113 0.017997 0.028941
v -0.148632 0.027222 0.033872
v -0.142010 0.026692 0.033501
v -0.131427 0.026971 0.030637
v -0.132025 0.025453 0.029130
v -0.155153 0.030661 0.034834
v -0.161551 0.030525 0.034545
v -0.168236 0.029414 0.034076
v -0.174721 0.027418 0.032931
v -0.180959 0.024564 0.031245
v -0.186392 0.020355 0.028534
v -0.148094 0.031148 0.034598
v -0.141062 0.030478 0.034089
v -0.135215 0.029160 0.033326
v -0.130528 0.026675 0.031511
v -0.130802 0.024577 0.029972
v -0.183572 0.018752 0.027344
v -0.122261 0.039165 -0.026216
v -0.125348 0.041327 -0.073557
v -0.196904 0.030717 -0.032863
v -0.192750 0.029134 -0.085042
v -0.187790 0.010934 0.034873
v -0.123486 0.013277 0.038769
v -0.153384 0.026548 0.035639
v -0.192674 0.026859 0.006485
v -0.124962 0.031420 0.009172
v -0.157345 0.046921 0.013206
v -0.173647 0.021864 0.035665
v -0.178573 0.040954 0.011418
v -0.135995 0.023473 0.036249
v -0.138672 0.043395 0.011579
v -0.198892 0.027842 -0.032043
v -0.123265 0.039631 -0.074104
v -0.126811 0.043519 -0.011400
v -0.123969 0.033736 -0.027722
v -0.121514 0.037242 -0.053723
v -0.127437 0.035474 -0.073150
v -0.128991 0.045339 -0.090374
v -0.196262 0.024202 -0.063122
v -0.193825 0.026291 -0.034165
v -0.193998 0.039000 -0.020409
v -0.182267 0.036529 -0.103566
v -0.190139 0.025618 -0.083832
v -0.160456 0.057924 -0.001389
v -0.140887 0.053912 -0.002101
v -0.138175 0.046259 -0.105349
v -0.146602 0.046787 -0.109110
v -0.180707 0.051585 -0.005870
v -0.163137 0.044739 -0.110339
v -0.183752 0.033767 -0.105524
v -0.127120 0.043415 -0.091721
v -0.189753 0.019559 0.021157
v -0.124802 0.022847 0.024323
v -0.146045 0.044915 -0.111270
v -0.154953 0.036683 0.024313
v -0.196035 0.034760 -0.013745
v -0.124714 0.039507 -0.006224
v -0.159485 0.055256 0.003274
v -0.163867 0.042733 -0.112863
v -0.176095 0.031461 0.024075
v -0.180711 0.049248 -0.001200
v -0.136989 0.044491 -0.106947
v -0.137161 0.033633 0.024050
v -0.139852 0.051109 0.002254
v -0.119308 0.035401 -0.053458
v -0.123778 0.031275 -0.054667
v -0.192669 0.019686 -0.063542
v -0.141359 0.047924 0.000413
v -0.138767 0.040996 -0.103242
v -0.178130 0.046590 -0.004921
v -0.163410 0.039496 -0.108275
v -0.159035 0.051885 0.000914
v -0.128305 0.038307 -0.012417
v -0.191111 0.034377 -0.020341
v -0.147180 0.041202 -0.107585
v -0.130627 0.040510 -0.087788
v -0.181875 0.033902 -0.099906
v -0.070275 1.637543 0.071354
v -0.074543 1.635775 0.070998
v -0.072033 1.643075 0.076637
v -0.077373 1.641110 0.077257
v -0.066984 1.638959 0.072025
v -0.067437 1.644399 0.076531
v -0.060220 1.640924 0.072728
v -0.061893 1.645278 0.076661
v -0.054509 1.642300 0.073077
v -0.054260 1.646550 0.075047
v -0.048728 1.643458 0.072096
v -0.048152 1.647439 0.072554
v -0.043466 1.644409 0.069615
v -0.042535 1.647625 0.069064
v -0.039002 1.644968 0.066137
v -0.038416 1.647635 0.065173
v -0.035054 1.645299 0.060533
v -0.034528 1.647419 0.059736
v -0.032648 1.644854 0.057088
v -0.032042 1.646260 0.055693
v -0.030023 1.643799 0.051497
v -0.029806 1.644833 0.051080
v -0.077824 1.634585 0.071530
v -0.079987 1.638619 0.075930
v -0.070812 1.636964 0.075637
v -0.075485 1.635950 0.074558
v -0.067015 1.638505 0.075189
v -0.060619 1.640511 0.075176
v -0.054363 1.642372 0.074693
v -0.048533 1.644027 0.072988
v -0.043017 1.645030 0.070346
v -0.038462 1.645443 0.066878
v -0.034347 1.645743 0.061935
v -0.031920 1.645237 0.058338
v -0.029778 1.644047 0.053015
v -0.077828 1.635247 0.074646
v -0.071679 1.642124 0.078943
v -0.067147 1.643117 0.078704
v -0.061207 1.644016 0.078326
v -0.054508 1.645309 0.076861
v -0.048307 1.646364 0.073757
v -0.042669 1.646891 0.070047
v -0.038243 1.646933 0.066072
v -0.034353 1.646933 0.060874
v -0.032037 1.646012 0.056899
v -0.029831 1.644647 0.052150
v -0.076910 1.640635 0.077975
v -0.079004 1.638350 0.076415
v -0.070937 1.639187 0.077944
v -0.067344 1.640676 0.077947
v -0.061041 1.642062 0.077275
v -0.054443 1.643530 0.076665
v -0.048336 1.644957 0.073826
v -0.042625 1.646064 0.070844
v -0.038101 1.646405 0.066466
v -0.034280 1.646343 0.061398
v -0.032101 1.645568 0.057712
v -0.029699 1.644285 0.052617
v -0.075821 1.637605 0.077313
v -0.078642 1.636736 0.075392
v -0.079676 1.635785 0.074046
v -0.029515 1.644254 0.050469
v -0.107622 1.637471 0.071358
v -0.103348 1.635723 0.071001
v -0.105882 1.643013 0.076641
v -0.100535 1.641069 0.077260
v -0.110919 1.638877 0.072029
v -0.110483 1.644327 0.076536
v -0.117689 1.640821 0.072735
v -0.116030 1.645175 0.076667
v -0.123404 1.642186 0.073084
v -0.123667 1.646426 0.075055
v -0.129189 1.643313 0.072104
v -0.129780 1.647295 0.072562
v -0.134455 1.644254 0.069625
v -0.135398 1.647460 0.069074
v -0.138922 1.644792 0.066148
v -0.139518 1.647460 0.065185
v -0.142873 1.645113 0.060546
v -0.143406 1.647233 0.059748
v -0.145277 1.644647 0.057099
v -0.145888 1.646064 0.055705
v -0.147901 1.643592 0.051511
v -0.148121 1.644627 0.051093
v -0.100063 1.634544 0.071532
v -0.097913 1.638588 0.075931
v -0.107082 1.636902 0.075640
v -0.102406 1.635909 0.074561
v -0.110885 1.638422 0.075194
v -0.117288 1.640407 0.075182
v -0.123550 1.642259 0.074700
v -0.129386 1.643893 0.072997
v -0.134906 1.644875 0.070356
v -0.139463 1.645268 0.066890
v -0.143580 1.645557 0.061948
v -0.146006 1.645040 0.058350
v -0.148146 1.643841 0.053029
v -0.100060 1.635206 0.074649
v -0.106232 1.642073 0.078948
v -0.110768 1.643034 0.078709
v -0.116712 1.643923 0.078332
v -0.123415 1.645185 0.076869
v -0.129621 1.646229 0.073767
v -0.135262 1.646726 0.070057
v -0.139688 1.646756 0.066083
v -0.143580 1.646736 0.060886
v -0.145893 1.645816 0.056912
v -0.148095 1.644440 0.052162
v -0.100997 1.640593 0.077979
v -0.098895 1.638319 0.076417
v -0.106964 1.639125 0.077949
v -0.110563 1.640604 0.077952
v -0.116871 1.641969 0.077282
v -0.123474 1.643417 0.076673
v -0.129587 1.644813 0.073835
v -0.135301 1.645898 0.070855
v -0.139828 1.646219 0.066477
v -0.143649 1.646157 0.061410
v -0.145826 1.645371 0.057725
v -0.148225 1.644078 0.052630
v -0.102075 1.637553 0.077316
v -0.099251 1.636695 0.075394
v -0.098214 1.635754 0.074048
v -0.148409 1.644047 0.050483
v -0.073544 1.627377 0.047404
v -0.073893 1.626416 0.053701
v -0.072116 1.626271 0.059922
v -0.068197 1.627130 0.064918
v -0.062936 1.628815 0.068137
v -0.059964 1.629839 0.068779
v -0.065301 1.619446 0.045832
v -0.065099 1.617750 0.052050
v -0.063925 1.618360 0.058362
v -0.061996 1.621121 0.063762
v -0.059483 1.625537 0.067396
v -0.058305 1.628205 0.068543
v -0.053741 1.619477 0.044548
v -0.052486 1.617874 0.050689
v -0.052286 1.618371 0.057066
v -0.053279 1.621121 0.062714
v -0.054725 1.625537 0.066924
v -0.055807 1.628205 0.068217
v -0.045392 1.627502 0.044264
v -0.043546 1.626457 0.050394
v -0.044147 1.626323 0.056770
v -0.046725 1.627171 0.062575
v -0.051338 1.628825 0.066854
v -0.054061 1.629849 0.068125
v -0.045333 1.638629 0.045288
v -0.043410 1.638505 0.051507
v -0.043918 1.637440 0.057807
v -0.046645 1.635640 0.063340
v -0.051266 1.633365 0.067293
v -0.054065 1.632166 0.068384
v -0.053474 1.646374 0.046930
v -0.052233 1.646860 0.053330
v -0.052019 1.645257 0.059554
v -0.052938 1.641638 0.064580
v -0.054588 1.636653 0.067934
v -0.055738 1.633799 0.068722
v -0.065034 1.646354 0.048223
v -0.064849 1.646840 0.054612
v -0.063658 1.645237 0.060731
v -0.061783 1.641628 0.065561
v -0.059411 1.636643 0.068340
v -0.058223 1.633799 0.069048
v -0.073407 1.638484 0.048348
v -0.073771 1.638443 0.054815
v -0.072030 1.637388 0.060867
v -0.068093 1.635609 0.065683
v -0.062918 1.633344 0.068565
v -0.059968 1.632155 0.069037
v -0.104323 1.627326 0.047407
v -0.103969 1.626364 0.053704
v -0.105745 1.626209 0.059925
v -0.109666 1.627057 0.064922
v -0.114931 1.628722 0.068143
v -0.117906 1.629735 0.068785
v -0.112538 1.619363 0.045838
v -0.112734 1.617667 0.052056
v -0.113907 1.618267 0.058367
v -0.115845 1.621018 0.063768
v -0.118373 1.625434 0.067402
v -0.119561 1.628101 0.068551
v -0.124100 1.619353 0.044555
v -0.125348 1.617740 0.050697
v -0.125547 1.618246 0.057073
v -0.124563 1.620997 0.062722
v -0.123131 1.625413 0.066931
v -0.122058 1.628091 0.068224
v -0.132476 1.627357 0.044273
v -0.134318 1.626292 0.050404
v -0.133715 1.626158 0.056779
v -0.131139 1.627026 0.062584
v -0.126531 1.628691 0.066862
v -0.123810 1.629725 0.068132
v -0.132574 1.638473 0.045298
v -0.134494 1.638339 0.051517
v -0.133983 1.637284 0.057818
v -0.131247 1.635485 0.063349
v -0.126617 1.633231 0.067301
v -0.123814 1.632041 0.068391
v -0.124459 1.646250 0.046937
v -0.125700 1.646736 0.053337
v -0.125907 1.645123 0.059562
v -0.124975 1.641514 0.064587
v -0.123306 1.636530 0.067942
v -0.122146 1.633686 0.068730
v -0.112898 1.646271 0.048228
v -0.113084 1.646756 0.054617
v -0.114268 1.645144 0.060737
v -0.116129 1.641524 0.065567
v -0.118484 1.636540 0.068347
v -0.119662 1.633686 0.069054
v -0.104499 1.638432 0.048351
v -0.104134 1.638391 0.054819
v -0.105869 1.637326 0.060870
v -0.109799 1.635537 0.065688
v -0.114965 1.633251 0.068570
v -0.117910 1.632052 0.069043
v -0.020636 1.645485 0.015994
v -0.026313 1.693675 0.040687
v -0.014559 1.652589 0.000456
v -0.020835 1.704356 0.008964
v -0.012969 1.655454 -0.017348
v -0.022817 1.708679 -0.016992
v -0.011485 1.656043 -0.037877
v -0.022297 1.707128 -0.039613
v -0.012227 1.651379 -0.060190
v -0.019175 1.703354 -0.065723
v -0.015983 1.650521 -0.080727
v -0.025384 1.694439 -0.085604
v -0.029734 1.646974 -0.099281
v -0.034643 1.681844 -0.104934
v -0.158495 1.646788 0.011111
v -0.146536 1.693664 0.038457
v -0.164447 1.651431 -0.003061
v -0.152212 1.704047 0.008943
v -0.167569 1.654378 -0.019361
v -0.150393 1.708100 -0.017052
v -0.168873 1.655816 -0.040654
v -0.155616 1.706911 -0.040047
v -0.167498 1.652796 -0.062097
v -0.159207 1.699428 -0.063706
v -0.163335 1.649600 -0.078830
v -0.156447 1.689343 -0.082540
v -0.148160 1.646622 -0.097721
v -0.146546 1.670386 -0.101270
v -0.105692 1.699151 -0.116670
v -0.099610 1.688048 -0.123074
v -0.113224 1.695624 -0.118376
v -0.105933 1.687268 -0.121127
v -0.111251 1.666536 -0.126901
v -0.103989 1.671546 -0.129672
v -0.100391 1.665433 -0.131784
v -0.097027 1.674377 -0.130848
v -0.112632 1.719853 -0.103184
v -0.126602 1.708561 -0.101057
v -0.118402 1.733597 -0.086654
v -0.136340 1.727836 -0.083252
v -0.116682 1.733183 -0.073368
v -0.130116 1.731590 -0.068787
v -0.113702 1.735903 -0.058940
v -0.128128 1.733731 -0.055990
v -0.113432 1.736254 -0.046732
v -0.128363 1.734628 -0.045092
v -0.111570 1.745422 -0.035052
v -0.125537 1.738375 -0.031098
v -0.113361 1.751243 -0.015094
v -0.128993 1.743094 -0.014150
v -0.108907 1.745359 0.000579
v -0.127101 1.738409 0.001307
v -0.108342 1.743849 0.018329
v -0.127051 1.736352 0.013862
v -0.110487 1.737603 0.028470
v -0.127614 1.732836 0.027942
v -0.109089 1.732743 0.040572
v -0.125367 1.725990 0.039237
v -0.108216 1.732205 0.047563
v -0.125970 1.725980 0.046291
v -0.111166 1.731833 0.059473
v -0.125138 1.723477 0.054047
v -0.108218 1.723953 0.066365
v -0.126697 1.713291 0.063100
v -0.105623 1.700200 0.064314
v -0.124033 1.693064 0.059563
v -0.123600 1.656312 -0.119415
v -0.105823 1.651659 -0.128953
v -0.136474 1.641173 -0.111580
v -0.112471 1.633004 -0.124455
v -0.141261 1.624431 -0.102968
v -0.116225 1.618070 -0.117247
v -0.144466 1.607760 -0.091691
v -0.118107 1.596882 -0.107513
v -0.144807 1.590770 -0.081165
v -0.118335 1.579447 -0.097073
v -0.142992 1.562849 -0.058154
v -0.117401 1.555052 -0.086768
v -0.119445 1.688292 -0.118717
v -0.106426 1.683139 -0.122631
v -0.097006 1.683625 -0.124202
v -0.139371 1.697465 -0.107683
v -0.150977 1.712470 -0.083550
v -0.145715 1.719512 -0.067475
v -0.144583 1.718436 -0.052841
v -0.144189 1.723230 -0.042700
v -0.142505 1.725338 -0.030619
v -0.137504 1.723177 -0.015140
v -0.148649 1.719982 0.001116
v -0.147962 1.716817 0.009239
v -0.145590 1.709837 0.021537
v -0.146723 1.706466 0.028598
v -0.106586 1.674303 -0.125942
v -0.096047 1.679319 -0.127910
v -0.135715 1.671985 -0.111039
v -0.120959 1.672030 -0.123028
v -0.148410 1.671431 -0.097945
v -0.160938 1.664957 -0.082426
v -0.167188 1.660913 -0.064201
v -0.167556 1.658039 -0.047095
v -0.163276 1.642827 -0.006312
v -0.150098 1.691868 -0.087829
v -0.158162 1.700500 -0.070781
v -0.159266 1.701239 -0.056772
v -0.160098 1.700054 -0.044380
v -0.107154 1.679929 -0.124093
v -0.096556 1.681558 -0.125923
v -0.140096 1.683463 -0.110496
v -0.121531 1.681012 -0.120620
v -0.150077 1.690158 0.021889
v -0.153977 1.689538 0.012800
v -0.154320 1.696435 0.007605
v -0.154855 1.700292 -0.003461
v -0.152714 1.702113 -0.017392
v -0.157512 1.704822 -0.032645
v -0.105423 1.672592 -0.127698
v -0.096055 1.677524 -0.129263
v -0.132060 1.666771 -0.115329
v -0.118053 1.669143 -0.125320
v -0.144522 1.656653 -0.102816
v -0.155581 1.647780 -0.086760
v -0.165075 1.635391 -0.071855
v -0.165486 1.625867 -0.048798
v -0.146545 1.704284 0.033356
v -0.144940 1.702392 0.037607
v -0.144013 1.694626 0.043732
v -0.142952 1.681120 0.042990
v -0.151283 1.684222 0.030582
v -0.152446 1.677449 0.031721
v -0.149147 1.669073 0.035517
v -0.158126 1.628639 0.011855
v -0.157408 1.625671 0.019099
v -0.150213 1.684760 0.023945
v -0.160406 1.634813 0.000261
v -0.161836 1.618308 -0.013931
v -0.158931 1.607109 -0.001350
v -0.158235 1.607471 0.012232
v -0.160665 1.609229 -0.009627
v -0.160913 1.662082 0.004638
v -0.150672 1.683548 -0.091066
v -0.161184 1.678762 -0.076335
v -0.165170 1.674916 -0.060152
v -0.165773 1.674388 -0.046671
v -0.107194 1.676812 -0.125050
v -0.096189 1.680474 -0.126948
v -0.138864 1.678666 -0.111195
v -0.121857 1.676317 -0.122037
v -0.153009 1.651131 0.026756
v -0.156674 1.654347 0.021554
v -0.158089 1.657832 0.014466
v -0.151160 1.571701 -0.033682
v -0.145790 1.577471 -0.068619
v -0.118300 1.567224 -0.094161
v -0.159436 1.601432 -0.044741
v -0.079171 1.706695 -0.123593
v -0.085656 1.693621 -0.128307
v -0.069196 1.706246 -0.125250
v -0.076343 1.696694 -0.128340
v -0.064528 1.667749 -0.131828
v -0.074186 1.673716 -0.132118
v -0.076204 1.665299 -0.132749
v -0.081047 1.674854 -0.132604
v -0.072538 1.717599 -0.102790
v -0.056217 1.717953 -0.106340
v -0.067804 1.732449 -0.086175
v -0.048852 1.729756 -0.084237
v -0.067390 1.732210 -0.073213
v -0.046321 1.737604 -0.072731
v -0.068686 1.738820 -0.061827
v -0.049261 1.744118 -0.060744
v -0.065933 1.745819 -0.051745
v -0.050604 1.743311 -0.049471
v -0.065378 1.747003 -0.036723
v -0.051515 1.746362 -0.033359
v -0.062903 1.745679 -0.016094
v -0.047078 1.741439 -0.014683
v -0.065364 1.745059 -0.001140
v -0.048711 1.742401 0.003768
v -0.065988 1.738606 0.017773
v -0.047774 1.737045 0.013363
v -0.063638 1.734284 0.028177
v -0.047225 1.731688 0.026668
v -0.064693 1.733322 0.042378
v -0.046218 1.724770 0.039605
v -0.066615 1.729516 0.050811
v -0.043984 1.726394 0.045527
v -0.068160 1.727014 0.061058
v -0.044482 1.719475 0.054783
v -0.070137 1.723342 0.066581
v -0.045779 1.712991 0.061808
v -0.072075 1.704108 0.062841
v -0.049613 1.695825 0.057572
v -0.052189 1.654854 -0.123855
v -0.071792 1.651690 -0.130318
v -0.039195 1.640117 -0.112046
v -0.064884 1.632383 -0.125737
v -0.034131 1.625548 -0.102416
v -0.060996 1.616209 -0.119160
v -0.032969 1.608671 -0.091464
v -0.059740 1.596985 -0.107444
v -0.031909 1.591597 -0.081826
v -0.059255 1.579508 -0.097340
v -0.033785 1.562332 -0.060461
v -0.060270 1.555352 -0.087579
v -0.063122 1.699776 -0.126896
v -0.075856 1.693074 -0.127782
v -0.084084 1.689499 -0.129318
v -0.048316 1.709848 -0.113814
v -0.030650 1.720654 -0.089536
v -0.031688 1.729062 -0.072951
v -0.036044 1.728627 -0.058861
v -0.036297 1.726135 -0.044394
v -0.036470 1.723074 -0.029728
v -0.032828 1.723322 -0.015259
v -0.028907 1.720458 0.001700
v -0.026991 1.720851 0.011267
v -0.024484 1.711420 0.023091
v -0.024151 1.707604 0.029232
v -0.092759 1.702004 -0.114529
v -0.091202 1.691582 -0.124345
v -0.088998 1.665412 -0.133173
v -0.088979 1.673333 -0.133119
v -0.090143 1.687854 -0.126830
v -0.089214 1.719833 -0.100496
v -0.090004 1.738250 -0.087672
v -0.089577 1.741425 -0.074508
v -0.087095 1.745396 -0.061978
v -0.088017 1.755171 -0.050936
v -0.088997 1.757082 -0.038575
v -0.089091 1.756051 -0.016342
v -0.089139 1.753445 -0.000652
v -0.088722 1.748161 0.017010
v -0.089141 1.743673 0.030606
v -0.089128 1.738658 0.041142
v -0.088628 1.735959 0.049336
v -0.089298 1.731326 0.060414
v -0.089108 1.724801 0.065913
v -0.089067 1.705370 0.063815
v -0.088706 1.680324 -0.130947
v -0.073444 1.680779 -0.130153
v -0.082398 1.681368 -0.131548
v -0.040841 1.674450 -0.116710
v -0.059510 1.679528 -0.126616
v -0.032874 1.671937 -0.098645
v -0.019143 1.665133 -0.081317
v -0.013640 1.659321 -0.064137
v -0.014429 1.654874 -0.047561
v -0.015460 1.641628 -0.007376
v -0.030637 1.700778 -0.094034
v -0.021659 1.703498 -0.073076
v -0.020236 1.703322 -0.059381
v -0.018250 1.700231 -0.045018
v -0.089237 1.685057 -0.128341
v -0.074760 1.688007 -0.128116
v -0.083417 1.685805 -0.130513
v -0.042517 1.696508 -0.115158
v -0.059893 1.691668 -0.127837
v -0.021625 1.691120 0.021478
v -0.019737 1.690613 0.012265
v -0.019438 1.696632 0.007583
v -0.019771 1.699300 -0.003294
v -0.019871 1.702174 -0.017975
v -0.020726 1.704150 -0.032664
v -0.074033 1.677118 -0.131704
v -0.081654 1.678524 -0.132087
v -0.043188 1.665443 -0.120215
v -0.060830 1.674068 -0.128043
v -0.088932 1.677449 -0.133072
v -0.032093 1.656467 -0.104406
v -0.022922 1.647171 -0.087087
v -0.015536 1.634771 -0.070209
v -0.011935 1.625620 -0.048699
v -0.024749 1.704749 0.033420
v -0.026349 1.702744 0.037942
v -0.027578 1.694863 0.044585
v -0.033906 1.679445 0.044885
v -0.022853 1.684409 0.030179
v -0.022943 1.677077 0.031796
v -0.028902 1.667646 0.037270
v -0.018936 1.628618 0.010457
v -0.020236 1.623159 0.018920
v -0.021662 1.684895 0.023818
v -0.017435 1.635320 -0.001043
v -0.015557 1.614534 -0.012965
v -0.017976 1.606499 0.001311
v -0.019231 1.607109 0.013463
v -0.017557 1.608650 -0.009126
v -0.088922 1.683076 -0.129864
v -0.019227 1.663375 0.003040
v -0.029198 1.683488 -0.093474
v -0.017524 1.679910 -0.076284
v -0.013146 1.675960 -0.061045
v -0.014441 1.673488 -0.046981
v -0.073976 1.684171 -0.128840
v -0.082863 1.683447 -0.131104
v -0.040214 1.686156 -0.116772
v -0.058698 1.685950 -0.127516
v -0.023103 1.646198 0.026063
v -0.021800 1.653623 0.019874
v -0.021109 1.658866 0.011741
v -0.024010 1.573800 -0.035593
v -0.031807 1.577265 -0.069745
v -0.059891 1.567709 -0.092594
v -0.016941 1.601411 -0.043661
v -0.088976 1.650179 -0.132325
v -0.088967 1.634524 -0.128788
v -0.088934 1.616643 -0.122676
v -0.088894 1.596767 -0.113059
v -0.088864 1.576065 -0.105414
v -0.088258 1.547554 -0.096844
v -0.088744 1.561081 -0.100677
v -0.118463 1.561711 -0.091949
v -0.155899 1.588268 -0.039791
v -0.145353 1.570336 -0.064136
v -0.088745 1.553987 -0.100582
v -0.059487 1.562663 -0.091078
v -0.023266 1.586551 -0.038602
v -0.032043 1.570957 -0.065402
v -0.111322 1.746279 -0.009241
v -0.127145 1.739030 -0.007291
v -0.143341 1.721140 -0.006215
v -0.089114 1.755545 -0.008606
v -0.165589 1.653820 -0.021535
v -0.154403 1.696942 -0.012656
v -0.165798 1.633375 -0.022834
v -0.163653 1.669135 -0.017160
v -0.064100 1.747469 -0.009920
v -0.047802 1.742836 -0.004946
v -0.030450 1.721895 -0.006657
v -0.013354 1.651369 -0.019421
v -0.018290 1.696838 -0.012356
v -0.013988 1.629860 -0.017327
v -0.015363 1.669031 -0.016827
v -0.109118 1.745855 0.009652
v -0.127521 1.738038 0.007860
v -0.149656 1.719268 0.005366
v -0.088807 1.753901 0.008187
v -0.165020 1.649849 -0.013142
v -0.154905 1.694584 -0.000475
v -0.163085 1.627254 -0.016387
v -0.162696 1.666591 -0.006910
v -0.065314 1.743084 0.009006
v -0.047822 1.741150 0.008817
v -0.027280 1.720840 0.006400
v -0.014318 1.647036 -0.012925
v -0.018777 1.694088 -0.000060
v -0.015748 1.624120 -0.014198
v -0.016587 1.667222 -0.007038
v -0.111660 1.748738 -0.025706
v -0.127299 1.742869 -0.023056
v -0.141027 1.724698 -0.023081
v -0.088646 1.757086 -0.027602
v -0.166310 1.657170 -0.032582
v -0.157589 1.698990 -0.027239
v -0.165406 1.635268 -0.033835
v -0.165000 1.671441 -0.029579
v -0.062247 1.750054 -0.027929
v -0.049992 1.742443 -0.024653
v -0.034751 1.723177 -0.022416
v -0.013138 1.655547 -0.030287
v -0.018773 1.698286 -0.026597
v -0.013259 1.635495 -0.026618
v -0.015982 1.670883 -0.028945
v -0.103194 1.692522 -0.119979
v -0.095520 1.689411 -0.123194
v -0.109422 1.697382 -0.117735
v -0.102759 1.687091 -0.121994
v -0.109651 1.691725 -0.120248
v -0.107704 1.668780 -0.128559
v -0.116237 1.692201 -0.118686
v -0.104638 1.672066 -0.128789
v -0.098809 1.670009 -0.131695
v -0.105901 1.666365 -0.129721
v -0.100605 1.672965 -0.130387
v -0.094654 1.665454 -0.132830
v -0.096553 1.675993 -0.130123
v -0.119375 1.713949 -0.101490
v -0.108552 1.710453 -0.110362
v -0.120211 1.702149 -0.109638
v -0.127740 1.731001 -0.085700
v -0.115233 1.726089 -0.093910
v -0.132287 1.719429 -0.091469
v -0.123476 1.733090 -0.071152
v -0.117923 1.733783 -0.080937
v -0.133700 1.730277 -0.076474
v -0.120374 1.735034 -0.057532
v -0.115056 1.735199 -0.066059
v -0.128748 1.732955 -0.062365
v -0.120202 1.735799 -0.045819
v -0.113718 1.735985 -0.052900
v -0.128143 1.733638 -0.050024
v -0.118120 1.741041 -0.032233
v -0.112485 1.739738 -0.040605
v -0.126857 1.734777 -0.037493
v -0.121847 1.749195 -0.014289
v -0.111953 1.748206 -0.030924
v -0.128039 1.742929 -0.018276
v -0.116708 1.743166 0.000895
v -0.112893 1.749392 -0.013394
v -0.126819 1.737923 -0.003149
v -0.116367 1.740767 0.016419
v -0.109730 1.746362 0.004942
v -0.127245 1.737128 0.010742
v -0.118338 1.735855 0.028785
v -0.108842 1.740023 0.023749
v -0.127248 1.734407 0.020948
v -0.115298 1.727914 0.040506
v -0.109843 1.735297 0.034160
v -0.126387 1.729558 0.033342
v -0.116002 1.729237 0.047973
v -0.108459 1.732277 0.044651
v -0.124653 1.724108 0.043712
v -0.118858 1.728679 0.057631
v -0.109450 1.732464 0.053494
v -0.125861 1.725070 0.050147
v -0.117114 1.718844 0.066191
v -0.110108 1.728286 0.062558
v -0.125688 1.718844 0.058219
v -0.116692 1.698069 0.062127
v -0.115537 1.653665 -0.125782
v -0.118232 1.662031 -0.124929
v -0.103006 1.658587 -0.130649
v -0.124010 1.637304 -0.116658
v -0.130134 1.648587 -0.115065
v -0.109448 1.641731 -0.127361
v -0.129492 1.621080 -0.110639
v -0.140128 1.632517 -0.108191
v -0.114566 1.625495 -0.121663
v -0.132705 1.601484 -0.100649
v -0.143256 1.615764 -0.097674
v -0.117196 1.607419 -0.112335
v -0.133670 1.584576 -0.089318
v -0.144599 1.599260 -0.086552
v -0.118135 1.588226 -0.102452
v -0.132000 1.558692 -0.072978
v -0.146053 1.583769 -0.074689
v -0.118561 1.558185 -0.089464
v -0.127968 1.662175 -0.117687
v -0.114713 1.667756 -0.125962
v -0.106234 1.685138 -0.121809
v -0.098252 1.685703 -0.123612
v -0.133460 1.702315 -0.104150
v -0.112841 1.685438 -0.120909
v -0.093129 1.685963 -0.125280
v -0.102052 1.682621 -0.122884
v -0.129348 1.692429 -0.112026
v -0.144950 1.703866 -0.095286
v -0.150011 1.715169 -0.076262
v -0.144947 1.717950 -0.059681
v -0.143746 1.720030 -0.047193
v -0.143275 1.725217 -0.037411
v -0.138194 1.723353 -0.019797
v -0.145620 1.720261 -0.002275
v -0.149765 1.718606 0.007603
v -0.146972 1.713509 0.015194
v -0.146762 1.708410 0.025316
v -0.145504 1.722108 -0.083669
v -0.137950 1.726089 -0.068066
v -0.135739 1.727744 -0.054646
v -0.136498 1.731729 -0.044695
v -0.134657 1.733815 -0.031192
v -0.132778 1.733580 -0.014512
v -0.139535 1.730809 0.001353
v -0.138780 1.726518 0.011677
v -0.138439 1.722753 0.025513
v -0.137687 1.717438 0.034160
v -0.150444 1.703066 -0.086249
v -0.153541 1.706487 -0.068089
v -0.154135 1.709446 -0.054795
v -0.151695 1.713777 -0.043543
v -0.101146 1.720691 -0.103196
v -0.103875 1.737195 -0.087795
v -0.103127 1.739170 -0.074023
v -0.100271 1.742552 -0.060689
v -0.100005 1.746044 -0.048310
v -0.099929 1.753053 -0.037327
v -0.101606 1.753756 -0.015697
v -0.099731 1.750964 0.000094
v -0.099723 1.747541 0.018011
v -0.101420 1.741947 0.030097
v -0.101055 1.736941 0.041133
v -0.100930 1.736093 0.048529
v -0.100758 1.732329 0.060494
v -0.098737 1.724460 0.066444
v -0.097476 1.703902 0.063253
v -0.100072 1.700557 -0.115470
v -0.092797 1.674171 -0.132231
v -0.089000 1.669579 -0.133266
v -0.090774 1.689908 -0.125481
v -0.093033 1.696188 -0.119597
v -0.087552 1.749368 -0.055585
v -0.088659 1.756000 -0.045437
v -0.089025 1.756662 -0.022053
v -0.089148 1.751760 -0.005473
v -0.089205 1.748213 0.012502
v -0.091729 1.680013 -0.129147
v -0.090955 1.711736 -0.109369
v -0.089666 1.730743 -0.093967
v -0.089728 1.741373 -0.082727
v -0.088481 1.743317 -0.068164
v -0.088981 1.746610 0.023753
v -0.089128 1.740995 0.035736
v -0.088885 1.737075 0.045454
v -0.088959 1.733953 0.055277
v -0.089141 1.728410 0.063457
v -0.106672 1.681530 -0.123369
v -0.096714 1.682509 -0.125048
v -0.139938 1.690515 -0.109307
v -0.120672 1.684642 -0.119710
v -0.140691 1.648908 -0.106786
v -0.150882 1.635951 -0.096549
v -0.156567 1.621090 -0.082696
v -0.156669 1.606396 -0.067641
v -0.114089 1.671644 -0.124063
v -0.101432 1.677257 -0.126702
v -0.129590 1.671305 -0.118043
v -0.143533 1.673278 -0.105617
v -0.154160 1.668008 -0.089918
v -0.163650 1.662961 -0.073209
v -0.167775 1.659363 -0.055811
v -0.165702 1.656333 -0.027570
v -0.165382 1.652300 -0.017554
v -0.164461 1.647377 -0.009691
v -0.162023 1.638887 -0.003767
v -0.148619 1.696311 0.024246
v -0.166765 1.656870 -0.040925
v -0.089834 1.686376 -0.128156
v -0.149968 1.699093 0.018320
v -0.153787 1.705184 0.008176
v -0.154648 1.708845 -0.001827
v -0.147477 1.709651 -0.016637
v -0.151491 1.712578 -0.031406
v -0.092299 1.683528 -0.126400
v -0.131918 1.682150 -0.116111
v -0.147820 1.688236 -0.100439
v -0.155475 1.697125 -0.080466
v -0.158584 1.700694 -0.063810
v -0.160154 1.700789 -0.050778
v -0.114548 1.679761 -0.122150
v -0.102176 1.680165 -0.124385
v -0.151382 1.687283 0.018518
v -0.153572 1.694791 0.011129
v -0.154808 1.692712 0.004779
v -0.154020 1.696022 -0.006546
v -0.154439 1.697873 -0.020427
v -0.159609 1.700272 -0.036609
v -0.088961 1.675474 -0.133135
v -0.111928 1.669720 -0.126195
v -0.100839 1.675160 -0.128430
v -0.125862 1.668501 -0.121643
v -0.139930 1.662279 -0.111042
v -0.150514 1.652155 -0.095094
v -0.162319 1.641235 -0.080514
v -0.165506 1.630169 -0.061391
v -0.092176 1.677840 -0.131573
v -0.145925 1.703374 0.035399
v -0.144222 1.698617 0.040800
v -0.132644 1.688017 0.051330
v -0.136591 1.704305 0.054784
v -0.134974 1.711461 0.047019
v -0.136334 1.713509 0.039994
v -0.146611 1.705298 0.031143
v -0.151774 1.682309 0.032349
v -0.146781 1.674833 0.039243
v -0.149517 1.684843 0.037982
v -0.148638 1.691544 0.033086
v -0.150510 1.663106 0.031419
v -0.150799 1.682009 0.027632
v -0.159463 1.632517 0.003389
v -0.150071 1.689165 0.024234
v -0.154102 1.673530 0.020047
v -0.150384 1.694077 0.029398
v -0.165627 1.634999 -0.027080
v -0.164866 1.631245 -0.019589
v -0.161445 1.624017 -0.015131
v -0.161890 1.613045 -0.012207
v -0.159758 1.608071 -0.006209
v -0.089099 1.684180 -0.129103
v -0.157386 1.677263 0.009587
v -0.150662 1.688518 -0.089505
v -0.159724 1.689848 -0.074214
v -0.164046 1.688897 -0.059006
v -0.164557 1.687624 -0.045696
v -0.107188 1.678516 -0.124631
v -0.096251 1.681070 -0.126432
v -0.139549 1.680666 -0.110801
v -0.121812 1.678851 -0.121375
v -0.154866 1.668008 0.027150
v -0.091964 1.681942 -0.127914
v -0.114882 1.675293 -0.123184
v -0.101819 1.679079 -0.125587
v -0.159364 1.660283 0.009328
v -0.162466 1.664926 -0.002354
v -0.163192 1.668059 -0.012383
v -0.164321 1.670521 -0.023703
v -0.165446 1.672703 -0.038929
v -0.131301 1.676773 -0.116928
v -0.146611 1.681497 -0.102564
v -0.157304 1.681214 -0.084699
v -0.163563 1.676839 -0.068358
v -0.165469 1.674833 -0.053518
v -0.157387 1.656271 0.017721
v -0.166845 1.636261 -0.039716
v -0.153394 1.581898 -0.037450
v -0.148551 1.566655 -0.046957
v -0.144176 1.566872 -0.061161
v -0.118270 1.573263 -0.095238
v -0.164974 1.615061 -0.046315
v -0.134050 1.571774 -0.081915
v -0.153077 1.587378 -0.057335
v -0.088975 1.642176 -0.131022
v -0.088948 1.625174 -0.126534
v -0.088915 1.606643 -0.117940
v -0.088883 1.586871 -0.109126
v -0.088608 1.550553 -0.099357
v -0.088803 1.568052 -0.102021
v -0.103507 1.564597 -0.099389
v -0.103908 1.576996 -0.103355
v -0.103899 1.550264 -0.095527
v -0.103790 1.596044 -0.111746
v -0.102817 1.616850 -0.121591
v -0.101206 1.633282 -0.127609
v -0.097457 1.650883 -0.130866
v -0.088989 1.657780 -0.132945
v -0.082901 1.700515 -0.126631
v -0.088548 1.692842 -0.126588
v -0.074506 1.707393 -0.125236
v -0.081460 1.695765 -0.128538
v -0.072706 1.701678 -0.127357
v -0.069256 1.670644 -0.131870
v -0.066258 1.702940 -0.126472
v -0.074063 1.675484 -0.131942
v -0.078571 1.670045 -0.132738
v -0.070361 1.666591 -0.132211
v -0.077585 1.674326 -0.132531
v -0.082684 1.665412 -0.132831
v -0.081327 1.676859 -0.132397
v -0.063785 1.717459 -0.104915
v -0.075470 1.711215 -0.112757
v -0.062254 1.712470 -0.115601
v -0.058498 1.728829 -0.084534
v -0.070386 1.726317 -0.094585
v -0.051371 1.724183 -0.096170
v -0.056506 1.733303 -0.072300
v -0.067428 1.732418 -0.081042
v -0.047048 1.733927 -0.078331
v -0.058193 1.740678 -0.061730
v -0.067976 1.734694 -0.067134
v -0.047850 1.740590 -0.067062
v -0.057408 1.743032 -0.050600
v -0.066700 1.744159 -0.057150
v -0.049675 1.744376 -0.054851
v -0.057448 1.747220 -0.034982
v -0.065709 1.746279 -0.044535
v -0.051503 1.745028 -0.041331
v -0.054883 1.743053 -0.015450
v -0.063515 1.748688 -0.032037
v -0.047614 1.742815 -0.019363
v -0.055893 1.744366 0.001442
v -0.063560 1.746652 -0.012196
v -0.048873 1.741988 0.000118
v -0.056094 1.737696 0.015489
v -0.065062 1.745266 0.004419
v -0.048295 1.737913 0.010487
v -0.055262 1.732484 0.027306
v -0.064810 1.736538 0.022802
v -0.047416 1.734563 0.020064
v -0.055625 1.728152 0.041047
v -0.064063 1.734325 0.035486
v -0.047770 1.726786 0.032223
v -0.054123 1.729278 0.048293
v -0.065616 1.731367 0.046618
v -0.044739 1.725970 0.042900
v -0.056013 1.726269 0.058536
v -0.067068 1.729020 0.056615
v -0.044137 1.725535 0.049666
v -0.057284 1.718472 0.065605
v -0.069114 1.725338 0.063335
v -0.045340 1.718886 0.058029
v -0.060445 1.700200 0.060654
v -0.061750 1.653323 -0.127992
v -0.058377 1.661399 -0.128147
v -0.073987 1.658442 -0.131787
v -0.052451 1.636344 -0.118219
v -0.045815 1.647750 -0.117764
v -0.068238 1.641844 -0.128271
v -0.046073 1.620096 -0.112211
v -0.035988 1.632724 -0.107626
v -0.062747 1.623903 -0.123214
v -0.044783 1.602000 -0.100869
v -0.033193 1.616798 -0.097159
v -0.060286 1.606416 -0.113349
v -0.043318 1.584959 -0.089813
v -0.032461 1.600098 -0.086704
v -0.059558 1.588340 -0.102570
v -0.045824 1.558703 -0.074600
v -0.031132 1.584214 -0.075832
v -0.059171 1.559674 -0.090111
v -0.046946 1.660304 -0.121942
v -0.062564 1.670789 -0.130194
v -0.076015 1.695122 -0.127980
v -0.085008 1.691723 -0.128805
v -0.051793 1.715256 -0.111794
v -0.069454 1.696497 -0.127950
v -0.087253 1.688829 -0.128437
v -0.080043 1.691543 -0.128568
v -0.055429 1.705329 -0.121611
v -0.038009 1.716135 -0.103240
v -0.030284 1.725059 -0.082127
v -0.033473 1.729082 -0.066186
v -0.035357 1.728068 -0.051319
v -0.036800 1.724666 -0.037080
v -0.033873 1.723157 -0.018856
v -0.031048 1.720509 -0.002321
v -0.027152 1.720851 0.008913
v -0.025110 1.716342 0.017281
v -0.024516 1.709590 0.026184
v -0.038681 1.729138 -0.088541
v -0.038571 1.735750 -0.073684
v -0.042496 1.737872 -0.059768
v -0.042301 1.736920 -0.046716
v -0.043419 1.737128 -0.031654
v -0.038223 1.733332 -0.015002
v -0.036971 1.734759 0.003529
v -0.035779 1.731367 0.013262
v -0.033594 1.723260 0.025451
v -0.032780 1.718048 0.034647
v -0.030067 1.711399 -0.092264
v -0.024871 1.716942 -0.073583
v -0.026085 1.716683 -0.058788
v -0.026638 1.713715 -0.044292
v -0.080033 1.719005 -0.102032
v -0.078562 1.736368 -0.087407
v -0.080443 1.737030 -0.073893
v -0.077314 1.742778 -0.061458
v -0.076057 1.752198 -0.051652
v -0.077901 1.753373 -0.037561
v -0.076452 1.751046 -0.016115
v -0.077649 1.750012 -0.000684
v -0.078309 1.743932 0.017551
v -0.076472 1.740705 0.030063
v -0.077198 1.736517 0.041894
v -0.077780 1.733301 0.050128
v -0.078731 1.729082 0.060739
v -0.079539 1.724160 0.066534
v -0.080553 1.704780 0.063283
v -0.085413 1.704623 -0.119366
v -0.085160 1.674264 -0.132986
v -0.085664 1.681120 -0.132200
v -0.075600 1.690561 -0.127992
v -0.083594 1.687737 -0.129967
v -0.044687 1.703364 -0.114931
v -0.061164 1.695412 -0.127485
v -0.034951 1.648081 -0.108783
v -0.026872 1.636240 -0.095692
v -0.022129 1.621287 -0.081995
v -0.020294 1.605744 -0.067229
v -0.066766 1.680282 -0.128695
v -0.077956 1.681182 -0.131011
v -0.048531 1.676901 -0.122873
v -0.034729 1.672920 -0.109001
v -0.024148 1.668370 -0.090174
v -0.016089 1.663013 -0.072223
v -0.014612 1.656519 -0.056094
v -0.013190 1.653768 -0.025513
v -0.013681 1.649859 -0.016610
v -0.014738 1.645133 -0.010658
v -0.016218 1.639229 -0.004687
v -0.022156 1.697707 0.024742
v -0.013580 1.655898 -0.040334
v -0.020990 1.700820 0.019276
v -0.020940 1.707169 0.008713
v -0.024045 1.707428 -0.001098
v -0.025257 1.710706 -0.016796
v -0.025580 1.711202 -0.030383
v -0.086471 1.685782 -0.130375
v -0.050536 1.693695 -0.122914
v -0.035160 1.699052 -0.105804
v -0.024891 1.702185 -0.083437
v -0.020282 1.703374 -0.066580
v -0.020158 1.701761 -0.052294
v -0.067534 1.689910 -0.128509
v -0.078761 1.686932 -0.129240
v -0.020582 1.688431 0.017556
v -0.019842 1.695349 0.011307
v -0.018830 1.692816 0.004372
v -0.018278 1.695701 -0.006798
v -0.018411 1.697842 -0.020749
v -0.018568 1.699331 -0.037022
v -0.067629 1.675691 -0.130298
v -0.077814 1.677987 -0.132056
v -0.050633 1.669497 -0.124807
v -0.037707 1.661224 -0.113266
v -0.027859 1.651700 -0.095546
v -0.018502 1.640779 -0.079185
v -0.013368 1.629384 -0.059869
v -0.085492 1.678090 -0.132845
v -0.025396 1.703684 0.035669
v -0.026969 1.698866 0.041366
v -0.040774 1.688576 0.051183
v -0.035609 1.704253 0.054576
v -0.035070 1.714439 0.046649
v -0.032583 1.717541 0.039750
v -0.024308 1.706270 0.031340
v -0.023285 1.682020 0.032282
v -0.031613 1.673623 0.040959
v -0.024273 1.685070 0.038597
v -0.023312 1.691947 0.033236
v -0.026344 1.661720 0.032720
v -0.022199 1.682258 0.027257
v -0.018153 1.632734 0.001867
v -0.022234 1.689476 0.024038
v -0.021605 1.674264 0.019078
v -0.022654 1.694253 0.029402
v -0.011861 1.633841 -0.024075
v -0.014984 1.628256 -0.015899
v -0.016366 1.622704 -0.013891
v -0.016190 1.611307 -0.012246
v -0.018199 1.607905 -0.005926
v -0.019786 1.678349 0.008043
v -0.030389 1.692361 -0.093854
v -0.018869 1.692051 -0.074889
v -0.015478 1.690210 -0.059736
v -0.014816 1.687624 -0.045877
v -0.074373 1.686053 -0.128426
v -0.083139 1.684647 -0.130808
v -0.041254 1.691141 -0.116161
v -0.059179 1.688803 -0.127774
v -0.022584 1.668473 0.026707
v -0.086034 1.683509 -0.131348
v -0.066725 1.685081 -0.128767
v -0.078162 1.683819 -0.130039
v -0.020201 1.661493 0.007053
v -0.017461 1.665857 -0.002954
v -0.015821 1.668245 -0.012760
v -0.015614 1.670345 -0.024061
v -0.016304 1.672558 -0.039527
v -0.049301 1.686467 -0.123576
v -0.034429 1.684771 -0.106583
v -0.022857 1.681730 -0.085235
v -0.014345 1.678069 -0.068447
v -0.014829 1.674988 -0.054361
v -0.021553 1.657098 0.015057
v -0.011425 1.636333 -0.039365
v -0.023638 1.580832 -0.037396
v -0.030677 1.566738 -0.047279
v -0.031967 1.567296 -0.063262
v -0.059630 1.573522 -0.094602
v -0.011936 1.613551 -0.045361
v -0.043912 1.571877 -0.081472
v -0.024299 1.587162 -0.057954
v -0.074323 1.563635 -0.099687
v -0.073740 1.577026 -0.103402
v -0.074169 1.550181 -0.096421
v -0.074102 1.596137 -0.111425
v -0.074804 1.616013 -0.122345
v -0.076706 1.633138 -0.128219
v -0.080359 1.650872 -0.131621
v -0.118493 1.564504 -0.093206
v -0.157287 1.594876 -0.041866
v -0.145449 1.573821 -0.066275
v -0.088744 1.557493 -0.100706
v -0.059622 1.565238 -0.091939
v -0.021113 1.594400 -0.039989
v -0.032304 1.574070 -0.067365
v -0.132847 1.565270 -0.078058
v -0.151650 1.577492 -0.052094
v -0.103520 1.556665 -0.097555
v -0.043968 1.566385 -0.078855
v -0.026406 1.576634 -0.052201
v -0.073975 1.557224 -0.099122
v -0.109796 1.745648 -0.004219
v -0.127331 1.740457 -0.011231
v -0.140457 1.722102 -0.010191
v -0.089185 1.755534 -0.012783
v -0.152969 1.701720 -0.014022
v -0.064602 1.745710 -0.006758
v -0.047580 1.741967 -0.009690
v -0.030724 1.723012 -0.011070
v -0.019795 1.701761 -0.014338
v -0.119931 1.745183 -0.007323
v -0.135760 1.731305 -0.006404
v -0.100229 1.750478 -0.009090
v -0.150048 1.708917 -0.008712
v -0.159589 1.683396 -0.014933
v -0.055924 1.744625 -0.007285
v -0.037860 1.733601 -0.005849
v -0.076949 1.750974 -0.009575
v -0.022703 1.709600 -0.009131
v -0.016931 1.683250 -0.014434
v -0.108576 1.745297 0.014079
v -0.127194 1.737996 0.004549
v -0.148892 1.719341 0.002758
v -0.089170 1.752142 0.003738
v -0.155379 1.699651 -0.001066
v -0.065811 1.739640 0.013204
v -0.047882 1.742908 0.006521
v -0.028124 1.720612 0.004064
v -0.020453 1.698793 -0.000547
v -0.116854 1.742256 0.008706
v -0.139979 1.729444 0.006718
v -0.099793 1.748968 0.009090
v -0.153906 1.706900 0.003120
v -0.158581 1.681244 -0.003491
v -0.055814 1.741874 0.008765
v -0.036543 1.733063 0.008425
v -0.077664 1.747593 0.008727
v -0.021999 1.707470 0.003837
v -0.016986 1.681482 -0.003447
v -0.112546 1.750436 -0.019408
v -0.126206 1.741170 -0.027337
v -0.141822 1.724852 -0.026922
v -0.089003 1.757210 -0.032990
v -0.156923 1.704108 -0.028899
v -0.062819 1.746992 -0.022880
v -0.051127 1.743735 -0.029176
v -0.035236 1.723291 -0.026038
v -0.020575 1.703343 -0.028736
v -0.118934 1.746731 -0.024460
v -0.134726 1.734387 -0.023212
v -0.100414 1.754676 -0.026915
v -0.150314 1.711668 -0.024067
v -0.163282 1.685215 -0.028304
v -0.055641 1.745648 -0.026372
v -0.040605 1.735028 -0.023186
v -0.075689 1.754356 -0.027715
v -0.026821 1.710551 -0.023784
v -0.018460 1.684760 -0.027986
v -0.098645 1.693545 -0.119255
v -0.106503 1.692108 -0.120113
v -0.109805 1.669313 -0.127367
v -0.103242 1.669688 -0.130158
v -0.100739 1.673959 -0.129540
v -0.114417 1.706948 -0.111054
v -0.123971 1.723256 -0.092988
v -0.126723 1.732862 -0.078956
v -0.121320 1.734217 -0.064268
v -0.120754 1.735427 -0.051511
v -0.119190 1.737044 -0.038379
v -0.120327 1.748668 -0.018926
v -0.117599 1.742463 -0.003579
v -0.116616 1.741067 0.012559
v -0.117595 1.738937 0.022876
v -0.117463 1.733208 0.034109
v -0.115703 1.729000 0.044603
v -0.118547 1.730643 0.052482
v -0.118895 1.724139 0.061925
v -0.110675 1.660231 -0.127806
v -0.120980 1.644791 -0.123049
v -0.127401 1.630543 -0.113948
v -0.130821 1.610687 -0.104496
v -0.132688 1.593170 -0.095680
v -0.133151 1.562457 -0.076001
v -0.124899 1.697371 -0.111220
v -0.111047 1.688592 -0.120630
v -0.102339 1.684799 -0.122344
v -0.131270 1.687589 -0.115170
v -0.139919 1.712728 -0.093877
v -0.142990 1.724176 -0.077012
v -0.136834 1.726885 -0.061320
v -0.136257 1.729401 -0.049039
v -0.135762 1.733221 -0.037989
v -0.134610 1.734333 -0.027296
v -0.134362 1.732370 -0.010213
v -0.139805 1.730106 0.004038
v -0.139824 1.726032 0.019301
v -0.138247 1.720127 0.029712
v -0.147420 1.694704 -0.098346
v -0.153006 1.706371 -0.077911
v -0.154477 1.707445 -0.061040
v -0.153086 1.712206 -0.049266
v -0.100644 1.710763 -0.110010
v -0.102549 1.729036 -0.094298
v -0.103763 1.739015 -0.082108
v -0.101725 1.741249 -0.067430
v -0.100003 1.744061 -0.054226
v -0.099883 1.749147 -0.043185
v -0.100282 1.754747 -0.032179
v -0.101070 1.752515 -0.013242
v -0.100017 1.750726 0.004706
v -0.100664 1.745224 0.024107
v -0.101178 1.739216 0.035337
v -0.100880 1.736445 0.045144
v -0.100958 1.734956 0.054815
v -0.099959 1.728772 0.063335
v -0.094290 1.688328 -0.124148
v -0.092492 1.675939 -0.131984
v -0.093780 1.669900 -0.132727
v -0.092833 1.684578 -0.126442
v -0.131676 1.679223 -0.116711
v -0.147478 1.685174 -0.101697
v -0.156565 1.690001 -0.082668
v -0.161829 1.689072 -0.066700
v -0.163856 1.688142 -0.052410
v -0.113764 1.682853 -0.121509
v -0.102076 1.681231 -0.123579
v -0.149150 1.697707 0.021160
v -0.150950 1.702102 0.012819
v -0.154506 1.707924 0.000682
v -0.148727 1.709165 -0.012424
v -0.151121 1.712164 -0.027692
v -0.152262 1.713912 -0.037941
v -0.122178 1.665883 -0.123369
v -0.134489 1.655629 -0.112204
v -0.144720 1.642723 -0.100725
v -0.154370 1.628350 -0.089991
v -0.156820 1.613562 -0.075303
v -0.135643 1.709600 0.050882
v -0.135610 1.713219 0.043420
v -0.137189 1.715329 0.037191
v -0.148500 1.688359 0.035340
v -0.154180 1.671400 0.023329
v -0.149189 1.692806 0.031208
v -0.150786 1.695360 0.027135
v -0.092121 1.682833 -0.127126
v -0.114770 1.677465 -0.122750
v -0.102132 1.679555 -0.124940
v -0.155934 1.675650 0.014641
v -0.164300 1.686539 -0.037819
v -0.154938 1.596903 -0.062664
v -0.134196 1.578185 -0.084863
v -0.152191 1.582528 -0.054635
v -0.103715 1.570098 -0.101947
v -0.103511 1.560905 -0.098330
v -0.103827 1.586727 -0.107194
v -0.103427 1.606447 -0.116648
v -0.102076 1.624586 -0.125717
v -0.099366 1.641906 -0.129346
v -0.096178 1.658235 -0.132190
v -0.087716 1.698102 -0.123578
v -0.077360 1.702008 -0.127234
v -0.068329 1.673085 -0.131311
v -0.073887 1.670376 -0.132645
v -0.077650 1.676229 -0.132335
v -0.069755 1.712157 -0.114381
v -0.061334 1.722780 -0.093893
v -0.057487 1.730567 -0.078401
v -0.057173 1.737750 -0.067309
v -0.058096 1.742766 -0.056485
v -0.057733 1.746176 -0.042824
v -0.055209 1.744387 -0.021456
v -0.055493 1.746021 -0.002855
v -0.055945 1.739010 0.011885
v -0.055672 1.735183 0.021286
v -0.055686 1.730240 0.033992
v -0.054213 1.730633 0.045051
v -0.054746 1.728358 0.053794
v -0.056509 1.722753 0.061990
v -0.065796 1.659787 -0.130732
v -0.056266 1.644430 -0.124207
v -0.048241 1.627874 -0.116885
v -0.045348 1.610811 -0.106622
v -0.044547 1.593624 -0.095872
v -0.043730 1.563604 -0.077540
v -0.058962 1.708834 -0.118380
v -0.071239 1.699217 -0.127626
v -0.080876 1.693742 -0.128641
v -0.052807 1.699589 -0.122625
v -0.044180 1.722737 -0.100819
v -0.039179 1.731261 -0.080901
v -0.040491 1.736975 -0.067045
v -0.042232 1.737686 -0.053005
v -0.043836 1.736838 -0.039215
v -0.041860 1.736217 -0.027366
v -0.038238 1.733291 -0.010384
v -0.036437 1.733860 0.005901
v -0.035047 1.726703 0.019084
v -0.033591 1.720096 0.029703
v -0.036237 1.708038 -0.105066
v -0.026820 1.714987 -0.082874
v -0.024168 1.717283 -0.066201
v -0.027219 1.714646 -0.051874
v -0.081478 1.710340 -0.109793
v -0.079873 1.729201 -0.094729
v -0.079689 1.736813 -0.082186
v -0.078189 1.740194 -0.067263
v -0.076881 1.747577 -0.056636
v -0.076947 1.753309 -0.045461
v -0.076751 1.753952 -0.032386
v -0.076656 1.751026 -0.012348
v -0.077778 1.748596 0.003968
v -0.076961 1.743435 0.024016
v -0.076784 1.738472 0.035910
v -0.077457 1.734893 0.045926
v -0.078230 1.732102 0.056232
v -0.078967 1.726962 0.063055
v -0.088064 1.690938 -0.127542
v -0.085324 1.676136 -0.132976
v -0.083888 1.669931 -0.133017
v -0.086855 1.687450 -0.129431
v -0.049546 1.689724 -0.123369
v -0.034650 1.691958 -0.106405
v -0.024309 1.692319 -0.084719
v -0.016344 1.691069 -0.067339
v -0.015171 1.688980 -0.053058
v -0.068610 1.693550 -0.128240
v -0.079216 1.689207 -0.128894
v -0.020959 1.699290 0.022043
v -0.020076 1.704212 0.014095
v -0.022511 1.707645 0.001282
v -0.023718 1.710189 -0.013005
v -0.026932 1.710551 -0.027233
v -0.027451 1.712102 -0.037541
v -0.053921 1.665412 -0.126668
v -0.040731 1.654409 -0.115986
v -0.031420 1.642114 -0.102109
v -0.024306 1.628618 -0.089010
v -0.020964 1.613397 -0.074736
v -0.035016 1.709786 0.050975
v -0.033555 1.720065 0.044941
v -0.032670 1.717645 0.037484
v -0.024079 1.688649 0.035761
v -0.022112 1.672578 0.022286
v -0.022792 1.693116 0.031380
v -0.022440 1.696011 0.027153
v -0.086244 1.684689 -0.130876
v -0.067142 1.687490 -0.128664
v -0.078485 1.685381 -0.129640
v -0.020799 1.676880 0.012966
v -0.015439 1.686353 -0.038347
v -0.022061 1.596468 -0.062817
v -0.043218 1.578423 -0.084877
v -0.025549 1.581980 -0.054961
v -0.074079 1.570264 -0.101530
v -0.074139 1.560378 -0.099423
v -0.073953 1.586809 -0.107187
v -0.074260 1.605982 -0.117051
v -0.075705 1.624058 -0.126068
v -0.078487 1.641813 -0.130215
v -0.081422 1.658194 -0.132397
v -0.133353 1.569602 -0.079685
v -0.150404 1.571867 -0.049643
v -0.103779 1.553284 -0.097101
v -0.043857 1.569281 -0.080199
v -0.027940 1.572270 -0.050007
v -0.073618 1.554152 -0.098351
v -0.121610 1.747334 -0.011202
v -0.137128 1.730219 -0.002571
v -0.099420 1.749185 -0.004328
v -0.151081 1.708545 -0.004864
v -0.158630 1.682475 -0.009546
v -0.055589 1.743973 -0.010652
v -0.036665 1.734780 -0.001108
v -0.077614 1.749671 -0.006110
v -0.022710 1.708761 -0.005136
v -0.016712 1.682578 -0.009801
v -0.117166 1.742660 0.004878
v -0.138819 1.727189 0.009156
v -0.099863 1.748761 0.013656
v -0.153808 1.706063 0.005770
v -0.158355 1.679693 0.001676
v -0.055764 1.743487 0.005224
v -0.035978 1.732402 0.010830
v -0.078491 1.744759 0.013155
v -0.020982 1.707500 0.006395
v -0.017999 1.680065 0.001171
v -0.118604 1.744062 -0.028559
v -0.134757 1.734552 -0.018940
v -0.100933 1.753890 -0.020668
v -0.147769 1.709992 -0.020872
v -0.161618 1.684450 -0.022097
v -0.056087 1.747396 -0.030379
v -0.039306 1.734097 -0.019111
v -0.075708 1.753880 -0.022045
v -0.025907 1.710706 -0.020194
v -0.018640 1.684181 -0.022857
v -0.098914 1.757903 -0.019322
v -0.094257 1.754676 -0.025101
v -0.102533 1.757675 -0.022003
v -0.097642 1.754490 -0.027183
v -0.104467 1.757127 -0.014052
v -0.106673 1.756972 -0.016646
v -0.109532 1.752577 -0.013034
v -0.110749 1.752566 -0.015125
v -0.105502 1.753719 -0.032409
v -0.097749 1.757000 -0.037991
v -0.105968 1.752926 -0.033859
v -0.098591 1.756193 -0.038814
v -0.112970 1.747817 -0.029484
v -0.112978 1.747231 -0.031101
v -0.118543 1.740742 -0.029168
v -0.118187 1.740224 -0.030285
v -0.121302 1.738408 -0.035256
v -0.118926 1.737621 -0.036657
v -0.118722 1.738115 -0.035891
v -0.115195 1.739169 -0.040832
v -0.116979 1.738240 -0.038622
v -0.113662 1.741167 -0.040154
v -0.116084 1.739686 -0.037456
v -0.104804 1.745853 -0.045034
v -0.094377 1.746087 -0.048347
v -0.107180 1.743056 -0.046448
v -0.096041 1.744454 -0.049686
v -0.114648 1.740676 -0.040044
v -0.115788 1.738699 -0.041199
v -0.118523 1.736818 -0.038233
v -0.119342 1.735997 -0.038835
v -0.104361 1.746517 -0.048020
v -0.096062 1.746108 -0.048664
v -0.104469 1.746171 -0.048928
v -0.096407 1.744646 -0.050686
v -0.114032 1.742572 -0.047091
v -0.113851 1.742583 -0.047564
v -0.119330 1.738943 -0.047277
v -0.120688 1.741549 -0.047675
v -0.112681 1.740494 -0.056498
v -0.104592 1.741704 -0.052730
v -0.109000 1.741797 -0.061501
v -0.101211 1.741756 -0.058223
v -0.117500 1.739925 -0.060899
v -0.114540 1.740339 -0.064791
v -0.124432 1.738902 -0.068532
v -0.124094 1.738581 -0.073203
v -0.109007 1.738374 -0.083087
v -0.109536 1.738239 -0.082884
v -0.105699 1.739480 -0.076037
v -0.106677 1.739088 -0.075253
v -0.100972 1.739884 -0.068436
v -0.103051 1.739750 -0.070290
v -0.102470 1.739750 -0.067421
v -0.104194 1.739480 -0.070017
v -0.084640 1.738157 -0.092954
v -0.080105 1.734920 -0.087431
v -0.082380 1.734962 -0.096532
v -0.079125 1.730722 -0.089546
v -0.088647 1.736998 -0.094450
v -0.086991 1.733120 -0.097583
v -0.094689 1.733710 -0.095459
v -0.094035 1.731601 -0.097465
v -0.078400 1.745175 -0.061770
v -0.074858 1.745276 -0.056460
v -0.077846 1.744301 -0.063264
v -0.074664 1.744165 -0.057451
v -0.084432 1.744920 -0.069949
v -0.084115 1.744837 -0.071744
v -0.090867 1.743121 -0.077696
v -0.090571 1.743214 -0.079083
v -0.062451 1.748161 0.004052
v -0.058331 1.746590 0.002499
v -0.062954 1.748440 0.002540
v -0.057778 1.746786 0.001577
v -0.067289 1.747148 0.004609
v -0.067475 1.748503 0.002340
v -0.070620 1.747169 0.004078
v -0.069928 1.747303 0.001521
v -0.075790 1.748192 0.003046
v -0.073335 1.747169 0.000216
v -0.073304 1.747003 -0.002372
v -0.075907 1.747944 0.000036
v -0.069873 1.745462 0.000138
v -0.070847 1.745514 0.002451
v -0.066852 1.745763 0.001384
v -0.066936 1.746093 0.003430
v -0.057718 1.745431 0.002801
v -0.062240 1.745224 0.002056
v -0.058226 1.745162 0.003494
v -0.061996 1.745979 0.003597
v -0.074400 1.747231 0.002825
v -0.076797 1.746631 0.005661
v -0.070612 1.748202 0.004717
v -0.071293 1.746538 0.007111
v -0.067508 1.747427 0.005753
v -0.067332 1.745731 0.007823
v -0.057936 1.744387 0.004990
v -0.062933 1.746414 0.005616
v -0.058483 1.744242 0.005901
v -0.062477 1.746000 0.007123
v -0.116640 1.722801 -0.104643
v -0.115399 1.723565 -0.104600
v -0.119989 1.732904 -0.082416
v -0.114796 1.733431 -0.078264
v -0.118523 1.733183 -0.084132
v -0.114078 1.733759 -0.079499
v -0.126118 1.732294 -0.087738
v -0.124303 1.732159 -0.089374
v -0.129264 1.730339 -0.092806
v -0.127837 1.730195 -0.093904
v -0.124983 1.735458 -0.052076
v -0.121244 1.734238 -0.052983
v -0.126246 1.735054 -0.055014
v -0.123869 1.733907 -0.057643
v -0.127143 1.735303 -0.051795
v -0.128847 1.735334 -0.052727
v -0.132103 1.735375 -0.051872
v -0.131643 1.734965 -0.052802
v -0.131467 1.734962 -0.054589
v -0.125333 1.732780 -0.058084
v -0.132511 1.734579 -0.058214
v -0.126934 1.731683 -0.061740
v -0.134168 1.733481 -0.054308
v -0.134058 1.733105 -0.057088
v -0.134663 1.731564 -0.055210
v -0.134457 1.731770 -0.057628
v -0.109941 1.742695 -0.044141
v -0.102628 1.744803 -0.045143
v -0.110504 1.741433 -0.045286
v -0.102888 1.743288 -0.046540
v -0.117451 1.741253 -0.042761
v -0.117201 1.741135 -0.044216
v -0.120601 1.738860 -0.041710
v -0.120586 1.739015 -0.043079
v -0.090793 1.751630 -0.052868
v -0.085557 1.744653 -0.054788
v -0.093415 1.750284 -0.055706
v -0.085709 1.742729 -0.058694
v -0.099307 1.748981 -0.052453
v -0.099704 1.747826 -0.054443
v -0.106018 1.743700 -0.056524
v -0.105618 1.743462 -0.058459
v -0.098057 1.747141 -0.053991
v -0.092563 1.747181 -0.054154
v -0.097850 1.746182 -0.056082
v -0.092542 1.746114 -0.055641
v -0.105856 1.745178 -0.056591
v -0.105596 1.744558 -0.058137
v -0.111979 1.741238 -0.060737
v -0.111886 1.740980 -0.061604
v -0.113504 1.739553 -0.051816
v -0.106044 1.741980 -0.049345
v -0.112750 1.740318 -0.055335
v -0.104222 1.741942 -0.052643
v -0.118087 1.739542 -0.055978
v -0.118134 1.740887 -0.059972
v -0.124545 1.741528 -0.063748
v -0.124109 1.741063 -0.067133
v -0.115671 1.736440 -0.049453
v -0.111897 1.739326 -0.048406
v -0.115416 1.736606 -0.052450
v -0.111448 1.739780 -0.050299
v -0.118813 1.735324 -0.052910
v -0.118275 1.735293 -0.054673
v -0.121478 1.734807 -0.058049
v -0.121502 1.735466 -0.060836
v -0.095111 1.745665 -0.058818
v -0.087859 1.743563 -0.058956
v -0.095464 1.743545 -0.063408
v -0.088967 1.743338 -0.062868
v -0.104637 1.744558 -0.064117
v -0.103966 1.744165 -0.065962
v -0.110963 1.741104 -0.067833
v -0.110531 1.741125 -0.068553
v -0.081285 1.747756 -0.058262
v -0.078174 1.749301 -0.054099
v -0.080267 1.746247 -0.060244
v -0.077351 1.747694 -0.055590
v -0.086895 1.744672 -0.064630
v -0.086535 1.744175 -0.066224
v -0.093373 1.743152 -0.071030
v -0.093331 1.743038 -0.071958
v -0.086472 1.748292 -0.055005
v -0.084149 1.749670 -0.052185
v -0.085398 1.747901 -0.055584
v -0.083132 1.749285 -0.052712
v -0.089560 1.745490 -0.059216
v -0.089003 1.745168 -0.060131
v -0.092699 1.744412 -0.063915
v -0.092457 1.744072 -0.064928
v -0.124505 1.734497 -0.042962
v -0.119495 1.734672 -0.046543
v -0.124663 1.734434 -0.044254
v -0.123847 1.734320 -0.048019
v -0.129800 1.737117 -0.041867
v -0.129467 1.737376 -0.042947
v -0.132476 1.738946 -0.042707
v -0.132875 1.739635 -0.043385
v -0.124067 1.737900 -0.034255
v -0.120251 1.736080 -0.036758
v -0.124673 1.737520 -0.035202
v -0.122331 1.735672 -0.037604
v -0.129095 1.739730 -0.033931
v -0.129505 1.739460 -0.034901
v -0.132791 1.740781 -0.036229
v -0.132195 1.740454 -0.036794
v -0.106673 1.737433 -0.085951
v -0.107220 1.737392 -0.085780
v -0.105069 1.739088 -0.077960
v -0.105873 1.738726 -0.077233
v -0.101224 1.740132 -0.069912
v -0.102756 1.740080 -0.073100
v -0.102566 1.739904 -0.069551
v -0.104266 1.739626 -0.073308
v -0.103881 1.737371 -0.086276
v -0.104423 1.737412 -0.086097
v -0.100641 1.740432 -0.078314
v -0.102388 1.739191 -0.078098
v -0.096834 1.740597 -0.067265
v -0.099132 1.741301 -0.073387
v -0.098619 1.739729 -0.067658
v -0.101590 1.740018 -0.073856
v -0.110866 1.738446 -0.081225
v -0.111316 1.738301 -0.081013
v -0.107517 1.739615 -0.074161
v -0.108479 1.739160 -0.073363
v -0.102120 1.738716 -0.064710
v -0.103761 1.740515 -0.068191
v -0.102995 1.738508 -0.064134
v -0.105983 1.740277 -0.068336
v -0.123134 1.735272 -0.079130
v -0.123534 1.735240 -0.078695
v -0.117495 1.736512 -0.073806
v -0.118049 1.736275 -0.072671
v -0.109030 1.738550 -0.064787
v -0.111849 1.737960 -0.068950
v -0.109845 1.738374 -0.064488
v -0.114067 1.737702 -0.068661
v -0.121247 1.737955 -0.035849
v -0.122519 1.737496 -0.033562
v -0.118627 1.738743 -0.033126
v -0.118780 1.739391 -0.032169
v -0.109663 1.748780 -0.039282
v -0.115727 1.742852 -0.034847
v -0.110156 1.748945 -0.038374
v -0.115334 1.744334 -0.034071
v -0.121916 1.736935 -0.034469
v -0.111127 1.751398 -0.024239
v -0.104216 1.751367 -0.027473
v -0.112038 1.749384 -0.027429
v -0.105669 1.749741 -0.029409
v -0.117714 1.749098 -0.022273
v -0.117344 1.747462 -0.026050
v -0.130074 1.743453 -0.023051
v -0.128389 1.743732 -0.024971
v -0.125253 1.745960 -0.021974
v -0.123903 1.745518 -0.025166
v -0.116364 1.735944 -0.085992
v -0.117005 1.735820 -0.085736
v -0.112436 1.737092 -0.079221
v -0.113217 1.736637 -0.078193
v -0.106831 1.737759 -0.070053
v -0.108557 1.737741 -0.073167
v -0.107685 1.737485 -0.069664
v -0.110530 1.737526 -0.073429
v -0.123872 1.733348 -0.086653
v -0.125274 1.733565 -0.085929
v -0.119622 1.733938 -0.080458
v -0.121346 1.734134 -0.079581
v -0.109835 1.733814 -0.069286
v -0.113487 1.733969 -0.073082
v -0.110564 1.733803 -0.068181
v -0.114706 1.734031 -0.071901
v -0.117192 1.728137 -0.098706
v -0.119090 1.727433 -0.098743
v -0.116220 1.730060 -0.087737
v -0.115920 1.729791 -0.091621
v -0.117545 1.730008 -0.087705
v -0.117887 1.729584 -0.091610
v -0.108782 1.721301 -0.108831
v -0.109323 1.722335 -0.108738
v -0.106966 1.726647 -0.101759
v -0.107648 1.728002 -0.101639
v -0.103364 1.733597 -0.088911
v -0.105292 1.732345 -0.093955
v -0.103952 1.733772 -0.088749
v -0.106005 1.733131 -0.093791
v -0.104626 1.730494 -0.106546
v -0.105266 1.730670 -0.106649
v -0.106469 1.731963 -0.100060
v -0.107415 1.732190 -0.100165
v -0.108098 1.732573 -0.087726
v -0.107834 1.732728 -0.092826
v -0.108974 1.732490 -0.087800
v -0.108937 1.732790 -0.092913
v -0.087151 1.721021 -0.103764
v -0.088426 1.725117 -0.102026
v -0.080552 1.720412 -0.103105
v -0.082863 1.727805 -0.100343
v -0.071303 1.719305 -0.099530
v -0.075566 1.722449 -0.103805
v -0.074960 1.725407 -0.093438
v -0.078885 1.728291 -0.099883
v -0.089447 1.723214 -0.101030
v -0.090682 1.727247 -0.098367
v -0.083266 1.726109 -0.099831
v -0.085367 1.733462 -0.098211
v -0.077129 1.726141 -0.094171
v -0.079950 1.730143 -0.099139
v -0.077285 1.730132 -0.090202
v -0.081672 1.734569 -0.096678
v -0.087332 1.742541 -0.088456
v -0.084498 1.736843 -0.085524
v -0.084821 1.740215 -0.092832
v -0.080918 1.733472 -0.089257
v -0.090498 1.740742 -0.090544
v -0.088377 1.738074 -0.093609
v -0.096923 1.737092 -0.094964
v -0.095077 1.736720 -0.095731
v -0.094018 1.744124 -0.083827
v -0.087638 1.737050 -0.077710
v -0.086057 1.743203 -0.088006
v -0.080702 1.734527 -0.078900
v -0.098627 1.742159 -0.088632
v -0.092355 1.740752 -0.091538
v -0.103521 1.735975 -0.093318
v -0.101310 1.736709 -0.094574
v -0.100971 1.716017 -0.108056
v -0.101645 1.716844 -0.107156
v -0.094373 1.719460 -0.105046
v -0.096579 1.724269 -0.105460
v -0.085950 1.715934 -0.102692
v -0.089768 1.720225 -0.103699
v -0.088266 1.720029 -0.099986
v -0.092136 1.726171 -0.103373
v -0.103703 1.718674 -0.105543
v -0.105112 1.719636 -0.104757
v -0.098654 1.723421 -0.101731
v -0.100830 1.726265 -0.102677
v -0.088138 1.726233 -0.096062
v -0.093378 1.724331 -0.100376
v -0.090766 1.729863 -0.092274
v -0.096130 1.729067 -0.100530
v -0.104706 1.721921 -0.104553
v -0.106176 1.722801 -0.103945
v -0.099768 1.726027 -0.100812
v -0.103012 1.729243 -0.101392
v -0.090932 1.728746 -0.093729
v -0.095911 1.729419 -0.097576
v -0.094721 1.731373 -0.091856
v -0.099742 1.732821 -0.098377
v -0.108091 1.726109 -0.099303
v -0.109531 1.727175 -0.098795
v -0.103328 1.729129 -0.095116
v -0.106604 1.733204 -0.096212
v -0.097163 1.732780 -0.091312
v -0.099907 1.730691 -0.092388
v -0.101041 1.732469 -0.088829
v -0.102599 1.734093 -0.093133
v -0.100531 1.741549 -0.087333
v -0.100435 1.741580 -0.083443
v -0.095123 1.744382 -0.082698
v -0.095937 1.743813 -0.078545
v -0.083890 1.742510 -0.072281
v -0.090205 1.743007 -0.078320
v -0.080986 1.742469 -0.065736
v -0.090386 1.742903 -0.073658
v -0.075427 1.736688 -0.077878
v -0.074889 1.732562 -0.075512
v -0.072737 1.736668 -0.079920
v -0.072617 1.732014 -0.077445
v -0.076838 1.738323 -0.080807
v -0.074734 1.738281 -0.083298
v -0.078575 1.739553 -0.086461
v -0.078157 1.739202 -0.088016
v -0.078547 1.738260 -0.076049
v -0.078362 1.735954 -0.071893
v -0.076170 1.738126 -0.078449
v -0.076122 1.734838 -0.073557
v -0.079799 1.739170 -0.079389
v -0.078010 1.738560 -0.081477
v -0.081623 1.740660 -0.085224
v -0.081245 1.740370 -0.086827
v -0.071205 1.737340 -0.080991
v -0.068286 1.731745 -0.077831
v -0.069163 1.736306 -0.084000
v -0.065199 1.730949 -0.080737
v -0.074309 1.737278 -0.083408
v -0.072456 1.737433 -0.086967
v -0.077491 1.737805 -0.087336
v -0.077635 1.738188 -0.087942
v -0.069864 1.736316 -0.085910
v -0.066322 1.730504 -0.082600
v -0.068205 1.736016 -0.087285
v -0.063646 1.729709 -0.084960
v -0.073000 1.737319 -0.087673
v -0.071475 1.736647 -0.089993
v -0.076636 1.735841 -0.090051
v -0.076706 1.735365 -0.091492
v -0.081904 1.740763 -0.072316
v -0.080987 1.738209 -0.069322
v -0.081290 1.739449 -0.072397
v -0.080166 1.737454 -0.069983
v -0.083602 1.742345 -0.075047
v -0.083291 1.741818 -0.075913
v -0.086346 1.742842 -0.080848
v -0.086020 1.743079 -0.081176
v -0.102385 1.737960 -0.090836
v -0.102886 1.737774 -0.090525
v -0.099368 1.741838 -0.084564
v -0.101109 1.740525 -0.084330
v -0.092953 1.740690 -0.071894
v -0.097855 1.742965 -0.079779
v -0.093811 1.740401 -0.071891
v -0.098485 1.741849 -0.078285
v -0.104778 1.735913 -0.092663
v -0.105327 1.736027 -0.092494
v -0.101796 1.739708 -0.086477
v -0.103544 1.738457 -0.086264
v -0.095027 1.740015 -0.075023
v -0.100299 1.741332 -0.081792
v -0.096212 1.739294 -0.073831
v -0.100920 1.740246 -0.080304
v -0.112392 1.747934 -0.004763
v -0.106041 1.749278 -0.003779
v -0.111386 1.749847 -0.007086
v -0.104628 1.750933 -0.006782
v -0.118919 1.747675 -0.008540
v -0.117347 1.748906 -0.010338
v -0.123591 1.748844 -0.012046
v -0.121688 1.749309 -0.013288
v -0.098495 1.748534 -0.005819
v -0.097831 1.749485 -0.008287
v -0.103698 1.751770 0.006347
v -0.100185 1.752990 0.007042
v -0.102529 1.752546 0.005126
v -0.100194 1.753187 0.005567
v -0.105031 1.751243 0.003417
v -0.103552 1.752163 0.003496
v -0.104416 1.748089 -0.000050
v -0.100956 1.748678 -0.001396
v -0.096699 1.754035 0.006167
v -0.097723 1.754056 0.004426
v -0.128717 1.739527 -0.004545
v -0.124678 1.738989 -0.007583
v -0.130142 1.739692 -0.006203
v -0.126011 1.738979 -0.009047
v -0.134944 1.740571 -0.001772
v -0.135513 1.740860 -0.003005
v -0.138862 1.741677 0.000017
v -0.138969 1.741884 -0.000818
v -0.105615 1.751202 0.012854
v -0.100681 1.752484 0.015283
v -0.103232 1.752650 0.010209
v -0.099971 1.752587 0.013124
v -0.108457 1.749692 0.009118
v -0.104880 1.752111 0.007146
v -0.108805 1.745514 0.001442
v -0.105840 1.747169 -0.000822
v -0.093326 1.752712 0.016094
v -0.092917 1.752515 0.014655
v -0.113392 1.740891 0.016054
v -0.110122 1.743643 0.016871
v -0.111347 1.744376 0.013699
v -0.109840 1.745018 0.014523
v -0.116213 1.739702 0.013406
v -0.112180 1.743353 0.011910
v -0.115449 1.740633 0.009748
v -0.112377 1.743332 0.009164
v -0.106764 1.749836 0.016911
v -0.106468 1.749826 0.015494
v -0.110236 1.747530 0.013059
v -0.108636 1.752256 0.014410
v -0.109962 1.748482 0.011042
v -0.108528 1.753136 0.012461
v -0.111548 1.743622 0.010239
v -0.110567 1.746352 0.008464
v -0.112388 1.742567 0.007523
v -0.110413 1.745659 0.005617
v -0.102673 1.753177 0.015102
v -0.102264 1.752970 0.013684
v -0.121249 1.742691 0.011932
v -0.115809 1.743528 0.010992
v -0.120387 1.743053 0.009798
v -0.115931 1.743177 0.008787
v -0.128367 1.741037 0.012579
v -0.126944 1.741595 0.010722
v -0.134030 1.738358 0.012950
v -0.132919 1.738730 0.011763
v -0.112862 1.744335 0.009123
v -0.113287 1.743746 0.007187
v -0.113354 1.749682 -0.004285
v -0.110671 1.750012 -0.004448
v -0.113442 1.750322 -0.005628
v -0.111033 1.750354 -0.006215
v -0.115908 1.749092 -0.006254
v -0.115638 1.750054 -0.007170
v -0.118723 1.750405 -0.009427
v -0.118437 1.751026 -0.009891
v -0.107528 1.747737 -0.006868
v -0.108047 1.747965 -0.008344
v -0.115527 1.745080 -0.000770
v -0.112609 1.745948 -0.000047
v -0.115123 1.745845 -0.002194
v -0.112542 1.746579 -0.001712
v -0.118416 1.744563 -0.003068
v -0.117839 1.745307 -0.004047
v -0.121563 1.745690 -0.006511
v -0.121026 1.746197 -0.006996
v -0.109241 1.745917 -0.001147
v -0.109322 1.746383 -0.002475
v -0.116949 1.745359 0.002232
v -0.113885 1.745690 0.001247
v -0.116907 1.745804 0.000623
v -0.114207 1.745897 -0.000448
v -0.121007 1.744345 0.001741
v -0.120625 1.744883 0.000479
v -0.124999 1.745028 -0.000215
v -0.124578 1.745421 -0.000926
v -0.111587 1.744097 -0.000887
v -0.111983 1.744170 -0.002183
v -0.099374 1.754159 0.001373
v -0.094759 1.755649 0.001784
v -0.098185 1.754862 0.000178
v -0.094935 1.756000 0.000009
v -0.101029 1.754004 -0.000626
v -0.099077 1.754035 -0.001371
v -0.099663 1.748244 -0.001184
v -0.097294 1.749154 -0.001837
v -0.090123 1.756848 -0.001066
v -0.090220 1.757013 -0.002905
v -0.096379 1.757386 -0.007057
v -0.092778 1.756817 -0.006605
v -0.096093 1.757830 -0.008791
v -0.093419 1.757179 -0.008275
v -0.098646 1.756775 -0.010527
v -0.097489 1.758275 -0.010936
v -0.099750 1.752391 -0.014801
v -0.098399 1.754707 -0.014612
v -0.090268 1.756238 -0.008404
v -0.090306 1.756465 -0.009828
v -0.096020 1.758926 -0.011264
v -0.093342 1.760043 -0.012220
v -0.096121 1.759547 -0.012715
v -0.093715 1.760240 -0.013534
v -0.099276 1.757789 -0.012422
v -0.098263 1.758306 -0.013290
v -0.099463 1.752960 -0.014096
v -0.099733 1.753228 -0.016918
v -0.090592 1.760405 -0.016305
v -0.090888 1.760478 -0.016976
v -0.095896 1.758337 -0.013536
v -0.093245 1.757995 -0.014524
v -0.096251 1.758730 -0.015055
v -0.093754 1.758202 -0.015885
v -0.099159 1.757892 -0.014472
v -0.098087 1.758202 -0.016335
v -0.100986 1.752380 -0.017803
v -0.099871 1.753270 -0.019117
v -0.090091 1.757944 -0.018174
v -0.090980 1.758037 -0.019123
v -0.092810 1.756548 -0.005128
v -0.090122 1.756072 -0.006096
v -0.092823 1.756806 -0.005945
v -0.090652 1.756569 -0.006566
v -0.096107 1.755627 -0.006609
v -0.095073 1.756351 -0.007229
v -0.096775 1.750685 -0.009193
v -0.095342 1.752628 -0.009620
v -0.088649 1.755534 -0.007593
v -0.088774 1.755649 -0.008057
v -0.069104 1.748358 0.000612
v -0.064508 1.746776 0.001388
v -0.068886 1.747520 -0.000966
v -0.063757 1.746558 0.000819
v -0.074420 1.750550 -0.001137
v -0.073630 1.749857 -0.003082
v -0.077780 1.751481 -0.003299
v -0.076517 1.750333 -0.005019
v -0.082662 1.749991 -0.005706
v -0.079824 1.748461 -0.006976
v -0.070854 1.749609 0.001624
v -0.065833 1.748213 0.002836
v -0.070135 1.748978 0.001172
v -0.064834 1.747313 0.002089
v -0.075428 1.750943 0.000526
v -0.074511 1.750592 -0.000774
v -0.079246 1.751791 -0.001613
v -0.078154 1.751491 -0.002819
v -0.083376 1.749557 -0.004242
v -0.082168 1.749371 -0.005569
v -0.073702 1.750002 0.004325
v -0.070061 1.749485 0.004900
v -0.073201 1.750499 0.003481
v -0.069675 1.749961 0.004278
v -0.077868 1.751440 0.003749
v -0.077243 1.751191 0.002344
v -0.082008 1.752339 0.002022
v -0.081069 1.752142 0.000681
v -0.085998 1.750954 -0.000103
v -0.084955 1.750384 -0.001320
v -0.072500 1.751677 0.002389
v -0.067259 1.749650 0.002891
v -0.072006 1.751698 0.001807
v -0.067062 1.750643 0.002535
v -0.076634 1.752091 0.000955
v -0.075891 1.751812 -0.000050
v -0.080107 1.752132 -0.000841
v -0.079450 1.751884 -0.001934
v -0.083384 1.749630 -0.003723
v -0.082965 1.749764 -0.004865
v -0.091585 1.755483 0.002996
v -0.088341 1.754469 -0.000814
v -0.091742 1.755721 0.002080
v -0.088513 1.754449 -0.001264
v -0.095221 1.754459 0.004373
v -0.094084 1.755110 0.002960
v -0.098266 1.753404 0.001888
v -0.097917 1.753942 0.001108
v -0.101487 1.748461 -0.001298
v -0.099391 1.749444 -0.002458
v -0.085650 1.752474 0.010239
v -0.081208 1.749516 0.008971
v -0.086141 1.753136 0.009087
v -0.081391 1.750043 0.008222
v -0.088729 1.752566 0.009989
v -0.088136 1.752918 0.008132
v -0.093202 1.752587 0.008659
v -0.091449 1.752546 0.006816
v -0.096005 1.750178 0.005048
v -0.094991 1.750530 0.003581
v -0.082338 1.750912 0.007363
v -0.077676 1.748079 0.007868
v -0.081534 1.751016 0.006640
v -0.077235 1.748492 0.006969
v -0.085436 1.753021 0.007246
v -0.084633 1.753063 0.006003
v -0.088879 1.751843 0.005140
v -0.087788 1.752288 0.004127
v -0.091867 1.751243 0.002672
v -0.090790 1.750901 0.001951
v -0.081228 1.752835 0.004959
v -0.079822 1.751791 0.004189
v -0.081319 1.751884 0.003459
v -0.079773 1.752070 0.003761
v -0.084983 1.753611 0.004957
v -0.084557 1.753818 0.003569
v -0.088681 1.752226 0.003744
v -0.087930 1.752846 0.002482
v -0.092052 1.751398 0.002106
v -0.091137 1.751150 0.001100
v -0.071055 1.747975 0.006165
v -0.066908 1.747003 0.006311
v -0.071033 1.748503 0.005681
v -0.067130 1.747179 0.005993
v -0.074729 1.748596 0.005825
v -0.074281 1.749216 0.005049
v -0.078314 1.748865 0.005527
v -0.078148 1.749289 0.004564
v -0.081665 1.749775 0.005131
v -0.080541 1.750064 0.004273
v -0.066363 1.743497 0.006910
v -0.070796 1.743611 0.007258
v -0.063832 1.745007 0.010126
v -0.065982 1.743497 0.012669
v -0.061555 1.744552 0.012289
v -0.063118 1.743415 0.015098
v -0.054189 1.743022 0.017712
v -0.058362 1.744366 0.015326
v -0.054982 1.743239 0.018285
v -0.058974 1.743653 0.017295
v -0.060195 1.741130 0.007622
v -0.063921 1.741874 0.008097
v -0.059109 1.742598 0.010096
v -0.060460 1.743839 0.012134
v -0.057750 1.743549 0.011783
v -0.058440 1.744376 0.014104
v -0.050593 1.741130 0.015348
v -0.054731 1.743125 0.013219
v -0.051408 1.741553 0.015957
v -0.055109 1.743187 0.015519
v -0.059174 1.741243 0.004942
v -0.060607 1.741895 0.007948
v -0.056003 1.741770 0.006299
v -0.055906 1.742649 0.009851
v -0.052522 1.743942 0.007578
v -0.052727 1.743053 0.010178
v -0.042814 1.741336 0.006230
v -0.049079 1.744418 0.007285
v -0.043646 1.741646 0.007247
v -0.048806 1.743311 0.008905
v -0.071149 1.739754 0.011181
v -0.073643 1.740281 0.011767
v -0.066973 1.742691 0.015484
v -0.067969 1.742225 0.017406
v -0.064013 1.741957 0.018474
v -0.065364 1.741564 0.020324
v -0.055470 1.740333 0.022620
v -0.060509 1.741750 0.021006
v -0.056410 1.740002 0.022847
v -0.061264 1.740385 0.022379
v -0.087415 1.748295 0.009295
v -0.090364 1.747799 0.010705
v -0.084900 1.751470 0.014222
v -0.086959 1.751016 0.015829
v -0.081499 1.749082 0.017299
v -0.083305 1.749754 0.019261
v -0.072585 1.741295 0.020285
v -0.076747 1.745100 0.019474
v -0.073766 1.741967 0.022789
v -0.079429 1.747138 0.022013
v -0.070451 1.738937 0.020679
v -0.073301 1.740323 0.023432
v -0.069417 1.739040 0.025247
v -0.072455 1.740509 0.027929
v -0.067917 1.738596 0.029265
v -0.070725 1.738937 0.030948
v -0.062216 1.736352 0.034913
v -0.064742 1.737645 0.032775
v -0.063677 1.736073 0.036296
v -0.067413 1.738161 0.033994
v -0.074133 1.740809 0.024218
v -0.078683 1.741615 0.026243
v -0.072706 1.740385 0.027459
v -0.077118 1.740716 0.029767
v -0.072089 1.740364 0.030776
v -0.075639 1.740095 0.032777
v -0.065749 1.739082 0.034909
v -0.068586 1.739734 0.033198
v -0.067171 1.738606 0.036638
v -0.072152 1.739692 0.035216
v -0.095794 1.747334 0.013978
v -0.097520 1.747024 0.014791
v -0.095323 1.749692 0.017631
v -0.097501 1.749640 0.019048
v -0.093392 1.749495 0.023734
v -0.094988 1.750054 0.025479
v -0.083562 1.743022 0.036484
v -0.088902 1.745928 0.031015
v -0.083873 1.743528 0.037556
v -0.089568 1.746703 0.032688
v -0.106384 1.742298 0.021312
v -0.106868 1.740013 0.023123
v -0.104775 1.742939 0.023668
v -0.105402 1.741977 0.025666
v -0.103145 1.746910 0.025922
v -0.103831 1.745452 0.027859
v -0.091606 1.750468 0.028223
v -0.099098 1.748254 0.027511
v -0.091831 1.749598 0.029251
v -0.099513 1.747686 0.029569
v -0.103312 1.746041 0.016352
v -0.103304 1.746010 0.018370
v -0.101422 1.749547 0.018807
v -0.101853 1.748875 0.020111
v -0.099614 1.749806 0.020564
v -0.099976 1.749278 0.021649
v -0.094677 1.751274 0.025604
v -0.097508 1.750240 0.022577
v -0.094676 1.751016 0.026128
v -0.098032 1.749350 0.023607
v -0.108678 1.742887 0.017010
v -0.108959 1.741926 0.018133
v -0.108021 1.744097 0.018893
v -0.108248 1.743476 0.019594
v -0.107116 1.745287 0.020168
v -0.107370 1.744687 0.020998
v -0.102474 1.747799 0.023666
v -0.105643 1.746600 0.021181
v -0.102479 1.747737 0.023979
v -0.105863 1.746300 0.022125
v -0.074549 1.755596 -0.025832
v -0.069878 1.752060 -0.025235
v -0.074190 1.756114 -0.027390
v -0.068817 1.751750 -0.025789
v -0.079400 1.757810 -0.027713
v -0.078419 1.758078 -0.029674
v -0.081994 1.758120 -0.030234
v -0.080671 1.757975 -0.031898
v -0.085447 1.754635 -0.032668
v -0.083701 1.754717 -0.034376
v -0.070639 1.753559 -0.028073
v -0.062570 1.748120 -0.027794
v -0.070698 1.754242 -0.029566
v -0.065202 1.748792 -0.029206
v -0.074967 1.755421 -0.029191
v -0.074236 1.755659 -0.030604
v -0.077668 1.755245 -0.030827
v -0.076665 1.754500 -0.032120
v -0.081972 1.754738 -0.033324
v -0.080211 1.754035 -0.034503
v -0.063469 1.749568 -0.024264
v -0.057874 1.749071 -0.022987
v -0.063678 1.749020 -0.025625
v -0.059197 1.749289 -0.024387
v -0.068425 1.751512 -0.025594
v -0.067932 1.751046 -0.026745
v -0.072104 1.754056 -0.026339
v -0.071081 1.753725 -0.027607
v -0.076399 1.757406 -0.028382
v -0.074743 1.757230 -0.029403
v -0.056218 1.747872 -0.023078
v -0.053146 1.748358 -0.023736
v -0.056463 1.748099 -0.023936
v -0.053427 1.748523 -0.024237
v -0.060135 1.747716 -0.022729
v -0.060064 1.747955 -0.023734
v -0.063634 1.747851 -0.023440
v -0.063220 1.747975 -0.024279
v -0.066413 1.748048 -0.024461
v -0.066020 1.748089 -0.024996
v -0.058346 1.747262 -0.018885
v -0.053900 1.747416 -0.019523
v -0.058543 1.747355 -0.019383
v -0.054168 1.747479 -0.019851
v -0.062425 1.747737 -0.019130
v -0.062229 1.747768 -0.019771
v -0.066055 1.748626 -0.020576
v -0.065561 1.748534 -0.021300
v -0.068687 1.749330 -0.022228
v -0.068269 1.749206 -0.022774
v -0.058485 1.747086 -0.018028
v -0.054131 1.747231 -0.018096
v -0.058680 1.747148 -0.018427
v -0.054369 1.747272 -0.018486
v -0.062610 1.747789 -0.018690
v -0.062551 1.747789 -0.018941
v -0.066797 1.748823 -0.019422
v -0.066480 1.748647 -0.019615
v -0.070737 1.748482 -0.019555
v -0.070404 1.748234 -0.019676
v -0.077344 1.757086 -0.016605
v -0.073865 1.755359 -0.016736
v -0.077260 1.756868 -0.017566
v -0.074044 1.755286 -0.017423
v -0.082247 1.757810 -0.017351
v -0.081601 1.757458 -0.018689
v -0.086805 1.757323 -0.018655
v -0.085761 1.757086 -0.020876
v -0.089844 1.756042 -0.020300
v -0.089250 1.755989 -0.022401
v -0.076007 1.756868 -0.015769
v -0.072783 1.754707 -0.016118
v -0.075954 1.756755 -0.016506
v -0.072845 1.754666 -0.016627
v -0.080568 1.758409 -0.016415
v -0.080293 1.758327 -0.017272
v -0.084947 1.758751 -0.017913
v -0.084650 1.758782 -0.018731
v -0.088617 1.758078 -0.019313
v -0.088442 1.758120 -0.019890
v -0.075486 1.755504 -0.014553
v -0.072210 1.753487 -0.014586
v -0.075389 1.756072 -0.015082
v -0.072191 1.753880 -0.015243
v -0.079957 1.756341 -0.014676
v -0.079732 1.756889 -0.015246
v -0.083739 1.755421 -0.015021
v -0.083575 1.755824 -0.016122
v -0.085392 1.752360 -0.016355
v -0.085369 1.752577 -0.017276
v -0.076311 1.756031 -0.018904
v -0.073091 1.754314 -0.018748
v -0.076211 1.755876 -0.019550
v -0.073082 1.754211 -0.019145
v -0.081083 1.757365 -0.019833
v -0.080760 1.757261 -0.020906
v -0.085904 1.757944 -0.022046
v -0.085166 1.757923 -0.023738
v -0.088384 1.756228 -0.024144
v -0.087619 1.756228 -0.025634
v -0.058504 1.750602 -0.013004
v -0.055421 1.749516 -0.012700
v -0.058420 1.750209 -0.013775
v -0.055455 1.749412 -0.013173
v -0.061786 1.749557 -0.013688
v -0.061423 1.749216 -0.014713
v -0.065817 1.748295 -0.015025
v -0.065499 1.748130 -0.015685
v -0.071765 1.750033 -0.016124
v -0.070822 1.748440 -0.016812
v -0.055205 1.750240 -0.010653
v -0.052224 1.749578 -0.010314
v -0.055089 1.749961 -0.011314
v -0.052221 1.749392 -0.010673
v -0.059427 1.749588 -0.011607
v -0.059151 1.749361 -0.012549
v -0.064533 1.748958 -0.013422
v -0.064217 1.748926 -0.014544
v -0.069739 1.748647 -0.015397
v -0.069517 1.748720 -0.016257
v -0.055958 1.750436 -0.009129
v -0.052938 1.749795 -0.008796
v -0.055857 1.750405 -0.009791
v -0.052935 1.749888 -0.009192
v -0.060233 1.750043 -0.010110
v -0.060001 1.749847 -0.010933
v -0.065415 1.749361 -0.011701
v -0.065139 1.749206 -0.012453
v -0.070596 1.748740 -0.013101
v -0.070378 1.748688 -0.013589
v -0.081374 1.753118 -0.049033
v -0.087441 1.749583 -0.050625
v -0.082595 1.755931 -0.046748
v -0.089056 1.752782 -0.048143
v -0.073496 1.755143 -0.046920
v -0.073713 1.755421 -0.045632
v -0.065290 1.754376 -0.047185
v -0.065337 1.754769 -0.046432
v -0.076655 1.754449 -0.041830
v -0.079417 1.753674 -0.043903
v -0.077320 1.754914 -0.041037
v -0.079929 1.753956 -0.043119
v -0.073297 1.753425 -0.039834
v -0.073691 1.753807 -0.038995
v -0.068417 1.751253 -0.036916
v -0.068672 1.751667 -0.036411
v -0.074383 1.755276 -0.035383
v -0.076840 1.754562 -0.038547
v -0.075741 1.756310 -0.033984
v -0.078471 1.755804 -0.038154
v -0.071670 1.754914 -0.032440
v -0.073056 1.756217 -0.031317
v -0.067257 1.750581 -0.029229
v -0.067560 1.750695 -0.028759
v -0.084260 1.757787 -0.040418
v -0.088027 1.757020 -0.041710
v -0.084518 1.757872 -0.038607
v -0.088959 1.757170 -0.040777
v -0.079920 1.756569 -0.039584
v -0.080394 1.757044 -0.038092
v -0.074731 1.753963 -0.038636
v -0.074784 1.754200 -0.038097
v -0.083840 1.757344 -0.038547
v -0.087353 1.755168 -0.040018
v -0.084150 1.757965 -0.036287
v -0.086747 1.756326 -0.038077
v -0.079326 1.756631 -0.037429
v -0.079956 1.757561 -0.035760
v -0.075098 1.754655 -0.037230
v -0.074727 1.754935 -0.036470
v -0.097355 1.759495 -0.034439
v -0.096196 1.753163 -0.037670
v -0.099754 1.759268 -0.030951
v -0.101435 1.752205 -0.033005
v -0.094021 1.758937 -0.031148
v -0.096671 1.759723 -0.028673
v -0.089938 1.755141 -0.028713
v -0.090714 1.755524 -0.027704
v -0.053573 1.748896 -0.017695
v -0.051728 1.747883 -0.020918
v -0.054262 1.749082 -0.018640
v -0.052099 1.748172 -0.021061
v -0.055444 1.749247 -0.016028
v -0.056046 1.748947 -0.017207
v -0.055784 1.747241 -0.014943
v -0.057469 1.748223 -0.016216
v -0.059474 1.744800 -0.014244
v -0.059539 1.744490 -0.014867
v -0.052264 1.748027 -0.016414
v -0.050482 1.746434 -0.019216
v -0.052536 1.748089 -0.016625
v -0.050759 1.746693 -0.019220
v -0.054267 1.748523 -0.015467
v -0.054448 1.748637 -0.015795
v -0.056330 1.748937 -0.015119
v -0.056308 1.748885 -0.015450
v -0.059185 1.746114 -0.013142
v -0.059212 1.745752 -0.013870
v -0.051397 1.746082 -0.014795
v -0.048953 1.744077 -0.016041
v -0.051642 1.746703 -0.015498
v -0.049317 1.744439 -0.016229
v -0.053221 1.746621 -0.014118
v -0.053433 1.746434 -0.014798
v -0.054897 1.744315 -0.013630
v -0.054770 1.744366 -0.014316
v -0.056571 1.743353 -0.013580
v -0.056611 1.742929 -0.014283
v -0.048451 1.743911 -0.016670
v -0.045430 1.742494 -0.017731
v -0.048741 1.744387 -0.017145
v -0.045975 1.742898 -0.017911
v -0.050527 1.745411 -0.016030
v -0.050669 1.745897 -0.016450
v -0.052046 1.747375 -0.015557
v -0.052085 1.747727 -0.016002
v -0.053535 1.748017 -0.015313
v -0.053538 1.748099 -0.015954
v -0.052545 1.747220 -0.001296
v -0.048797 1.747716 -0.001271
v -0.052399 1.747541 -0.002689
v -0.048757 1.747644 -0.002633
v -0.056125 1.746672 -0.002286
v -0.055995 1.747396 -0.003983
v -0.058836 1.745969 -0.003947
v -0.058371 1.746765 -0.005515
v -0.063144 1.745979 -0.008091
v -0.061514 1.745938 -0.009221
v -0.051104 1.747841 -0.002700
v -0.047277 1.747437 -0.002677
v -0.050955 1.747748 -0.004086
v -0.047239 1.747024 -0.004037
v -0.054678 1.747437 -0.003713
v -0.054541 1.747830 -0.005424
v -0.057404 1.747324 -0.005382
v -0.057791 1.746290 -0.007725
v -0.060605 1.746496 -0.007940
v -0.060847 1.746889 -0.009867
v -0.051529 1.746951 0.001249
v -0.048047 1.747758 -0.000333
v -0.051864 1.747107 0.000341
v -0.048232 1.747737 -0.001123
v -0.055267 1.745731 0.001014
v -0.055328 1.746114 -0.000045
v -0.058646 1.745400 -0.000145
v -0.058184 1.745452 -0.001206
v -0.062629 1.745173 -0.002346
v -0.061390 1.745380 -0.003373
v -0.140265 1.729232 -0.078971
v -0.139970 1.729285 -0.077983
v -0.133397 1.732697 -0.078390
v -0.133689 1.732676 -0.076788
v -0.126765 1.731311 -0.078294
v -0.129701 1.733028 -0.077943
v -0.126959 1.730991 -0.076455
v -0.130042 1.733400 -0.076656
v -0.136557 1.729884 -0.067934
v -0.136336 1.729954 -0.067194
v -0.134056 1.732531 -0.067855
v -0.133870 1.732728 -0.066939
v -0.127419 1.731208 -0.070254
v -0.130250 1.732583 -0.068455
v -0.127198 1.731197 -0.068863
v -0.130214 1.732934 -0.067241
v -0.135889 1.730637 -0.064056
v -0.135845 1.730620 -0.063286
v -0.133651 1.733131 -0.064648
v -0.133663 1.733017 -0.062853
v -0.129348 1.731301 -0.067272
v -0.132045 1.733173 -0.066040
v -0.129254 1.731528 -0.065124
v -0.132329 1.733876 -0.064303
v -0.139899 1.728581 -0.070772
v -0.139616 1.728705 -0.070073
v -0.136078 1.730649 -0.071228
v -0.135662 1.730691 -0.069745
v -0.130684 1.729936 -0.074792
v -0.133421 1.731197 -0.073180
v -0.129660 1.730246 -0.073754
v -0.133186 1.732242 -0.070965
v -0.128733 1.733245 -0.085371
v -0.129113 1.732997 -0.085196
v -0.124805 1.733545 -0.078422
v -0.125936 1.733669 -0.078365
v -0.118557 1.733462 -0.069482
v -0.121983 1.733876 -0.073784
v -0.119404 1.732997 -0.068918
v -0.122934 1.733762 -0.073589
v -0.132158 1.731745 -0.088415
v -0.133151 1.731528 -0.088024
v -0.128847 1.733079 -0.082947
v -0.130455 1.732852 -0.082470
v -0.117898 1.732697 -0.069718
v -0.122028 1.733214 -0.074731
v -0.119302 1.732562 -0.069845
v -0.123790 1.733235 -0.074708
v -0.065632 1.745886 -0.053955
v -0.066845 1.744315 -0.055792
v -0.066303 1.746299 -0.053650
v -0.068159 1.744149 -0.055848
v -0.065106 1.747629 -0.052104
v -0.065938 1.748100 -0.051868
v -0.066225 1.747644 -0.048980
v -0.066893 1.747820 -0.048638
v -0.063212 1.745665 -0.053747
v -0.064631 1.744288 -0.055791
v -0.063720 1.746349 -0.052631
v -0.066301 1.744384 -0.054882
v -0.061800 1.747603 -0.052074
v -0.062237 1.747893 -0.051270
v -0.060719 1.749237 -0.049185
v -0.061026 1.749040 -0.048808
v -0.057699 1.746920 -0.042856
v -0.058717 1.744190 -0.045484
v -0.058480 1.746827 -0.042691
v -0.059698 1.744004 -0.045224
v -0.057263 1.748813 -0.040852
v -0.058053 1.748813 -0.040896
v -0.057349 1.749950 -0.037938
v -0.058025 1.749857 -0.037644
v -0.059309 1.745761 -0.055058
v -0.061064 1.741904 -0.057162
v -0.060251 1.745694 -0.054757
v -0.062156 1.742017 -0.056698
v -0.058478 1.748803 -0.052986
v -0.059656 1.748410 -0.052903
v -0.057379 1.750767 -0.049836
v -0.058292 1.750912 -0.049747
v -0.050492 1.743983 -0.044114
v -0.054456 1.743549 -0.045871
v -0.050256 1.744242 -0.042406
v -0.054507 1.743880 -0.043900
v -0.046297 1.743952 -0.043462
v -0.046306 1.744046 -0.041758
v -0.040142 1.739609 -0.042712
v -0.039010 1.737303 -0.041354
v -0.050532 1.743715 -0.046511
v -0.054521 1.743022 -0.047899
v -0.050095 1.744315 -0.044032
v -0.054537 1.743405 -0.045849
v -0.044747 1.742287 -0.046626
v -0.044102 1.742370 -0.043877
v -0.040187 1.737510 -0.048722
v -0.037571 1.735287 -0.045186
v -0.049456 1.743435 -0.057386
v -0.055374 1.741681 -0.060032
v -0.048408 1.743911 -0.055215
v -0.055680 1.741326 -0.057716
v -0.040706 1.741005 -0.055893
v -0.040074 1.741657 -0.053787
v -0.035540 1.737603 -0.055029
v -0.035222 1.735535 -0.052156
v -0.058279 1.740096 -0.068119
v -0.063765 1.732796 -0.069803
v -0.059408 1.740723 -0.065899
v -0.064548 1.733523 -0.067479
v -0.053688 1.743158 -0.066805
v -0.054975 1.744503 -0.065484
v -0.050810 1.744933 -0.065449
v -0.051562 1.746119 -0.064367
v -0.052349 1.747220 -0.031321
v -0.056052 1.745080 -0.031624
v -0.051640 1.745607 -0.028020
v -0.054644 1.744894 -0.028031
v -0.050581 1.748058 -0.032348
v -0.049372 1.747241 -0.029729
v -0.050855 1.746941 -0.036349
v -0.049324 1.747096 -0.034660
v -0.058793 1.741968 -0.064935
v -0.064233 1.734507 -0.066157
v -0.059930 1.742809 -0.062813
v -0.065078 1.735909 -0.064292
v -0.054174 1.745968 -0.063986
v -0.055038 1.745884 -0.062319
v -0.049067 1.745540 -0.063450
v -0.050795 1.745861 -0.062125
v -0.068654 1.714472 -0.131023
v -0.068113 1.710096 -0.131259
v -0.084782 1.701927 -0.128173
v -0.081993 1.698681 -0.130539
v -0.097666 1.683428 -0.121969
v -0.093104 1.691024 -0.123723
v -0.088762 1.686170 -0.125956
v -0.086518 1.691170 -0.126765
v -0.085862 1.704728 -0.123916
v -0.084926 1.703842 -0.127223
v -0.094574 1.696319 -0.122364
v -0.091735 1.694593 -0.125273
v -0.100044 1.682647 -0.122224
v -0.097882 1.689850 -0.123336
v -0.096212 1.684345 -0.123801
v -0.094451 1.689317 -0.123741
v -0.089550 1.708654 -0.122760
v -0.088612 1.706847 -0.124549
v -0.097776 1.703514 -0.119927
v -0.096342 1.699357 -0.121333
v -0.106026 1.692295 -0.119245
v -0.103015 1.697692 -0.117880
v -0.099896 1.687494 -0.122748
v -0.098858 1.692901 -0.122932
v -0.112431 1.700547 -0.118386
v -0.110007 1.699936 -0.118634
v -0.111060 1.690815 -0.124560
v -0.108107 1.690402 -0.122295
v -0.106503 1.678468 -0.123914
v -0.110044 1.684032 -0.123567
v -0.103027 1.680829 -0.122648
v -0.106124 1.685107 -0.121975
v -0.056867 1.701812 -0.132428
v -0.057053 1.697893 -0.132035
v -0.071993 1.698597 -0.130555
v -0.071315 1.693405 -0.129832
v -0.088048 1.688878 -0.126908
v -0.082828 1.694663 -0.129731
v -0.080715 1.686177 -0.129868
v -0.077298 1.689031 -0.130070
v -0.066430 1.665577 -0.134196
v -0.069115 1.665184 -0.134558
v -0.071191 1.676177 -0.133493
v -0.074605 1.675019 -0.133938
v -0.082801 1.688858 -0.128052
v -0.077725 1.684853 -0.130174
v -0.083261 1.683478 -0.130107
v -0.079586 1.680955 -0.133245
v -0.149681 1.715659 -0.030369
v -0.146873 1.717014 -0.034388
v -0.150829 1.712960 -0.032558
v -0.147195 1.715122 -0.039918
v -0.154889 1.711399 -0.025202
v -0.155203 1.708121 -0.026844
v -0.157590 1.703115 -0.021688
v -0.157763 1.702940 -0.022447
v -0.111965 1.670022 -0.127054
v -0.112563 1.670470 -0.126722
v -0.108596 1.671855 -0.129388
v -0.109764 1.672349 -0.128725
v -0.098996 1.679297 -0.126129
v -0.103746 1.674860 -0.128164
v -0.101142 1.679107 -0.125264
v -0.104643 1.675329 -0.127357
v -0.099012 1.669569 -0.134199
v -0.099674 1.670515 -0.133630
v -0.096636 1.672102 -0.133943
v -0.097931 1.673156 -0.132845
v -0.090905 1.680511 -0.128501
v -0.093420 1.676322 -0.132022
v -0.092703 1.680524 -0.127621
v -0.094924 1.677071 -0.130436
v -0.080557 1.671834 -0.134662
v -0.081309 1.671958 -0.134631
v -0.081737 1.676384 -0.133907
v -0.082854 1.675774 -0.134310
v -0.088872 1.683407 -0.128340
v -0.084603 1.680148 -0.133013
v -0.089807 1.682318 -0.128511
v -0.085297 1.679745 -0.133016
v -0.149348 1.706162 -0.096112
v -0.147181 1.700485 -0.096679
v -0.152135 1.704672 -0.091130
v -0.147953 1.696286 -0.092034
v -0.153923 1.710722 -0.089173
v -0.154304 1.707475 -0.087429
v -0.156120 1.710184 -0.083121
v -0.156372 1.709305 -0.082953
v -0.146372 1.694631 -0.102269
v -0.143240 1.690268 -0.103456
v -0.147347 1.692449 -0.099659
v -0.145663 1.690195 -0.099983
v -0.149355 1.697692 -0.098066
v -0.149946 1.694497 -0.097760
v -0.151548 1.697785 -0.093040
v -0.151800 1.696658 -0.092860
v -0.153549 1.713121 -0.071174
v -0.149841 1.709138 -0.073530
v -0.153286 1.712418 -0.070022
v -0.150137 1.709026 -0.071195
v -0.154772 1.715314 -0.067883
v -0.154770 1.713266 -0.067158
v -0.157347 1.713008 -0.061877
v -0.157995 1.711777 -0.061561
v -0.149356 1.720852 -0.039493
v -0.147470 1.717243 -0.041688
v -0.148685 1.720079 -0.038187
v -0.147068 1.717676 -0.039610
v -0.150591 1.723065 -0.036418
v -0.150300 1.722009 -0.035806
v -0.152215 1.723850 -0.030697
v -0.151996 1.722712 -0.031451
v -0.092129 1.733715 0.060692
v -0.106293 1.734387 0.059006
v -0.096330 1.725276 0.067377
v -0.109822 1.724977 0.065765
v -0.096995 1.722764 0.069959
v -0.107904 1.720644 0.068944
v -0.089611 1.705515 0.063033
v -0.095459 1.717045 0.071544
v -0.096836 1.705649 0.062145
v -0.104110 1.713509 0.070755
v -0.107275 1.733911 0.062087
v -0.117952 1.731574 0.059042
v -0.109054 1.725866 0.066129
v -0.119372 1.721285 0.066310
v -0.106685 1.721057 0.068149
v -0.116254 1.715742 0.068032
v -0.094064 1.707759 0.063777
v -0.101833 1.715018 0.069727
v -0.105625 1.703198 0.063618
v -0.112633 1.711275 0.070068
v -0.094565 1.729165 0.065401
v -0.109316 1.730033 0.062225
v -0.109265 1.729620 0.064704
v -0.120413 1.725970 0.064074
v -0.119632 1.727593 0.061566
v -0.124475 1.725018 0.061373
v -0.118062 1.721688 0.066373
v -0.128771 1.715349 0.061629
v -0.115281 1.717272 0.068093
v -0.125513 1.710375 0.065349
v -0.105188 1.704346 0.063481
v -0.112292 1.712309 0.069409
v -0.113390 1.701709 0.063405
v -0.117553 1.707862 0.067807
v -0.119946 1.724811 0.063348
v -0.126925 1.721967 0.060151
v -0.062537 1.728265 0.060244
v -0.065485 1.729465 0.060812
v -0.067608 1.723012 0.068811
v -0.075385 1.725917 0.066528
v -0.071203 1.716207 0.071235
v -0.079052 1.719485 0.071885
v -0.078347 1.705742 0.062963
v -0.075722 1.711813 0.067456
v -0.086824 1.706528 0.062417
v -0.081929 1.714046 0.068027
v -0.065376 1.725338 0.065984
v -0.069948 1.730147 0.063428
v -0.042677 1.693374 0.060406
v -0.036806 1.690003 0.055605
v -0.044702 1.701388 0.063179
v -0.038465 1.709775 0.058605
v -0.050343 1.701616 0.062253
v -0.050144 1.717211 0.061864
v -0.057070 1.700892 0.060488
v -0.055603 1.700861 0.063278
v -0.066458 1.703994 0.062394
v -0.058597 1.713560 0.068592
v -0.041881 1.698514 0.061903
v -0.035732 1.697966 0.057484
v -0.035749 1.704687 0.056711
v -0.042617 1.700334 0.062290
v -0.047075 1.701378 0.064647
v -0.041881 1.715545 0.062830
v -0.142140 1.689083 0.044678
v -0.138748 1.689217 0.047006
v -0.141368 1.700789 0.051749
v -0.134215 1.695701 0.052696
v -0.136204 1.708969 0.057235
v -0.130492 1.698080 0.055850
v -0.120813 1.704884 0.061799
v -0.127918 1.709103 0.063033
v -0.121231 1.702381 0.059842
v -0.127422 1.700282 0.059577
v -0.142145 1.695112 0.047427
v -0.136545 1.693519 0.050096
v -0.125692 1.686627 -0.122461
v -0.122462 1.688210 -0.123236
v -0.120391 1.680071 -0.124518
v -0.115552 1.683370 -0.125977
v -0.108613 1.673064 -0.124169
v -0.114634 1.676173 -0.124332
v -0.104099 1.678842 -0.124573
v -0.109872 1.680038 -0.123930
v -0.156543 1.702557 0.002023
v -0.146097 1.706497 -0.007709
v -0.156938 1.700789 0.001082
v -0.146951 1.705029 -0.009886
v -0.158642 1.698504 0.005890
v -0.158912 1.697263 0.005485
v -0.159791 1.691864 0.009699
v -0.159770 1.691503 0.009605
v -0.135135 1.725727 -0.088211
v -0.130953 1.724135 -0.087021
v -0.133099 1.723886 -0.089252
v -0.129954 1.722871 -0.087576
v -0.141108 1.725138 -0.092200
v -0.138648 1.723886 -0.093693
v -0.144628 1.721518 -0.097207
v -0.143653 1.720598 -0.098204
v -0.079455 1.655205 -0.134713
v -0.081959 1.656333 -0.136409
v -0.076518 1.663427 -0.134548
v -0.080380 1.664947 -0.135789
v -0.078688 1.678069 -0.130877
v -0.076121 1.671048 -0.133979
v -0.083224 1.679228 -0.130877
v -0.081234 1.670459 -0.134465
v -0.086419 1.655971 -0.138436
v -0.088618 1.655164 -0.136978
v -0.083834 1.663158 -0.137981
v -0.087260 1.664130 -0.136699
v -0.084545 1.676064 -0.131735
v -0.083103 1.670148 -0.133586
v -0.087231 1.673344 -0.131723
v -0.087489 1.669393 -0.132242
v -0.060642 1.685226 -0.132387
v -0.061180 1.684729 -0.132190
v -0.072368 1.687677 -0.129574
v -0.072140 1.686632 -0.129863
v -0.077795 1.686208 -0.127993
v -0.075791 1.687283 -0.128230
v -0.077356 1.685443 -0.128343
v -0.075179 1.686343 -0.128602
v -0.033830 1.730457 0.025308
v -0.042111 1.738286 0.024420
v -0.035856 1.729661 0.028348
v -0.043449 1.736217 0.026496
v -0.032197 1.726238 0.023255
v -0.033701 1.725070 0.026911
v -0.031031 1.719754 0.019020
v -0.033221 1.719423 0.026031
v -0.035882 1.733611 0.025440
v -0.040697 1.732857 0.027812
v -0.036944 1.726796 0.035287
v -0.043472 1.730592 0.034073
v -0.038047 1.725080 0.036115
v -0.044552 1.730592 0.034719
v -0.035666 1.724336 0.033482
v -0.036097 1.723488 0.035365
v -0.033939 1.718999 0.029074
v -0.036118 1.719217 0.033499
v -0.039913 1.729154 0.034964
v -0.040437 1.728306 0.035830
v -0.149302 1.720960 -0.075179
v -0.149898 1.713473 -0.075796
v -0.150021 1.719915 -0.072808
v -0.150091 1.713949 -0.074027
v -0.143962 1.726141 -0.069826
v -0.144842 1.724930 -0.068578
v -0.145129 1.727464 -0.063028
v -0.145497 1.727072 -0.063117
v -0.052055 1.724852 0.059252
v -0.057338 1.727551 0.061291
v -0.055278 1.719113 0.065779
v -0.061494 1.722826 0.067359
v -0.058688 1.714905 0.067732
v -0.064961 1.716890 0.069198
v -0.069082 1.704315 0.062205
v -0.062181 1.710065 0.066638
v -0.073756 1.705308 0.062210
v -0.067821 1.711864 0.067358
v -0.053717 1.721440 0.061809
v -0.059441 1.724894 0.064213
v -0.019558 1.707666 -0.004624
v -0.017618 1.702578 0.005367
v -0.018794 1.705380 -0.004184
v -0.017346 1.701161 0.006156
v -0.022697 1.709176 -0.010103
v -0.022362 1.706476 -0.010074
v -0.027786 1.708803 -0.020488
v -0.025627 1.705887 -0.016686
v -0.018363 1.705618 0.000636
v -0.017810 1.703571 0.000546
v -0.050952 1.669259 -0.131146
v -0.053750 1.668794 -0.132728
v -0.060849 1.677377 -0.131714
v -0.065134 1.675494 -0.133059
v -0.075209 1.682278 -0.128809
v -0.069570 1.680065 -0.129719
v -0.075410 1.681151 -0.129429
v -0.071281 1.678566 -0.130163
v -0.035422 1.733911 -0.059661
v -0.039221 1.737075 -0.050305
v -0.032855 1.730892 -0.055953
v -0.038655 1.736486 -0.048783
v -0.033951 1.727810 -0.065688
v -0.033607 1.723467 -0.060644
v -0.034180 1.717231 -0.071142
v -0.034259 1.716176 -0.063681
v -0.037254 1.735080 -0.054590
v -0.035363 1.733011 -0.051425
v -0.079574 1.734697 0.058040
v -0.090432 1.735876 0.057171
v -0.087903 1.726807 0.066478
v -0.097572 1.728482 0.065133
v -0.088580 1.723829 0.069178
v -0.098024 1.723342 0.067778
v -0.083966 1.707283 0.063005
v -0.087565 1.717831 0.070582
v -0.090562 1.705256 0.063225
v -0.096769 1.716559 0.069085
v -0.085456 1.730292 0.063846
v -0.093802 1.733880 0.059088
v -0.068932 1.731057 0.060308
v -0.081875 1.734552 0.058780
v -0.077852 1.723797 0.066750
v -0.089113 1.726290 0.065335
v -0.078274 1.721347 0.068837
v -0.089274 1.722050 0.067780
v -0.075930 1.706311 0.062684
v -0.077494 1.716197 0.070030
v -0.081772 1.708245 0.063230
v -0.086959 1.716652 0.068834
v -0.075208 1.727438 0.065305
v -0.085770 1.731574 0.062132
v -0.127885 1.721481 0.061176
v -0.133460 1.717262 0.057050
v -0.123077 1.714625 0.067232
v -0.134621 1.706239 0.058795
v -0.120490 1.711305 0.068722
v -0.131121 1.703354 0.059689
v -0.113590 1.702102 0.062041
v -0.117864 1.707790 0.068855
v -0.121479 1.695991 0.060162
v -0.126724 1.700768 0.061274
v -0.127136 1.717821 0.064589
v -0.135666 1.709631 0.058838
v -0.065877 1.716895 -0.110283
v -0.069840 1.717904 -0.108733
v -0.058541 1.719795 -0.106030
v -0.066080 1.721751 -0.104580
v -0.048448 1.723961 -0.093054
v -0.055028 1.722315 -0.103884
v -0.056235 1.723778 -0.089698
v -0.062073 1.722993 -0.101626
v -0.076408 1.723576 -0.099205
v -0.077619 1.727681 -0.097453
v -0.069868 1.722914 -0.098521
v -0.072461 1.730380 -0.095779
v -0.056042 1.722340 -0.092431
v -0.063650 1.724920 -0.099139
v -0.058040 1.725334 -0.087122
v -0.067087 1.730743 -0.095326
v -0.071624 1.715578 -0.108742
v -0.074265 1.718012 -0.107766
v -0.064868 1.719030 -0.105512
v -0.070751 1.721984 -0.103609
v -0.056637 1.721399 -0.097467
v -0.060603 1.721690 -0.103017
v -0.063141 1.724031 -0.093069
v -0.067461 1.723659 -0.100836
v -0.038946 1.691089 0.059481
v -0.040138 1.705142 0.062802
v -0.050387 1.709196 0.064723
v -0.056945 1.706332 0.066629
v -0.062016 1.702320 0.060487
v -0.038081 1.697904 0.061087
v -0.037797 1.702082 0.061328
v -0.044127 1.708183 0.066316
v -0.130414 1.719454 0.059130
v -0.128581 1.710210 0.064398
v -0.124638 1.707366 0.067214
v -0.120219 1.704212 0.066566
v -0.131252 1.714253 0.061713
v -0.117105 1.698813 0.062088
v -0.158398 1.669559 0.026086
v -0.161327 1.677490 0.004293
v -0.165774 1.680500 -0.017982
v -0.166912 1.679765 -0.040034
v -0.167663 1.676198 -0.063151
v -0.163360 1.669497 -0.080343
v -0.151511 1.658567 -0.099480
v -0.020005 1.669517 0.028905
v -0.015258 1.677873 0.005614
v -0.012710 1.680189 -0.016908
v -0.010324 1.680407 -0.038351
v -0.012560 1.678462 -0.062472
v -0.014575 1.672909 -0.082977
v -0.026505 1.664905 -0.102069
v -0.016963 1.691637 0.007456
v -0.016810 1.695143 -0.016566
v -0.014779 1.693726 -0.038260
v -0.013805 1.691047 -0.063467
v -0.022125 1.683002 -0.084807
v -0.033326 1.672496 -0.104334
v -0.022747 1.681141 0.035176
v -0.157234 1.691244 0.006658
v -0.157984 1.694781 -0.017461
v -0.164938 1.693705 -0.039902
v -0.164371 1.688566 -0.064062
v -0.159963 1.679548 -0.081667
v -0.149024 1.664471 -0.100646
v -0.151826 1.681606 0.032014
v -0.033793 1.721078 -0.093581
v -0.036824 1.728791 -0.087430
v -0.032801 1.722319 -0.090871
v -0.036099 1.729059 -0.085970
v -0.031555 1.714791 -0.094892
v -0.030314 1.715825 -0.092115
v -0.031912 1.706435 -0.094416
v -0.030697 1.707800 -0.091434
v -0.035879 1.725814 -0.090977
v -0.034924 1.726197 -0.089136
v -0.033137 1.723674 -0.089577
v -0.036904 1.730156 -0.085102
v -0.032158 1.724315 -0.086973
v -0.036122 1.729361 -0.085178
v -0.030438 1.718007 -0.090901
v -0.029765 1.719444 -0.088237
v -0.031103 1.707449 -0.092388
v -0.029491 1.710685 -0.087899
v -0.034677 1.726672 -0.087957
v -0.034155 1.727376 -0.085934
v -0.032149 1.724573 -0.086605
v -0.036128 1.729824 -0.084089
v -0.032071 1.725608 -0.084871
v -0.035641 1.729826 -0.083191
v -0.030060 1.720416 -0.087855
v -0.029421 1.720726 -0.086076
v -0.029915 1.711358 -0.088663
v -0.028750 1.712826 -0.085003
v -0.034092 1.727686 -0.085351
v -0.033512 1.727717 -0.083946
v -0.033189 1.727458 -0.083472
v -0.036786 1.732466 -0.079189
v -0.032624 1.728648 -0.079462
v -0.036279 1.733453 -0.076220
v -0.031480 1.725462 -0.083912
v -0.030887 1.726248 -0.080651
v -0.029531 1.717128 -0.084654
v -0.028413 1.717438 -0.079832
v -0.034199 1.729289 -0.081691
v -0.033967 1.730592 -0.078231
v -0.036439 1.734387 -0.069700
v -0.039736 1.736807 -0.064991
v -0.035865 1.733022 -0.066667
v -0.037112 1.739165 -0.056036
v -0.034715 1.729744 -0.074857
v -0.033874 1.728813 -0.069532
v -0.028474 1.716290 -0.081558
v -0.033621 1.718027 -0.070209
v -0.037813 1.735494 -0.068206
v -0.037342 1.734222 -0.065252
v -0.034152 1.731853 -0.062220
v -0.036053 1.738420 -0.055620
v -0.034204 1.732350 -0.061156
v -0.035499 1.738079 -0.055346
v -0.030911 1.727686 -0.068487
v -0.030745 1.726724 -0.065499
v -0.027087 1.716755 -0.076353
v -0.026301 1.717262 -0.068357
v -0.034855 1.733829 -0.060072
v -0.034697 1.733756 -0.059344
v -0.033881 1.732598 -0.058638
v -0.035256 1.738048 -0.054692
v -0.032797 1.731119 -0.056595
v -0.034598 1.736993 -0.053351
v -0.030911 1.726600 -0.064761
v -0.030224 1.724325 -0.061144
v -0.026686 1.717945 -0.068907
v -0.027296 1.716921 -0.061135
v -0.034776 1.736869 -0.054447
v -0.034402 1.736414 -0.053711
v -0.033894 1.732722 -0.052390
v -0.038603 1.738172 -0.041869
v -0.034083 1.732454 -0.052010
v -0.038656 1.738120 -0.041686
v -0.032457 1.728772 -0.056927
v -0.030572 1.721843 -0.051355
v -0.027699 1.717397 -0.060855
v -0.028663 1.715918 -0.053782
v -0.037742 1.736227 -0.045435
v -0.036737 1.729010 -0.044115
v -0.036440 1.728131 -0.042922
v -0.038572 1.730571 -0.028395
v -0.035231 1.725328 -0.040264
v -0.038215 1.730344 -0.027408
v -0.032169 1.723704 -0.048891
v -0.030582 1.719713 -0.043233
v -0.028581 1.715597 -0.053199
v -0.028973 1.714739 -0.045470
v -0.037991 1.729403 -0.038922
v -0.037587 1.727903 -0.035635
v -0.033037 1.725100 -0.016971
v -0.034241 1.730478 -0.000184
v -0.029322 1.722102 -0.009205
v -0.033345 1.730126 0.006446
v -0.033354 1.721595 -0.025413
v -0.027912 1.717779 -0.013927
v -0.029913 1.714170 -0.035375
v -0.029807 1.713384 -0.021205
v -0.033086 1.727644 -0.011117
v -0.031274 1.724708 -0.005152
v -0.146609 1.722050 -0.000688
v -0.145647 1.718276 -0.007651
v -0.147749 1.721130 -0.000187
v -0.146008 1.718151 -0.006928
v -0.144350 1.726073 0.003104
v -0.144924 1.725400 0.004010
v -0.140966 1.727738 0.008248
v -0.142002 1.726672 0.008226
v -0.146027 1.724056 0.003710
v -0.143806 1.718617 -0.006018
v -0.147536 1.722133 0.004042
v -0.145131 1.718865 -0.002691
v -0.144432 1.724542 0.007800
v -0.145858 1.723157 0.007524
v -0.144377 1.719548 0.016594
v -0.144775 1.718689 0.016817
v -0.147914 1.721657 0.004893
v -0.144833 1.719175 -0.002870
v -0.149307 1.719579 0.006030
v -0.145928 1.719754 -0.000605
v -0.147250 1.720499 0.008441
v -0.148917 1.718369 0.008522
v -0.146883 1.713849 0.017840
v -0.147069 1.713560 0.017578
v -0.151200 1.716197 -0.000223
v -0.144786 1.717852 -0.004822
v -0.152015 1.714253 -0.001208
v -0.145911 1.715732 -0.005373
v -0.151711 1.714853 0.005975
v -0.152540 1.712608 0.006487
v -0.151413 1.709413 0.012378
v -0.151554 1.708876 0.012585
v -0.142108 1.720954 -0.011573
v -0.138384 1.721761 -0.017906
v -0.144188 1.721078 -0.006645
v -0.139380 1.721678 -0.011401
v -0.138589 1.727872 -0.008762
v -0.142080 1.726507 -0.002147
v -0.135177 1.732929 -0.007277
v -0.137708 1.731481 -0.001202
v -0.143899 1.723508 -0.027086
v -0.142256 1.723488 -0.029158
v -0.143250 1.720964 -0.021562
v -0.140050 1.720385 -0.019533
v -0.139660 1.729010 -0.025382
v -0.139323 1.727138 -0.020998
v -0.134203 1.736227 -0.022020
v -0.134660 1.733736 -0.016382
v -0.142410 1.727092 -0.039732
v -0.145045 1.719924 -0.041251
v -0.142316 1.727404 -0.032968
v -0.143397 1.722712 -0.032231
v -0.138763 1.731989 -0.038982
v -0.139480 1.730985 -0.032522
v -0.133406 1.734463 -0.035401
v -0.133186 1.735253 -0.031911
v -0.028417 1.722940 0.005401
v -0.032227 1.726693 0.015489
v -0.027114 1.721709 0.008731
v -0.031572 1.726032 0.022200
v -0.029046 1.721419 0.000327
v -0.024888 1.715732 0.003162
v -0.028806 1.717665 -0.010006
v -0.027470 1.714843 -0.005666
v -0.029188 1.724614 0.009092
v -0.029003 1.723198 0.014815
v -0.138639 1.721399 0.027964
v -0.142293 1.713167 0.026422
v -0.136712 1.719320 0.033913
v -0.140581 1.711140 0.033359
v -0.134710 1.725349 0.029331
v -0.131894 1.724925 0.034152
v -0.131020 1.727086 0.032021
v -0.129161 1.726259 0.035222
v -0.145226 1.718607 -0.051503
v -0.148355 1.714297 -0.055144
v -0.143536 1.720053 -0.045032
v -0.146185 1.716795 -0.045331
v -0.142246 1.722758 -0.049263
v -0.142235 1.724787 -0.045266
v -0.138592 1.729480 -0.046629
v -0.138785 1.730565 -0.044574
v -0.137741 1.727189 -0.012437
v -0.139427 1.724387 -0.018846
v -0.139820 1.726672 -0.007406
v -0.138819 1.723632 -0.009276
v -0.134522 1.733487 -0.010895
v -0.136788 1.731419 -0.003884
v -0.132373 1.740385 -0.006006
v -0.134489 1.739609 -0.003084
v -0.139660 1.729165 -0.026327
v -0.140440 1.726114 -0.030013
v -0.138690 1.726796 -0.019712
v -0.139888 1.724211 -0.019614
v -0.135653 1.734366 -0.023944
v -0.135451 1.732846 -0.017511
v -0.130030 1.743466 -0.022654
v -0.131883 1.738689 -0.015280
v -0.140083 1.730348 -0.039437
v -0.142763 1.722972 -0.041428
v -0.139885 1.730488 -0.032614
v -0.141068 1.726036 -0.032696
v -0.136257 1.733618 -0.038590
v -0.136951 1.733269 -0.032511
v -0.130280 1.740572 -0.034001
v -0.129177 1.740051 -0.033534
v -0.142111 1.722964 -0.051013
v -0.145722 1.716304 -0.054312
v -0.140774 1.724164 -0.044772
v -0.143954 1.719552 -0.044767
v -0.138488 1.728055 -0.048748
v -0.138804 1.730406 -0.044776
v -0.133919 1.733054 -0.046097
v -0.134141 1.733540 -0.044095
v -0.040697 1.734260 -0.078536
v -0.041564 1.737383 -0.072782
v -0.039635 1.733630 -0.074974
v -0.041035 1.737989 -0.070097
v -0.040371 1.729445 -0.084708
v -0.038148 1.730667 -0.079856
v -0.033071 1.716652 -0.092740
v -0.030255 1.719382 -0.084558
v -0.040497 1.735688 -0.075747
v -0.039695 1.736552 -0.073309
v -0.036222 1.734180 -0.073807
v -0.040841 1.737894 -0.069331
v -0.035336 1.733332 -0.071378
v -0.040351 1.737665 -0.067608
v -0.033313 1.730199 -0.077179
v -0.033880 1.728927 -0.074180
v -0.030510 1.717086 -0.087062
v -0.028798 1.718627 -0.079539
v -0.038147 1.735955 -0.071799
v -0.037584 1.735523 -0.069380
v -0.035905 1.733818 -0.069504
v -0.040395 1.737579 -0.065196
v -0.035443 1.732598 -0.066944
v -0.040173 1.736890 -0.062968
v -0.033586 1.728751 -0.073573
v -0.034087 1.724801 -0.068171
v -0.028901 1.719062 -0.079361
v -0.034160 1.717779 -0.070278
v -0.037757 1.735266 -0.067501
v -0.037521 1.734315 -0.064890
v -0.035528 1.732484 -0.051024
v -0.040656 1.733270 -0.038592
v -0.035884 1.729216 -0.048322
v -0.040408 1.732701 -0.037619
v -0.033259 1.726911 -0.057392
v -0.032831 1.722143 -0.051905
v -0.033956 1.716549 -0.063501
v -0.029941 1.717883 -0.053706
v -0.038249 1.732267 -0.047308
v -0.037840 1.730809 -0.044253
v -0.037037 1.727986 -0.027613
v -0.036360 1.732195 -0.010254
v -0.033147 1.724305 -0.018667
v -0.035927 1.732598 -0.002868
v -0.035826 1.724687 -0.034758
v -0.034135 1.719434 -0.024024
v -0.030435 1.716393 -0.043770
v -0.032114 1.715918 -0.029982
v -0.036937 1.730188 -0.021739
v -0.032873 1.726631 -0.013397
v -0.063135 1.633458 0.070037
v -0.047916 1.633365 0.068904
v -0.068697 1.640263 0.074280
v -0.043237 1.641317 0.068418
v -0.074355 1.649662 0.080436
v -0.037356 1.650325 0.064800
v -0.064194 1.678959 0.072393
v -0.035216 1.673674 0.052169
v -0.034702 1.632155 0.055750
v -0.027852 1.642858 0.047315
v -0.026332 1.661658 0.028355
v -0.021280 1.625279 0.019860
v -0.018731 1.645237 -0.004603
v -0.025390 1.605796 0.038239
v -0.042723 1.630046 0.062545
v -0.028319 1.596188 -0.063601
v -0.051670 1.625289 0.069246
v -0.050665 1.618143 0.063120
v -0.049728 1.594689 0.065723
v -0.067921 1.620222 0.068022
v -0.069482 1.606096 0.071374
v -0.017636 1.607792 -0.009146
v -0.010664 1.633085 -0.022575
v -0.001622 1.631473 -0.034333
v -0.001976 1.616261 -0.040852
v -0.015893 1.588226 -0.017539
v -0.004350 1.600252 -0.035801
v -0.022554 1.621359 -0.068966
v -0.014234 1.633138 -0.051454
v -0.027589 1.585931 0.026987
v -0.043293 1.576241 0.056227
v -0.054955 1.566407 0.068708
v -0.057786 1.583159 0.068918
v -0.070713 1.596117 0.072378
v -0.088821 1.566686 0.087053
v -0.040586 1.552425 -0.065075
v -0.070183 1.551102 0.073812
v -0.068720 1.539106 0.067725
v -0.073239 1.586406 0.075171
v -0.062963 1.625888 0.069916
v -0.068563 1.628226 0.067533
v -0.077635 1.627719 0.068757
v -0.019199 1.642010 -0.066756
v -0.055190 1.550802 0.065023
v -0.041240 1.556086 0.042828
v -0.015654 1.664895 -0.037415
v -0.028941 1.568051 0.017152
v -0.024000 1.581659 -0.024118
v -0.019568 1.599684 -0.041357
v -0.015148 1.620532 -0.049352
v -0.013159 1.639177 -0.037223
v -0.029335 1.560295 -0.038193
v -0.029296 1.646995 -0.088702
v -0.021140 1.677997 -0.064013
v -0.049459 1.655382 -0.110143
v -0.044555 1.688762 -0.102447
v -0.066172 1.659869 -0.120908
v -0.065501 1.693519 -0.114910
v -0.024041 1.680448 0.006922
v -0.033763 1.549426 -0.001447
v -0.042308 1.536976 0.022285
v -0.057294 1.532953 0.053713
v -0.061300 1.557513 0.068815
v -0.047985 1.513461 -0.011068
v -0.060542 1.562012 0.069010
v -0.068856 1.565642 0.077916
v -0.083629 1.585714 0.085691
v -0.082136 1.568578 0.086208
v -0.088812 1.537607 0.073293
v -0.068099 1.572798 0.077610
v -0.082188 1.575455 0.083959
v -0.088841 1.573863 0.084973
v -0.068942 1.580791 0.074553
v -0.082359 1.580305 0.082934
v -0.088854 1.584090 0.089089
v -0.083580 1.589571 0.094526
v -0.076064 1.590377 0.087320
v -0.077820 1.612269 0.078512
v -0.077318 1.601660 0.083393
v -0.083944 1.600273 0.093528
v -0.084183 1.613045 0.085148
v -0.081836 1.631483 0.075128
v -0.088966 1.648018 0.079466
v -0.067284 1.530844 0.064498
v -0.036149 1.528103 -0.030098
v -0.037537 1.540120 -0.016910
v -0.048009 1.529127 0.007478
v -0.061138 1.524370 0.048764
v -0.068002 1.522664 0.058312
v -0.088755 1.526470 0.075006
v -0.088742 1.518569 0.066928
v -0.067753 1.515973 0.031471
v -0.064332 1.505777 0.006515
v -0.041080 1.599953 -0.085766
v -0.035895 1.625102 -0.091384
v -0.058471 1.605517 -0.103991
v -0.055525 1.630718 -0.112521
v -0.032783 1.540575 -0.050375
v -0.047538 1.558764 -0.074182
v -0.062395 1.563801 -0.088132
v -0.059275 1.707024 0.055808
v -0.034664 1.696187 0.035330
v -0.069414 1.632982 -0.119926
v -0.070882 1.608598 -0.111694
v -0.078576 1.567193 -0.095900
v -0.089009 1.659776 -0.125189
v -0.088920 1.609405 -0.116937
v -0.088844 1.567037 -0.096574
v -0.026915 1.463730 -0.023010
v -0.017430 1.478012 -0.044118
v -0.055784 1.443865 -0.003418
v -0.031846 1.502427 -0.079326
v -0.016995 1.493812 -0.068090
v -0.044430 1.510461 -0.085895
v -0.064155 1.519003 -0.092973
v -0.077173 1.521392 -0.096343
v -0.088767 1.522519 -0.097793
v -0.005895 1.422242 -0.003511
v -0.088508 1.381860 0.020699
v -0.043318 1.389854 0.019142
v 0.012014 1.454899 -0.041126
v -0.000816 1.480927 -0.092044
v 0.023017 1.477339 -0.071340
v -0.013972 1.479645 -0.102182
v -0.040057 1.481579 -0.106344
v -0.065622 1.488456 -0.105566
v 0.072488 1.447970 -0.101949
v 0.085249 1.448405 -0.058965
v 0.057018 1.438322 -0.129357
v 0.024268 1.424765 -0.149305
v -0.022720 1.412749 -0.144661
v -0.090550 1.115547 -0.129667
v -0.066647 0.883070 -0.167339
v -0.090864 1.075567 -0.124579
v -0.035796 1.062931 -0.131042
v -0.073691 0.941454 0.056375
v -0.064126 0.862795 0.031160
v -0.068508 0.847684 -0.155685
v -0.084158 0.822711 -0.061398
v -0.076825 0.872192 0.039246
v -0.073778 1.559757 0.072686
v -0.069029 1.560109 0.068445
v -0.065451 1.559995 0.070683
v -0.071477 1.560657 0.073444
v -0.083877 1.560284 0.079192
v -0.088811 1.558030 0.076205
v -0.074691 1.557762 0.066319
v -0.070120 1.555869 0.063100
v -0.067993 1.560471 0.065492
v -0.073493 1.560615 0.068496
v -0.086192 1.560678 0.074646
v -0.063791 1.634017 0.065221
v -0.048459 1.634099 0.063258
v -0.043409 1.631390 0.058484
v -0.052222 1.625899 0.063739
v -0.063296 1.626385 0.064919
v -0.069326 1.628856 0.062957
v -0.094012 0.854315 -0.129150
v -0.057561 0.984597 -0.141859
v -0.095416 0.894686 -0.150701
v -0.090956 1.096746 -0.128995
v -0.114748 1.633365 0.070042
v -0.129967 1.633220 0.068914
v -0.109209 1.640190 0.074285
v -0.134674 1.641162 0.068429
v -0.103582 1.649611 0.080439
v -0.140588 1.650148 0.064811
v -0.113847 1.678876 0.072399
v -0.142811 1.673488 0.052182
v -0.143180 1.631969 0.055762
v -0.150069 1.642641 0.047329
v -0.151659 1.661441 0.028369
v -0.156586 1.625041 0.019874
v -0.159209 1.644988 -0.004588
v -0.152404 1.605579 0.038252
v -0.135151 1.629890 0.062555
v -0.149463 1.595982 -0.063589
v -0.126185 1.625164 0.069254
v -0.127167 1.618009 0.063128
v -0.128021 1.594545 0.065732
v -0.109917 1.620149 0.068027
v -0.108306 1.606034 0.071378
v -0.160174 1.607543 -0.009130
v -0.167237 1.632817 -0.022558
v -0.176277 1.631162 -0.034314
v -0.175872 1.615951 -0.040832
v -0.161852 1.587968 -0.017523
v -0.173441 1.599953 -0.035782
v -0.155316 1.621121 -0.068951
v -0.163675 1.632879 -0.051438
v -0.150137 1.585724 0.027000
v -0.134393 1.576086 0.056237
v -0.122694 1.566293 0.068715
v -0.119922 1.583056 0.068925
v -0.107040 1.596055 0.072382
v -0.088798 1.550968 0.081120
v -0.137043 1.552248 -0.065064
v -0.107412 1.551040 0.073815
v -0.108835 1.539034 0.067730
v -0.104478 1.586355 0.075174
v -0.114894 1.625796 0.069921
v -0.109303 1.628153 0.067537
v -0.100229 1.627678 0.068761
v -0.158744 1.641762 -0.066740
v -0.122407 1.550678 0.065031
v -0.136380 1.555921 0.042839
v -0.162363 1.664637 -0.037399
v -0.148725 1.567844 0.017165
v -0.153723 1.581442 -0.024104
v -0.158221 1.599435 -0.041342
v -0.162716 1.620273 -0.049335
v -0.164768 1.638918 -0.037206
v -0.148316 1.560088 -0.038179
v -0.148669 1.646788 -0.088688
v -0.156928 1.677760 -0.063998
v -0.128540 1.655247 -0.110133
v -0.133560 1.688607 -0.102437
v -0.111845 1.659787 -0.120898
v -0.112632 1.693437 -0.114900
v -0.154018 1.680220 0.006936
v -0.143843 1.549230 -0.001435
v -0.135249 1.536811 0.022295
v -0.120242 1.532840 0.053721
v -0.116318 1.557420 0.068822
v -0.129498 1.513315 -0.011059
v -0.117092 1.561919 0.069016
v -0.108790 1.565579 0.077920
v -0.094085 1.585703 0.085692
v -0.095519 1.568547 0.086210
v -0.109572 1.572725 0.077615
v -0.095490 1.575435 0.083960
v -0.108757 1.580719 0.074557
v -0.095337 1.580284 0.082935
v -0.088846 1.579622 0.084815
v -0.094145 1.589561 0.094527
v -0.101665 1.590336 0.087323
v -0.099987 1.612238 0.078514
v -0.100452 1.601618 0.083396
v -0.088862 1.589374 0.096530
v -0.093819 1.600253 0.093529
v -0.093626 1.613024 0.085149
v -0.096039 1.631462 0.075129
v -0.088881 1.599922 0.094073
v -0.088904 1.612600 0.086167
v -0.088937 1.631038 0.076729
v -0.110244 1.530771 0.064503
v -0.141389 1.527917 -0.030087
v -0.140040 1.539943 -0.016899
v -0.129525 1.528982 0.007487
v -0.116370 1.524267 0.048770
v -0.109497 1.522592 0.058316
v -0.088709 1.496139 0.012406
v -0.109730 1.515891 0.031475
v -0.113119 1.505695 0.006520
v -0.088732 1.511020 0.037476
v -0.136720 1.599787 -0.085756
v -0.141994 1.624916 -0.091373
v -0.119353 1.605413 -0.103985
v -0.122388 1.630594 -0.112511
v -0.144803 1.540378 -0.050362
v -0.130115 1.558619 -0.074173
v -0.115280 1.563708 -0.088126
v -0.089019 1.678307 0.075760
v -0.118868 1.706921 0.055816
v -0.089074 1.708814 0.059758
v -0.143446 1.695991 0.035341
v -0.108509 1.632920 -0.119926
v -0.106954 1.608536 -0.111684
v -0.099112 1.567162 -0.095898
v -0.089070 1.695401 -0.117692
v -0.088965 1.634523 -0.123380
v -0.150315 1.463130 -0.021427
v -0.159821 1.477597 -0.043014
v -0.088074 1.435138 0.005532
v -0.121453 1.443751 -0.003411
v -0.145613 1.502229 -0.079313
v -0.160268 1.493543 -0.066969
v -0.133058 1.510306 -0.085886
v -0.113364 1.518920 -0.092967
v -0.100356 1.521350 -0.096341
v -0.171320 1.419864 0.000594
v -0.133731 1.389409 0.019734
v -0.188886 1.453556 -0.036322
v -0.176304 1.480813 -0.090720
v -0.199554 1.476956 -0.065921
v -0.163341 1.479459 -0.101843
v -0.137335 1.481413 -0.106332
v -0.111795 1.488372 -0.105561
v -0.088712 1.490896 -0.105158
v -0.248095 1.449873 -0.096323
v -0.261508 1.446699 -0.050055
v -0.232718 1.440773 -0.125613
v -0.200413 1.426523 -0.146999
v -0.153961 1.413410 -0.143420
v -0.088562 1.408654 -0.127330
v -0.204518 0.947670 0.043371
v -0.242459 0.935053 -0.003000
v -0.212491 1.094048 -0.056428
v -0.175434 1.111183 -0.110722
v -0.121470 0.882642 -0.157795
v -0.220019 1.036913 -0.062226
v -0.146371 1.063521 -0.120112
v -0.188744 0.993161 0.043872
v -0.154711 0.991061 0.056729
v -0.117697 0.994784 0.063713
v -0.189791 0.918042 -0.154703
v -0.073701 0.997947 0.059799
v -0.225810 0.980699 -0.080271
v -0.189109 0.988455 -0.127164
v -0.091082 0.864906 0.036539
v -0.116036 0.847460 -0.143741
v -0.230629 0.932727 -0.094624
v -0.157002 0.761514 0.050762
v -0.221808 0.763136 0.046099
v -0.263338 0.763339 -0.009399
v -0.243917 0.763178 -0.087017
v -0.191018 0.763694 -0.122015
v -0.102603 0.753886 -0.001514
v -0.129263 0.763857 -0.102593
v -0.087252 0.825185 -0.052186
v -0.088814 1.560264 0.077715
v -0.088812 1.559602 0.081037
v -0.103848 1.559695 0.072689
v -0.108598 1.560037 0.068449
v -0.112176 1.559913 0.070688
v -0.106152 1.560595 0.073447
v -0.093749 1.560264 0.079193
v -0.088712 1.559664 0.072576
v -0.102929 1.557710 0.066322
v -0.107494 1.555807 0.063104
v -0.109637 1.560399 0.065496
v -0.104136 1.560554 0.068499
v -0.091437 1.560667 0.074647
v -0.114096 1.633924 0.065226
v -0.129428 1.633965 0.063266
v -0.134469 1.631235 0.058493
v -0.125636 1.625775 0.063747
v -0.114564 1.626292 0.064925
v -0.108542 1.628784 0.062961
v -0.252242 0.890862 -0.009872
v -0.237444 0.889608 -0.100069
v -0.218871 0.896056 0.040139
v -0.127686 0.984928 -0.134476
v -0.115531 0.930989 0.057351
v -0.194020 0.867396 -0.151900
v -0.159949 0.892980 0.047977
v -0.155666 0.947432 0.053355
v -0.191449 1.047254 -0.097978
v -0.085053 0.821090 -0.050754
v -0.092142 0.999923 -0.131104
v -0.194724 1.077678 -0.091294
v -0.159779 1.093221 -0.116803
vn -0.1369 0.5373 0.8322
vn 0.2390 0.4713 0.8490
vn 0.0363 0.5315 0.8463
vn -0.0551 0.5878 0.8071
vn 0.2286 0.5530 0.8012
vn 0.1021 0.5652 0.8186
vn 0.1572 0.6243 0.7652
vn 0.3302 0.6839 0.6506
vn 0.2687 0.6550 0.7063
vn 0.3766 0.7228 0.5794
vn 0.3636 0.6754 0.6415
vn 0.3091 0.7279 0.6121
vn 0.1538 0.9488 0.2761
vn 0.3353 0.8914 0.3050
vn 0.2776 0.9163 0.2886
vn 0.1498 0.9825 -0.1109
vn 0.2963 0.9540 -0.0465
vn 0.2201 0.9708 -0.0956
vn 0.2478 0.8121 -0.5284
vn 0.1939 0.8433 -0.5013
vn 0.1181 0.8540 -0.5067
vn 0.1238 0.5474 -0.8276
vn -0.0136 0.5910 -0.8065
vn 0.0565 0.5658 -0.8226
vn -0.0631 0.3142 -0.9473
vn -0.0288 0.3327 -0.9426
vn -0.0286 0.3329 -0.9425
vn -0.0204 0.3391 -0.9405
vn -0.0198 0.3395 -0.9404
vn -0.2184 0.1826 -0.9586
vn -0.0344 0.2346 -0.9715
vn -0.1950 0.2275 -0.9541
vn -0.2575 0.2117 -0.9428
vn -0.0743 0.1578 -0.9847
vn -0.2438 0.2106 -0.9467
vn -0.3040 0.1887 -0.9338
vn -0.0893 0.1219 -0.9885
vn -0.2359 0.1692 -0.9569
vn -0.2320 0.0988 -0.9677
vn -0.1084 -0.0219 -0.9939
vn -0.2054 0.0491 -0.9774
vn 0.3366 0.8017 -0.4939
vn 0.2832 0.8677 0.4085
vn 0.3675 0.8168 0.4447
vn 0.4786 0.8764 -0.0538
vn 0.3043 0.8755 0.3755
vn 0.1369 0.5649 -0.8137
vn 0.4081 0.7697 0.4909
vn 0.4485 0.8455 0.2899
vn -0.0665 -0.0760 -0.9949
vn 0.0037 0.1318 -0.9913
vn 0.0680 0.2140 -0.9745
vn 0.1194 0.2286 -0.9662
vn 0.3253 0.6852 0.6517
vn 0.3398 0.6955 0.6331
vn 0.4854 0.4165 0.7687
vn 0.5891 0.2794 0.7582
vn -0.0317 0.1152 -0.9928
vn 0.0156 0.4487 0.8935
vn -0.2545 0.4073 0.8771
vn -0.0108 0.4532 0.8913
vn 0.1122 0.4249 0.8982
vn 0.1122 0.4250 0.8982
vn -0.2356 0.3808 0.8942
vn -0.1569 0.3591 0.9200
vn -0.2317 0.6345 0.7374
vn -0.3210 0.6536 0.6854
vn -0.3733 0.6093 0.6995
vn -0.5158 0.6258 0.5850
vn -0.3454 0.6619 0.6653
vn -0.3436 0.6617 0.6664
vn -0.3467 0.6622 0.6642
vn -0.3846 0.6640 0.6413
vn -0.4986 0.8333 0.2386
vn -0.3499 0.8623 0.3662
vn -0.3082 0.8969 0.3171
vn -0.4748 0.8588 -0.1925
vn -0.3108 0.9502 -0.0224
vn -0.2942 0.9523 -0.0815
vn -0.2601 0.7696 -0.5831
vn -0.2944 0.7927 -0.5337
vn -0.1849 0.8180 -0.5447
vn 0.0377 0.5990 -0.7999
vn -0.1113 0.5641 -0.8182
vn -0.0809 0.5618 -0.8233
vn 0.1388 0.3588 -0.9230
vn -0.0239 0.3190 -0.9474
vn -0.0251 0.3143 -0.9490
vn -0.0235 0.3185 -0.9476
vn -0.0257 0.3140 -0.9491
vn 0.2591 0.2451 -0.9342
vn 0.0702 0.2838 -0.9563
vn 0.1568 0.2558 -0.9539
vn 0.2965 0.2312 -0.9266
vn 0.1250 0.2413 -0.9624
vn 0.2391 0.2437 -0.9399
vn 0.3273 0.2307 -0.9163
vn 0.1277 0.1824 -0.9749
vn 0.3004 0.2432 -0.9223
vn 0.2927 0.1641 -0.9420
vn 0.1593 0.1114 -0.9809
vn 0.3203 0.1446 -0.9362
vn -0.3200 0.7932 -0.5181
vn -0.3165 0.7732 0.5496
vn -0.3421 0.7029 0.6237
vn -0.3930 0.9195 -0.0044
vn -0.4350 0.7748 0.4587
vn -0.1596 0.5807 -0.7983
vn -0.3523 0.6810 0.6419
vn -0.3458 0.8446 0.4088
vn 0.0805 0.1486 -0.9856
vn 0.1500 0.2570 -0.9547
vn 0.0427 0.3150 -0.9481
vn -0.0823 0.2814 -0.9561
vn -0.3471 0.6620 0.6642
vn -0.3598 0.6385 0.6804
vn -0.3932 0.3138 0.8642
vn -0.3878 0.3499 0.8527
vn 0.0738 0.1114 -0.9910
vn -0.1654 0.2579 -0.9519
vn -0.0085 0.2315 -0.9728
vn -0.1175 0.2545 -0.9599
vn 0.1265 0.1985 -0.9719
vn 0.1963 0.2387 -0.9510
vn 0.0065 0.2665 -0.9638
vn 0.0750 0.2347 -0.9692
vn -0.0483 0.2797 -0.9589
vn -0.1239 0.6257 0.7701
vn -0.4389 -0.6463 0.6242
vn -0.8223 0.1519 0.5484
vn -0.8522 0.1471 0.5021
vn -0.8787 0.0817 0.4704
vn -0.1045 0.6180 0.7792
vn -0.2306 -0.7763 0.5866
vn -0.2673 0.4614 0.8460
vn -0.2769 0.5425 0.7931
vn -0.2235 0.5560 0.8006
vn -0.2181 0.5573 0.8012
vn -0.2722 -0.6886 0.6721
vn -0.2478 0.4065 0.8794
vn -0.2412 0.5643 0.7896
vn -0.2541 0.5693 0.7819
vn -0.9732 -0.0295 0.2281
vn -0.9561 0.0076 0.2931
vn 0.4006 -0.6524 0.6433
vn -0.8923 0.2607 0.3686
vn -0.8377 0.5114 0.1915
vn -0.9776 -0.1228 0.1708
vn -0.1374 0.6129 0.7781
vn -0.1872 0.5728 0.7980
vn -0.2377 0.5734 0.7840
vn -0.7703 0.5885 0.2456
vn -0.0435 0.5553 0.8305
vn -0.0420 0.5552 0.8307
vn -0.0513 0.5539 0.8310
vn -0.0785 0.5972 0.7982
vn -0.0786 0.5972 0.7982
vn 0.1350 -0.6838 0.7170
vn 0.6745 0.1619 0.7203
vn 0.6970 0.1073 0.7090
vn 0.6478 0.0370 0.7610
vn -0.2085 0.5362 0.8179
vn -0.1354 0.5498 0.8242
vn -0.1250 -0.7784 0.6152
vn -0.1642 0.4877 0.8574
vn -0.1773 0.5265 0.8315
vn -0.1930 0.4955 0.8469
vn -0.1530 0.4904 0.8580
vn -0.2065 -0.7038 0.6797
vn -0.2261 0.4358 0.8712
vn -0.1755 0.5609 0.8091
vn -0.2273 0.5204 0.8231
vn -0.0788 0.4139 0.9069
vn 0.1753 0.8251 0.5371
vn 0.8831 -0.0771 0.4629
vn 0.8768 0.0224 0.4803
vn 0.8006 0.1840 0.5702
vn 0.7706 0.5312 0.3520
vn 0.5854 0.7887 0.1876
vn 0.3953 -0.7853 0.4765
vn 0.5387 -0.6973 0.4729
vn 0.2905 0.9545 0.0672
vn 0.2449 -0.8637 0.4406
vn -0.4971 -0.8068 0.3192
vn 0.8427 -0.2508 0.4764
vn -0.0977 0.4930 0.8645
vn -0.0994 0.5194 0.8487
vn -0.1883 0.5862 0.7880
vn 0.7054 0.5386 0.4608
vn -0.1521 -0.1906 -0.9698
vn -0.0334 -0.1986 -0.9795
vn -0.1595 0.0266 -0.9868
vn -0.1871 -0.2934 -0.9375
vn -0.8592 0.1769 0.4801
vn 0.2617 -0.0736 0.9623
vn 0.7505 0.2527 -0.6107
vn -0.9011 0.1792 0.3949
vn -0.3749 0.1887 -0.9077
vn 0.0921 -0.0449 0.9947
vn -0.0098 0.1112 -0.9937
vn 0.2278 0.2632 -0.9374
vn -0.6876 0.1810 -0.7032
vn -0.0433 0.1239 -0.9914
vn -0.2098 0.2764 -0.9379
vn -0.2769 0.2951 -0.9144
vn -0.4325 0.2587 -0.8637
vn -0.5654 0.2412 -0.7887
vn -0.7189 0.2679 -0.6414
vn -0.8845 0.2914 -0.3643
vn 0.9883 -0.0676 0.1370
vn -0.8209 -0.3444 0.4556
vn 0.9635 -0.0960 0.2500
vn -0.9656 0.2487 0.0764
vn -0.0757 0.0992 -0.9922
vn -0.9169 0.1395 0.3740
vn 0.9982 0.0054 -0.0591
vn 0.8961 -0.0370 -0.4423
vn 0.9978 -0.0376 -0.0540
vn 0.8507 -0.1708 -0.4970
vn 0.9996 -0.0085 0.0277
vn 0.8497 -0.1248 -0.5123
vn -0.6813 0.2073 0.7021
vn -0.2781 -0.0452 0.9595
vn 0.0858 -0.0313 0.9958
vn -0.1324 0.2127 -0.9681
vn 0.0280 -0.5569 -0.8301
vn -0.1511 -0.9630 -0.2234
vn 0.9158 -0.3644 -0.1691
vn -0.0147 -0.9955 -0.0934
vn 0.0881 -0.9777 0.1906
vn 0.5323 -0.0626 0.8443
vn 0.1386 -0.0776 0.9873
vn -0.0635 -0.0694 0.9956
vn -0.8169 0.1762 0.5491
vn -0.0893 0.0091 0.9960
vn -0.2458 -0.1136 0.9626
vn -0.1740 -0.0191 0.9846
vn 0.0219 0.0278 0.9994
vn -0.5891 0.0960 0.8023
vn -0.0935 0.2434 -0.9654
vn 0.6826 -0.5347 -0.4982
vn 0.9664 -0.2271 -0.1206
vn 0.9549 -0.2971 0.0018
vn -0.1577 0.1879 -0.9695
vn -0.1500 0.1842 -0.9714
vn -0.3279 -0.5081 -0.7965
vn -0.4207 -0.5405 -0.7286
vn 0.7260 -0.5296 -0.4387
vn -0.0042 -0.9730 -0.2308
vn 0.8370 -0.5463 -0.0325
vn 0.6687 -0.7260 0.1605
vn -0.0480 -0.0573 0.9972
vn 0.2537 -0.3810 0.8891
vn 0.1810 -0.1298 0.9749
vn -0.0599 0.0209 0.9980
vn 0.0281 -0.0455 0.9986
vn -0.7846 0.0077 0.6200
vn -0.9887 0.1493 0.0109
vn -0.7066 -0.1671 0.6876
vn -0.9627 0.2702 0.0108
vn 0.9048 0.2138 -0.3682
vn 0.9706 0.2401 0.0157
vn 0.9808 0.1725 0.0912
vn 0.9975 -0.0707 0.0051
vn -0.9920 -0.1139 -0.0546
vn -0.5931 -0.1869 -0.7832
vn 0.1080 -0.0605 0.9923
vn 0.0817 0.2545 -0.9636
vn -0.8939 0.1423 -0.4251
vn 0.5772 0.0252 0.8162
vn 0.4675 0.0055 0.8840
vn -0.0155 0.1560 -0.9876
vn 0.5251 0.2594 -0.8105
vn 0.0734 0.1312 -0.9886
vn 0.0318 0.2678 -0.9630
vn 0.1639 0.2481 -0.9548
vn 0.2797 0.2077 -0.9373
vn 0.4657 0.2125 -0.8590
vn 0.6075 0.2672 -0.7480
vn 0.7745 0.3342 -0.5370
vn -0.9425 -0.1645 0.2908
vn -0.9081 -0.2277 0.3514
vn -0.9938 -0.1008 0.0469
vn -0.9097 -0.2553 0.3275
vn 0.9505 0.2340 -0.2044
vn -0.1794 0.0749 0.9809
vn -0.9852 -0.1507 -0.0813
vn 0.9078 0.2513 0.3357
vn -0.9981 -0.0463 0.0409
vn -0.9978 -0.0527 -0.0404
vn 0.7374 0.0410 0.6742
vn 0.5709 -0.0789 0.8172
vn -0.1639 0.1522 -0.9747
vn -0.0119 -0.0432 0.9990
vn -0.5476 -0.2556 -0.7968
vn -0.9865 -0.1290 -0.1011
vn -0.5166 -0.8520 -0.0847
vn -0.8027 0.5453 0.2417
vn -0.1855 -0.9775 -0.1005
vn -0.4484 -0.8819 0.1454
vn 0.8849 -0.2192 0.4110
vn 0.0501 -0.6228 0.7808
vn 0.2387 -0.2702 0.9327
vn 0.3714 -0.0215 0.9282
vn 0.5843 0.0397 0.8106
vn 0.5475 -0.0334 0.8361
vn 0.4202 -0.0258 0.9071
vn 0.0401 0.0069 0.9992
vn 0.4130 0.2548 -0.8744
vn -0.9910 0.1042 -0.0840
vn -0.8808 -0.3462 -0.3229
vn -0.9624 0.2113 0.1704
vn -0.5986 0.7996 -0.0491
vn -0.9478 0.2788 0.1547
vn -0.0136 -0.2813 0.9595
vn -0.4153 -0.0835 -0.9058
vn 0.8779 0.0736 0.4732
vn 0.0120 0.1945 -0.9808
vn -0.9389 -0.0753 -0.3360
vn -0.8470 -0.4323 -0.3093
vn -0.6815 0.6691 0.2963
vn -0.4250 -0.8927 -0.1500
vn -0.9666 0.2522 0.0446
vn -0.9977 0.0006 -0.0679
vn 0.9137 0.1169 0.3891
vn 0.2549 -0.6799 0.6876
vn 0.1369 -0.1823 0.9737
vn 0.3314 -0.0018 0.9435
vn -0.2689 0.0840 0.9595
vn 0.9449 0.1646 0.2831
vn 0.9805 0.1503 -0.1264
vn -0.0685 -0.0211 0.9974
vn 0.8820 0.3672 -0.2954
vn -0.9916 0.1182 0.0518
vn -0.9875 0.1552 0.0283
vn -0.9670 0.1127 0.2285
vn 0.4032 -0.0786 0.9117
vn 0.0971 -0.0069 -0.9952
vn -0.2709 0.0573 0.9609
vn -0.6246 0.1455 -0.7673
vn 0.5625 -0.0810 0.8228
vn 0.0551 -0.0115 -0.9984
vn 0.6148 0.0821 0.7844
vn -0.7157 0.1683 0.6778
vn 0.0524 -0.0860 -0.9949
vn 0.0278 -0.1414 -0.9896
vn -0.8585 0.0839 0.5060
vn 0.0517 0.0703 0.9962
vn -0.2720 0.1184 -0.9550
vn -0.8106 0.0454 0.5839
vn -0.7760 0.1972 -0.5991
vn -0.4147 0.2087 0.8857
vn -0.2254 0.0640 -0.9722
vn 0.8085 0.1991 -0.5538
vn -0.2328 0.0770 -0.9695
vn 0.9246 0.1201 0.3614
vn -0.9147 0.2045 -0.3485
vn 0.2896 0.0236 -0.9569
vn 0.5375 0.0879 -0.8387
vn 0.6728 0.1632 -0.7216
vn 0.9260 -0.1009 0.3639
vn 0.0391 -0.0062 0.9992
vn -0.1677 -0.0836 0.9823
vn -0.0975 0.0749 -0.9924
vn 0.2498 0.0230 0.9680
vn 0.0019 -0.0138 -0.9999
vn -0.0470 -0.0691 0.9965
vn 0.8333 0.2223 0.5062
vn -0.4056 0.1371 -0.9037
vn -0.3953 0.1449 -0.9071
vn -0.3951 0.1451 -0.9071
vn 0.9398 0.2160 -0.2649
vn -0.8809 0.1252 0.4565
vn -0.0059 -0.0359 0.9993
vn 0.6867 -0.2974 0.6633
vn 0.0821 -0.0306 0.9962
vn 0.9630 0.2284 0.1431
vn 0.4456 -0.3325 0.8312
vn 0.4596 -0.0700 0.8854
vn -0.2442 -0.0760 0.9667
vn -0.2444 -0.0758 0.9667
vn -0.2417 -0.0695 0.9679
vn 0.2127 -0.0036 0.9771
vn 0.3173 -0.1050 0.9425
vn 0.3778 -0.2989 0.8763
vn -0.9893 0.1079 0.0978
vn 0.8958 -0.0013 0.4444
vn 0.6943 0.0230 0.7193
vn 0.0515 -0.0446 0.9977
vn 0.5038 -0.2163 0.8363
vn 0.2823 -0.1347 0.9498
vn -0.2029 0.0456 0.9781
vn -0.2027 0.0467 0.9781
vn -0.2112 0.0512 0.9761
vn -0.1814 0.0136 0.9833
vn -0.0539 -0.0249 0.9982
vn 0.2535 -0.1115 0.9609
vn 0.3077 -0.2330 0.9225
vn -0.7090 0.1404 0.6911
vn 0.8404 0.0338 0.5409
vn -0.7108 -0.2101 0.6713
vn 0.8294 -0.0965 0.5502
vn -0.5841 -0.3061 0.7517
vn -0.2565 -0.0984 0.9615
vn -0.2154 -0.0800 0.9732
vn 0.5459 -0.1357 0.8268
vn 0.2833 -0.1876 0.9405
vn 0.3264 0.0243 -0.9449
vn 0.7483 0.1264 0.6512
vn -0.8115 -0.1944 0.5510
vn 0.0819 -0.0532 0.9952
vn 0.1589 -0.1051 0.9817
vn 0.0557 -0.1123 0.9921
vn -0.0195 0.0424 0.9989
vn -0.0924 -0.0694 0.9933
vn 0.2110 -0.1518 0.9656
vn -0.1971 -0.0241 0.9801
vn -0.1940 -0.0252 0.9807
vn -0.1971 -0.0237 0.9801
vn 0.6560 0.1652 0.7364
vn 0.2050 -0.0390 0.9780
vn -0.5998 -0.1511 0.7858
vn -0.4056 -0.2726 0.8725
vn -0.0673 -0.1340 0.9887
vn 0.3379 0.0374 0.9404
vn 0.1522 -0.0134 0.9883
vn 0.1242 -0.1300 0.9837
vn 0.1125 -0.0278 0.9933
vn 0.5575 0.1554 0.8155
vn -0.3374 0.0410 0.9405
vn -0.2375 -0.1140 0.9647
vn -0.1177 -0.1079 0.9872
vn 0.4916 -0.2664 0.8291
vn 0.2531 -0.0013 0.9674
vn -0.2414 -0.0691 0.9680
vn 0.0170 -0.1290 0.9915
vn -0.9274 0.1239 -0.3529
vn 0.3092 0.0681 0.9486
vn 0.1209 -0.0511 0.9913
vn 0.3761 -0.1142 0.9195
vn 0.0392 -0.0338 0.9987
vn -0.0011 -0.0957 0.9954
vn -0.0474 0.0664 0.9967
vn 0.0286 -0.0439 0.9986
vn 0.0789 -0.0594 0.9951
vn 0.8424 0.0596 -0.5355
vn 0.1020 -0.1157 0.9880
vn -0.9096 -0.0540 0.4119
vn 0.2825 -0.0982 0.9542
vn 0.5459 -0.3489 0.7617
vn 0.0745 -0.0900 0.9932
vn 0.8411 0.2808 0.4623
vn 0.9010 0.1850 0.3924
vn 0.8389 0.0935 0.5362
vn 0.6851 0.1187 0.7187
vn 0.5688 0.1097 0.8151
vn 0.5713 0.1052 0.8140
vn 0.5690 0.1093 0.8150
vn 0.3748 0.0653 0.9248
vn 0.1573 0.0741 0.9848
vn 0.2153 0.0626 0.9745
vn 0.2459 0.1160 0.9623
vn 0.1378 0.2291 0.9636
vn -0.0101 0.3023 0.9532
vn -0.0032 0.3311 0.9436
vn -0.1637 0.2581 0.9522
vn 0.3439 0.0247 0.9387
vn 0.9504 0.1245 -0.2852
vn 0.9601 0.0807 -0.2678
vn -0.0791 0.0972 -0.9921
vn -0.0794 0.0967 -0.9921
vn -0.0699 0.0941 -0.9931
vn 0.7072 0.0243 -0.7066
vn 0.1240 -0.0480 0.9911
vn 0.0924 -0.0323 0.9952
vn 0.5247 0.0289 -0.8508
vn 0.0435 0.0015 -0.9991
vn -0.0698 0.0938 -0.9931
vn 0.8896 0.0660 0.4520
vn -0.0267 0.0562 -0.9981
vn 0.9622 0.1673 -0.2150
vn 0.9504 0.0010 -0.3109
vn 0.9152 -0.0127 -0.4029
vn 0.8148 -0.1004 -0.5710
vn 0.6847 -0.0393 -0.7277
vn 0.5604 0.0410 -0.8272
vn 0.4405 0.0542 -0.8961
vn 0.2389 -0.0635 -0.9690
vn 0.1187 -0.1042 -0.9874
vn 0.0783 -0.1386 -0.9873
vn 0.0343 -0.1251 -0.9916
vn 0.0227 -0.1125 -0.9934
vn -0.1141 0.0742 -0.9907
vn -0.1778 -0.0126 -0.9840
vn -0.1455 -0.0474 -0.9882
vn 0.9214 -0.0436 -0.3862
vn 0.8627 0.0419 -0.5039
vn 0.7385 0.1022 -0.6664
vn 0.5638 0.1030 -0.8194
vn 0.2675 0.0549 -0.9620
vn 0.3508 0.0918 -0.9319
vn -0.0949 -0.1548 -0.9834
vn -0.0877 -0.1645 -0.9825
vn -0.0943 -0.1549 -0.9834
vn -0.0877 -0.1651 -0.9824
vn -0.0016 -0.1623 -0.9867
vn 0.0500 -0.1043 -0.9933
vn 0.0597 -0.1166 -0.9914
vn 0.0628 -0.1326 -0.9892
vn 0.0819 -0.1021 -0.9914
vn 0.1317 -0.0637 -0.9892
vn 0.0308 -0.0419 -0.9986
vn -0.1514 -0.1621 -0.9751
vn -0.1326 -0.1370 -0.9817
vn -0.0663 -0.1138 -0.9913
vn 0.0002 -0.1002 -0.9950
vn -0.0173 -0.1464 -0.9891
vn -0.0177 -0.1464 -0.9891
vn -0.0225 -0.1466 -0.9889
vn -0.0229 -0.1466 -0.9889
vn -0.0070 -0.1314 -0.9913
vn 0.0933 0.0918 -0.9914
vn -0.0367 -0.0273 -0.9990
vn -0.1281 -0.1282 -0.9834
vn -0.0190 -0.1000 -0.9948
vn 0.0188 -0.0849 -0.9962
vn -0.0435 -0.1349 -0.9899
vn -0.0846 -0.1610 -0.9833
vn -0.0678 -0.1405 -0.9878
vn -0.0423 -0.1231 -0.9915
vn -0.0512 0.0917 -0.9945
vn -0.0852 -0.0351 -0.9957
vn -0.0266 -0.0646 -0.9976
vn 0.0116 -0.0717 -0.9974
vn -0.0295 -0.1196 -0.9924
vn -0.0924 -0.1899 -0.9775
vn -0.1074 -0.1480 -0.9831
vn -0.0894 -0.1303 -0.9874
vn -0.0865 -0.1161 -0.9895
vn -0.0910 0.0878 -0.9920
vn 0.1384 0.1103 -0.9842
vn -0.0422 0.1306 -0.9905
vn -0.0852 0.1489 -0.9852
vn 0.0545 0.1402 -0.9886
vn 0.0534 0.0212 -0.9984
vn -0.0122 -0.0494 -0.9987
vn 0.0232 -0.0592 -0.9980
vn -0.0254 -0.0868 -0.9959
vn -0.0409 -0.1464 -0.9884
vn -0.0409 -0.1468 -0.9883
vn -0.0371 -0.1493 -0.9881
vn -0.0246 -0.1939 -0.9807
vn -0.0010 -0.1329 -0.9911
vn 0.0210 -0.1103 -0.9937
vn 0.0239 -0.1328 -0.9909
vn -0.0269 0.0908 -0.9955
vn -0.0563 0.1197 -0.9912
vn -0.1753 0.0545 -0.9830
vn 0.0341 -0.1373 0.9899
vn 0.0397 -0.0496 0.9980
vn 0.6864 -0.1627 0.7088
vn 0.8335 -0.1321 0.5366
vn -0.8873 0.0624 0.4569
vn -0.7316 -0.1974 0.6525
vn -0.5616 -0.0849 0.8231
vn -0.2740 -0.1040 0.9561
vn -0.3196 -0.2175 0.9223
vn 0.7886 0.1861 0.5861
vn -0.8483 -0.0496 0.5272
vn -0.4290 0.0157 0.9032
vn -0.0366 -0.0522 0.9980
vn 0.9576 -0.0446 0.2846
vn -0.9175 -0.0523 0.3943
vn -0.2435 -0.0900 0.9657
vn -0.3053 -0.1331 0.9429
vn -0.8302 0.1419 0.5390
vn -0.8035 -0.0035 0.5952
vn -0.0292 0.0065 0.9996
vn -0.4074 -0.1984 0.8914
vn -0.0565 -0.0489 0.9972
vn 0.0180 -0.0738 0.9971
vn -0.2460 -0.1123 0.9628
vn 0.0294 -0.0691 0.9972
vn -0.6888 0.0451 0.7236
vn 0.5087 0.0546 0.8592
vn -0.1047 -0.0755 0.9916
vn 0.5246 -0.3032 0.7955
vn 0.5596 -0.2709 0.7832
vn -0.2100 -0.1200 0.9703
vn 0.9950 0.0798 -0.0604
vn -0.4960 0.0800 0.8646
vn 0.6248 0.0582 0.7786
vn 0.1682 -0.0796 0.9825
vn 0.2683 -0.1438 0.9525
vn -0.0505 -0.1161 0.9920
vn -0.0531 -0.1192 0.9915
vn -0.0556 -0.1217 0.9910
vn -0.0556 -0.1221 0.9910
vn 0.6720 0.1680 0.7213
vn -0.3774 0.1232 0.9178
vn 0.7400 -0.0794 0.6679
vn -0.3010 -0.1707 0.9382
vn 0.3702 -0.1760 0.9121
vn 0.1775 -0.1211 0.9766
vn -0.1233 -0.1547 0.9802
vn -0.5141 0.1100 0.8506
vn -0.2164 0.0689 0.9739
vn -0.5307 -0.0679 0.8449
vn 0.6377 -0.1456 0.7564
vn -0.3307 -0.1600 0.9301
vn 0.4116 -0.2423 0.8786
vn 0.1698 -0.1249 0.9775
vn 0.3129 0.0029 0.9498
vn 0.6183 -0.1300 0.7752
vn 0.0716 -0.0686 0.9951
vn 0.3599 -0.1794 0.9156
vn 0.8929 0.1300 0.4310
vn -0.8039 0.1213 0.5822
vn 0.9411 0.0879 -0.3265
vn -0.6465 0.1470 -0.7486
vn 0.5715 0.1048 0.8139
vn -0.9973 0.0664 0.0307
vn -0.2721 0.0390 -0.9615
vn 0.9456 0.1802 -0.2709
vn -0.4208 0.1323 -0.8975
vn -0.0259 0.0735 -0.9970
vn -0.9346 0.2840 0.2140
vn -0.9551 0.2058 0.2133
vn -0.9842 0.0838 -0.1557
vn -0.9332 0.1198 -0.3389
vn -0.8544 0.1343 -0.5021
vn -0.7773 0.1390 -0.6136
vn -0.6556 0.0252 -0.7546
vn -0.5040 -0.1673 -0.8473
vn -0.3683 -0.2359 -0.8993
vn -0.1854 -0.2657 -0.9461
vn 0.0023 -0.2954 -0.9554
vn 0.1272 -0.3784 -0.9168
vn 0.1254 -0.3818 -0.9157
vn 0.1270 -0.3787 -0.9168
vn -0.9961 0.0605 -0.0648
vn -0.9264 0.1764 -0.3326
vn -0.8487 0.1590 -0.5043
vn -0.6866 0.0897 -0.7215
vn -0.5332 0.0164 -0.8458
vn -0.5088 0.0568 -0.8590
vn 0.0884 -0.3247 -0.9417
vn -0.0479 -0.1949 -0.9797
vn -0.1622 -0.2058 -0.9651
vn -0.3015 -0.1901 -0.9343
vn -0.4459 -0.1197 -0.8870
vn -0.2581 -0.0592 -0.9643
vn -0.0302 -0.1768 -0.9838
vn -0.1381 -0.1080 -0.9845
vn -0.1609 -0.1729 -0.9717
vn -0.1927 -0.1314 -0.9724
vn -0.3124 0.0472 -0.9488
vn -0.1955 0.0078 -0.9807
vn -0.1589 -0.0653 -0.9851
vn -0.1300 -0.1402 -0.9816
vn -0.1068 -0.1579 -0.9817
vn -0.1561 -0.0719 -0.9851
vn -0.1581 -0.0725 -0.9848
vn -0.1599 -0.0728 -0.9844
vn -0.2383 0.0878 -0.9672
vn -0.1203 -0.0081 -0.9927
vn -0.1858 -0.0812 -0.9792
vn -0.1507 -0.1704 -0.9738
vn -0.1774 -0.1105 -0.9779
vn -0.1600 -0.0731 -0.9844
vn -0.0974 0.0732 -0.9926
vn -0.3780 0.0297 -0.9253
vn -0.2845 0.0582 -0.9569
vn -0.1096 0.0519 -0.9926
vn 0.0656 -0.0978 -0.9930
vn -0.0006 -0.0610 -0.9981
vn -0.0164 -0.1623 -0.9866
vn -0.0201 -0.1456 -0.9891
vn -0.0498 -0.0965 -0.9941
vn -0.0341 -0.1236 -0.9917
vn -0.1069 -0.0964 -0.9896
vn 0.9652 0.0387 -0.2587
vn -0.1850 -0.1272 -0.9745
vn -0.0557 0.0731 -0.9958
vn -0.8137 0.1397 -0.5643
vn 0.2305 -0.0312 0.9726
vn 0.2339 -0.0217 0.9720
vn 0.2324 -0.0288 0.9722
vn 0.2317 -0.0325 0.9722
vn 0.1342 -0.1126 0.9845
vn -0.1076 -0.0852 0.9905
vn -0.3883 0.0485 0.9203
vn 0.1557 -0.0191 0.9876
vn -0.5784 -0.0811 0.8117
vn 0.5095 -0.1306 0.8505
vn -0.2092 -0.1509 0.9662
vn -0.2290 -0.0855 0.9697
vn -0.2145 0.3287 0.9197
vn 0.0808 -0.1613 0.9836
vn -0.1986 0.0364 0.9794
vn -0.8754 -0.1141 0.4697
vn -0.8703 -0.1465 0.4702
vn -0.3117 -0.0690 0.9477
vn -0.3478 0.0849 -0.9337
vn 0.0059 -0.0260 0.9996
vn 0.1088 0.1046 0.9885
vn 0.0880 0.1505 0.9847
vn 0.0203 0.0184 0.9996
vn -0.1937 -0.0251 0.9807
vn -0.3823 -0.0063 0.9240
vn -0.4929 0.0862 0.8658
vn -0.6802 0.2480 0.6898
vn -0.7841 0.3175 0.5333
vn -0.7962 0.2529 0.5497
vn 0.0881 0.1184 0.9891
vn -0.9942 0.1073 0.0096
vn -0.9901 0.1236 0.0662
vn 0.2723 -0.0927 0.9577
vn -0.2932 -0.0861 0.9522
vn 0.2516 -0.0552 0.9663
vn -0.5051 0.1933 -0.8411
vn 0.9528 0.1399 0.2693
vn -0.6027 0.1380 -0.7859
vn 0.0809 -0.0015 -0.9967
vn 0.0218 0.0304 -0.9993
vn 0.0600 0.0452 -0.9972
vn -0.2684 0.1671 -0.9487
vn -0.7647 0.1734 -0.6206
vn -0.2310 0.2236 -0.9469
vn 0.8228 0.1057 -0.5585
vn -0.2330 0.2070 -0.9502
vn -0.9171 0.1679 -0.3616
vn 0.2639 -0.0153 -0.9644
vn 0.5005 0.0694 -0.8629
vn 0.6470 0.1182 -0.7532
vn -0.0674 0.1821 -0.9810
vn 0.0640 0.0874 -0.9941
vn -0.4060 0.1368 -0.9036
vn 0.9708 0.1878 -0.1493
vn -0.8785 0.2157 0.4262
vn 0.8668 0.0800 0.4921
vn 0.9071 -0.0371 0.4193
vn 0.8550 -0.0473 0.5164
vn 0.7080 -0.0039 0.7062
vn 0.5677 -0.0280 0.8228
vn 0.3944 -0.1031 0.9132
vn 0.9134 0.2439 -0.3259
vn 0.9503 0.1620 -0.2658
vn 0.1517 -0.0560 0.9868
vn 0.0973 0.0012 0.9953
vn -0.0211 -0.1363 0.9904
vn -0.1988 -0.1514 0.9683
vn -0.3785 -0.0786 0.9223
vn -0.4807 -0.0133 0.8768
vn -0.6858 0.0621 0.7251
vn -0.8391 0.0852 0.5372
vn -0.8342 0.1255 0.5369
vn 0.0690 -0.0482 0.9964
vn -0.9838 0.1778 0.0234
vn -0.9830 0.1741 0.0588
vn 0.3004 0.2939 0.9074
vn -0.1324 -0.1265 -0.9831
vn 0.0269 0.0854 -0.9960
vn -0.0768 0.1071 -0.9913
vn -0.1356 0.0344 -0.9902
vn -0.1583 -0.1299 -0.9788
vn -0.0717 -0.1277 -0.9892
vn 0.0744 -0.0637 -0.9952
vn 0.0383 -0.1606 0.9863
vn 0.2122 -0.0823 0.9738
vn 0.0020 0.1183 -0.9930
vn 0.1723 -0.3319 -0.9275
vn 0.2829 0.0732 -0.9564
vn 0.2338 -0.0213 0.9721
vn 0.6176 0.1060 0.7793
vn -0.1724 -0.0057 0.9850
vn -0.6284 0.0447 0.7766
vn -0.2031 -0.0347 0.9785
vn 0.0531 0.0390 0.9978
vn 0.1595 0.0012 0.9872
vn -0.1160 0.0247 0.9929
vn 0.1719 -0.0414 0.9842
vn -0.1933 0.0705 0.9786
vn -0.1036 0.0733 0.9919
vn -0.1554 0.1469 0.9769
vn -0.1077 0.2369 0.9655
vn -0.0507 0.2839 0.9575
vn -0.1605 0.3245 0.9322
vn 0.3044 0.3117 0.9001
vn 0.2409 0.0122 -0.9705
vn 0.2862 -0.0274 -0.9578
vn 0.2444 -0.0317 -0.9692
vn 0.2014 -0.3281 -0.9229
vn 0.2015 -0.3276 -0.9231
vn 0.1963 -0.3277 -0.9242
vn 0.1990 -0.3337 -0.9214
vn 0.1909 -0.3277 -0.9253
vn 0.2125 -0.3096 -0.9268
vn 0.2148 -0.3499 -0.9119
vn 0.2721 -0.2935 -0.9164
vn 0.1360 -0.2806 -0.9501
vn 0.0106 -0.1957 -0.9806
vn -0.1831 -0.1579 -0.9703
vn 0.2122 0.0867 -0.9734
vn 0.2108 0.0787 -0.9744
vn 0.2124 0.0869 -0.9733
vn -0.0128 -0.0961 -0.9953
vn -0.2435 -0.0866 -0.9660
vn 0.1886 -0.1630 -0.9684
vn 0.2856 -0.1947 -0.9384
vn 0.2184 0.3996 0.8903
vn -0.2916 0.2316 0.9281
vn 0.2585 -0.0473 0.9649
vn 0.2329 -0.0338 0.9719
vn -0.2308 -0.0332 0.9724
vn -0.1891 -0.1364 0.9724
vn -0.0500 -0.0761 0.9958
vn -0.1641 -0.0189 0.9863
vn 0.2688 -0.0084 0.9631
vn 0.2533 -0.0829 0.9638
vn -0.5821 -0.1517 0.7989
vn 0.1992 -0.3329 -0.9217
vn 0.2236 0.0224 -0.9744
vn 0.2111 0.0784 -0.9743
vn 0.0642 -0.1274 -0.9898
vn 0.2455 0.1141 -0.9627
vn 0.2623 -0.2066 -0.9426
vn 0.2762 -0.2100 -0.9379
vn 0.0636 -0.1574 -0.9855
vn -0.0368 -0.1493 -0.9881
vn -0.0419 -0.0960 -0.9945
vn 0.1550 0.1129 -0.9814
vn 0.1157 0.0405 -0.9925
vn -0.0519 -0.1973 -0.9790
vn 0.1677 -0.3417 -0.9247
vn 0.1842 -0.3902 -0.9021
vn 0.1253 -0.3822 -0.9156
vn 0.1178 0.4358 0.8923
vn -0.1381 -0.7416 0.6565
vn -0.6991 -0.0855 0.7099
vn -0.6691 -0.1518 0.7275
vn -0.6006 -0.1906 0.7765
vn 0.1462 0.4526 0.8797
vn 0.1544 0.4537 0.8777
vn 0.1465 0.4526 0.8796
vn 0.5718 -0.6735 0.4684
vn 0.3107 0.2813 0.9080
vn 0.2407 0.3389 0.9095
vn 0.2087 0.3302 0.9205
vn 0.1547 0.4537 0.8776
vn 0.1036 -0.7612 0.6402
vn 0.1649 0.2695 0.9488
vn 0.2138 0.3745 0.9023
vn 0.2988 0.3304 0.8953
vn -0.8176 -0.2737 0.5066
vn -0.9700 0.0520 0.2373
vn -0.8563 -0.1462 0.4954
vn -0.7697 -0.0702 0.6345
vn -0.8318 0.2953 0.4699
vn -0.7747 -0.3927 0.4956
vn 0.1549 0.3364 0.9289
vn 0.2164 0.3572 0.9086
vn 0.1449 0.3400 0.9292
vn -0.7789 0.3530 0.5184
vn -0.0601 0.4070 0.9114
vn -0.0599 0.4082 0.9109
vn -0.0578 0.4032 0.9133
vn 0.4429 -0.6841 0.5795
vn 0.8697 0.1124 0.4807
vn 0.8692 0.1124 0.4815
vn 0.8630 0.1150 0.4919
vn 0.8627 0.1155 0.4924
vn 0.7464 0.0457 0.6639
vn 0.0895 0.4471 0.8900
vn 0.3988 -0.7517 0.5253
vn 0.2437 0.3015 0.9218
vn 0.2478 0.3008 0.9209
vn 0.2439 0.3013 0.9218
vn 0.2058 0.3827 0.9006
vn 0.1961 0.3234 0.9257
vn 0.1876 0.4498 0.8732
vn 0.4286 -0.6859 0.5881
vn 0.2481 0.3010 0.9208
vn 0.2015 0.4008 0.8938
vn 0.2022 0.3439 0.9170
vn 0.9458 0.0111 0.3245
vn 0.9390 0.1097 0.3258
vn 0.8330 0.0555 0.5505
vn 0.8123 0.5377 0.2257
vn 0.5290 -0.7518 0.3937
vn 0.7308 -0.5894 0.3442
vn 0.2513 -0.8658 0.4326
vn 0.5066 -0.4264 0.7493
vn 0.9354 -0.1429 0.3234
vn -0.0489 0.3565 0.9330
vn 0.2091 0.3799 0.9011
vn 0.2457 0.3098 0.9185
vn 0.7499 0.5418 0.3796
vn 0.1500 -0.0180 0.9885
vn 0.1119 0.3077 0.9449
vn 0.0907 0.5727 0.8147
vn 0.0926 0.7313 0.6758
vn -0.9889 0.1078 0.1019
vn -0.9594 0.2497 0.1314
vn -0.9685 0.1439 0.2034
vn -0.9495 0.2485 0.1916
vn -0.9835 0.1053 0.1473
vn -0.9881 0.1383 0.0669
vn -0.9893 0.1310 0.0636
vn -0.9893 0.1318 0.0631
vn -0.9650 0.2446 0.0944
vn -0.9701 0.2357 0.0583
vn -0.9778 0.1682 0.1253
vn -0.9788 0.1901 0.0757
vn -0.9789 0.1899 0.0757
vn -0.9795 0.1866 0.0755
vn -0.9881 0.1382 0.0679
vn -0.9796 0.1861 0.0755
vn -0.9795 0.1766 0.0973
vn -0.9689 0.1184 0.2172
vn -0.9729 0.1904 0.1312
vn -0.9588 0.1473 0.2430
vn 0.8445 -0.5148 -0.1477
vn 0.8788 -0.1700 -0.4458
vn 0.7850 -0.4865 -0.3836
vn 0.9766 -0.1487 0.1552
vn 0.8560 -0.5148 -0.0480
vn 0.8551 -0.4854 0.1821
vn 0.9875 0.1291 -0.0900
vn 0.9856 -0.0750 0.1516
vn 0.9862 0.1209 0.1127
vn 0.8836 -0.0490 -0.4657
vn 0.9727 0.1224 -0.1974
vn 0.8549 0.1673 -0.4910
vn -0.0542 -0.8306 0.5542
vn -0.1540 -0.9486 0.2763
vn -0.2470 -0.9682 -0.0398
vn -0.3182 -0.8689 -0.3791
vn 0.2979 0.8823 0.3644
vn 0.2383 0.9702 0.0443
vn 0.1421 0.9463 -0.2903
vn 0.0370 0.8224 -0.5677
vn -0.0590 0.6448 -0.7621
vn -0.1827 0.3223 -0.9288
vn -0.3078 -0.1823 -0.9338
vn -0.3500 -0.6098 -0.7111
vn 0.0454 -0.6230 0.7809
vn 0.1695 -0.2386 0.9562
vn 0.2726 0.2139 0.9380
vn 0.3205 0.6411 0.6973
vn 0.8681 0.0126 0.4963
vn 0.8883 0.0981 0.4486
vn 0.9010 0.0569 0.4300
vn 0.8962 0.0919 0.4341
vn 0.8898 0.0270 0.4555
vn 0.8251 0.0696 0.5607
vn 0.8749 0.0667 0.4797
vn 0.8320 0.0381 0.5534
vn 0.8918 0.0546 0.4491
vn 0.8723 0.0567 0.4857
vn 0.8699 0.0595 0.4896
vn 0.8702 0.0599 0.4890
vn 0.8310 -0.0007 0.5563
vn 0.8419 0.0542 0.5369
vn 0.8578 0.0653 0.5099
vn 0.9064 0.0389 0.4207
vn 0.8722 0.0560 0.4860
vn 0.9107 0.0494 0.4102
vn -0.8491 -0.4033 -0.3412
vn -0.9773 -0.1035 -0.1847
vn -0.9148 -0.3800 -0.1370
vn -0.6817 -0.0606 -0.7291
vn -0.8111 -0.3739 -0.4498
vn -0.6412 -0.3141 -0.7001
vn -0.8338 0.2293 -0.5022
vn -0.6895 0.0964 -0.7179
vn -0.6907 0.2420 -0.6814
vn -0.9817 -0.0136 -0.1899
vn -0.8657 0.2314 -0.4438
vn -0.9540 0.1706 -0.2467
vn 0.4284 -0.8399 -0.3331
vn 0.2797 -0.9600 0.0116
vn 0.1508 -0.9543 0.2581
vn -0.0459 -0.8221 0.5675
vn 0.0221 0.8614 -0.5074
vn -0.1269 0.9523 -0.2775
vn -0.3067 0.9507 0.0451
vn -0.3683 0.8793 0.3018
vn -0.4566 0.6193 0.6387
vn -0.4761 0.1891 0.8588
vn -0.3600 -0.2805 0.8898
vn -0.1921 -0.6317 0.7511
vn 0.5164 -0.5962 -0.6147
vn 0.5076 -0.1397 -0.8502
vn 0.3596 0.3499 -0.8651
vn 0.1889 0.6671 -0.7207
vn 0.9596 -0.0105 0.2812
vn 0.9700 0.0544 0.2371
vn 0.9812 0.0425 0.1885
vn 0.9808 0.0454 0.1898
vn 0.9812 0.0430 0.1881
vn 0.9807 0.0459 0.1903
vn 0.9635 -0.0240 0.2666
vn 0.9226 -0.0148 0.3854
vn 0.9578 0.0464 0.2837
vn 0.9379 0.0185 0.3464
vn 0.9634 0.0391 0.2651
vn 0.9554 0.0588 0.2895
vn 0.9265 0.0384 0.3744
vn 0.9399 0.0551 0.3370
vn 0.9565 0.0359 0.2895
vn 0.9801 0.0021 0.1984
vn 0.9640 0.0588 0.2592
vn 0.9769 0.0563 0.2060
vn -0.9326 -0.3180 -0.1708
vn -0.9957 -0.0771 0.0523
vn -0.9562 -0.2881 0.0524
vn -0.8197 0.0007 -0.5728
vn -0.9074 -0.3194 -0.2731
vn -0.8065 -0.2915 -0.5143
vn -0.9182 0.2394 -0.3157
vn -0.8210 0.0396 -0.5695
vn -0.8181 0.2315 -0.5265
vn -0.9984 0.0428 0.0364
vn -0.9432 0.2392 -0.2307
vn -0.9737 0.2277 0.0122
vn 0.1990 -0.8830 -0.4251
vn 0.1383 -0.9755 -0.1708
vn 0.0421 -0.9797 0.1959
vn -0.0502 -0.8603 0.5074
vn 0.0711 0.8622 -0.5016
vn -0.0207 0.9789 -0.2034
vn -0.1060 0.9880 0.1123
vn -0.1821 0.8891 0.4200
vn -0.2380 0.6693 0.7039
vn -0.2616 0.2838 0.9225
vn -0.2223 -0.2410 0.9447
vn -0.1445 -0.6110 0.7784
vn 0.2721 -0.6339 -0.7240
vn 0.3023 -0.1790 -0.9363
vn 0.2639 0.2340 -0.9357
vn 0.1671 0.6405 -0.7496
vn -0.0810 -0.0442 0.9957
vn -0.2121 0.0512 0.9759
vn -0.8177 -0.3204 -0.4783
vn 0.9943 -0.0159 0.1052
vn -0.0052 -0.4860 -0.8740
vn -0.9234 -0.3321 -0.1927
vn -0.6849 -0.3748 -0.6249
vn -0.2986 0.0055 0.9544
vn -0.1817 -0.1022 0.9780
vn -0.6084 -0.3889 -0.6918
vn -0.1813 -0.0061 0.9834
vn -0.9610 -0.2739 0.0374
vn 0.8760 -0.0276 0.4815
vn -0.9953 -0.0968 0.0100
vn 0.7677 -0.1167 0.6301
vn -0.8231 -0.1697 0.5419
vn -0.6586 -0.2151 0.7210
vn -0.7676 -0.2486 0.5908
vn -0.1648 -0.0764 0.9834
vn 0.6636 -0.1204 0.7383
vn -0.8312 -0.2060 0.5164
vn -0.8368 -0.1990 0.5101
vn -0.8306 -0.2065 0.5172
vn 0.0444 -0.1019 -0.9938
vn -0.1710 0.0605 0.9834
vn 0.2072 -0.1182 -0.9711
vn -0.9394 -0.3379 -0.0579
vn 0.2474 0.0763 0.9659
vn 0.0532 0.2105 0.9761
vn 0.1582 0.1511 0.9758
vn 0.0338 -0.0852 -0.9958
vn 0.1966 -0.1136 -0.9739
vn -0.0666 0.4783 0.8757
vn -0.9426 -0.2145 0.2561
vn -0.8307 -0.3668 -0.4188
vn 0.3899 -0.0533 0.9193
vn 0.0591 -0.2590 -0.9641
vn 0.6625 -0.0961 0.7428
vn -0.6224 -0.2454 0.7433
vn 0.1688 -0.4082 -0.8972
vn -0.8829 -0.1251 0.4526
vn -0.9818 0.0943 -0.1649
vn -0.5056 0.3621 0.7831
vn -0.1633 0.5565 0.8146
vn -0.1600 0.5578 0.8144
vn 0.3957 0.4629 0.7932
vn 0.7404 -0.1951 -0.6433
vn 0.9379 0.1752 0.2995
vn -0.5379 0.1482 0.8299
vn 0.9913 0.0193 -0.1302
vn -0.4155 0.3671 0.8322
vn -0.3970 0.2792 0.8743
vn -0.7468 -0.0597 0.6624
vn -0.0379 0.1412 0.9893
vn -0.1113 0.0616 -0.9919
vn 0.2169 -0.1992 -0.9557
vn 0.7603 0.4454 0.4729
vn 0.7102 0.7036 0.0231
vn -0.2117 0.8060 -0.5528
vn 0.2063 0.2031 -0.9572
vn -0.8317 0.5472 -0.0938
vn -0.2984 0.9107 0.2856
vn 0.9411 0.0004 -0.3382
vn 0.9243 -0.0112 -0.3814
vn -0.8871 0.3591 0.2901
vn -0.5144 0.4141 0.7509
vn 0.0248 -0.1718 -0.9848
vn -0.7001 -0.4476 0.5563
vn 0.0065 0.5818 0.8133
vn -0.0139 0.4369 0.8994
vn -0.4218 0.7203 0.5508
vn 0.8979 -0.0074 -0.4402
vn 0.1936 0.3801 -0.9045
vn 0.3338 -0.8888 0.3139
vn -0.4329 -0.2709 -0.8598
vn -0.6819 0.1137 0.7225
vn 0.9805 -0.0404 -0.1921
vn 0.4781 0.4426 0.7586
vn -0.7247 -0.0682 0.6857
vn 0.0962 0.3932 0.9144
vn -0.0965 0.1083 0.9894
vn 0.2329 0.2590 -0.9374
vn 0.9041 0.0118 -0.4273
vn 0.6179 0.0198 -0.7860
vn 0.6681 0.0697 -0.7408
vn -0.3756 0.0305 -0.9263
vn 0.8648 0.5020 0.0069
vn -0.4273 0.5427 0.7231
vn 0.4835 -0.3168 0.8160
vn 0.3458 -0.2799 0.8956
vn 0.2732 -0.3722 0.8870
vn 0.1833 -0.4434 0.8774
vn -0.1382 0.3817 0.9139
vn -0.1602 0.2123 0.9640
vn -0.7945 -0.2873 -0.5350
vn -0.9877 0.0024 -0.1563
vn -0.7742 0.0422 0.6316
vn 0.7509 -0.3531 0.5581
vn 0.7805 -0.2954 0.5510
vn 0.7968 -0.2651 0.5429
vn 0.9824 -0.1869 -0.0005
vn 0.8198 0.4784 0.3146
vn -0.3060 0.9471 -0.0964
vn 0.0252 -0.0319 -0.9992
vn -0.8942 0.4321 0.1169
vn -0.5944 -0.1373 -0.7924
vn -0.9813 0.1912 -0.0236
vn -0.2332 0.5316 0.8143
vn -0.2464 0.1270 -0.9608
vn 0.0805 0.3897 0.9174
vn -0.3264 -0.1373 -0.9352
vn -0.5651 0.5943 -0.5722
vn 0.3985 -0.3309 -0.8554
vn 0.9975 0.0702 -0.0045
vn -0.2663 0.3090 -0.9130
vn 0.8385 -0.2797 -0.4677
vn -0.3153 -0.0302 -0.9485
vn -0.1779 0.5147 0.8387
vn -0.1186 0.5206 0.8455
vn -0.1279 0.4718 0.8724
vn -0.1224 0.2818 0.9516
vn -0.4784 0.8050 -0.3510
vn 0.9469 0.3143 0.0677
vn -0.9572 -0.1619 0.2399
vn 0.9767 -0.2132 -0.0249
vn 0.5218 -0.2216 -0.8238
vn 0.4847 -0.2765 -0.8298
vn -0.0401 0.3821 -0.9233
vn 0.4086 -0.3895 0.8255
vn 0.0150 0.3493 -0.9369
vn 0.6510 0.7590 -0.0115
vn 0.0658 0.6149 -0.7858
vn -0.1615 0.5810 -0.7977
vn -0.2570 0.1289 0.9578
vn -0.1108 0.0688 0.9915
vn -0.0917 0.8189 0.5666
vn -0.1502 0.4361 0.8873
vn 0.0180 0.7595 0.6503
vn 0.9985 -0.0515 0.0177
vn 0.9969 -0.0744 0.0260
vn 0.7315 -0.3806 0.5658
vn 0.3370 0.9203 -0.1990
vn -0.5970 0.7202 -0.3533
vn 0.2509 -0.2120 -0.9445
vn -0.6471 0.4927 -0.5818
vn -0.8895 -0.0927 0.4475
vn -0.7424 0.6026 0.2926
vn -0.8432 -0.1971 0.5002
vn -0.8376 -0.1983 0.5090
vn -0.8438 -0.1968 0.4992
vn -0.0785 0.3150 -0.9458
vn 0.3482 0.2311 -0.9085
vn -0.0078 0.3212 -0.9470
vn -0.1725 0.3822 0.9078
vn -0.3458 0.2395 0.9072
vn -0.2559 0.4494 0.8559
vn -0.1180 0.4213 0.8992
vn -0.0786 0.5695 0.8182
vn -0.1386 0.4067 0.9030
vn -0.2118 0.3966 0.8932
vn 0.1605 0.2452 -0.9561
vn -0.5542 0.4732 0.6847
vn -0.1542 0.4367 0.8863
vn -0.5459 0.4215 0.7241
vn -0.1565 0.5591 0.8142
vn -0.1298 0.4185 0.8989
vn -0.0308 0.0517 -0.9982
vn 0.0198 0.2030 -0.9790
vn -0.0945 0.2538 -0.9626
vn -0.0660 0.4796 -0.8750
vn 0.6670 0.5560 0.4959
vn -0.2156 0.6400 0.7375
vn -0.1095 0.4257 0.8982
vn -0.1444 0.5199 0.8419
vn -0.0329 0.4277 0.9033
vn -0.0741 0.6829 0.7267
vn -0.0132 -0.4445 -0.8957
vn -0.6028 -0.4329 -0.6702
vn -0.7020 -0.5035 -0.5037
vn -0.8704 -0.3759 -0.3180
vn -0.9344 -0.2949 -0.1999
vn -0.9561 -0.2931 -0.0009
vn -0.9650 -0.2519 0.0736
vn -0.9201 -0.2531 0.2990
vn -0.8189 -0.2015 0.5375
vn -0.6583 -0.1800 0.7309
vn -0.6334 -0.1620 0.7566
vn -0.8086 -0.2107 0.5493
vn 0.5967 0.0461 -0.8012
vn -0.3532 -0.9114 -0.2110
vn 0.3130 0.9405 0.1326
vn 0.3141 0.9401 0.1327
vn 0.3244 0.9363 0.1344
vn -0.2207 -0.9613 -0.1650
vn -0.2525 -0.9571 -0.1422
vn -0.3482 -0.9075 -0.2349
vn 0.0221 0.4774 0.8784
vn -0.7300 0.6682 -0.1434
vn -0.2402 0.5759 0.7814
vn -0.1499 0.7242 -0.6731
vn 0.0015 0.4511 -0.8924
vn -0.0150 0.5182 0.8551
vn -0.1378 0.7448 0.6529
vn 0.0198 0.5341 0.8452
vn -0.0001 0.5015 0.8651
vn -0.0731 0.4759 0.8764
vn -0.1867 0.4024 0.8962
vn -0.2861 0.5518 0.7834
vn 0.3669 0.7919 0.4882
vn 0.2105 0.2843 -0.9353
vn 0.2515 0.2295 -0.9403
vn -0.3871 -0.1499 0.9098
vn -0.2520 0.0043 0.9677
vn -0.1475 -0.1412 -0.9789
vn -0.8146 -0.1858 0.5495
vn -0.7946 -0.1297 -0.5930
vn -0.0643 -0.2048 -0.9767
vn -0.9614 -0.1921 0.1970
vn -0.4678 -0.4700 -0.7485
vn -0.8419 -0.1686 0.5126
vn -0.7808 -0.1195 0.6133
vn -0.9299 -0.3543 -0.0987
vn -0.1617 -0.3700 -0.9148
vn -0.1712 -0.2361 0.9565
vn -0.9606 -0.2651 -0.0834
vn -0.6541 -0.2124 0.7260
vn -0.9674 -0.2377 -0.0870
vn -0.9173 0.0545 -0.3945
vn -0.7576 -0.2166 0.6158
vn -0.7571 -0.1243 0.6414
vn -0.1640 -0.1344 -0.9773
vn -0.9301 -0.2808 0.2366
vn -0.2276 -0.1791 0.9571
vn -0.5673 -0.4080 -0.7154
vn -0.6284 -0.1843 0.7557
vn -0.9909 0.1346 0.0043
vn -0.4561 -0.3705 -0.8091
vn -0.8421 0.1266 -0.5243
vn -0.8066 -0.0787 0.5859
vn -0.3159 -0.2180 -0.9234
vn -0.9231 0.3786 -0.0676
vn -0.7730 -0.0853 0.6286
vn -0.8508 -0.1954 0.4878
vn -0.9821 -0.1629 -0.0950
vn -0.3638 -0.1436 0.9203
vn -0.7361 -0.0518 -0.6749
vn -0.5427 -0.1474 0.8269
vn -0.9905 0.0740 0.1162
vn -0.4809 -0.1520 -0.8635
vn -0.6582 -0.4181 -0.6260
vn -0.8126 -0.2457 0.5284
vn -0.4090 -0.0977 -0.9073
vn -0.9215 -0.3142 -0.2283
vn -0.7200 -0.2646 0.6415
vn -0.8469 -0.3315 0.4157
vn -0.9866 -0.0070 0.1627
vn -0.7120 -0.2359 0.6613
vn -0.2569 -0.0668 -0.9641
vn -0.8878 -0.3059 0.3439
vn -0.7125 0.0806 -0.6971
vn -0.4648 -0.2024 0.8620
vn -0.9411 -0.3368 0.0295
vn -0.7075 -0.1026 -0.6993
vn -0.8016 -0.3576 -0.4790
vn -0.8471 -0.1181 0.5182
vn -0.4468 0.0456 -0.8935
vn -0.8228 -0.4559 -0.3394
vn -0.8349 -0.1318 0.5343
vn -0.8683 -0.0985 0.4862
vn -0.9840 -0.0564 0.1692
vn -0.7349 -0.2279 0.6387
vn -0.3007 0.0157 -0.9536
vn -0.9147 0.1159 0.3872
vn -0.3838 -0.1991 0.9017
vn -0.9633 -0.2647 0.0443
vn -0.8536 0.1380 -0.5024
vn -0.9248 0.0562 -0.3762
vn -0.6115 -0.2382 0.7545
vn -0.4736 0.0618 -0.8786
vn -0.9604 -0.0843 -0.2655
vn -0.9107 -0.0557 0.4094
vn -0.7725 -0.2195 0.5958
vn -0.8962 -0.4196 0.1441
vn -0.8640 -0.0820 0.4968
vn -0.2776 0.0502 -0.9594
vn -0.8042 -0.3786 0.4582
vn -0.3696 -0.2503 0.8949
vn -0.6673 0.1088 -0.7368
vn -0.4466 -0.2699 0.8530
vn -0.7099 -0.2356 0.6637
vn -0.4755 0.0414 -0.8788
vn -0.9911 0.0810 -0.1059
vn -0.4585 -0.3598 0.8126
vn -0.8768 -0.2040 0.4355
vn -0.9668 -0.0909 0.2387
vn -0.2793 0.0285 -0.9598
vn -0.8708 -0.1726 0.4602
vn -0.9074 -0.1865 0.3765
vn -0.3934 -0.1811 0.9013
vn -0.6160 0.1049 -0.7807
vn -0.4140 -0.1295 0.9010
vn -0.9871 -0.0140 0.1595
vn -0.9312 0.1542 -0.3303
vn -0.8672 0.1425 -0.4772
vn -0.4670 0.1654 -0.8686
vn -0.9988 0.0363 -0.0317
vn -0.8597 -0.1906 0.4738
vn -0.9691 0.1744 0.1745
vn -0.9699 0.1211 0.2110
vn -0.3175 0.1095 -0.9419
vn 0.3886 -0.3706 0.8436
vn -0.9365 0.1748 0.3041
vn -0.3576 -0.0859 0.9299
vn -0.6029 0.1864 -0.7757
vn -0.3877 -0.1165 0.9144
vn -0.9839 0.0380 0.1744
vn -0.9339 0.1141 -0.3389
vn -0.8618 0.1566 -0.4824
vn -0.7773 0.0490 0.6273
vn 0.8515 0.4927 0.1795
vn -0.0661 -0.0714 -0.9953
vn 0.1368 0.2375 -0.9617
vn 0.1408 0.2326 -0.9623
vn 0.1381 0.2376 -0.9615
vn 0.2890 0.2970 -0.9101
vn 0.1586 0.2431 -0.9570
vn 0.6199 -0.2802 -0.7329
vn -0.4330 -0.0692 0.8987
vn 0.4399 -0.0521 -0.8965
vn 0.9575 -0.1155 -0.2645
vn 0.2540 0.1337 0.9579
vn 0.2852 0.0803 0.9551
vn 0.2472 -0.0808 0.9656
vn 0.4881 -0.0216 -0.8725
vn 0.2237 0.0298 0.9742
vn 0.9992 -0.0389 0.0014
vn -0.1058 -0.0736 0.9917
vn -0.1334 -0.0398 0.9903
vn 0.2886 -0.0856 0.9536
vn 0.2192 -0.3302 -0.9181
vn 0.7436 -0.1435 0.6530
vn 0.7272 -0.3319 0.6009
vn -0.9652 -0.1921 -0.1778
vn -0.2307 -0.0917 0.9687
vn 0.7955 -0.2999 0.5266
vn -0.1122 -0.1009 -0.9885
vn -0.0687 0.3114 0.9478
vn 0.9779 -0.0651 -0.1986
vn 0.9672 0.0162 -0.2535
vn 0.9717 0.1949 -0.1334
vn 0.2298 0.2718 0.9345
vn -0.2220 0.2912 0.9306
vn 0.1201 0.0177 0.9926
vn 0.8588 0.2089 0.4677
vn -0.0398 0.2444 -0.9689
vn 0.9694 -0.1635 0.1829
vn 0.8983 -0.2853 -0.3340
vn 0.0927 -0.2822 -0.9549
vn -0.0313 -0.2501 -0.9677
vn 0.1015 -0.0520 0.9935
vn 0.5853 -0.3216 0.7443
vn -0.0344 -0.0638 -0.9974
vn 0.7826 -0.0425 0.6211
vn 0.9712 -0.1674 -0.1694
vn -0.9242 0.3393 0.1751
vn 0.3538 0.3640 0.8616
vn -0.0271 0.4013 0.9155
vn -0.9781 0.1964 0.0688
vn -0.1317 0.0030 0.9913
vn -0.7001 0.1969 0.6864
vn -0.9563 0.1355 0.2592
vn -0.0603 0.2149 0.9748
vn 0.2199 0.3512 0.9101
vn 0.3189 0.2656 0.9098
vn 0.7245 -0.0856 0.6840
vn 0.7004 -0.2324 -0.6749
vn 0.5135 0.0162 -0.8579
vn -0.0687 0.2460 0.9668
vn -0.9955 0.0942 0.0049
vn -0.1520 0.4643 0.8726
vn -0.2589 0.2118 -0.9424
vn 0.3982 0.9126 0.0924
vn 0.2831 0.7870 -0.5482
vn -0.3599 0.9241 0.1285
vn 0.2695 0.2332 -0.9343
vn 0.5208 0.6759 -0.5215
vn 0.9162 0.3899 -0.0920
vn -0.9207 -0.0926 -0.3792
vn -0.9176 -0.0669 -0.3919
vn 0.8949 0.2239 0.3860
vn 0.3873 0.3274 0.8618
vn 0.8815 -0.0557 0.4688
vn -0.1722 -0.4494 0.8766
vn -0.1070 0.5482 0.8295
vn 0.3998 0.4420 0.8030
vn 0.4066 0.7609 0.5056
vn 0.1436 0.7672 0.6252
vn -0.8691 -0.0924 -0.4860
vn -0.3596 0.9317 0.0519
vn 0.0835 0.3155 0.9452
vn 0.9310 0.2823 -0.2314
vn -0.7877 -0.1215 0.6040
vn 0.2487 -0.0904 0.9644
vn 0.7702 -0.3284 -0.5468
vn 0.1884 -0.0423 0.9812
vn 0.2789 0.4036 0.8714
vn 0.4240 0.2248 0.8773
vn -0.8940 -0.0562 -0.4446
vn -0.7218 -0.1166 -0.6823
vn -0.6585 -0.1374 -0.7399
vn 0.3406 0.1575 -0.9269
vn -0.7430 -0.0771 -0.6649
vn 0.0749 0.7643 -0.6405
vn 0.3378 0.1274 -0.9326
vn 0.8261 0.5065 0.2470
vn 0.5520 0.5061 0.6628
vn -0.5481 -0.1145 0.8285
vn -0.5067 0.0218 0.8619
vn -0.4085 -0.0868 0.9086
vn -0.2791 -0.2197 0.9348
vn 0.1936 -0.1718 0.9659
vn -0.3532 -0.0707 0.9329
vn -0.2927 0.0910 0.9518
vn 0.3693 -0.0151 0.9292
vn -0.1782 -0.0300 0.9835
vn 0.2697 0.3395 0.9011
vn 0.2182 0.4882 0.8450
vn 0.9044 0.2405 0.3525
vn 0.1847 -0.0228 0.9825
vn -0.0403 0.4759 0.8786
vn -0.9653 0.1822 -0.1873
vn -0.9124 -0.1302 0.3880
vn -0.8816 -0.0925 0.4629
vn -0.8172 -0.0642 0.5728
vn -0.9744 -0.0193 -0.2240
vn -0.0177 0.9950 -0.0987
vn 0.9934 0.0848 0.0774
vn 0.0956 0.4082 0.9079
vn -0.7495 0.4184 0.5130
vn -0.2230 -0.1099 0.9686
vn 0.3034 -0.2160 -0.9281
vn -0.0812 0.4935 0.8659
vn 0.6345 -0.7478 0.1954
vn 0.6717 0.2581 0.6945
vn -0.1746 0.1029 -0.9792
vn -0.1385 0.4552 0.8795
vn 0.9581 0.2851 0.0288
vn 0.9087 0.4117 -0.0690
vn -0.3206 0.9315 0.1718
vn 0.2320 -0.0123 -0.9726
vn 0.0914 0.4997 0.8614
vn 0.1099 0.4467 0.8879
vn 0.0561 0.3263 0.9436
vn 0.5860 0.7935 -0.1640
vn -0.2073 0.3353 -0.9190
vn -0.0790 -0.1589 -0.9841
vn -0.9557 -0.0099 -0.2942
vn -0.6765 -0.0846 0.7316
vn -0.9844 0.1730 0.0332
vn 0.0264 0.2432 -0.9696
vn 0.1803 0.2147 -0.9599
vn -0.5544 -0.0508 0.8307
vn -0.3333 -0.0062 0.9428
vn -0.0334 0.4329 -0.9008
vn -0.4246 0.8991 0.1068
vn 0.2254 0.7357 -0.6387
vn 0.1344 0.3649 0.9213
vn -0.2629 0.7209 0.6413
vn 0.1138 0.1224 0.9859
vn 0.0852 0.7046 0.7045
vn 0.3656 0.7026 0.6105
vn -0.0671 0.5311 0.8447
vn 0.3417 0.7784 0.5266
vn -0.8899 0.0653 0.4515
vn -0.2596 -0.1237 -0.9578
vn -0.9565 -0.0428 -0.2884
vn -0.9570 -0.0120 -0.2897
vn -0.7645 -0.0620 0.6416
vn -0.0497 0.7816 -0.6217
vn 0.6693 0.7085 -0.2238
vn 0.6853 0.4573 -0.5668
vn 0.6265 -0.2871 0.7246
vn -0.4223 0.7077 0.5664
vn 0.6427 0.7376 0.2070
vn -0.0538 -0.2553 0.9654
vn -0.9925 -0.1172 -0.0359
vn -0.3428 0.2840 -0.8955
vn 0.1112 0.3127 -0.9433
vn 0.2744 0.3788 0.8839
vn 0.2404 0.4224 0.8740
vn 0.4137 0.5670 0.7123
vn 0.5694 0.2761 0.7743
vn 0.1270 0.5478 0.8269
vn 0.1590 0.5189 0.8399
vn 0.3713 0.3918 0.8418
vn 0.9982 0.0008 -0.0606
vn 0.0427 0.4815 0.8754
vn -0.7940 0.5225 0.3108
vn 0.0363 0.4541 0.8902
vn -0.0368 0.5168 0.8553
vn -0.0832 0.0843 -0.9930
vn -0.1236 0.2731 -0.9540
vn 0.1397 0.2316 -0.9627
vn 0.0970 0.4265 -0.8993
vn -0.1597 0.8209 0.5483
vn 0.2919 0.6799 0.6727
vn 0.3161 0.4789 0.8190
vn 0.4727 0.3281 0.8179
vn -0.0614 0.4432 0.8943
vn 0.0753 0.6680 0.7403
vn 0.3652 -0.2238 -0.9036
vn 0.4133 -0.2933 -0.8621
vn 0.6997 -0.1700 -0.6939
vn 0.9525 -0.1754 -0.2491
vn 0.9795 -0.0775 -0.1861
vn 0.9968 -0.0552 -0.0583
vn 0.9859 -0.1328 0.1014
vn 0.8493 -0.1795 0.4965
vn 0.8066 -0.1736 0.5650
vn 0.6437 -0.1839 0.7429
vn 0.6260 -0.2334 0.7441
vn 0.7511 -0.2324 0.6179
vn -0.5852 -0.2169 -0.7813
vn 0.5104 0.0763 -0.8565
vn -0.6654 -0.1035 -0.7392
vn 0.6410 -0.7675 -0.0077
vn 0.7419 -0.4556 -0.4919
vn -0.0224 -0.9755 -0.2191
vn -0.1473 -0.9543 0.2600
vn -0.1128 0.5983 -0.7933
vn -0.2098 -0.9738 -0.0880
vn -0.3670 0.6949 0.6184
vn -0.1816 -0.9723 -0.1472
vn -0.4136 0.1718 -0.8941
vn 0.0102 -0.8986 0.4387
vn 0.1376 -0.9087 0.3942
vn -0.0733 0.3841 0.9204
vn 0.3257 0.9358 0.1347
vn 0.1105 0.7228 0.6821
vn 0.4795 0.1895 -0.8568
vn 0.0490 0.3302 -0.9426
vn 0.4330 0.6178 0.6564
vn 0.1021 0.5860 0.8039
vn 0.0296 0.5232 0.8517
vn 0.2774 0.3339 0.9009
vn 0.1455 0.5149 0.8448
vn 0.1541 0.5893 0.7931
vn 0.2760 0.6586 0.7000
vn -0.1812 0.7212 -0.6686
vn -0.2497 0.2939 -0.9227
vn -0.2667 0.2784 -0.9227
vn 0.3392 -0.0968 0.9357
vn 0.2823 -0.0572 0.9576
vn 0.7871 -0.2415 -0.5675
vn 0.8095 -0.2579 0.5275
vn 0.7033 -0.2175 -0.6768
vn 0.0543 -0.1952 -0.9793
vn 0.9403 -0.1719 0.2937
vn 0.6610 0.0557 -0.7484
vn 0.6444 -0.1609 0.7476
vn 0.8908 -0.1342 0.4340
vn 0.9682 -0.0848 -0.2354
vn 0.1528 -0.0354 -0.9876
vn 0.3048 -0.2940 0.9059
vn 0.9926 -0.1203 -0.0149
vn 0.6854 -0.2517 0.6832
vn 0.9330 -0.0567 -0.3554
vn 0.8299 -0.2202 -0.5126
vn 0.7469 -0.2712 0.6071
vn 0.8031 -0.2195 0.5539
vn 0.0972 -0.0741 -0.9925
vn 0.8664 -0.3878 0.3146
vn 0.3982 -0.2752 0.8750
vn 0.7353 -0.0490 -0.6760
vn 0.4393 -0.3421 0.8307
vn 0.9364 -0.2847 -0.2052
vn 0.7890 -0.0806 -0.6090
vn 0.7936 -0.1505 -0.5896
vn 0.8784 -0.1341 0.4588
vn 0.0214 -0.1321 -0.9910
vn 0.9011 -0.2922 -0.3204
vn 0.7861 -0.1224 0.6059
vn 0.8006 -0.3030 0.5170
vn 0.9404 -0.3402 -0.0039
vn 0.4709 -0.2367 0.8498
vn 0.4958 -0.4325 -0.7531
vn 0.5630 -0.2473 0.7886
vn 0.9484 -0.2098 -0.2378
vn 0.7209 -0.2518 -0.6457
vn 0.8021 -0.2064 -0.5604
vn 0.7582 -0.1953 0.6221
vn 0.1558 -0.2646 -0.9517
vn 0.9050 -0.1978 -0.3767
vn 0.8267 -0.1531 0.5414
vn 0.8535 -0.2368 0.4641
vn 0.9766 -0.2058 -0.0626
vn 0.8604 -0.1919 0.4722
vn 0.1287 -0.0363 -0.9910
vn 0.9632 -0.1877 0.1921
vn 0.4926 0.0398 -0.8693
vn 0.5662 -0.3123 0.7628
vn 0.9560 -0.2731 -0.1072
vn 0.6992 0.1244 -0.7040
vn 0.8487 0.1482 -0.5077
vn 0.6790 -0.2677 0.6836
vn 0.3650 0.0138 -0.9309
vn 0.9541 -0.0569 -0.2942
vn 0.8146 -0.2006 0.5442
vn 0.8785 -0.3025 0.3697
vn 0.9235 -0.3829 -0.0234
vn 0.8904 -0.1700 0.4222
vn 0.1692 0.0156 -0.9855
vn 0.8755 -0.4063 0.2617
vn 0.4739 -0.3173 0.8214
vn 0.9853 0.0078 -0.1705
vn 0.6563 -0.1216 -0.7447
vn 0.8389 -0.2515 -0.4826
vn 0.6657 -0.2746 0.6939
vn 0.3890 0.1479 -0.9093
vn 0.9482 -0.1768 -0.2638
vn 0.7699 -0.2025 0.6052
vn 0.9982 -0.0063 0.0603
vn 0.9892 0.0804 -0.1226
vn 0.9116 -0.0819 0.4029
vn 0.1243 0.1336 -0.9832
vn 0.9845 0.0187 0.1745
vn 0.4671 -0.2793 0.8390
vn 0.5481 0.0435 -0.8353
vn 0.6117 -0.2632 0.7461
vn 0.6900 -0.1332 0.7115
vn 0.3996 0.0767 -0.9135
vn 0.9302 -0.0353 -0.3653
vn 0.7618 -0.0855 0.6421
vn 0.9957 0.0655 0.0660
vn 0.9921 -0.0293 -0.1218
vn 0.0207 0.0711 -0.9973
vn 0.9016 -0.0113 0.4325
vn 0.9871 0.0529 0.1512
vn 0.5552 -0.1714 0.8139
vn 0.6006 0.0771 -0.7958
vn 0.6560 -0.1760 0.7339
vn 0.9630 -0.0555 -0.2638
vn 0.8878 -0.0163 -0.4598
vn 0.7674 0.0403 -0.6399
vn 0.2761 -0.0830 -0.9575
vn 0.9387 0.0040 -0.3448
vn 0.7578 -0.1021 0.6444
vn 0.9673 0.0963 0.2346
vn 0.9559 0.1109 -0.2721
vn 0.0678 -0.0492 -0.9965
vn 0.8397 -0.1017 0.5334
vn 0.9602 0.2725 -0.0616
vn 0.6543 -0.0798 0.7520
vn 0.5798 0.0487 -0.8133
vn 0.6677 -0.0831 0.7398
vn 0.6674 -0.0841 0.7399
vn 0.6652 -0.0939 0.7408
vn 0.9654 -0.0151 -0.2602
vn 0.8905 0.0185 -0.4545
vn 0.7863 0.0297 -0.6171
vn 0.6650 -0.0948 0.7408
vn 0.9963 -0.0223 -0.0830
vn 0.5469 0.2584 0.7963
vn -0.0171 0.2537 -0.9671
vn -0.3266 0.3028 -0.8954
vn -0.1776 0.2679 -0.9469
vn 0.0375 -0.2022 -0.9786
vn -0.2871 0.0093 -0.9579
vn -0.2645 0.2828 0.9220
vn -0.1047 0.3107 0.9447
vn -0.0437 0.3541 0.9342
vn -0.1190 0.3619 0.9246
vn -0.2083 0.4004 0.8924
vn -0.1764 0.4589 0.8708
vn -0.2096 0.4445 0.8709
vn -0.1774 0.5649 0.8059
vn -0.1595 0.4735 0.8662
vn -0.2120 0.5238 0.8250
vn -0.2060 0.5062 0.8375
vn -0.1284 0.4998 0.8566
vn -0.0828 0.5563 0.8268
vn -0.1066 0.5452 0.8315
vn -0.1347 0.5898 0.7962
vn -0.1346 0.5825 0.8016
vn -0.1348 0.5884 0.7972
vn -0.1344 0.5817 0.8023
vn -0.0567 0.6197 0.7828
vn -0.0567 0.6197 0.7827
vn -0.0666 0.5759 0.8148
vn -0.0278 0.6557 0.7546
vn -0.1252 0.5975 0.7920
vn -0.1287 0.6397 0.7578
vn -0.0921 0.6238 0.7761
vn -0.0903 0.6233 0.7768
vn -0.0913 0.6247 0.7755
vn -0.1358 0.6313 0.7635
vn -0.1560 0.5640 0.8109
vn -0.5304 0.5680 0.6293
vn -0.0816 0.5087 0.8571
vn -0.2292 0.4691 0.8529
vn -0.7618 0.2322 0.6048
vn -0.9689 -0.0058 0.2473
vn -0.1272 0.5866 0.7998
vn -0.1511 0.7541 0.6391
vn -0.1674 0.4559 0.8742
vn -0.1888 0.4219 0.8868
vn -0.2769 0.1833 0.9432
vn -0.2946 0.2024 0.9340
vn -0.1915 0.5748 0.7955
vn -0.2308 0.7382 0.6339
vn -0.2828 0.4317 0.8566
vn -0.2798 0.4088 0.8687
vn -0.2653 0.1746 0.9482
vn -0.2529 0.2373 0.9379
vn -0.3618 0.4447 0.8194
vn -0.2944 0.7138 0.6355
vn -0.3792 0.4206 0.8242
vn -0.4145 0.3601 0.8358
vn -0.4457 0.1655 0.8798
vn -0.4298 0.1814 0.8845
vn -0.3293 0.6547 0.6804
vn -0.1470 0.6434 0.7513
vn -0.4042 0.6325 0.6608
vn -0.1811 0.6179 0.7651
vn -0.1227 0.7548 0.6444
vn -0.1175 0.6091 0.7843
vn -0.0733 0.8109 0.5806
vn -0.1196 0.5787 0.8067
vn -0.0941 0.8398 0.5347
vn -0.0893 0.6219 0.7780
vn -0.1360 0.6187 0.7738
vn -0.0893 0.6454 0.7586
vn -0.2908 0.4627 0.8375
vn -0.3857 0.8078 0.4457
vn -0.3856 0.8079 0.4457
vn -0.0849 0.9400 0.3305
vn -0.1205 0.9393 0.3214
vn 0.9775 0.1660 0.1302
vn -0.1601 0.9867 0.0281
vn 0.8942 -0.3971 0.2068
vn -0.8699 0.4848 0.0907
vn -0.9820 0.1862 -0.0324
vn -0.6517 0.7554 -0.0686
vn -0.1582 -0.7119 0.6843
vn 0.8897 0.4436 0.1077
vn -0.5731 0.8161 0.0749
vn -0.9990 -0.0392 0.0217
vn -0.9227 0.3819 0.0526
vn -0.1154 0.9888 -0.0942
vn -0.1540 0.9744 0.1637
vn -0.9480 0.3165 -0.0342
vn -0.9995 0.0138 0.0274
vn 0.9507 0.0611 0.3040
vn -0.9838 -0.1618 0.0772
vn -0.9883 0.1198 -0.0945
vn 0.1271 0.9902 -0.0584
vn -0.7950 -0.2401 0.5571
vn -0.5981 0.7903 0.1332
vn -0.5980 0.7903 0.1332
vn 0.8228 0.5297 0.2062
vn -0.7408 0.6589 0.1310
vn -0.5886 -0.7711 0.2427
vn -0.7726 -0.5912 0.2316
vn -0.3406 -0.7292 0.5935
vn -0.4693 0.8782 0.0923
vn 0.0968 0.9953 0.0001
vn 0.0969 0.9953 0.0001
vn -0.9754 0.2127 -0.0570
vn -0.2696 -0.9080 0.3208
vn -0.0411 -0.9596 0.2782
vn -0.9988 0.0268 0.0409
vn -0.4378 -0.7304 0.5242
vn -0.2511 0.9637 0.0904
vn -0.9556 0.2665 0.1259
vn 0.7769 -0.5929 0.2121
vn -0.9999 -0.0000 -0.0135
vn 0.9755 -0.1623 0.1488
vn -0.4586 0.8638 0.2084
vn -0.0894 0.9917 0.0925
vn 0.2992 0.4059 0.8636
vn -0.1681 -0.0710 0.9832
vn -0.2136 0.1414 0.9666
vn -0.1876 0.5527 0.8120
vn -0.7968 0.3982 0.4546
vn -0.1232 0.5409 0.8320
vn -0.2511 0.5329 0.8081
vn -0.3577 0.5194 0.7761
vn -0.2138 0.5757 0.7892
vn -0.5364 0.3913 0.7478
vn -0.1087 0.2140 0.9708
vn -0.2458 0.1807 0.9523
vn -0.4433 0.1636 0.8813
vn -0.9292 0.2443 0.2773
vn -0.0331 0.3175 0.9477
vn -0.2080 0.4105 0.8878
vn -0.2164 0.4637 0.8591
vn -0.0519 0.3795 0.9237
vn -0.0539 0.3498 0.9353
vn -0.1214 0.4535 0.8830
vn -0.0872 0.3988 0.9129
vn -0.1059 0.4683 0.8772
vn -0.1123 0.5002 0.8586
vn -0.0258 0.4405 0.8974
vn -0.0157 0.3981 0.9172
vn -0.0965 0.5058 0.8572
vn -0.0847 0.4284 0.8996
vn -0.0847 0.4285 0.8996
vn -0.0454 0.5137 0.8568
vn -0.0065 0.5234 0.8521
vn 0.0087 0.5226 0.8525
vn -0.0325 0.4442 0.8953
vn -0.0440 0.5741 0.8176
vn -0.0681 0.5593 0.8262
vn -0.0043 0.5439 0.8391
vn -0.1197 0.6048 0.7873
vn -0.1573 0.4903 0.8572
vn -0.1574 0.4903 0.8572
vn 0.1703 0.6369 0.7519
vn -0.2515 0.4351 0.8645
vn -0.1611 0.4293 0.8887
vn 0.1230 0.2722 0.9543
vn 0.2056 0.2083 0.9562
vn -0.2439 0.5071 0.8267
vn -0.1211 0.7573 0.6418
vn -0.2147 0.4644 0.8592
vn -0.2147 0.4642 0.8593
vn -0.2654 0.3550 0.8964
vn -0.3340 0.2432 0.9106
vn -0.1878 0.3109 0.9317
vn -0.2070 0.5395 0.8161
vn -0.1389 0.7465 0.6507
vn -0.2147 0.4629 0.8600
vn -0.2097 0.3409 0.9164
vn -0.1992 0.2337 0.9517
vn -0.2300 0.3288 0.9160
vn -0.2060 0.4754 0.8553
vn -0.1564 0.7331 0.6619
vn -0.1879 0.4569 0.8695
vn -0.2174 0.3256 0.9202
vn -0.2256 0.2199 0.9491
vn -0.1513 0.2657 0.9521
vn 0.1377 0.6454 0.7513
vn 0.0174 0.5534 0.8327
vn 0.2072 0.6100 0.7649
vn 0.0623 0.5876 0.8067
vn -0.0265 0.7300 0.6829
vn -0.1013 0.5415 0.8346
vn -0.0588 0.8034 0.5926
vn -0.0471 0.5447 0.8373
vn -0.0445 0.8528 0.5203
vn -0.1607 0.5529 0.8176
vn -0.0886 0.6025 0.7932
vn -0.0522 0.5531 0.8315
vn -0.0822 0.9451 0.3162
vn -0.0502 0.9455 0.3216
vn -0.9587 0.2839 -0.0159
vn 0.0432 0.9981 -0.0436
vn -0.9931 0.1132 0.0314
vn 0.6717 0.7357 0.0867
vn 0.9277 0.2161 0.3046
vn 0.4376 0.8989 -0.0219
vn 0.1104 -0.7108 0.6947
vn -0.8290 0.5570 -0.0501
vn 0.2128 0.9771 0.0011
vn 0.9515 0.0367 0.3053
vn 0.8569 0.4171 0.3030
vn 0.1979 0.9779 -0.0676
vn -0.3516 -0.6732 0.6505
vn 0.1115 0.9899 -0.0877
vn 0.1004 0.9942 0.0373
vn 0.9275 0.1325 0.3496
vn 0.9357 0.1374 0.3250
vn -0.9491 0.0579 0.3095
vn 0.8048 -0.3752 0.4599
vn 0.9436 0.0290 0.3299
vn -0.1483 0.9878 -0.0482
vn 0.6335 -0.3759 0.6763
vn 0.4659 0.8824 0.0660
vn -0.7330 0.6633 0.1510
vn -0.0424 -0.2514 0.9669
vn 0.2347 -0.6156 0.7523
vn -0.0927 0.9957 0.0031
vn 0.9828 -0.0271 0.1827
vn -0.1213 -0.9092 0.3983
vn 0.9343 0.0666 0.3502
vn 0.3547 -0.4819 0.8013
vn 0.0933 0.9953 0.0265
vn 0.9255 0.2905 0.2431
vn 0.9389 0.0952 0.3307
vn -0.9865 -0.1357 0.0921
vn 0.3128 0.9498 -0.0036
vn -0.0703 0.2077 0.9757
vn -0.6858 -0.1627 0.7094
vn -0.6857 -0.1627 0.7094
vn 0.3455 0.0137 0.9383
vn -0.1179 0.2097 0.9706
vn -0.0938 0.5266 0.8449
vn 0.4553 0.4458 0.7706
vn -0.2084 0.5170 0.8302
vn -0.2250 0.5013 0.8355
vn -0.1778 0.5075 0.8431
vn -0.0583 0.4858 0.8721
vn 0.1420 0.3407 0.9294
vn -0.2957 0.1926 0.9357
vn -0.2816 0.1846 0.9416
vn -0.1731 0.1892 0.9666
vn 0.8491 0.0369 0.5269
vn 0.0449 0.9983 -0.0379
vn -0.5001 0.8565 0.1277
vn -0.5000 0.8565 0.1277
vn 0.0307 -0.0215 0.9993
vn -0.0955 -0.0954 0.9908
vn 0.1222 -0.1835 0.9754
vn -0.1288 -0.0431 0.9907
vn 0.0088 0.0561 0.9984
vn 0.0815 0.0535 0.9952
vn 0.1439 -0.0446 0.9886
vn -0.1191 -0.1444 0.9823
vn -0.0873 -0.0732 0.9935
vn 0.2698 0.0797 0.9596
vn -0.1522 0.0315 0.9879
vn 0.1334 0.0392 0.9903
vn -0.1070 -0.0864 0.9905
vn -0.0989 -0.1897 0.9769
vn 0.2677 -0.0052 0.9635
vn -0.1485 -0.0954 0.9843
vn 0.0914 -0.1077 0.9900
vn 0.0898 -0.1033 0.9906
vn -0.0580 -0.0471 0.9972
vn 0.1352 -0.0766 0.9878
vn -0.0708 0.0030 0.9975
vn -0.1174 0.0462 0.9920
vn 0.2455 0.1236 0.9615
vn -0.1594 -0.0101 0.9872
vn 0.0820 0.1121 0.9903
vn 0.2501 -0.1026 0.9628
vn -0.1179 -0.0722 0.9904
vn -0.0503 -0.1316 0.9900
vn -0.0977 -0.1575 0.9827
vn -0.1831 0.0033 0.9831
vn 0.1286 -0.1340 0.9826
vn 0.1498 -0.1059 0.9830
vn -0.2449 -0.1024 0.9641
vn -0.0730 -0.1992 0.9772
vn -0.0989 -0.2183 0.9709
vn -0.3339 -0.0551 0.9410
vn -0.0134 0.3190 0.9477
vn 0.0609 0.2910 0.9548
vn 0.0376 0.2833 0.9583
vn 0.0667 0.2955 0.9530
vn 0.0624 0.3029 0.9510
vn 0.0617 0.3043 0.9506
vn 0.0675 0.2942 0.9534
vn 0.0354 0.3302 0.9433
vn 0.0769 0.3228 0.9434
vn 0.0648 0.2684 0.9611
vn 0.0647 0.2688 0.9610
vn 0.0669 0.2756 0.9590
vn 0.0616 0.3603 0.9308
vn 0.0637 0.3573 0.9318
vn 0.0611 0.3543 0.9331
vn 0.0647 0.2941 0.9536
vn 0.0482 0.3371 0.9402
vn 0.0793 0.3786 0.9222
vn 0.0755 0.4370 0.8963
vn 0.1061 0.4125 0.9047
vn 0.0787 0.4052 0.9108
vn 0.0095 0.4649 0.8853
vn 0.0827 0.3875 0.9181
vn 0.0679 0.4649 0.8827
vn 0.0666 0.3530 0.9333
vn 0.0469 0.4566 0.8884
vn 0.1094 0.3567 0.9278
vn 0.2827 0.1258 0.9509
vn 0.1994 0.1239 0.9721
vn 0.1566 0.3290 0.9312
vn -0.3422 0.5385 0.7700
vn 0.0672 0.2759 0.9588
vn 0.0631 0.2623 0.9629
vn -0.2220 0.1641 0.9611
vn -0.4993 0.2048 0.8419
vn 0.0588 0.3272 0.9431
vn 0.0034 0.7336 0.6796
vn 0.0868 0.3269 0.9410
vn 0.1466 0.2565 0.9554
vn 0.3576 0.1163 0.9266
vn 0.4276 0.2324 0.8736
vn 0.2436 0.3390 0.9087
vn 0.0207 0.7337 0.6791
vn 0.2318 0.3175 0.9195
vn 0.2319 0.3161 0.9199
vn 0.2325 0.3059 0.9232
vn 0.2325 0.3049 0.9236
vn 0.3164 0.1753 0.9323
vn 0.3071 0.2602 0.9154
vn 0.1597 0.3632 0.9179
vn 0.0286 0.7077 0.7060
vn 0.3956 -0.1433 0.9072
vn 0.2150 0.3249 0.9210
vn 0.2649 0.1934 0.9447
vn 0.2353 0.1985 0.9514
vn -0.1177 0.5601 0.8200
vn 0.0812 0.3782 0.9222
vn -0.2205 0.5098 0.8315
vn -0.0499 0.4782 0.8768
vn 0.0150 0.6880 0.7255
vn 0.0977 0.4720 0.8762
vn 0.0494 0.7306 0.6811
vn 0.1249 0.4789 0.8689
vn 0.0314 0.7656 0.6425
vn 0.0323 0.7657 0.6424
vn 0.0315 0.7660 0.6421
vn 0.2047 0.4190 0.8846
vn 0.0920 0.4666 0.8796
vn 0.1128 0.3897 0.9140
vn 0.1760 0.3688 0.9127
vn -0.2898 0.6890 0.6643
vn -0.0992 0.8958 0.4332
vn -0.1502 0.9215 0.3582
vn 0.9670 0.2536 -0.0233
vn -0.1638 0.9860 -0.0328
vn 0.9962 0.0655 0.0583
vn -0.7241 0.6857 -0.0750
vn -0.7240 0.6857 -0.0750
vn -0.5635 0.8256 0.0278
vn 0.0426 -0.6764 0.7353
vn 0.8346 0.5398 -0.1101
vn -0.3622 0.9234 -0.1272
vn -0.9742 0.0129 0.2254
vn -0.8536 0.4274 0.2977
vn 0.4066 -0.6178 0.6731
vn 0.0174 0.9669 -0.2546
vn -0.0833 0.9910 -0.1046
vn -0.9613 -0.0018 0.2756
vn -0.9625 0.0005 0.2713
vn -0.9638 0.0007 0.2667
vn -0.9649 0.0003 0.2625
vn 0.9417 0.2664 0.2056
vn -0.7735 -0.4419 0.4543
vn -0.9666 -0.0199 0.2557
vn 0.0441 0.9984 -0.0360
vn -0.5243 -0.4539 0.7205
vn -0.3135 0.9491 -0.0297
vn 0.7595 0.6282 0.1688
vn -0.6852 0.6727 0.2792
vn -0.3202 -0.7887 0.5248
vn -0.4839 -0.6963 0.5301
vn -0.1488 -0.6052 0.7821
vn -0.1488 -0.6052 0.7820
vn -0.3881 0.9093 0.1499
vn 0.0730 0.9971 0.0204
vn -0.9877 -0.0481 0.1487
vn -0.1639 -0.8335 0.5276
vn 0.0131 -0.8435 0.5370
vn -0.9684 0.0320 0.2474
vn -0.1892 -0.6801 0.7083
vn -0.2022 0.9757 0.0839
vn -0.9447 0.1991 0.2604
vn 0.3884 -0.7875 0.4785
vn -0.9662 -0.0019 0.2579
vn 0.9567 -0.2317 0.1762
vn -0.4678 0.8814 -0.0653
vn 0.3855 0.3867 0.8377
vn 0.0615 -0.1815 0.9815
vn 0.0955 -0.0190 0.9952
vn 0.0593 0.3607 0.9308
vn -0.5997 0.2220 0.7688
vn 0.0724 0.3513 0.9335
vn 0.2372 0.3658 0.9000
vn 0.1928 0.3817 0.9040
vn 0.0744 0.3764 0.9235
vn -0.3056 0.0945 0.9475
vn 0.1251 -0.0625 0.9902
vn 0.3749 -0.0399 0.9262
vn 0.2683 -0.0147 0.9632
vn -0.8559 0.0133 0.5170
vn 0.0314 0.3336 0.9422
vn 0.0736 0.3177 0.9453
vn 0.0846 0.3258 0.9417
vn 0.0845 0.3258 0.9417
vn 0.0338 0.3400 0.9398
vn 0.0179 0.3275 0.9447
vn 0.0199 0.3277 0.9446
vn 0.0100 0.3273 0.9449
vn 0.0291 0.3353 0.9416
vn 0.0084 0.3277 0.9448
vn 0.0246 0.3201 0.9471
vn 0.0130 0.3236 0.9461
vn 0.0128 0.3236 0.9461
vn 0.0229 0.3555 0.9344
vn -0.0474 0.3634 0.9304
vn -0.0524 0.3633 0.9302
vn -0.0467 0.3641 0.9302
vn -0.0463 0.3628 0.9307
vn -0.0046 0.4826 0.8758
vn 0.0035 0.4414 0.8973
vn 0.0036 0.4414 0.8973
vn 0.0774 0.3885 0.9182
vn 0.0456 0.4011 0.9149
vn 0.0363 0.4314 0.9014
vn 0.0470 0.4307 0.9013
vn 0.0452 0.4309 0.9013
vn -0.0973 0.5110 0.8541
vn 0.0217 0.5198 0.8540
vn 0.1424 0.3967 0.9068
vn 0.0355 0.4302 0.9020
vn -0.0568 0.4028 0.9135
vn 0.0587 0.4577 0.8871
vn 0.1707 0.3757 0.9109
vn -0.0495 0.3506 0.9352
vn -0.0504 0.3506 0.9352
vn -0.0514 0.3505 0.9352
vn 0.4470 0.5089 0.7357
vn 0.0130 0.3238 0.9460
vn -0.0252 0.3085 0.9509
vn 0.3845 0.2405 0.8912
vn 0.3990 0.1112 0.9102
vn -0.0518 0.3489 0.9357
vn 0.0890 0.6996 0.7089
vn -0.0016 0.3290 0.9443
vn -0.0010 0.3290 0.9443
vn -0.0014 0.3288 0.9444
vn -0.0013 0.3286 0.9445
vn 0.0288 0.1546 0.9876
vn 0.1095 0.2571 0.9601
vn 0.1530 0.3824 0.9113
vn 0.0493 0.6957 0.7167
vn 0.1670 0.3285 0.9296
vn 0.1801 0.3117 0.9330
vn 0.2218 0.1367 0.9655
vn 0.1438 0.2957 0.9444
vn 0.2878 0.3897 0.8748
vn 0.1133 0.6899 0.7150
vn 0.4453 -0.1214 0.8871
vn 0.3306 0.3174 0.8888
vn 0.3457 0.1385 0.9281
vn 0.3319 0.2288 0.9152
vn 0.1961 0.6081 0.7692
vn -0.0140 0.4121 0.9110
vn 0.3327 0.5195 0.7871
vn 0.1258 0.4893 0.8630
vn 0.0361 0.6846 0.7281
vn 0.0024 0.4642 0.8857
vn 0.0267 0.7222 0.6912
vn 0.1130 0.4873 0.8659
vn 0.0335 0.7658 0.6422
vn 0.0448 0.4464 0.8937
vn 0.1240 0.4577 0.8804
vn -0.0367 0.4363 0.8990
vn -0.0904 0.3461 0.9338
vn 0.3833 0.7191 0.5796
vn -0.1415 0.8998 0.4126
vn -0.0514 0.9454 0.3217
vn -0.9842 0.1601 0.0752
vn 0.1234 0.9907 0.0575
vn -0.9470 -0.1638 0.2762
vn 0.8364 0.5478 0.0168
vn 0.9715 0.2261 0.0716
vn 0.9715 0.2262 0.0716
vn 0.6477 0.7613 0.0303
vn 0.0981 -0.7026 0.7048
vn -0.9194 0.3929 0.0164
vn 0.4403 0.8948 -0.0736
vn 0.9835 0.1361 0.1195
vn 0.8874 0.4438 0.1249
vn -0.4090 -0.6489 0.6416
vn 0.0899 0.9658 -0.2433
vn 0.2428 0.9679 -0.0648
vn 0.9691 0.2463 0.0143
vn 0.9874 0.1452 0.0630
vn -0.9024 -0.2086 0.3771
vn 0.9708 -0.1721 0.1671
vn 0.9967 0.0349 0.0726
vn -0.1817 0.9810 0.0681
vn 0.8614 -0.0974 0.4985
vn 0.5360 0.8431 -0.0442
vn -0.8900 0.3557 0.2851
vn 0.7512 0.6399 0.1622
vn 0.0423 -0.2545 0.9661
vn 0.3360 -0.5707 0.7493
vn 0.4808 0.8634 0.1528
vn -0.1038 0.9852 0.1366
vn 0.9977 0.0618 0.0263
vn -0.2123 -0.8449 0.4910
vn 0.9944 0.0395 0.0979
vn 0.2490 0.9553 0.1593
vn 0.9293 0.3644 0.0603
vn -0.5913 -0.7083 0.3856
vn 0.9869 0.0362 0.1570
vn -0.8066 -0.4697 0.3590
vn -0.8065 -0.4697 0.3590
vn 0.0679 0.1317 0.9890
vn -0.4402 -0.2973 0.8473
vn 0.5515 0.1217 0.8252
vn 0.0083 0.1834 0.9830
vn 0.0069 0.3716 0.9283
vn 0.6649 0.3144 0.6775
vn 0.0064 0.3285 0.9445
vn 0.1730 0.3615 0.9162
vn 0.2614 0.3867 0.8844
vn -0.0385 0.4305 0.9018
vn 0.3527 0.2895 0.8898
vn -0.1264 0.0167 0.9918
vn 0.2886 0.0103 0.9574
vn 0.3992 0.0211 0.9166
vn 0.9409 0.2102 0.2657
vn -0.2052 0.9787 -0.0000
vn 0.2115 0.9765 -0.0408
vn -0.3459 0.9383 -0.0001
vn -0.8337 0.5519 0.0204
vn -0.8336 0.5519 0.0204
vn 0.3922 0.9158 -0.0867
vn -0.1883 0.6629 -0.7247
vn -0.1972 0.7117 -0.6742
vn -0.2232 0.7352 -0.6401
vn -0.2674 0.7326 -0.6259
vn -0.3483 0.7250 -0.5942
vn 0.2775 -0.4706 0.8376
vn -0.3799 0.6608 -0.6473
vn -0.9103 0.3499 -0.2213
vn -0.1067 -0.0234 -0.9940
vn 0.2684 0.9122 -0.3097
vn 0.3505 0.8266 -0.4403
vn -0.4169 -0.4962 0.7616
vn 0.4514 -0.8180 -0.3565
vn 0.0228 0.9992 -0.0342
vn 0.5520 0.2167 0.8052
vn 0.6657 0.1467 0.7317
vn 0.7641 0.0719 0.6411
vn 0.8683 0.0640 0.4919
vn 0.0587 0.9977 -0.0338
vn -0.2075 0.9762 0.0627
vn -0.3491 0.9355 0.0540
vn -0.3501 0.6633 -0.6614
vn -0.3217 0.6845 -0.6542
vn -0.2556 0.6943 -0.6728
vn -0.1658 0.6644 -0.7288
vn -0.1793 0.7123 -0.6786
vn -0.2115 0.7418 -0.6364
vn -0.2538 0.7449 -0.6170
vn -0.3403 0.7400 -0.5802
vn 0.2857 -0.3786 0.8804
vn 0.3059 -0.3814 0.8723
vn 0.3604 -0.3674 0.8574
vn 0.5158 -0.4405 0.7348
vn 0.5151 -0.4248 0.7444
vn 0.4977 -0.3579 0.7901
vn 0.4448 -0.3273 0.8337
vn 0.4603 -0.3516 0.8152
vn 0.2007 -0.4549 0.8676
vn -0.3561 0.6768 -0.6443
vn -0.4948 0.8671 0.0578
vn -0.9267 0.3335 -0.1730
vn -0.0895 -0.0673 -0.9937
vn 0.5094 0.2513 0.8230
vn 0.1217 0.9838 -0.1320
vn 0.2378 0.9503 -0.2010
vn 0.3293 0.8800 -0.3422
vn 0.3854 0.7911 -0.4750
vn 0.3854 0.7911 -0.4751
vn 0.4187 0.2691 0.8673
vn 0.1845 0.2571 0.9486
vn 0.0448 0.2616 0.9641
vn -0.1213 0.2194 0.9681
vn -0.4987 -0.4375 0.7482
vn 0.4416 -0.8155 -0.3741
vn 0.0239 0.9993 -0.0295
vn 0.5522 0.1863 0.8126
vn 0.0445 0.9987 -0.0241
vn -0.1194 0.9907 0.0651
vn -0.3094 0.9444 0.1115
vn -0.4374 0.5949 -0.6744
vn -0.3435 0.6468 -0.6809
vn -0.2618 0.6826 -0.6823
vn -0.1786 0.6640 -0.7261
vn -0.1889 0.7125 -0.6758
vn -0.2179 0.7380 -0.6387
vn -0.2608 0.7385 -0.6217
vn -0.3449 0.7332 -0.5860
vn 0.3855 -0.2958 0.8740
vn 0.3589 -0.3238 0.8754
vn 0.3568 -0.3566 0.8634
vn 0.5019 -0.4326 0.7489
vn 0.4440 -0.3351 0.8310
vn 0.4591 -0.3597 0.8123
vn 0.2492 -0.4253 0.8700
vn -0.4070 0.6439 -0.6479
vn -0.5290 0.8399 0.1218
vn -0.9036 0.3774 -0.2026
vn -0.1001 -0.0433 -0.9940
vn 0.5113 0.2171 0.8315
vn 0.1266 0.9846 -0.1204
vn 0.2296 0.9550 -0.1878
vn 0.2965 0.9092 -0.2922
vn 0.3808 0.8187 -0.4298
vn 0.3961 0.2474 0.8842
vn 0.2805 0.2649 0.9226
vn 0.2060 0.2546 0.9449
vn -0.0246 0.1212 0.9923
vn -0.4399 -0.4492 0.7776
vn 0.4444 -0.8159 -0.3700
vn 0.4443 -0.8159 -0.3700
vn 0.0105 0.9989 -0.0467
vn 0.0660 0.9965 -0.0509
vn -0.0840 0.9960 0.0291
vn -0.3656 0.6654 -0.6508
vn -0.2759 0.6842 -0.6751
vn -0.1849 0.6630 -0.7254
vn -0.1945 0.7103 -0.6765
vn -0.2212 0.7362 -0.6396
vn -0.2641 0.7357 -0.6236
vn -0.3474 0.7288 -0.5900
vn -0.3833 0.6617 -0.6444
vn -0.9052 0.3619 -0.2228
vn -0.1053 -0.0312 -0.9940
vn 0.4498 -0.8160 -0.3631
vn -0.6038 0.7851 -0.1376
vn 0.5384 0.7005 0.4685
vn 0.0187 0.8516 0.5238
vn -0.2230 0.7270 0.6494
vn 0.7987 0.6009 -0.0315
vn 0.1702 0.7652 0.6209
vn 0.4976 0.7975 0.3410
vn 0.3600 0.9290 0.0861
vn -0.1196 0.7639 -0.6341
vn 0.8204 0.5613 0.1089
vn 0.1422 0.7663 0.6266
vn 0.2944 0.2198 0.9301
vn -0.4752 0.6230 0.6214
vn 0.1257 0.7583 0.6396
vn 0.6780 0.6849 0.2669
vn 0.6669 0.6390 0.3833
vn -0.3436 0.8124 0.4712
vn -0.2572 0.7125 0.6529
vn -0.1107 -0.3770 -0.9196
vn 0.1062 0.7669 0.6329
vn 0.5035 0.7279 0.4654
vn 0.5936 0.3628 -0.7183
vn 0.8483 0.3360 -0.4092
vn 0.9472 0.3163 -0.0528
vn 0.9545 0.2902 0.0691
vn -0.7670 0.5804 0.2735
vn -0.8741 0.4789 -0.0812
vn 0.7905 0.3594 -0.4959
vn -0.2697 0.6009 0.7524
vn -0.5799 0.5931 0.5585
vn -0.4298 0.7760 -0.4616
vn 0.5903 0.2089 0.7797
vn -0.9084 0.1473 -0.3913
vn -0.6490 -0.3407 -0.6802
vn -0.0426 0.7703 -0.6362
vn -0.4084 0.6262 0.6641
vn 0.6192 0.6710 0.4079
vn 0.4753 0.7268 0.4958
vn -0.0072 0.9999 -0.0091
vn -0.0607 0.9980 0.0189
vn 0.0538 0.6442 -0.7630
vn 0.0291 0.6720 -0.7400
vn -0.0639 0.6921 -0.7190
vn -0.1729 0.6607 -0.7305
vn -0.1373 0.7121 -0.6885
vn -0.0943 0.7381 -0.6680
vn -0.0454 0.7387 -0.6725
vn 0.0436 0.7324 -0.6795
vn 0.0584 -0.3823 0.9222
vn -0.0282 -0.3657 0.9303
vn 0.0363 0.6705 -0.7410
vn 0.7105 0.3417 -0.6152
vn -0.3763 -0.0256 -0.9261
vn 0.7379 -0.4997 0.4536
vn -0.5709 -0.8159 -0.0914
vn -0.0294 0.9994 -0.0169
vn -0.1045 0.2107 0.9720
vn -0.2411 0.1458 0.9595
vn -0.3747 0.0758 0.9240
vn -0.5306 0.0700 0.8447
vn -0.0641 0.9979 -0.0082
vn 0.2172 0.9746 -0.0549
vn 0.3351 0.9327 -0.1332
vn 0.0064 0.6600 -0.7512
vn -0.0155 0.6824 -0.7308
vn -0.0873 0.6918 -0.7168
vn -0.1947 0.6631 -0.7228
vn -0.1948 0.6631 -0.7228
vn -0.1662 0.7083 -0.6861
vn -0.1147 0.7388 -0.6641
vn -0.0623 0.7419 -0.6676
vn 0.0324 0.7363 -0.6759
vn 0.1573 -0.3776 0.9125
vn 0.1361 -0.3792 0.9152
vn 0.0844 -0.3642 0.9275
vn -0.1102 -0.4350 0.8937
vn -0.1043 -0.4194 0.9018
vn -0.0679 -0.3530 0.9332
vn -0.0004 -0.3226 0.9465
vn -0.0227 -0.3483 0.9371
vn 0.2260 -0.4525 0.8626
vn 0.0168 0.6730 -0.7395
vn 0.4569 0.8657 -0.2044
vn 0.6928 0.3825 -0.6114
vn -0.3904 -0.0726 -0.9178
vn -0.0580 0.2430 0.9683
vn -0.1651 0.9852 -0.0452
vn -0.3097 0.9486 -0.0650
vn -0.4542 0.8769 -0.1572
vn -0.5601 0.7939 -0.2366
vn 0.0393 0.2633 0.9639
vn 0.2821 0.2575 0.9242
vn 0.4138 0.2651 0.8709
vn 0.5637 0.2288 0.7936
vn 0.8058 -0.4130 0.4243
vn -0.5690 -0.8142 -0.1153
vn -0.0292 0.9994 -0.0180
vn -0.1009 0.1910 0.9764
vn -0.0448 0.9990 0.0001
vn 0.1423 0.9898 0.0005
vn 0.3314 0.9421 -0.0517
vn 0.0741 0.5905 -0.8036
vn -0.0130 0.6426 -0.7661
vn -0.0883 0.6779 -0.7298
vn -0.1809 0.6614 -0.7279
vn -0.1493 0.7094 -0.6888
vn -0.1064 0.7370 -0.6675
vn -0.0598 0.7369 -0.6733
vn 0.0308 0.7285 -0.6843
vn 0.0693 -0.2906 0.9543
vn 0.0926 -0.3182 0.9435
vn 0.0923 -0.3520 0.9314
vn -0.0908 -0.4267 0.8998
vn -0.0230 -0.3554 0.9344
vn 0.1925 -0.4236 0.8852
vn 0.0486 0.6424 -0.7649
vn 0.5204 0.8414 -0.1457
vn 0.6998 0.3735 -0.6089
vn -0.3821 -0.0457 -0.9230
vn -0.3821 -0.0458 -0.9230
vn -0.0558 0.2225 0.9733
vn -0.1622 0.9851 -0.0569
vn -0.2841 0.9565 -0.0667
vn -0.3948 0.9105 -0.1228
vn -0.5328 0.8218 -0.2020
vn 0.0705 0.2528 0.9650
vn 0.1873 0.2709 0.9442
vn 0.2644 0.2580 0.9293
vn 0.4915 0.1230 0.8621
vn 0.7543 -0.4525 0.4758
vn -0.5716 -0.8123 -0.1162
vn -0.0228 0.9991 -0.0344
vn -0.0718 0.9974 -0.0088
vn 0.0976 0.9952 -0.0003
vn 0.2174 0.9752 -0.0417
vn 0.0511 0.6374 -0.7688
vn 0.0230 0.6656 -0.7460
vn -0.0704 0.6859 -0.7243
vn -0.1769 0.6618 -0.7285
vn -0.1450 0.7086 -0.6906
vn -0.1032 0.7331 -0.6722
vn -0.0580 0.7334 -0.6773
vn 0.0329 0.7284 -0.6844
vn 0.0237 -0.3698 0.9288
vn 0.0201 -0.3643 0.9310
vn 0.0175 -0.3726 0.9278
vn 0.0612 -0.3760 0.9246
vn -0.0874 -0.4283 0.8994
vn -0.0540 -0.3562 0.9329
vn -0.0015 -0.3362 0.9418
vn -0.0230 -0.3615 0.9321
vn 0.0356 0.6630 -0.7478
vn 0.4260 0.8955 -0.1289
vn 0.6982 0.3553 -0.6215
vn -0.3774 -0.0339 -0.9254
vn -0.1581 0.9845 -0.0759
vn -0.2774 0.9565 -0.0900
vn -0.3823 0.9118 -0.1499
vn -0.5192 0.8253 -0.2219
vn -0.5723 -0.8136 -0.1029
vn 0.5535 0.7941 -0.2512
vn 0.1993 0.8569 0.4755
vn 0.1954 0.0745 -0.9779
vn -0.7697 0.6025 0.2110
vn 0.3105 0.7507 -0.5831
vn -0.4943 0.7062 -0.5070
vn -0.2840 -0.3998 -0.8715
vn -0.2977 0.7405 0.6025
vn -0.1780 0.7300 0.6598
vn -0.6292 0.0065 -0.7773
vn -0.5755 0.6128 0.5416
vn 0.5874 0.7428 -0.3214
vn -0.0919 0.3198 0.9430
vn 0.1084 0.5858 0.8032
vn -0.6679 0.5679 0.4809
vn 0.1034 0.4478 0.8881
vn 0.9260 0.2090 0.3145
vn 0.6057 0.2648 -0.7503
vn 0.1953 0.7634 0.6158
vn 0.4018 0.6113 -0.6819
vn -0.3502 0.6675 0.6571
vn -0.8672 0.3459 -0.3583
vn -0.9405 0.3371 -0.0433
vn 0.6798 0.7332 0.0180
vn 0.6372 0.7699 0.0355
vn -0.9125 0.3248 0.2487
vn -0.8711 0.3881 0.3009
vn -0.8924 0.4479 -0.0542
vn 0.7863 0.6079 -0.1100
vn 0.7015 0.5278 -0.4788
vn 0.4728 0.6777 0.5633
vn 0.7508 0.6058 0.2634
vn -0.7913 0.3926 0.4687
vn -0.3977 0.3296 0.8563
vn -0.7503 0.5345 0.3891
vn 0.1962 0.7696 0.6076
vn 0.2965 -0.1695 -0.9398
vn -0.3763 0.2016 0.9043
vn -0.1375 0.3564 0.9242
vn -0.2438 0.8505 0.4661
vn -0.5140 0.4648 0.7209
vn 0.2834 -0.8971 0.3390
vn 0.3429 -0.9382 -0.0469
vn 0.3422 -0.9331 -0.1107
vn 0.3393 -0.9011 0.2700
vn 0.2752 -0.9570 -0.0922
vn 0.2790 -0.9221 0.2682
vn 0.2695 -0.9607 0.0661
vn 0.3110 -0.8902 0.3328
vn 0.3218 -0.8874 0.3300
vn 0.3820 -0.7872 0.4841
vn 0.3713 -0.8301 0.4160
vn 0.4788 -0.6543 0.5854
vn 0.3570 -0.8903 0.2825
vn 0.6014 -0.5637 0.5661
vn 0.2082 -0.9535 0.2178
vn 0.7348 -0.4197 0.5328
vn 0.0654 -0.9739 0.2175
vn 0.7960 -0.3460 0.4967
vn 0.6830 -0.7267 0.0740
vn 0.7880 -0.5163 0.3355
vn -0.5446 -0.3026 0.7822
vn -0.4869 -0.2744 0.8292
vn 0.3114 -0.9476 0.0713
vn 0.1991 -0.9083 0.3679
vn 0.1329 -0.5408 0.8306
vn 0.2072 -0.5354 0.8188
vn 0.2185 -0.5790 0.7855
vn 0.3395 -0.4938 0.8006
vn 0.4817 -0.2979 0.8241
vn 0.5776 0.0130 0.8162
vn 0.6987 0.3180 0.6408
vn 0.7464 0.4834 0.4575
vn 0.8005 0.5160 0.3049
vn 0.9858 0.0288 0.1655
vn -0.0571 -0.8949 0.4425
vn 0.1459 -0.9599 0.2394
vn -0.0846 -0.5723 0.8157
vn -0.3163 -0.6454 0.6953
vn -0.0178 0.3368 0.9414
vn -0.1585 0.8419 0.5158
vn 0.0755 0.2883 0.9546
vn -0.0708 0.8136 0.5771
vn 0.2243 0.3699 0.9016
vn 0.0932 0.7898 0.6062
vn 0.3555 0.4931 0.7940
vn 0.2880 0.7268 0.6235
vn 0.4546 0.6079 0.6510
vn 0.4422 0.7025 0.5577
vn 0.5620 0.6490 0.5128
vn 0.5069 0.7520 0.4214
vn 0.6644 0.6496 0.3696
vn 0.6049 0.7602 0.2372
vn 0.7502 0.6179 0.2354
vn 0.7003 0.6984 0.1478
vn 0.8322 0.5373 0.1369
vn 0.8799 0.4661 0.0923
vn -0.4049 -0.7741 0.4867
vn 0.9975 -0.0168 0.0689
vn 0.3764 0.2041 0.9037
vn 0.5136 0.4673 0.7196
vn 0.2410 0.8522 0.4645
vn 0.1367 0.3585 0.9235
vn -0.2797 -0.8982 0.3392
vn -0.3358 -0.9021 0.2709
vn -0.3386 -0.9345 -0.1101
vn -0.3386 -0.9398 -0.0456
vn -0.2765 -0.9226 0.2689
vn -0.2729 -0.9576 -0.0924
vn -0.3081 -0.8909 0.3336
vn -0.2670 -0.9613 0.0681
vn -0.3788 -0.7884 0.4846
vn -0.3193 -0.8868 0.3342
vn -0.4761 -0.6563 0.5854
vn -0.3693 -0.8296 0.4188
vn -0.5990 -0.5661 0.5663
vn -0.3550 -0.8907 0.2839
vn -0.7340 -0.4201 0.5337
vn -0.2077 -0.9530 0.2207
vn -0.7954 -0.3461 0.4975
vn -0.0675 -0.9731 0.2203
vn -0.7885 -0.5152 0.3359
vn -0.6828 -0.7268 0.0745
vn 0.4891 -0.2716 0.8289
vn 0.5465 -0.3007 0.7816
vn -0.3079 -0.9486 0.0729
vn -0.1964 -0.9089 0.3679
vn -0.1307 -0.5412 0.8307
vn -0.2049 -0.5357 0.8192
vn -0.2165 -0.5792 0.7859
vn -0.3377 -0.4951 0.8005
vn -0.4805 -0.3019 0.8234
vn -0.5778 0.0083 0.8162
vn -0.6999 0.3150 0.6411
vn -0.7474 0.4816 0.4576
vn -0.8018 0.5141 0.3046
vn -0.9859 0.0257 0.1656
vn -0.1431 -0.9601 0.2401
vn 0.0598 -0.8950 0.4419
vn 0.0866 -0.5725 0.8153
vn 0.3193 -0.6445 0.6948
vn 0.1551 0.8428 0.5154
vn 0.0162 0.3361 0.9417
vn 0.0683 0.8145 0.5761
vn -0.0763 0.2888 0.9544
vn -0.0945 0.7908 0.6047
vn -0.2251 0.3696 0.9015
vn -0.2896 0.7275 0.6219
vn -0.3567 0.4927 0.7937
vn -0.4442 0.7012 0.5577
vn -0.4572 0.6058 0.6512
vn -0.5112 0.7482 0.4229
vn -0.5647 0.6458 0.5138
vn -0.6093 0.7559 0.2396
vn -0.6673 0.6463 0.3701
vn -0.7028 0.6958 0.1480
vn -0.7529 0.6142 0.2364
vn -0.8816 0.4628 0.0925
vn -0.8342 0.5342 0.1368
vn 0.4092 -0.7722 0.4861
vn -0.9974 -0.0195 0.0692
vn -0.3141 -0.8937 0.3205
vn -0.8160 -0.3947 0.4224
vn -0.9191 -0.3882 0.0678
vn -0.3784 -0.9248 -0.0384
vn -0.9231 -0.3673 -0.1138
vn -0.3904 -0.8936 -0.2213
vn 0.3914 0.8311 0.3951
vn -0.2989 0.8326 0.4663
vn -0.1948 0.6221 0.7584
vn 0.3477 0.6218 0.7018
vn -0.0736 0.3630 0.9289
vn 0.2670 0.3554 0.8958
vn -0.5899 0.2278 0.7747
vn -0.3207 0.1045 0.9414
vn -0.8095 0.3312 0.4848
vn -0.3632 0.9237 0.1221
vn -0.9085 0.3951 0.1363
vn -0.3707 0.9269 -0.0589
vn -0.9148 0.4011 -0.0485
vn 0.8722 -0.3636 -0.3273
vn 0.8751 0.4093 -0.2581
vn 0.9176 0.3925 -0.0633
vn 0.9123 -0.3874 -0.1327
vn 0.8944 0.3278 0.3042
vn 0.8854 -0.3979 0.2402
vn 0.7458 0.2225 0.6280
vn 0.7392 -0.3487 0.5762
vn 0.5110 0.0971 0.8541
vn 0.5072 -0.2635 0.8206
vn 0.3351 -0.8913 -0.3054
vn 0.3706 -0.9209 -0.1207
vn 0.3836 -0.8900 0.2466
vn 0.3770 0.9253 0.0425
vn 0.3443 0.9285 -0.1392
vn 0.3350 -0.7411 0.5818
vn -0.2041 -0.7379 0.6433
vn 0.2649 -0.5109 0.8178
vn -0.0764 -0.5132 0.8548
vn -0.5950 -0.3471 0.7250
vn -0.3242 -0.2627 0.9088
vn 0.3173 -0.8926 0.3203
vn 0.3818 -0.9235 -0.0386
vn 0.9205 -0.3849 0.0674
vn 0.8175 -0.3918 0.4221
vn 0.3937 -0.8921 -0.2215
vn 0.9244 -0.3639 -0.1140
vn -0.3943 0.8296 0.3955
vn -0.3495 0.6207 0.7018
vn 0.1929 0.6228 0.7583
vn 0.2961 0.8335 0.4665
vn -0.2680 0.3544 0.8959
vn 0.0726 0.3634 0.9288
vn 0.3205 0.1056 0.9413
vn 0.5892 0.2300 0.7746
vn 0.8084 0.3339 0.4848
vn 0.3600 0.9249 0.1223
vn 0.9071 0.3983 0.1363
vn 0.3676 0.9281 -0.0590
vn 0.9133 0.4043 -0.0486
vn -0.8711 -0.3659 -0.3276
vn -0.9109 -0.3907 -0.1326
vn -0.9191 0.3890 -0.0631
vn -0.8767 0.4061 -0.2579
vn -0.8954 0.3249 0.3044
vn -0.8838 -0.4013 0.2406
vn -0.7378 -0.3511 0.5765
vn -0.7464 0.2197 0.6282
vn -0.5061 -0.2653 0.8207
vn -0.5112 0.0954 0.8542
vn -0.3672 -0.9223 -0.1207
vn -0.3320 -0.8922 -0.3061
vn -0.3805 -0.8913 0.2468
vn -0.3802 0.9239 0.0427
vn -0.3478 0.9272 -0.1393
vn -0.3325 -0.7422 0.5818
vn 0.2067 -0.7372 0.6433
vn 0.0783 -0.5127 0.8550
vn -0.2630 -0.5118 0.8179
vn 0.5964 -0.3448 0.7249
vn 0.3253 -0.2615 0.9087
vn 0.1725 0.0802 0.9817
vn 0.2656 -0.0295 0.9636
vn 0.0384 0.0902 0.9952
vn 0.2683 -0.1610 0.9498
vn 0.1744 -0.2441 0.9540
vn 0.0365 -0.2486 0.9679
vn -0.0554 -0.1665 0.9845
vn -0.0546 -0.0177 0.9984
vn -0.1725 0.0797 0.9818
vn -0.2653 -0.0306 0.9637
vn -0.0385 0.0896 0.9952
vn -0.2674 -0.1618 0.9499
vn -0.1733 -0.2443 0.9541
vn -0.0356 -0.2484 0.9680
vn 0.0562 -0.1664 0.9845
vn 0.0549 -0.0175 0.9983
vn 0.9680 -0.0851 0.2360
vn 0.9948 -0.0026 0.1017
vn 0.9954 -0.0287 0.0912
vn 0.9979 -0.0193 -0.0612
vn 0.9904 -0.0338 -0.1340
vn 0.8376 -0.1615 -0.5218
vn -0.9732 -0.0395 0.2265
vn -0.9779 0.0585 0.2009
vn -0.9957 0.0724 0.0573
vn -0.9991 0.0377 -0.0196
vn -0.9713 -0.0183 -0.2371
vn -0.8307 -0.1434 -0.5379
vn -0.3744 0.5382 -0.7551
vn -0.0233 0.4066 -0.9133
vn -0.4625 0.3753 -0.8033
vn -0.2833 0.2388 -0.9288
vn -0.4079 0.5876 -0.6988
vn -0.5018 0.5153 -0.6948
vn -0.3949 0.5295 -0.7508
vn -0.2783 0.9601 0.0272
vn -0.1870 0.9776 -0.0964
vn -0.2019 0.9722 -0.1183
vn -0.3318 0.8336 -0.4416
vn -0.6136 0.7545 -0.2328
vn -0.4297 0.8984 -0.0903
vn -0.3890 0.9064 0.1644
vn -0.3907 0.8761 0.2824
vn -0.2829 0.7418 0.6081
vn -0.3184 0.8630 -0.3924
vn -0.6693 0.6806 0.2980
vn -0.5918 0.4946 0.6365
vn -0.3386 -0.0661 -0.9386
vn -0.5140 -0.2741 -0.8128
vn -0.5245 -0.2551 -0.8123
vn -0.5043 -0.2864 -0.8147
vn -0.5087 -0.4581 -0.7290
vn -0.6216 -0.6128 -0.4879
vn -0.2944 0.6176 -0.7293
vn -0.1194 0.2513 -0.9605
vn -0.5521 0.3264 -0.7672
vn -0.0585 0.3080 -0.9496
vn -0.2957 0.4111 -0.8623
vn -0.4397 0.5938 -0.6739
vn -0.8303 0.5571 0.0167
vn -0.6841 0.7184 0.1265
vn -0.7584 0.6317 -0.1610
vn -0.7394 0.6669 -0.0917
vn -0.7625 0.6432 0.0706
vn -0.8410 0.4491 -0.3016
vn -0.7639 0.6364 0.1071
vn -0.8173 0.5558 0.1520
vn -0.8565 0.4950 0.1463
vn -0.7637 0.3088 -0.5670
vn -0.9714 0.1708 -0.1648
vn -0.8053 0.5926 0.0147
vn -0.6305 0.7533 -0.1870
vn 0.1130 0.6479 -0.7533
vn 0.0732 0.6279 -0.7749
vn -0.1177 0.9021 -0.4151
vn -0.1653 0.9513 -0.2601
vn -0.3159 0.8711 -0.3760
vn -0.5826 0.7525 -0.3070
vn -0.2909 0.9416 -0.1696
vn -0.2017 0.9360 0.2884
vn -0.1641 0.9733 0.1608
vn -0.0678 0.9570 0.2820
vn -0.1434 0.8760 0.4605
vn -0.0979 0.9644 0.2458
vn 0.0322 0.9678 0.2497
vn 0.0400 0.6750 0.7367
vn 0.0400 0.6750 0.7368
vn 0.0815 -0.1101 0.9906
vn -0.6249 -0.2109 0.7516
vn -0.5036 0.2586 -0.8243
vn -0.2831 0.3490 -0.8934
vn -0.3419 0.4961 -0.7981
vn -0.5458 0.2372 -0.8037
vn -0.8506 -0.0377 -0.5244
vn -0.7909 -0.0398 -0.6106
vn -0.9461 0.0331 -0.3223
vn -0.9975 -0.0697 -0.0072
vn -0.2537 0.0779 -0.9641
vn -0.0839 0.0096 -0.9964
vn -0.9439 -0.0041 0.3303
vn -0.3371 0.2601 -0.9048
vn -0.5769 0.0494 -0.8153
vn -0.7593 0.0574 -0.6482
vn -0.6437 0.3530 -0.6789
vn -0.9553 0.2506 -0.1566
vn -0.9457 0.3243 -0.0214
vn -0.2157 0.3259 -0.9205
vn -0.0419 0.5040 -0.8627
vn -0.9048 0.1152 0.4099
vn -0.8850 0.1102 0.4523
vn -0.9958 0.0747 -0.0538
vn -0.8333 0.5433 -0.1024
vn -0.8020 0.5677 0.1858
vn -0.8029 0.5676 0.1824
vn -0.8002 0.5691 0.1889
vn -0.8667 0.4985 -0.0182
vn -0.4048 0.5086 -0.7599
vn -0.3844 0.5368 -0.7511
vn -0.6240 -0.2543 -0.7389
vn -0.4819 -0.1376 -0.8653
vn -0.7743 -0.0832 -0.6274
vn -0.8057 0.0480 -0.5904
vn -0.9172 -0.3067 -0.2541
vn -0.5324 -0.2512 0.8083
vn -0.8324 0.4302 0.3494
vn -0.7566 0.5746 0.3120
vn -0.7894 0.4876 0.3729
vn -0.8005 -0.1019 0.5906
vn -0.6345 -0.0855 0.7682
vn -0.9144 0.2878 0.2846
vn -0.9976 0.0064 0.0685
vn -0.4874 0.0577 -0.8713
vn -0.9924 0.0163 0.1219
vn -0.9310 0.2759 0.2389
vn -0.3689 0.5815 -0.7251
vn -0.2667 0.2149 -0.9395
vn -0.2013 0.4072 -0.8909
vn -0.9398 0.1046 0.3252
vn -0.9396 0.1045 0.3260
vn -0.9395 0.1075 0.3253
vn -0.9952 0.0828 0.0519
vn -0.6840 -0.1469 -0.7145
vn -0.9060 -0.0318 -0.4221
vn -0.8424 0.1147 -0.5265
vn -0.9560 0.1522 -0.2506
vn -0.9919 0.1267 0.0090
vn 0.1684 -0.2784 0.9456
vn -0.8119 -0.1102 0.5733
vn -0.8121 -0.1200 0.5710
vn -0.8122 -0.1216 0.5706
vn -0.4490 0.2695 -0.8519
vn 0.6042 0.0983 -0.7908
vn -0.9372 -0.2068 -0.2809
vn -0.6110 -0.2487 -0.7515
vn -0.9460 -0.3052 -0.1095
vn -0.0997 -0.2994 -0.9489
vn -0.0979 -0.3065 -0.9468
vn -0.0981 -0.3063 -0.9469
vn -0.1538 -0.1383 -0.9784
vn -0.0874 -0.4023 -0.9113
vn -0.0755 -0.4259 -0.9016
vn -0.0757 -0.4256 -0.9017
vn -0.0665 -0.4328 -0.8990
vn -0.0607 -0.2208 -0.9734
vn -0.1654 -0.1436 -0.9757
vn -0.2293 -0.1380 -0.9635
vn -0.6562 0.4243 -0.6240
vn 0.0404 0.3588 -0.9325
vn 0.1494 0.1338 -0.9797
vn 0.0214 0.0434 -0.9988
vn 0.1328 0.0978 -0.9863
vn -0.1240 0.8922 -0.4343
vn -0.1498 0.8832 -0.4444
vn -0.3227 0.8491 -0.4182
vn -0.2511 0.8283 -0.5008
vn -0.1349 0.9886 0.0672
vn 0.1980 0.9688 -0.1491
vn 0.1558 0.9604 0.2310
vn 0.3431 0.9264 0.1551
vn 0.1700 0.9368 0.3057
vn 0.1243 0.9099 0.3958
vn 0.3924 0.8954 0.2107
vn 0.3776 0.9214 0.0918
vn 0.4886 0.6316 0.6019
vn 0.4557 0.4870 0.7451
vn -0.0141 -0.1362 0.9906
vn 0.0427 -0.2310 0.9720
vn 0.2107 -0.2049 -0.9558
vn 0.4664 -0.2250 -0.8555
vn 0.4610 -0.3446 -0.8178
vn 0.4775 -0.4523 -0.7533
vn 0.4965 -0.4395 -0.7485
vn 0.6165 -0.5485 -0.5648
vn 0.0081 0.7962 -0.6049
vn -0.0009 0.0261 -0.9997
vn 0.1034 0.1551 -0.9825
vn 0.1655 -0.0243 -0.9859
vn 0.5353 0.4031 -0.7422
vn 0.4011 0.5834 -0.7063
vn 0.5982 0.7370 -0.3145
vn 0.7102 0.6915 0.1321
vn 0.8181 0.5746 -0.0245
vn 0.8425 0.5114 0.1694
vn 0.8728 0.4065 -0.2702
vn 0.8270 0.5343 -0.1752
vn 0.8406 0.5199 -0.1520
vn 0.7357 0.6043 0.3059
vn 0.7672 0.5290 0.3627
vn 0.5817 0.3624 -0.7282
vn 0.9159 0.2485 -0.3152
vn 0.8288 0.5573 0.0492
vn 0.8085 0.5744 0.1281
vn 0.0092 0.7035 -0.7107
vn -0.0329 0.5475 -0.8361
vn 0.2845 0.9118 -0.2962
vn 0.3561 0.8359 -0.4177
vn 0.1521 0.7787 -0.6087
vn 0.2269 0.9652 -0.1304
vn 0.2906 0.9523 -0.0935
vn 0.3505 0.9329 0.0826
vn 0.2777 0.9186 0.2811
vn 0.3072 0.9439 0.1210
vn 0.2018 0.8920 0.4046
vn 0.1521 0.9225 0.3548
vn 0.1628 0.9219 0.3514
vn 0.1526 0.9226 0.3542
vn 0.1768 0.9482 0.2638
vn 0.1310 0.7215 0.6799
vn -0.5880 0.2164 -0.7794
vn 0.2125 -0.1004 -0.9720
vn 0.9623 0.0335 0.2701
vn 0.9608 0.0293 0.2758
vn 0.9606 0.0291 0.2762
vn 0.3543 0.1470 -0.9235
vn 0.8623 -0.0238 -0.5058
vn 0.9526 -0.0030 -0.3041
vn 0.9955 0.0714 -0.0620
vn 0.2465 0.3079 -0.9190
vn 0.0391 -0.0001 -0.9992
vn 0.0524 -0.0248 -0.9983
vn -0.1165 0.3643 -0.9240
vn 0.6139 0.2643 -0.7438
vn 0.7771 0.1879 -0.6007
vn 0.8535 0.0699 -0.5164
vn 0.9282 0.2884 -0.2351
vn 0.9356 0.3502 0.0448
vn -0.0603 0.0446 -0.9972
vn 0.2091 0.1501 -0.9663
vn 0.9939 0.0177 0.1085
vn 0.9958 0.0907 -0.0081
vn 0.9182 0.3736 -0.1315
vn 0.8617 0.4916 -0.1258
vn 0.7924 0.5568 0.2492
vn 0.8258 0.5420 0.1557
vn 0.3203 0.2090 -0.9240
vn -0.2313 0.4152 -0.8798
vn 0.5145 -0.0603 -0.8554
vn 0.6859 -0.1222 -0.7174
vn 0.8847 -0.0329 -0.4650
vn 0.8940 -0.0203 -0.4477
vn 0.9358 -0.1725 -0.3074
vn 0.1694 0.2205 -0.9606
vn 0.6263 -0.2453 0.7400
vn 0.8603 0.3103 0.4044
vn 0.8952 0.4319 0.1101
vn 0.8213 0.5356 0.1965
vn 0.9734 -0.0193 0.2284
vn 0.9764 0.0435 0.2117
vn 0.9923 0.0037 0.1239
vn 0.9910 0.0138 0.1331
vn 0.9703 0.0979 0.2210
vn 0.8527 -0.1589 0.4976
vn 0.0524 0.3169 -0.9470
vn -0.0298 0.1140 -0.9930
vn 0.2380 0.2700 -0.9330
vn 0.9783 -0.0361 0.2040
vn 0.9868 -0.0303 0.1593
vn 0.3426 -0.0946 -0.9347
vn 0.8718 0.0810 -0.4831
vn 0.9717 -0.0176 -0.2355
vn 0.9994 0.0083 -0.0342
vn 0.9781 0.0330 0.2056
vn 0.9383 -0.1841 -0.2929
vn 0.5740 -0.3653 -0.7329
vn 0.9140 -0.4057 0.0014
vn 0.1141 -0.3354 -0.9352
vn 0.0840 -0.0319 -0.9960
vn 0.1011 -0.3885 -0.9159
vn 0.0178 -0.4473 -0.8942
vn 0.0168 -0.2316 -0.9727
vn 0.0805 -0.1477 -0.9858
vn 0.1261 -0.1277 -0.9838
vn -0.6972 -0.3134 -0.6448
vn -0.9518 -0.3061 -0.0212
vn -0.2093 -0.2304 -0.9503
vn 0.6263 -0.2891 -0.7240
vn 0.9678 -0.2227 -0.1178
vn 0.1430 -0.2803 -0.9492
vn -0.6368 0.6323 0.4412
vn -0.7670 0.6076 -0.2062
vn -0.2685 0.7980 0.5396
vn 0.9859 0.0881 0.1419
vn -0.9566 0.2905 -0.0247
vn 0.9593 -0.0248 0.2812
vn -0.9500 0.2535 0.1825
vn 0.2571 0.9529 -0.1607
vn 0.8913 0.4508 -0.0483
vn 0.2528 0.7530 0.6075
vn 0.9477 0.3125 0.0641
vn 0.9961 0.0782 0.0405
vn -0.3962 0.9170 0.0457
vn -0.6164 0.5984 0.5119
vn -0.1164 0.8303 0.5450
vn 0.9741 0.0452 0.2217
vn -0.9960 0.0651 0.0607
vn -0.9965 0.0690 0.0482
vn -0.9961 0.0654 0.0596
vn 0.9588 -0.0914 0.2688
vn -0.9633 0.2380 0.1239
vn 0.0286 0.8656 0.4999
vn 0.7930 0.6085 -0.0310
vn 0.2625 0.6723 0.6921
vn 0.9735 0.2070 -0.0975
vn 0.9785 -0.0233 0.2051
vn -0.4079 0.7794 -0.4755
vn -0.8458 0.3813 0.3732
vn -0.2060 0.9749 0.0843
vn 0.9867 0.1623 0.0067
vn -0.7600 0.3685 0.5354
vn 0.9841 0.0070 -0.1777
vn -0.9693 0.1332 0.2065
vn 0.4895 0.8461 0.2108
vn 0.8819 0.4278 -0.1982
vn 0.2049 0.9750 0.0855
vn 0.8405 0.5330 -0.0973
vn 0.9809 0.1946 0.0033
vn -0.1036 0.5797 -0.8082
vn 0.0535 0.4728 -0.8795
vn -0.1373 0.5542 -0.8210
vn 0.0175 0.4375 -0.8991
vn -0.2044 0.3261 -0.9230
vn -0.1190 0.1901 -0.9745
vn -0.3506 0.0255 -0.9362
vn -0.2390 0.2269 -0.9441
vn -0.4284 0.4963 -0.7551
vn -0.3299 0.1360 -0.9342
vn -0.4152 0.1237 -0.9013
vn -0.3135 0.1203 -0.9419
vn -0.4376 0.6135 -0.6574
vn -0.3949 0.5745 -0.7169
vn -0.3356 0.5177 -0.7870
vn -0.4401 0.5111 -0.7383
vn -0.1136 0.4938 -0.8621
vn -0.3864 0.4718 -0.7926
vn -0.2592 0.6021 -0.7551
vn -0.4424 0.5787 -0.6851
vn -0.3913 0.4958 -0.7753
vn -0.0541 0.9977 0.0399
vn -0.2095 0.9686 -0.1340
vn -0.3906 0.9025 -0.1815
vn -0.1608 0.9836 -0.0813
vn -0.1354 0.9744 -0.1797
vn -0.2265 0.9665 -0.1210
vn -0.0811 0.9955 -0.0481
vn -0.1121 0.9928 -0.0428
vn -0.2060 0.9781 -0.0313
vn -0.5482 0.6877 -0.4760
vn -0.2798 0.9184 -0.2797
vn -0.2172 0.9746 -0.0540
vn -0.2388 0.9494 -0.2038
vn -0.2650 0.9062 -0.3295
vn -0.5191 0.8127 -0.2647
vn -0.3247 0.9456 0.0201
vn -0.1683 0.8938 0.4158
vn -0.4596 0.7283 0.5083
vn -0.4421 0.8710 0.2141
vn -0.4611 0.8585 0.2246
vn -0.3737 0.8771 0.3019
vn -0.1662 0.8905 0.4236
vn -0.2818 0.8815 0.3788
vn -0.4311 0.8799 0.1999
vn -0.3789 0.7482 0.5447
vn -0.2111 0.8803 0.4250
vn -0.3360 0.7950 0.5051
vn -0.3841 0.9229 -0.0277
vn -0.5151 0.8556 -0.0507
vn -0.3457 0.9331 0.0991
vn -0.3057 0.9381 0.1631
vn -0.2568 0.9356 -0.2422
vn -0.4157 0.8927 -0.1740
vn -0.3162 0.5359 0.7829
vn -0.3721 0.5996 0.7086
vn -0.6936 0.5120 0.5067
vn -0.0660 -0.1401 0.9879
vn -0.2004 -0.1931 0.9605
vn -0.5249 -0.0827 -0.8471
vn -0.3897 0.0959 -0.9160
vn -0.3521 -0.0194 -0.9357
vn -0.5558 -0.1873 -0.8099
vn -0.6125 0.1077 -0.7831
vn -0.3425 -0.0506 -0.9382
vn -0.5079 -0.2994 -0.8077
vn -0.4212 -0.1607 -0.8926
vn -0.5614 -0.1009 -0.8214
vn -0.6164 -0.3041 -0.7263
vn -0.5679 -0.3484 -0.7457
vn -0.5054 -0.3574 -0.7854
vn -0.6774 -0.3800 -0.6299
vn -0.6768 -0.3846 -0.6277
vn -0.6762 -0.3849 -0.6282
vn -0.6785 -0.3750 -0.6316
vn -0.4947 -0.4419 -0.7483
vn -0.7458 -0.5330 -0.3996
vn -0.7520 -0.4728 -0.4593
vn -0.6848 -0.3952 -0.6122
vn -0.3826 0.5333 -0.7544
vn -0.4039 0.4259 -0.8096
vn -0.1931 0.5610 -0.8050
vn -0.2244 0.2008 -0.9536
vn -0.2076 0.2397 -0.9484
vn -0.0404 0.2105 -0.9768
vn -0.1326 0.2005 -0.9707
vn -0.1744 0.2193 -0.9599
vn -0.3215 0.0577 -0.9451
vn -0.2973 0.1436 -0.9439
vn -0.2758 0.5018 -0.8199
vn -0.3440 0.2423 -0.9072
vn -0.5237 0.1759 -0.8336
vn -0.6295 0.4037 -0.6639
vn -0.3158 0.5947 -0.7393
vn -0.2328 0.5892 -0.7737
vn -0.7133 0.6882 0.1327
vn -0.5553 0.8216 0.1286
vn -0.5352 0.8412 -0.0770
vn -0.7314 0.6819 0.0111
vn -0.6109 0.7915 -0.0189
vn -0.5893 0.8076 -0.0214
vn -0.7401 0.5431 -0.3966
vn -0.4032 0.8551 -0.3259
vn -0.5541 0.8212 -0.1365
vn -0.7278 0.6828 0.0645
vn -0.3052 0.9223 -0.2370
vn -0.2519 0.9651 -0.0712
vn -0.8140 0.5758 0.0770
vn -0.6735 0.6979 -0.2436
vn -0.5041 0.7769 -0.3771
vn -0.7944 0.5286 -0.2993
vn -0.6988 0.7056 0.1176
vn -0.8130 0.5101 0.2806
vn -0.7418 0.6695 -0.0385
vn -0.5508 0.8337 0.0402
vn -0.5235 0.8426 0.1266
vn -0.8514 0.3563 0.3849
vn -0.6213 0.7188 0.3119
vn -0.6057 0.7917 0.0797
vn -0.8094 0.4739 0.3468
vn -0.6294 0.6186 0.4703
vn -0.6450 0.6047 0.4673
vn -0.7577 0.1833 -0.6263
vn -0.9710 0.0515 -0.2334
vn -0.8389 0.2392 -0.4889
vn -0.8296 0.1922 -0.5243
vn -0.8513 0.4739 -0.2254
vn -0.8964 0.4366 0.0766
vn -0.7924 0.5969 -0.1258
vn -0.8255 0.5500 -0.1266
vn -0.7031 0.7045 -0.0960
vn -0.8376 0.5378 -0.0961
vn -0.8525 0.5185 0.0660
vn -0.6682 0.6959 -0.2630
vn 0.0153 0.4693 -0.8829
vn 0.0388 0.4844 -0.8740
vn -0.0203 0.5831 -0.8121
vn -0.1295 0.7593 -0.6378
vn -0.1911 0.6162 -0.7641
vn -0.0517 0.6285 -0.7761
vn -0.3019 0.9415 -0.1500
vn -0.3703 0.9262 0.0707
vn -0.1651 0.9863 -0.0046
vn -0.4133 0.8940 -0.1733
vn -0.4324 0.9007 -0.0428
vn -0.1942 0.9586 -0.2081
vn -0.4832 0.8697 -0.1009
vn -0.5548 0.8201 -0.1398
vn -0.4937 0.6895 -0.5300
vn -0.5896 0.7202 -0.3656
vn -0.5613 0.6541 -0.5070
vn -0.4574 0.8231 -0.3366
vn -0.5190 0.7529 -0.4047
vn -0.4806 0.8764 -0.0312
vn -0.2054 0.9784 0.0223
vn -0.1723 0.7698 0.6145
vn -0.2584 0.7856 0.5622
vn -0.3299 0.9083 0.2571
vn -0.4666 0.8745 -0.1322
vn -0.3440 0.9032 0.2566
vn -0.2777 0.9605 0.0183
vn -0.4333 0.8166 0.3814
vn -0.4865 0.8119 0.3228
vn -0.1193 0.8971 0.4255
vn -0.4380 0.8024 0.4053
vn -0.4381 0.8247 0.3577
vn -0.1399 0.9151 0.3783
vn -0.4748 0.8672 0.1504
vn -0.4808 0.8738 0.0736
vn -0.0291 0.9796 0.1987
vn -0.3781 0.9253 0.0274
vn -0.1808 0.9531 0.2428
vn 0.0696 0.8970 0.4366
vn -0.0977 0.6223 0.7766
vn -0.0653 0.6089 0.7905
vn 0.0169 0.5766 0.8169
vn 0.0114 -0.1307 0.9914
vn -0.3126 0.1912 -0.9304
vn -0.2042 0.2570 -0.9446
vn -0.4351 0.3630 -0.8240
vn -0.2868 0.2039 -0.9360
vn -0.7337 -0.0070 -0.6794
vn -0.8015 -0.0010 -0.5980
vn -0.8552 0.0080 -0.5182
vn -0.9952 -0.0614 -0.0758
vn -0.1253 0.5968 -0.7925
vn -0.3349 0.3305 -0.8824
vn -0.4362 0.4017 -0.8052
vn -0.3446 0.1441 -0.9276
vn -0.1885 0.0721 -0.9794
vn -0.2389 0.2234 -0.9450
vn -0.1501 0.0976 -0.9838
vn -0.9473 -0.0681 0.3129
vn -0.9913 0.0882 0.0978
vn -0.4986 0.4688 -0.7291
vn -0.6226 0.4342 -0.6510
vn -0.4441 -0.1591 -0.8817
vn -0.3856 0.2402 -0.8908
vn -0.4436 0.1271 -0.8872
vn -0.6067 -0.0355 -0.7942
vn -0.7608 -0.0646 -0.6458
vn -0.9571 -0.0135 -0.2896
vn -0.9562 0.1486 -0.2524
vn -0.7155 0.2127 -0.6655
vn -0.9175 0.1761 -0.3567
vn -0.9100 0.2424 -0.3363
vn -0.9540 0.1706 -0.2464
vn -0.9679 0.1286 -0.2158
vn -0.9182 0.3480 -0.1894
vn -0.9950 0.0999 -0.0019
vn -0.9917 0.1108 -0.0656
vn -0.9502 0.3112 -0.0170
vn -0.1706 0.2609 -0.9502
vn -0.1741 0.2997 -0.9380
vn -0.1551 0.3392 -0.9278
vn -0.0072 0.4316 -0.9020
vn -0.3230 0.4704 -0.8212
vn -0.3437 0.5954 -0.7262
vn -0.3433 0.5949 -0.7268
vn -0.3431 0.5948 -0.7270
vn -0.9603 0.1412 0.2407
vn -0.9779 0.1360 0.1589
vn -0.9579 0.2790 0.0674
vn -0.9184 0.2208 0.3282
vn -0.9083 0.2599 0.3279
vn -0.8341 0.2844 0.4727
vn -0.9429 -0.0007 0.3330
vn -0.9258 0.3746 0.0513
vn -0.8927 0.4286 0.1395
vn -0.9040 0.4212 -0.0736
vn -0.7777 0.5273 -0.3424
vn -0.7777 0.5727 -0.2592
vn -0.7945 0.4056 0.4520
vn -0.7977 0.5615 0.2200
vn -0.8037 0.5663 0.1830
vn -0.8459 0.5288 0.0691
vn -0.7965 0.5869 0.1455
vn -0.7762 0.6231 -0.0967
vn -0.3824 0.4890 -0.7840
vn -0.3644 0.6638 -0.6531
vn -0.3651 -0.0925 -0.9264
vn -0.3085 0.0180 -0.9511
vn -0.5824 -0.2350 -0.7782
vn -0.5474 -0.0736 -0.8336
vn -0.6154 0.0505 -0.7866
vn -0.6813 -0.1865 -0.7078
vn -0.7943 0.0247 -0.6070
vn -0.7418 -0.0584 -0.6680
vn -0.7740 0.0740 -0.6288
vn -0.7184 -0.2349 -0.6548
vn -0.7618 -0.3199 -0.5633
vn -0.8757 -0.2026 -0.4383
vn -0.8026 -0.3553 -0.4792
vn -0.8457 -0.3399 -0.4115
vn -0.9379 -0.3053 -0.1649
vn -0.3461 0.6533 -0.6734
vn -0.8119 -0.1087 0.5736
vn -0.8794 0.3256 0.3474
vn -0.7710 0.4790 0.4198
vn -0.7911 0.5288 0.3074
vn -0.7852 0.4460 0.4296
vn -0.8127 0.4628 0.3541
vn -0.8037 0.5656 0.1848
vn -0.7591 0.4971 0.4203
vn -0.6595 0.7490 -0.0635
vn -0.6427 0.6286 0.4380
vn -0.9323 0.2507 0.2608
vn -0.9164 0.2975 0.2678
vn -0.9148 0.1731 0.3650
vn -0.9547 0.2787 0.1042
vn -0.9700 0.1600 0.1829
vn -0.9704 0.2392 -0.0336
vn -0.9034 0.1271 0.4094
vn -0.8728 0.1120 0.4750
vn -0.9104 0.3599 -0.2039
vn -0.9304 0.1896 -0.3137
vn -0.9987 -0.0501 -0.0129
vn -0.9695 -0.0796 0.2320
vn -0.9896 -0.0708 0.1252
vn -0.3652 0.5965 -0.7147
vn -0.6241 0.4673 -0.6262
vn -0.6081 0.4208 -0.6731
vn -0.1341 0.2290 -0.9641
vn -0.1385 0.3023 -0.9431
vn -0.2590 0.2992 -0.9184
vn -0.1123 0.4719 -0.8745
vn -0.3421 0.5956 -0.7268
vn -0.3333 0.6373 -0.6948
vn -0.8979 0.1798 0.4019
vn -0.9439 0.3240 0.0630
vn -0.6864 -0.2199 -0.6932
vn -0.7767 0.1288 -0.6166
vn -0.9601 0.0980 -0.2619
vn -0.9872 0.1538 -0.0415
vn -0.9736 -0.0450 0.2237
vn -0.9992 -0.0375 -0.0145
vn -0.8764 -0.2918 -0.3832
vn -0.8964 -0.3320 -0.2938
vn -0.9287 -0.3406 -0.1470
vn -0.7344 -0.4083 -0.5421
vn -0.6877 -0.4023 -0.6043
vn -0.5519 -0.3568 -0.7538
vn -0.9021 -0.3090 -0.3012
vn -0.9091 -0.2507 -0.3326
vn -0.9629 -0.2210 -0.1551
vn -0.0996 -0.2990 -0.9490
vn -0.4086 -0.2799 -0.8687
vn -0.4345 -0.2248 -0.8722
vn -0.2012 -0.1127 -0.9731
vn -0.3910 -0.2565 -0.8839
vn -0.3660 -0.2686 -0.8910
vn -0.1328 -0.3417 -0.9304
vn -0.3753 -0.4086 -0.8320
vn -0.3005 -0.4490 -0.8415
vn -0.0661 -0.4326 -0.8991
vn -0.2911 -0.3883 -0.8743
vn -0.3082 -0.3842 -0.8703
vn -0.0570 -0.4378 -0.8972
vn -0.3104 -0.4289 -0.8484
vn -0.2887 -0.2167 -0.9326
vn -0.1072 -0.2243 -0.9686
vn -0.2258 -0.1923 -0.9550
vn -0.2088 -0.0990 -0.9729
vn -0.2030 -0.0633 -0.9771
vn -0.0870 -0.0493 -0.9950
vn -0.1470 -0.1151 -0.9824
vn -0.5995 0.5573 -0.5744
vn -0.5967 0.5924 -0.5413
vn -0.5974 0.4359 -0.6732
vn -0.0049 0.2029 -0.9792
vn -0.1966 0.3133 -0.9291
vn -0.2883 0.5155 -0.8070
vn 0.2332 0.2380 -0.9428
vn 0.3398 0.3325 -0.8798
vn 0.2294 0.2545 -0.9395
vn 0.1515 0.1675 -0.9742
vn 0.1023 0.0557 -0.9932
vn 0.0610 -0.0074 -0.9981
vn 0.0359 0.1057 -0.9938
vn 0.0393 0.1749 -0.9838
vn 0.1328 0.1545 -0.9790
vn 0.0112 0.8787 -0.4773
vn -0.2406 0.9227 -0.3012
vn -0.1656 0.8768 -0.4514
vn -0.1849 0.8883 -0.4205
vn 0.1144 0.7891 -0.6035
vn 0.3557 0.7168 -0.5998
vn -0.1845 0.8987 -0.3979
vn 0.3057 0.9351 -0.1793
vn 0.0669 0.9809 -0.1829
vn -0.2831 0.7584 -0.5871
vn -0.1409 0.8319 -0.5368
vn -0.1890 0.8101 -0.5550
vn -0.2445 0.9474 -0.2065
vn 0.0045 0.8001 -0.5998
vn 0.2519 0.9481 -0.1942
vn 0.1201 0.9520 -0.2815
vn 0.2061 0.9517 -0.2275
vn 0.0174 0.9935 -0.1129
vn 0.3424 0.9395 -0.0125
vn 0.3446 0.8594 0.3777
vn 0.2891 0.9385 0.1887
vn 0.3759 0.9262 -0.0281
vn 0.1270 0.9907 0.0482
vn 0.1271 0.9907 0.0481
vn 0.1270 0.9907 0.0481
vn -0.0567 0.9739 0.2199
vn 0.1378 0.6032 0.7856
vn 0.1236 0.7464 0.6540
vn 0.1250 0.9522 0.2786
vn 0.1433 0.9220 0.3596
vn 0.1809 0.9151 0.3605
vn 0.2130 0.9065 0.3645
vn 0.2926 0.8156 0.4993
vn 0.3476 0.9228 0.1663
vn 0.4845 0.8497 0.2081
vn 0.2518 0.8203 -0.5135
vn 0.2662 0.9608 -0.0771
vn 0.1061 0.9083 0.4046
vn 0.3203 0.9267 0.1968
vn 0.0639 0.9895 0.1300
vn 0.1459 0.8891 0.4338
vn 0.5014 0.6889 0.5234
vn 0.2012 0.7001 0.6851
vn 0.2610 0.6772 0.6880
vn 0.1325 -0.1102 -0.9850
vn 0.2492 -0.1709 -0.9532
vn 0.3907 -0.1805 -0.9026
vn 0.3017 -0.1476 -0.9419
vn 0.4918 -0.1635 -0.8552
vn 0.5137 -0.2663 -0.8156
vn 0.4635 -0.0280 -0.8857
vn 0.5311 -0.0583 -0.8453
vn 0.6646 -0.2792 -0.6930
vn 0.4717 -0.4259 -0.7721
vn 0.6800 -0.3308 -0.6544
vn 0.6878 -0.3842 -0.6159
vn 0.4850 -0.4298 -0.7616
vn 0.6865 -0.3399 -0.6428
vn 0.6716 -0.3473 -0.6544
vn 0.6423 -0.2277 -0.7318
vn 0.7702 -0.2719 -0.5769
vn 0.7071 -0.5436 -0.4522
vn 0.2541 0.6314 -0.7326
vn 0.2037 0.6193 -0.7583
vn 0.2951 0.6620 -0.6890
vn 0.1228 0.0323 -0.9919
vn 0.0717 0.3006 -0.9510
vn 0.0752 0.1874 -0.9794
vn 0.1232 0.2976 -0.9467
vn 0.0517 0.1192 -0.9915
vn -0.0724 0.1289 -0.9890
vn 0.0964 -0.0466 -0.9943
vn 0.6164 0.2450 -0.7484
vn 0.4148 0.2113 -0.8850
vn 0.3689 0.3064 -0.8775
vn -0.1184 0.8635 -0.4902
vn -0.1052 0.9048 -0.4126
vn 0.5485 0.6386 -0.5398
vn 0.0044 0.9067 -0.4217
vn 0.1184 0.8318 -0.5423
vn 0.5860 0.7307 -0.3501
vn 0.3192 0.9205 -0.2255
vn 0.5740 0.8101 -0.1195
vn 0.7562 0.6168 0.2183
vn 0.6728 0.7398 0.0038
vn 0.5987 0.7819 0.1739
vn 0.8168 0.5499 0.1747
vn 0.6696 0.7423 0.0266
vn 0.7482 0.6575 -0.0883
vn 0.8826 0.4701 -0.0032
vn 0.6707 0.7265 0.1493
vn 0.6183 0.7841 0.0537
vn 0.8903 0.4377 -0.1254
vn 0.6779 0.7351 -0.0008
vn 0.6722 0.7330 -0.1041
vn 0.8270 0.5621 -0.0096
vn 0.5795 0.8097 -0.0922
vn 0.5653 0.7266 0.3905
vn 0.8177 0.5729 -0.0571
vn 0.4567 0.7892 0.4106
vn 0.5224 0.7908 0.3190
vn 0.7540 0.5944 0.2796
vn 0.4472 0.6785 0.5828
vn 0.4705 0.8609 0.1936
vn 0.7879 0.5886 0.1811
vn 0.8326 0.2435 -0.4974
vn 0.9084 0.0761 -0.4111
vn 0.7225 0.1886 -0.6651
vn 0.8914 0.4231 -0.1628
vn 0.9422 0.1852 -0.2792
vn 0.8988 0.0948 -0.4281
vn 0.7472 0.6069 0.2710
vn 0.9348 0.3289 0.1344
vn 0.9575 0.2478 -0.1474
vn 0.8176 0.5608 0.1309
vn 0.8601 0.5065 -0.0602
vn 0.8858 0.4289 0.1770
vn -0.1406 0.7716 -0.6203
vn -0.3838 0.8749 -0.2953
vn -0.2554 0.7153 -0.6505
vn 0.0915 0.6741 -0.7330
vn 0.2794 0.6981 -0.6593
vn 0.1285 0.6194 -0.7745
vn 0.4231 0.9061 0.0007
vn 0.3411 0.9399 0.0146
vn 0.3408 0.9400 -0.0129
vn 0.2785 0.8762 -0.3933
vn 0.3885 0.7862 -0.4805
vn 0.3806 0.8255 -0.4168
vn 0.0848 0.6747 -0.7332
vn 0.3578 0.7739 -0.5226
vn 0.2162 0.6396 -0.7377
vn 0.2719 0.9610 -0.0508
vn 0.4924 0.8700 -0.0241
vn 0.5323 0.8435 -0.0724
vn 0.2318 0.9709 -0.0597
vn 0.3263 0.9061 -0.2693
vn 0.4022 0.8579 -0.3198
vn 0.3453 0.9383 0.0166
vn 0.2886 0.9526 -0.0967
vn 0.3428 0.9362 -0.0779
vn 0.4016 0.9108 -0.0956
vn 0.2751 0.9088 0.3138
vn 0.3127 0.9439 0.1065
vn 0.2268 0.8938 0.3869
vn 0.4778 0.8285 0.2920
vn 0.4478 0.8885 0.0999
vn 0.1635 0.9212 0.3531
vn 0.2710 0.9331 0.2363
vn 0.3897 0.9046 0.1726
vn 0.1846 0.9315 0.3135
vn 0.2556 0.8797 0.4010
vn 0.2236 0.8825 0.4138
vn 0.1329 0.8502 0.5094
vn 0.1834 0.8428 0.5060
vn 0.2835 0.9462 0.1562
vn 0.0633 0.6751 0.7350
vn 0.0914 0.8003 0.5926
vn 0.1168 0.7507 0.6503
vn 0.3714 -0.3054 0.8768
vn 0.0068 -0.1787 0.9839
vn -0.6679 0.2411 -0.7041
vn -0.4789 0.1851 -0.8581
vn -0.3543 0.1576 -0.9217
vn 0.1584 0.3045 -0.9392
vn 0.2159 0.3690 -0.9040
vn 0.9360 0.0528 -0.3480
vn 0.7892 0.0273 -0.6135
vn 0.8217 0.1182 -0.5576
vn 0.9132 -0.0116 -0.4074
vn 0.9979 -0.0002 -0.0650
vn 0.0451 0.0509 -0.9977
vn 0.1465 0.1394 -0.9793
vn 0.1066 0.0677 -0.9920
vn 0.0387 0.0280 -0.9989
vn 0.0665 0.0452 -0.9968
vn 0.0306 -0.0071 -0.9995
vn 0.9949 0.0745 0.0682
vn -0.5273 0.1434 -0.8375
vn -0.5156 0.4596 -0.7231
vn -0.2532 0.3912 -0.8848
vn 0.6117 0.1720 -0.7722
vn 0.3988 0.0397 -0.9162
vn 0.4161 0.1551 -0.8960
vn 0.9376 0.0551 -0.3434
vn 0.9359 0.0780 -0.3435
vn 0.8447 0.1213 -0.5213
vn 0.8966 0.1993 -0.3954
vn 0.8650 0.1468 -0.4798
vn 0.8137 0.1145 -0.5699
vn 0.9450 0.3250 -0.0382
vn 0.9810 0.1650 -0.1024
vn 0.9351 0.1560 -0.3180
vn 0.9442 0.3186 -0.0842
vn 0.9985 0.0293 -0.0452
vn 0.9898 0.0830 0.1156
vn -0.0680 0.0774 -0.9947
vn 0.0746 0.1472 -0.9863
vn 0.0686 0.1052 -0.9921
vn 0.1820 0.2304 -0.9559
vn 0.0995 0.2599 -0.9605
vn 0.1583 0.1434 -0.9769
vn 0.9526 0.2638 0.1514
vn 0.9576 0.1612 0.2387
vn 0.9374 -0.0995 0.3338
vn 0.9210 0.3883 0.0325
vn 0.9317 0.2774 0.2343
vn 0.9903 0.0060 0.1385
vn 0.8042 0.4153 -0.4252
vn 0.8766 0.4128 -0.2475
vn 0.9338 0.2793 -0.2236
vn 0.8043 0.5039 -0.3150
vn 0.8597 0.5100 -0.0284
vn 0.9262 0.3743 -0.0462
vn 0.7894 0.6117 0.0524
vn 0.8378 0.5424 -0.0619
vn 0.8069 0.5482 0.2199
vn 0.7808 0.5911 0.2026
vn 0.7700 0.6380 -0.0072
vn 0.8020 0.5713 -0.1744
vn 0.0890 0.2649 -0.9602
vn 0.1864 0.3373 -0.9228
vn 0.4594 -0.1575 -0.8741
vn 0.4373 -0.0011 -0.8993
vn 0.4211 0.1957 -0.8856
vn 0.8040 -0.0339 -0.5937
vn 0.6333 -0.1417 -0.7608
vn 0.5465 -0.2197 -0.8081
vn 0.8601 0.0597 -0.5066
vn 0.8057 -0.1211 -0.5798
vn 0.7933 -0.0988 -0.6008
vn 0.9141 -0.1140 -0.3891
vn 0.8121 -0.2898 -0.5065
vn 0.8119 -0.2903 -0.5065
vn 0.8145 -0.2849 -0.5053
vn 0.8100 -0.2224 -0.5427
vn 0.9504 -0.2059 -0.2329
vn 0.8485 -0.2800 -0.4489
vn 0.8150 -0.2853 -0.5043
vn 0.5319 -0.2762 0.8005
vn 0.7219 0.5307 0.4441
vn 0.7165 0.3316 0.6137
vn 0.8549 0.2262 0.4669
vn 0.5130 0.8536 -0.0905
vn 0.6252 0.3170 0.7132
vn 0.7847 0.0779 0.6150
vn 0.4259 0.8765 -0.2243
vn 0.5377 0.8303 -0.1468
vn 0.8592 0.4524 0.2391
vn 0.7487 -0.2458 0.6157
vn 0.9362 0.0986 0.3372
vn 0.9495 0.1281 0.2863
vn 0.9902 0.0527 0.1297
vn 0.6088 -0.0244 -0.7929
vn 0.9892 -0.0275 0.1437
vn 0.9902 -0.0271 0.1369
vn 0.9911 -0.0274 0.1300
vn 0.9910 -0.0549 0.1221
vn 0.9912 -0.0518 0.1222
vn 0.9912 -0.0514 0.1222
vn 0.9631 0.1197 0.2412
vn 0.9235 0.0865 0.3737
vn 0.9683 -0.0408 0.2463
vn 0.9978 0.0633 0.0217
vn 0.9866 -0.0232 0.1617
vn 0.9786 0.1136 0.1717
vn 0.9808 -0.0604 0.1854
vn 0.9579 -0.0679 0.2789
vn 0.9845 0.0943 -0.1476
vn -0.5054 0.3420 -0.7922
vn -0.5758 0.3630 -0.7326
vn -0.0097 0.3309 -0.9436
vn -0.0651 0.0940 -0.9934
vn 0.0924 0.0367 -0.9950
vn 0.1336 -0.0064 -0.9910
vn 0.1911 0.2788 -0.9412
vn 0.1917 0.2784 -0.9411
vn 0.1907 0.2800 -0.9409
vn 0.2224 0.2338 -0.9465
vn 0.9856 -0.0683 0.1549
vn 0.9664 0.2400 0.0921
vn 0.9534 -0.0665 -0.2943
vn 0.8343 0.0223 -0.5509
vn 0.7554 0.1114 -0.6457
vn 0.9382 -0.0035 -0.3462
vn 0.9850 -0.0311 0.1696
vn 0.9358 -0.0320 0.3512
vn 0.9209 -0.3581 -0.1538
vn 0.8926 -0.3508 -0.2833
vn 0.8781 -0.2899 -0.3806
vn 0.5281 -0.4521 -0.7188
vn 0.6679 -0.4332 -0.6052
vn 0.6910 -0.4615 -0.5564
vn 0.9679 -0.2420 -0.0675
vn 0.9176 -0.2411 -0.3161
vn 0.8957 -0.3569 -0.2653
vn 0.4403 -0.3270 -0.8362
vn 0.4757 -0.2776 -0.8346
vn 0.0866 -0.2284 -0.9697
vn 0.4725 -0.1031 -0.8753
vn 0.5067 -0.1459 -0.8497
vn 0.1053 -0.0608 -0.9926
vn 0.2912 -0.4283 -0.8554
vn 0.3663 -0.3973 -0.8414
vn 0.1326 -0.3378 -0.9318
vn 0.2229 -0.4657 -0.8564
vn 0.2486 -0.4905 -0.8352
vn 0.0550 -0.4691 -0.8814
vn 0.1977 -0.2190 -0.9555
vn 0.2017 -0.4064 -0.8912
vn -0.0001 -0.4159 -0.9094
vn 0.1743 -0.1283 -0.9763
vn 0.1872 -0.1878 -0.9642
vn 0.0396 -0.2465 -0.9683
vn 0.0827 -0.0869 -0.9928
vn 0.0651 -0.0389 -0.9971
vn 0.0503 -0.0862 -0.9950
vn -0.7545 -0.3311 -0.5667
vn -0.7307 -0.4975 -0.4675
vn -0.6523 -0.4596 -0.6028
vn -0.8804 -0.3931 -0.2653
vn -0.8531 -0.4467 -0.2696
vn -0.9602 -0.2749 -0.0483
vn -0.1920 -0.5563 -0.8085
vn -0.5533 -0.5360 -0.6376
vn -0.4734 -0.3241 -0.8191
vn 0.6076 -0.2482 -0.7545
vn 0.7373 -0.3998 -0.5445
vn 0.7623 -0.2974 -0.5749
vn 0.9256 -0.3083 -0.2196
vn 0.8962 -0.4350 -0.0875
vn 0.9307 -0.2897 -0.2233
vn 0.5330 -0.1780 -0.8272
vn 0.5788 -0.4727 -0.6645
vn 0.1552 -0.5342 -0.8310
vn -0.0202 0.8325 0.5537
vn -0.0790 0.7821 0.6181
vn -0.5647 0.5649 0.6016
vn -0.6564 0.5546 -0.5114
vn -0.5418 0.7940 -0.2758
vn -0.6203 0.7733 0.1316
vn -0.3281 0.9090 0.2570
vn -0.4235 0.8981 -0.1186
vn -0.2505 0.9038 -0.3469
vn -0.9895 0.0992 0.1049
vn -0.7118 0.2116 -0.6698
vn -0.6177 0.4635 -0.6353
vn -0.8317 0.4815 -0.2764
vn -0.9891 -0.0191 0.1463
vn -0.9380 0.3082 0.1588
vn 0.2335 0.9656 -0.1140
vn 0.3298 0.9319 -0.1512
vn 0.3601 0.9149 -0.1823
vn 0.5936 0.8040 -0.0346
vn 0.5254 0.8503 -0.0311
vn 0.8790 0.4404 -0.1826
vn 0.2239 0.9562 -0.1885
vn 0.3339 0.9413 0.0505
vn 0.2644 0.8569 0.4425
vn 0.8343 0.5146 0.1980
vn 0.8819 0.4714 -0.0072
vn 0.9121 0.3306 0.2427
vn 0.9940 0.1094 -0.0031
vn -0.4369 0.8882 0.1421
vn -0.3602 0.9263 -0.1104
vn -0.4172 0.9050 0.0833
vn -0.6052 0.5382 0.5866
vn -0.6519 0.7276 0.2136
vn -0.5545 0.6408 0.5309
vn -0.3362 0.9367 0.0973
vn -0.3545 0.8887 0.2909
vn 0.0108 0.9899 0.1413
vn -0.9884 0.0714 0.1343
vn -0.9960 0.0647 0.0617
vn -0.8022 0.2633 0.5358
vn -0.9493 0.3011 0.0906
vn -0.9532 -0.1519 0.2616
vn -0.9532 -0.1519 0.2615
vn -0.9649 0.2392 0.1085
vn 0.1587 0.9868 0.0329
vn 0.1186 0.9908 0.0658
vn 0.1299 0.8966 0.4234
vn 0.3877 0.6705 0.6326
vn 0.4015 0.8781 0.2603
vn 0.7858 0.6141 0.0737
vn 0.3376 0.9389 0.0675
vn 0.3769 0.9070 0.1881
vn 0.2824 0.7545 0.5924
vn 0.8854 0.4181 -0.2033
vn 0.9104 0.4135 -0.0103
vn 0.9898 0.1419 0.0119
vn 0.9884 0.0668 0.1363
vn -0.4488 0.8446 -0.2920
vn -0.5980 0.6098 -0.5201
vn -0.3576 0.7079 -0.6092
vn -0.8980 0.3184 0.3037
vn -0.8564 0.4942 0.1492
vn -0.7616 0.6430 -0.0808
vn -0.3879 0.9151 -0.1100
vn -0.2542 0.9608 -0.1104
vn -0.1985 0.9786 0.0545
vn -0.9899 0.0629 0.1272
vn -0.8543 0.5181 -0.0409
vn -0.8083 0.5759 0.1227
vn -0.6139 0.3850 0.6891
vn -0.9993 -0.0232 0.0307
vn -0.8540 0.3671 0.3688
vn 0.3334 0.9232 0.1912
vn 0.1195 0.9647 -0.2347
vn 0.3833 0.9229 -0.0375
vn 0.6688 0.7101 -0.2202
vn 0.6994 0.7133 0.0449
vn 0.8695 0.4494 -0.2051
vn 0.2726 0.9173 0.2904
vn 0.4080 0.8598 0.3070
vn 0.3824 0.8709 0.3086
vn -0.4625 0.3178 -0.8277
vn 0.8197 0.5328 -0.2106
vn 0.8171 0.5358 -0.2127
vn 0.8144 0.5393 -0.2143
vn 0.8198 0.5323 -0.2112
vn 0.8196 0.5140 -0.2532
vn 0.9999 0.0052 -0.0161
vn -0.3342 0.5191 -0.7867
vn 0.9308 0.3620 0.0502
vn 0.9799 0.1103 0.1661
vn 0.9897 0.0473 0.1349
vn 0.9848 0.1727 -0.0195
vn 0.9962 0.0586 0.0639
vn 0.9526 0.3035 0.0201
vn 0.9932 0.0568 -0.1016
vn 0.9800 0.1730 -0.0979
vn 0.9917 0.1251 0.0284
vn 0.9810 0.0328 0.1913
vn 0.9907 0.1091 0.0811
vn 0.9389 0.2921 0.1822
vn 0.9956 0.0243 0.0900
vn 0.9823 0.0683 0.1744
vn 0.9826 -0.0625 0.1748
vn 0.9907 0.0493 0.1266
vn 0.9845 -0.0209 0.1741
vn 0.9665 -0.0428 0.2530
vn 0.9606 0.0289 0.2763
vn 0.9967 -0.0208 -0.0783
vn 0.9908 -0.0584 0.1220
vn 0.9688 0.0821 0.2337
vn 0.9892 -0.0268 0.1440
vn 0.9647 0.0208 0.2624
vn 0.9551 -0.0831 0.2842
vn 0.9993 0.0059 0.0374
vn 0.9905 0.0721 0.1169
vn 0.9966 0.0059 0.0824
vn 0.9943 -0.0318 0.1019
vn 0.9765 0.0349 0.2127
vn -0.9691 0.1313 -0.2087
vn -0.9766 0.0977 0.1918
vn -0.9831 0.0764 0.1663
vn -0.9789 -0.0879 -0.1845
vn -0.9447 0.3272 0.0203
vn -0.9502 0.2186 0.2223
vn -0.9229 0.3323 0.1943
vn -0.9914 0.0951 0.0900
vn -0.9955 0.0778 0.0549
vn -0.9912 -0.0193 0.1310
vn -0.9043 0.3887 0.1767
vn -0.9543 0.1987 0.2231
vn -0.9923 0.0868 0.0885
vn -1.0000 0.0033 -0.0043
vn -0.9751 -0.0798 0.2069
vn -0.9879 0.0940 0.1230
vn -0.9588 0.2632 0.1069
vn -0.9556 0.2947 -0.0010
vn -0.9584 0.2174 0.1848
vn -0.9582 0.1770 0.2248
vn -0.9684 -0.0091 0.2492
vn -0.9960 -0.0868 -0.0217
vn -0.9520 -0.1007 0.2892
vn -0.9885 -0.0474 0.1433
vn -0.9869 -0.0078 0.1608
vn -0.9628 -0.0548 0.2647
vn -0.9394 0.1104 0.3247
vn -0.9862 0.1342 0.0967
vn -0.9603 0.2790 -0.0027
vn -0.9121 0.2189 0.3465
vn 0.1938 0.9110 -0.3642
vn -0.1044 0.9936 0.0431
vn -0.5822 0.7077 0.4003
vn -0.5310 0.8059 -0.2617
vn -0.6610 0.7173 -0.2203
vn -0.7638 0.5589 -0.3229
vn -0.0615 0.8220 -0.5661
vn -0.6126 0.7043 -0.3587
vn -0.7048 0.6496 -0.2851
vn -0.2617 0.6702 -0.6945
vn -0.5928 0.6739 -0.4409
vn -0.7154 0.6545 -0.2446
vn 0.0229 0.8492 -0.5276
vn -0.3817 0.8934 -0.2369
vn -0.1245 0.2630 0.9567
vn -0.1001 0.9931 0.0608
vn -0.2130 0.9766 0.0295
vn -0.1292 0.9909 -0.0390
vn -0.3241 0.9460 0.0102
vn -0.2668 0.9614 0.0667
vn -0.1378 0.9901 0.0279
vn 0.7495 0.6237 -0.2218
vn -0.1367 0.3996 -0.9064
vn 0.1089 0.3918 -0.9136
vn 0.6159 0.6955 -0.3702
vn 0.2876 0.9374 -0.1966
vn -0.2143 0.9760 -0.0382
vn 0.3665 0.9117 0.1855
vn -0.0768 0.9101 0.4073
vn -0.2510 0.9321 0.2613
vn 0.1267 0.9879 -0.0890
vn 0.3775 0.9214 0.0922
vn -0.0905 0.9899 -0.1090
vn 0.0907 0.9521 -0.2920
vn 0.0874 0.9755 -0.2019
vn -0.1934 0.9368 0.2917
vn 0.0292 0.7970 0.6032
vn 0.1120 0.8642 0.4905
vn 0.1119 0.8642 0.4905
vn 0.4165 0.8822 0.2197
vn -0.3076 0.6933 -0.6517
vn -0.1770 0.9817 0.0709
vn -0.0933 0.9944 -0.0486
vn -0.1542 0.9477 -0.2796
vn 0.2417 0.9462 -0.2152
vn -0.0181 0.9965 -0.0818
vn -0.0342 0.9836 -0.1774
vn 0.2384 0.9312 -0.2759
vn -0.5740 0.8188 -0.0133
vn -0.9540 0.2922 -0.0675
vn -0.2840 0.6918 -0.6639
vn -0.1839 0.8772 -0.4435
vn -0.5775 0.8152 -0.0435
vn 0.5321 0.6550 -0.5365
vn -0.3411 0.9047 -0.2554
vn -0.4511 0.8410 -0.2988
vn 0.0147 0.8707 -0.4916
vn -0.0882 0.9095 -0.4062
vn -0.3084 0.8785 -0.3648
vn -0.2485 0.9686 0.0094
vn -0.1689 0.9529 0.2517
vn 0.0286 0.9924 0.1199
vn -0.6190 0.7853 0.0104
vn -0.3492 0.9365 -0.0316
vn -0.2553 0.9613 0.1038
vn 0.1668 0.9428 -0.2887
vn 0.1297 0.9259 -0.3548
vn -0.3241 0.9064 -0.2708
vn 0.3591 0.7812 -0.5106
vn 0.0940 0.8833 -0.4593
vn 0.0177 0.9725 -0.2324
vn 0.0177 0.9724 -0.2324
vn 0.0701 0.8741 -0.4807
vn -0.0723 0.8671 -0.4928
vn 0.0984 0.9530 -0.2865
vn -0.0649 0.9970 -0.0430
vn 0.4993 0.8597 0.1084
vn 0.4471 0.7940 0.4120
vn 0.0953 0.8509 -0.5167
vn 0.2954 0.8462 -0.4435
vn 0.4523 0.8484 -0.2752
vn -0.3484 0.9313 -0.1062
vn -0.3423 0.9383 -0.0494
vn -0.2291 0.9715 0.0605
vn -0.4761 0.8728 -0.1073
vn -0.5131 0.8578 -0.0296
vn -0.4785 0.8349 0.2719
vn -0.3729 0.9274 0.0290
vn -0.2226 0.9735 -0.0520
vn -0.0652 0.8895 0.4523
vn -0.2279 0.9733 0.0283
vn -0.2156 0.9731 -0.0814
vn -0.1465 0.9889 -0.0259
vn -0.1865 0.7876 -0.5873
vn -0.1866 0.7876 -0.5872
vn -0.8187 0.4151 -0.3968
vn -0.7701 0.4329 -0.4686
vn -0.2158 0.8404 -0.4972
vn -0.4044 0.8227 -0.3996
vn -0.3847 0.8867 -0.2566
vn -0.3438 0.8733 -0.3452
vn -0.3362 0.9403 0.0522
vn -0.2352 0.9719 0.0045
vn -0.1644 0.9799 0.1125
vn 0.0629 0.9892 -0.1324
vn 0.0570 0.9974 -0.0436
vn 0.0387 0.9992 0.0107
vn -0.2224 0.9508 -0.2159
vn -0.2223 0.9508 -0.2159
vn -0.0793 0.9930 -0.0879
vn 0.7437 0.4266 -0.5147
vn 0.6913 0.5174 -0.5044
vn 0.4997 0.7940 -0.3463
vn 0.2614 0.9551 -0.1397
vn 0.1455 0.9873 -0.0639
vn 0.1456 0.9873 -0.0639
vn -0.0142 0.9989 0.0441
vn 0.8799 0.3964 -0.2619
vn 0.0480 0.3409 -0.9389
vn -0.1374 0.3132 -0.9397
vn 0.8287 0.5209 -0.2048
vn -0.0214 0.6819 -0.7311
vn -0.1687 0.6037 -0.7792
vn 0.8057 0.5506 0.2184
vn -0.1805 0.7610 -0.6231
vn 0.0074 0.7871 -0.6168
vn 0.3655 0.7732 0.5182
vn -0.0552 0.9104 -0.4100
vn -0.2327 0.7668 -0.5982
vn 0.8232 0.4770 -0.3078
vn 0.3188 0.1279 -0.9392
vn 0.2099 0.1900 -0.9591
vn 0.5414 0.6028 -0.5861
vn 0.3094 0.0635 -0.9488
vn 0.2941 0.2381 -0.9256
vn 0.5437 0.7531 -0.3704
vn 0.4457 0.3005 -0.8432
vn 0.2778 0.3259 -0.9037
vn 0.3263 0.8831 -0.3372
vn 0.5477 0.2398 -0.8016
vn 0.4202 0.2870 -0.8609
vn 0.0608 0.9981 -0.0019
vn 0.1355 0.9867 0.0904
vn 0.1354 0.9867 0.0904
vn -0.4684 0.8834 0.0173
vn 0.5959 0.4216 0.6836
vn 0.2992 0.9044 0.3041
vn 0.2616 0.9627 0.0695
vn 0.5648 0.7083 0.4234
vn 0.5649 0.7083 0.4234
vn 0.2567 0.9633 0.0786
vn 0.4593 0.8867 0.0537
vn 0.6666 0.6415 0.3795
vn 0.1830 0.9828 -0.0230
vn 0.0619 0.9864 0.1525
vn 0.5922 0.6297 0.5028
vn 0.2641 0.9641 -0.0261
vn -0.1415 0.9302 -0.3387
vn 0.8359 0.5327 0.1325
vn 0.8411 0.5121 -0.1741
vn 0.3641 0.9308 -0.0322
vn -0.5776 0.7917 -0.1988
vn -0.6781 0.7289 0.0941
vn -0.3381 0.8302 0.4432
vn -0.4626 0.8509 -0.2491
vn -0.6891 0.7238 0.0347
vn -0.3072 0.8721 0.3810
vn -0.2053 0.8537 0.4787
vn -0.3260 0.8388 0.4360
vn -0.1136 0.9172 0.3819
vn 0.2491 0.8342 0.4919
vn -0.3314 0.9240 0.1906
vn -0.3315 0.9240 0.1906
vn -0.5086 0.8561 0.0919
vn -0.3692 0.6535 -0.6608
vn -0.2570 0.9552 0.1470
vn 0.1145 0.9921 -0.0519
vn 0.1965 0.9803 0.0184
vn 0.3327 0.9359 0.1157
vn -0.2424 0.9580 0.1532
vn -0.5028 0.8614 0.0724
vn -0.6465 0.6814 -0.3432
vn -0.0062 0.9996 -0.0277
vn -0.0062 0.9996 -0.0278
vn -0.6184 0.6790 0.3957
vn -0.6833 0.6979 0.2148
vn -0.6576 0.7518 0.0486
vn -0.8539 0.5173 0.0561
vn -0.9543 0.2955 0.0446
vn -0.9500 0.3119 -0.0115
vn -0.8981 0.4389 -0.0271
vn -0.0890 0.9793 0.1821
vn -0.0995 0.9949 -0.0144
vn -0.2093 0.9723 0.1043
vn -0.4372 0.8948 -0.0906
vn -0.3320 0.9284 -0.1669
vn -0.0229 0.9524 0.3041
vn -0.4861 0.7306 0.4795
vn -0.3810 0.6800 0.6265
vn 0.5956 0.8030 -0.0212
vn -0.3315 0.8777 0.3461
vn -0.4194 0.8360 0.3538
vn -0.2529 0.8221 0.5101
vn 0.1285 0.9313 0.3407
vn -0.0030 0.9810 0.1938
vn -0.2533 0.9261 0.2797
vn -0.0356 0.9093 0.4146
vn 0.5587 0.8274 -0.0570
vn -0.3152 0.9231 0.2201
vn -0.2692 0.9603 -0.0725
vn -0.3079 0.0004 -0.9514
vn -0.1389 0.9788 0.1502
vn 0.1548 0.9649 0.2123
vn -0.5445 0.7701 0.3325
vn -0.5444 0.7701 0.3325
vn -0.8034 0.5103 -0.3069
vn 0.2886 0.9502 0.1176
vn -0.2205 0.9245 0.3109
vn -0.2205 0.9245 0.3110
vn -0.4551 0.8570 0.2416
vn -0.9609 0.2372 -0.1430
vn 0.0518 0.9917 0.1174
vn 0.2119 0.9675 0.1379
vn -0.2463 0.9580 0.1468
vn -0.7944 0.4871 -0.3629
vn 0.1091 0.9920 0.0628
vn 0.2608 0.8767 0.4043
vn -0.3771 0.8674 0.3248
vn -0.6957 0.4128 -0.5879
vn 0.5225 0.8337 0.1790
vn 0.3147 0.9003 -0.3008
vn 0.4725 0.8497 -0.2341
vn 0.3643 0.8979 -0.2470
vn 0.0295 0.7643 -0.6442
vn 0.3396 0.7861 -0.5164
vn 0.3396 0.7861 -0.5165
vn 0.3614 0.9157 -0.1758
vn 0.2532 0.9662 -0.0480
vn -0.2286 0.8965 -0.3796
vn 0.0150 0.8289 0.5592
vn 0.2048 0.9565 0.2080
vn 0.2357 0.9715 -0.0236
vn -0.1563 0.9065 -0.3923
vn 0.1009 0.6381 0.7633
vn 0.0997 0.9914 -0.0842
vn 0.0998 0.9914 -0.0842
vn 0.1070 0.9788 -0.1745
vn -0.3994 0.8855 -0.2374
vn 0.3850 0.9214 0.0539
vn -0.1451 0.9432 0.2990
vn -0.4137 0.8879 0.2011
vn -0.6878 0.6163 -0.3836
vn 0.5723 0.7710 0.2793
vn -0.0982 0.9441 0.3148
vn -0.0604 0.9972 0.0450
vn -0.3768 0.8970 -0.2310
vn 0.3944 0.7437 0.5397
vn 0.4639 0.7709 0.4364
vn -0.2722 0.9620 -0.0208
vn -0.1856 0.9671 -0.1742
vn 0.2159 0.9205 -0.3256
vn 0.3516 0.9155 -0.1954
vn -0.3520 0.9265 0.1328
vn -0.3235 0.9426 -0.0831
vn 0.1816 0.7611 0.6227
vn 0.0449 0.7301 0.6819
vn -0.0142 0.8595 0.5110
vn 0.1951 0.8582 0.4748
vn 0.1951 0.8582 0.4747
vn -0.2018 0.9793 0.0133
vn -0.1929 0.9261 0.3242
vn -0.2012 0.9408 0.2727
vn 0.1055 0.9633 0.2467
vn 0.1055 0.9633 0.2466
vn 0.0827 0.8565 -0.5094
vn 0.0442 0.9104 -0.4113
vn 0.2927 0.9493 -0.1150
vn 0.4150 0.9096 0.0186
vn -0.0590 0.9694 -0.2383
vn -0.3597 0.9330 -0.0048
vn 0.0008 0.9040 0.4276
vn 0.4287 0.8356 0.3434
vn -0.1845 0.9422 -0.2797
vn 0.0052 0.9743 0.2251
vn -0.0946 0.8986 0.4284
vn -0.0235 0.6983 0.7154
vn -0.3668 0.8676 -0.3357
vn 0.2682 0.9347 0.2334
vn 0.5749 0.8140 0.0832
vn 0.6610 0.7427 0.1076
vn 0.3552 0.9291 -0.1033
vn 0.3615 0.9270 0.0997
vn 0.1904 0.9792 0.0696
vn 0.2584 0.9088 0.3276
vn 0.1783 0.9775 0.1123
vn 0.0529 0.9951 0.0834
vn 0.0416 0.9878 0.1501
vn 0.1042 0.9571 0.2705
vn -0.3503 0.8025 -0.4829
vn 0.0919 0.9945 -0.0498
vn 0.5417 0.8400 0.0306
vn 0.5877 0.7929 -0.1609
vn -0.8120 0.5393 0.2229
vn -0.9075 0.4176 -0.0460
vn -0.4712 0.8322 0.2922
vn -0.2531 0.8961 0.3645
vn -0.2531 0.8961 0.3646
vn -0.8821 0.4709 -0.0127
vn -0.4171 0.8601 0.2936
vn -0.4529 0.8166 0.3578
vn -0.6093 0.7218 0.3282
vn -0.9243 0.3755 0.0682
vn -0.8587 0.4967 0.1264
vn -0.7419 0.6568 0.1350
vn -0.4617 0.8709 0.1682
vn 0.5052 0.7574 0.4137
vn 0.2771 0.9099 0.3087
vn 0.0059 0.9993 0.0376
vn -0.4664 0.7681 -0.4388
vn 0.6170 0.7558 -0.2190
vn 0.2778 0.8954 0.3480
vn -0.1004 0.9643 -0.2450
vn 0.1293 0.9119 -0.3896
vn 0.0601 0.9866 -0.1516
vn 0.4430 0.8477 -0.2917
vn 0.5886 0.8016 0.1047
vn 0.4839 0.7819 0.3931
vn -0.0925 0.9464 0.3094
vn -0.0208 0.9694 0.2444
vn -0.0130 0.9817 0.1899
vn 0.0154 0.9916 0.1281
vn -0.0073 0.9820 0.1887
vn 0.1045 0.9887 0.1078
vn 0.2063 0.9766 0.0606
vn 0.2442 0.9697 0.0094
vn -0.0285 0.9890 0.1455
vn -0.0285 0.9890 0.1454
vn 0.1567 0.9858 0.0612
vn 0.2510 0.9538 -0.1651
vn -0.0335 0.5620 -0.8265
vn 0.4361 0.8817 -0.1799
vn 0.1748 0.9672 -0.1843
vn -0.0267 0.9841 -0.1755
vn -0.2661 0.9498 -0.1646
vn 0.5486 0.8292 -0.1069
vn 0.3363 0.9406 -0.0459
vn 0.0906 0.9959 0.0006
vn -0.1737 0.9848 -0.0072
vn 0.4532 0.6700 0.5879
vn 0.1044 0.6820 0.7239
vn -0.2911 0.8589 0.4214
vn -0.8856 0.4606 0.0593
vn 0.4749 0.8646 -0.1640
vn 0.4749 0.8646 -0.1639
vn 0.2953 0.9528 -0.0708
vn 0.1305 0.9914 0.0053
vn -0.4349 0.8754 -0.2110
vn 0.3255 0.8826 -0.3392
vn -0.1836 0.8931 -0.4107
vn -0.1688 0.9230 -0.3458
vn 0.2587 0.6978 -0.6680
vn 0.2508 0.8915 -0.3772
vn -0.0603 0.9476 -0.3139
vn -0.0515 0.9890 -0.1389
vn -0.0515 0.9987 0.0067
vn 0.1794 0.9809 0.0751
vn -0.0693 0.9837 -0.1660
vn -0.0540 0.9708 -0.2338
vn -0.0614 0.9802 -0.1880
vn -0.1187 0.5819 -0.8045
vn 0.0542 0.7659 -0.6407
vn 0.0617 0.9504 -0.3048
vn 0.0253 0.9106 -0.4125
vn 0.3939 0.8950 -0.2095
vn 0.3939 0.8950 -0.2094
vn 0.5000 0.8292 -0.2497
vn 0.3845 0.8273 -0.4095
vn 0.4161 0.8466 -0.3317
vn 0.6811 0.7284 0.0743
vn -0.1189 0.9836 -0.1353
vn 0.2498 0.9623 -0.1078
vn 0.4555 0.8702 -0.1877
vn 0.4555 0.8702 -0.1876
vn -0.3594 0.8681 -0.3423
vn 0.1803 0.9289 -0.3236
vn 0.3887 0.8406 -0.3773
vn -0.7208 0.2785 -0.6348
vn 0.0560 0.9974 -0.0461
vn 0.5433 0.7960 0.2668
vn 0.4191 0.9079 -0.0115
vn 0.0089 0.9982 -0.0590
vn -0.4102 0.7049 0.5787
vn -0.4477 0.6286 0.6360
vn 0.5326 0.8388 -0.1132
vn 0.5326 0.8387 -0.1131
vn 0.2866 0.9555 0.0699
vn 0.2865 0.9555 0.0699
vn 0.1748 0.9833 0.0504
vn -0.7647 0.6014 -0.2312
vn 0.7016 0.6657 0.2542
vn 0.1647 0.9553 0.2457
vn 0.1647 0.9553 0.2456
vn -0.8240 0.5665 -0.0051
vn -0.5500 0.7973 -0.2486
vn 0.5084 0.7697 0.3860
vn 0.6318 0.6607 0.4053
vn 0.7817 0.5217 0.3418
vn 0.3365 0.8788 0.3382
vn -0.0815 0.9931 0.0839
vn -0.1858 0.9357 0.2998
vn -0.4226 0.8486 0.3183
vn -0.2160 0.9708 0.1040
vn 0.1473 0.9744 -0.1695
vn -0.0740 0.9932 0.0894
vn -0.1743 0.9742 -0.1433
vn 0.0842 0.9835 -0.1601
vn -0.1458 0.9817 0.1227
vn -0.3036 0.9016 0.3082
vn -0.2123 0.9644 0.1577
vn -0.0779 0.9952 0.0600
vn -0.4612 0.8872 -0.0104
vn -0.1293 0.9806 -0.1474
vn 0.5649 0.8210 0.0830
vn -0.7376 0.6713 0.0735
vn -0.7376 0.6712 0.0735
vn -0.0628 0.9681 -0.2426
vn 0.3906 0.9070 -0.1575
vn -0.7405 0.6706 0.0435
vn -0.4457 0.8761 -0.1839
vn 0.5413 0.8234 -0.1706
vn -0.4598 0.8844 0.0801
vn -0.4629 0.8692 -0.1740
vn 0.1587 0.8881 -0.4314
vn -0.0862 0.9959 -0.0258
vn -0.0861 0.9959 -0.0258
vn -0.0006 0.9990 -0.0446
vn -0.1895 0.9437 0.2709
vn -0.2063 0.9709 -0.1217
vn -0.0585 0.9981 0.0170
vn -0.0406 0.9872 0.1544
vn 0.0053 0.7331 -0.6801
vn 0.1501 0.6891 -0.7090
vn 0.4476 0.8754 0.1826
vn -0.1659 0.8472 -0.5047
vn -0.3374 0.7621 -0.5527
vn -0.3668 0.8804 -0.3004
vn -0.2692 0.7116 -0.6490
vn -0.0958 0.7073 -0.7004
vn -0.1158 0.9360 -0.3325
vn -0.1159 0.9360 -0.3325
vn -0.2814 0.5564 -0.7818
vn -0.2659 0.5872 -0.7646
vn -0.1428 0.8332 -0.5343
vn -0.0337 0.9871 -0.1566
vn 0.0446 0.9934 -0.1057
vn 0.5853 0.7438 0.3227
vn -0.1086 0.9735 -0.2012
vn 0.2714 0.9455 -0.1797
vn 0.7056 0.6968 -0.1288
vn -0.3221 0.9463 0.0277
vn 0.3030 0.8854 -0.3525
vn 0.6763 0.7323 0.0795
vn -0.6658 0.5905 -0.4561
vn -0.3854 0.6690 -0.6355
vn -0.0619 0.6605 -0.7483
vn -0.3814 0.8591 0.3413
vn -0.2381 0.8690 0.4338
vn 0.4308 0.8920 -0.1369
vn -0.5869 0.5453 -0.5985
vn -0.5012 0.7586 -0.4162
vn 0.0509 0.9981 -0.0350
vn -0.4194 0.0421 -0.9068
vn -0.5071 -0.0309 -0.8613
vn -0.2730 0.2018 -0.9406
vn -0.2635 0.0015 -0.9647
vn -0.4124 0.1688 -0.8952
vn -0.6589 0.4614 -0.5941
vn -0.4587 0.2646 -0.8483
vn -0.4955 0.2830 -0.8212
vn -0.5057 0.2424 -0.8279
vn 0.2409 0.2594 -0.9352
vn 0.4873 0.0261 -0.8728
vn 0.3871 0.4705 -0.7930
vn -0.2811 -0.0545 -0.9581
vn -0.0135 -0.0432 -0.9990
vn -0.1037 -0.1264 -0.9865
vn -0.1357 0.5049 -0.8524
vn 0.2047 0.4059 -0.8907
vn 0.1015 0.1149 -0.9882
vn -0.7464 0.6247 -0.2294
vn -0.8245 0.4343 -0.3629
vn -0.9473 0.2618 -0.1844
vn -0.3151 0.6595 -0.6825
vn -0.3151 0.6594 -0.6825
vn -0.2076 0.6590 -0.7229
vn -0.2077 0.6590 -0.7229
vn -0.5296 -0.1036 -0.8419
vn -0.3062 0.7130 -0.6307
vn -0.3002 0.6169 -0.7275
vn -0.3053 0.4154 -0.8569
vn -0.4125 0.5370 -0.7359
vn -0.4125 0.5369 -0.7359
vn 0.0454 0.3006 -0.9527
vn 0.1486 0.1736 -0.9735
vn -0.8137 -0.3163 -0.4877
vn -0.8705 -0.1015 -0.4815
vn -0.9277 -0.0301 -0.3721
vn -0.7275 -0.4026 -0.5556
vn -0.7774 -0.1095 -0.6194
vn -0.9071 0.1320 -0.3998
vn -0.7594 -0.6319 -0.1549
vn -0.9229 -0.2736 -0.2707
vn -0.8988 0.0384 -0.4367
vn -0.7927 -0.5782 0.1933
vn -0.8569 -0.5122 -0.0587
vn -0.9390 -0.2001 -0.2798
vn -0.0840 0.6909 0.7181
vn -0.1445 0.6216 0.7699
vn -0.1460 0.1957 0.9697
vn 0.0560 -0.6393 0.7669
vn -0.2977 0.6641 0.6859
vn -0.1332 0.2737 0.9525
vn -0.1006 0.2501 0.9630
vn 0.1920 -0.4985 0.8454
vn -0.1296 0.5441 0.8290
vn -0.1619 0.3724 0.9138
vn -0.3755 0.2632 0.8887
vn -0.4468 0.2157 0.8683
vn -0.2991 0.0432 0.9533
vn 0.1563 -0.4990 0.8524
vn -0.5298 0.3542 0.7706
vn 0.4217 0.7131 0.5601
vn 0.0926 0.4663 0.8797
vn -0.1395 -0.5398 0.8301
vn -0.1121 -0.5522 0.8262
vn 0.0782 0.6167 0.7833
vn 0.1194 -0.2649 0.9568
vn 0.4347 -0.4075 0.8031
vn 0.3262 -0.3559 0.8757
vn -0.4180 -0.6758 0.6071
vn 0.2121 -0.0859 0.9735
vn 0.2738 -0.2403 0.9313
vn -0.3997 -0.1780 0.8992
vn -0.4981 -0.3439 0.7960
vn -0.4056 -0.3497 0.8445
vn -0.5553 -0.3591 0.7501
vn -0.0030 -0.4313 0.9022
vn -0.4617 -0.4764 0.7482
vn -0.0302 0.0288 -0.9991
vn 0.0538 -0.2160 -0.9749
vn -0.3062 0.0716 -0.9493
vn -0.6589 0.6381 -0.3983
vn -0.9365 0.2931 -0.1926
vn -0.9879 0.1552 -0.0072
vn 0.4598 0.7180 -0.5225
vn 0.3032 0.8277 -0.4723
vn 0.0506 0.7862 -0.6159
vn 0.0699 0.4062 -0.9111
vn 0.2016 0.1466 -0.9684
vn 0.3962 -0.0636 -0.9160
vn -0.2755 0.1931 -0.9417
vn -0.2465 0.5741 -0.7808
vn -0.4298 0.1454 -0.8911
vn -0.2317 0.2547 -0.9388
vn -0.3831 0.1422 -0.9127
vn -0.2017 0.0994 -0.9744
vn 0.3007 0.5604 0.7717
vn 0.8507 0.1685 0.4979
vn 0.9453 -0.0092 0.3261
vn 0.4479 0.5320 0.7186
vn 0.1990 0.7495 0.6314
vn 0.7540 0.2078 0.6231
vn 0.9239 -0.0803 0.3742
vn 0.3019 0.3847 0.8723
vn -0.9759 0.0762 -0.2045
vn -0.7355 0.6711 0.0933
vn -0.8439 0.4702 -0.2583
vn 0.2984 0.1501 0.9426
vn 0.0697 -0.3253 0.9430
vn 0.5189 0.3727 0.7693
vn -0.0909 -0.5510 0.8295
vn 0.5448 0.5611 0.6232
vn 0.9723 0.2335 0.0094
vn 0.8663 0.1460 -0.4776
vn 0.8914 0.0934 -0.4434
vn 0.9543 0.2817 -0.0994
vn 0.0211 0.3622 -0.9319
vn -0.0613 0.5494 -0.8333
vn 0.2662 0.3273 -0.9067
vn 0.7264 0.6872 0.0089
vn 0.9686 0.1841 -0.1673
vn 0.9989 -0.0325 -0.0352
vn 0.6994 0.7110 0.0727
vn 0.0031 0.7681 0.6403
vn -0.0842 0.5561 0.8268
vn -0.1673 0.1760 0.9701
vn 0.0373 -0.5112 0.8586
vn -0.0312 0.7095 0.7040
vn 0.0965 0.7204 0.6868
vn -0.0113 0.5615 0.8274
vn -0.0976 0.1799 0.9788
vn -0.1277 -0.6040 0.7867
vn -0.0379 0.4814 0.8757
vn -0.7362 0.3843 0.5570
vn -0.4795 0.1010 0.8717
vn -0.2079 -0.2917 0.9336
vn 0.3470 -0.5457 0.7628
vn -0.5602 0.0857 0.8239
vn -0.0058 0.9947 -0.1031
vn -0.0041 0.8076 -0.5897
vn 0.0274 0.7616 -0.6475
vn 0.6255 0.7131 -0.3166
vn -0.0957 0.4051 -0.9093
vn 0.1156 0.3924 -0.9125
vn 0.2495 0.9549 -0.1611
vn 0.0610 0.7261 -0.6849
vn 0.1216 0.6105 -0.7826
vn 0.8199 -0.2311 0.5238
vn 0.7862 0.1301 0.6041
vn 0.4651 0.0947 0.8802
vn -0.2377 -0.5195 0.8207
vn 0.8816 0.0014 0.4720
vn 0.7918 0.2637 0.5509
vn -0.0890 0.3922 0.9156
vn -0.7244 0.3697 0.5818
vn -0.5971 -0.2919 0.7471
vn -0.4226 -0.5289 0.7359
vn -0.1858 -0.5859 0.7888
vn -0.6157 -0.0279 0.7875
vn -0.9172 0.2920 0.2710
vn -0.9152 0.3720 0.1550
vn -0.9344 0.3197 0.1569
vn -0.9802 0.1953 -0.0321
vn -0.9113 0.2384 -0.3358
vn -0.7782 0.1937 -0.5974
vn 0.9675 0.0945 0.2346
vn 0.9782 0.1916 0.0807
vn 0.9537 0.2872 0.0897
vn 0.9760 0.2132 -0.0450
vn 0.8958 0.3074 -0.3211
vn 0.6805 0.4128 -0.6054
vn 0.9448 0.2079 0.2531
vn 0.9360 0.3513 0.0208
vn 0.8929 0.4497 0.0213
vn 0.8930 0.4497 0.0180
vn 0.8930 0.4497 0.0181
vn 0.8930 0.4497 0.0147
vn 0.8709 0.2631 -0.4152
vn 0.8359 0.1485 -0.5284
vn -0.9163 0.2793 0.2870
vn -0.9014 0.4305 0.0460
vn -0.8278 0.5259 0.1956
vn -0.8536 0.5145 -0.0818
vn -0.8647 0.3544 -0.3559
vn -0.7508 0.2274 -0.6201
vn 0.5710 0.7002 -0.4287
vn 0.7869 0.3870 -0.4807
vn 0.9276 -0.0678 -0.3673
vn 0.6629 0.5690 -0.4866
vn 0.6029 0.7067 -0.3702
vn 0.6030 0.7067 -0.3702
vn 0.7678 0.4763 -0.4286
vn 0.9528 -0.0012 -0.3036
vn 0.7047 0.5866 -0.3991
vn 0.6092 0.7368 -0.2932
vn 0.7850 0.5079 -0.3547
vn 0.9444 0.0403 -0.3264
vn 0.7098 0.6082 -0.3553
vn 0.5978 0.7310 -0.3291
vn 0.6984 0.6547 -0.2891
vn 0.9421 0.2420 -0.2322
vn 0.6874 0.6637 -0.2948
vn 0.6993 0.6722 -0.2430
vn 0.9082 0.4167 -0.0393
vn 0.9539 0.1833 0.2375
vn 0.7193 0.6733 0.1710
vn 0.7873 0.5080 -0.3495
vn 0.8433 0.5360 0.0378
vn 0.9131 0.4030 -0.0624
vn 0.8505 0.4982 -0.1685
vn 0.8505 0.4982 -0.1684
vn 0.9123 0.3628 -0.1899
vn 0.9123 0.3628 -0.1900
vn 0.9128 0.4080 -0.0150
vn 0.9182 0.3821 0.1045
vn 0.8998 0.3858 -0.2036
vn 0.9746 0.1601 0.1568
vn 0.9500 0.2987 0.0905
vn 0.9401 0.3114 0.1386
vn 0.9001 0.1875 0.3933
vn 0.9263 0.3766 -0.0128
vn 0.8102 0.5570 0.1827
vn 0.9357 0.3501 0.0433
vn 0.8408 0.5205 0.1486
vn 0.8670 0.4950 -0.0572
vn 0.8397 0.4945 -0.2244
vn 0.9331 0.3300 -0.1426
vn 0.8393 0.5329 -0.1075
vn -0.7227 0.5527 -0.4150
vn -0.7468 0.6382 -0.1872
vn -0.6586 0.7204 0.2176
vn -0.8038 0.4020 -0.4385
vn -0.7333 0.6538 0.1866
vn -0.7303 0.5853 0.3522
vn -0.8176 0.3846 -0.4285
vn -0.7004 0.6144 0.3631
vn -0.7357 0.5323 0.4188
vn -0.5744 0.5148 -0.6364
vn -0.9312 0.3644 0.0090
vn -0.8418 0.3903 0.3729
vn 0.2517 -0.9652 0.0712
vn -0.7780 0.5423 -0.3172
vn -0.7459 0.6307 -0.2142
vn -0.1192 -0.9375 -0.3269
vn -0.8071 0.5052 0.3055
vn -0.8424 0.4977 0.2066
vn -0.9541 0.2958 0.0472
vn -0.7940 0.6079 -0.0056
vn -0.4991 0.8665 -0.0063
vn 0.7395 0.6702 0.0620
vn 0.8501 0.4821 -0.2121
vn 0.8921 0.4019 -0.2064
vn 0.8154 0.5778 0.0349
vn -0.8658 0.3513 0.3564
vn -0.6983 0.5655 0.4389
vn -0.5851 0.6770 0.4465
vn -0.8058 0.5902 0.0481
vn -0.9011 0.4336 0.0025
vn -0.7942 0.5303 -0.2967
vn -0.9714 0.2244 -0.0780
vn -0.8190 0.5453 -0.1784
vn -0.8850 0.3683 -0.2849
vn -0.9588 0.2431 0.1468
vn -0.8586 0.4651 0.2157
vn -0.8580 0.4983 0.1247
vn -0.9520 0.3015 0.0538
vn -0.6658 0.7460 -0.0135
vn -0.7176 0.6831 0.1356
vn -0.8595 0.5105 0.0252
vn -0.8892 0.4525 -0.0684
vn -0.5180 0.7537 -0.4046
vn 0.3025 0.8925 -0.3347
vn 0.7123 0.6236 -0.3220
vn 0.6371 0.6339 -0.4385
vn 0.9157 0.2727 -0.2951
vn 0.5882 0.8084 -0.0205
vn 0.9112 0.3990 0.1023
vn 0.9182 0.3806 -0.1096
vn 0.6831 0.7302 -0.0114
vn 0.7343 0.6610 0.1545
vn 0.9655 0.2161 0.1451
vn 0.9182 0.0691 0.3901
vn 0.7238 0.6657 0.1818
vn 0.8078 0.5689 0.1545
vn 0.9490 0.2291 0.2165
vn 0.9417 0.2580 -0.2158
vn 0.7865 0.4809 0.3875
vn 0.8106 0.5739 -0.1167
vn 0.9536 0.2595 -0.1526
vn 0.8953 0.4339 0.1009
vn 0.8682 0.4489 -0.2115
vn 0.1153 -0.4847 0.8670
vn 0.1701 -0.2336 0.9573
vn 0.3258 -0.1330 0.9360
vn 0.4776 0.2222 0.8500
vn 0.8024 -0.1680 0.5727
vn 0.9276 0.1692 0.3332
vn 0.9817 0.0944 0.1654
vn 0.9797 0.0948 0.1765
vn 0.9800 0.0947 0.1749
vn 0.9348 -0.0247 0.3543
vn 0.6515 -0.3270 0.6846
vn 0.9693 0.2110 0.1264
vn 0.9742 0.1263 -0.1871
vn 0.3193 0.1431 0.9368
vn 0.9701 -0.0011 0.2425
vn 0.8867 -0.0588 0.4586
vn 0.8720 -0.0752 0.4837
vn 0.9253 -0.1176 -0.3605
vn 0.9795 -0.1290 0.1548
vn 0.4006 0.1740 0.8996
vn 0.5266 0.1739 0.8321
vn 0.0561 0.2942 0.9541
vn 0.4885 0.1325 0.8625
vn 0.1097 -0.5515 0.8269
vn -0.0718 0.0551 0.9959
vn 0.9019 -0.2130 0.3759
vn 0.6476 -0.0394 0.7610
vn 0.8335 -0.1890 0.5191
vn 0.6796 -0.0784 0.7293
vn 0.6634 -0.4125 0.6243
vn 0.9627 -0.1103 0.2472
vn 0.4644 -0.7680 -0.4411
vn 0.3730 -0.3699 -0.8509
vn 0.7117 0.0784 -0.6981
vn 0.5658 0.8217 -0.0684
vn 0.8979 -0.2939 -0.3278
vn 0.9480 -0.2508 -0.1960
vn 0.9572 0.0730 -0.2801
vn 0.8203 0.1154 -0.5601
vn 0.5428 0.1245 -0.8305
vn 0.9819 0.0944 0.1641
vn 0.9024 -0.4296 -0.0336
vn 0.9106 -0.3574 0.2075
vn 0.8339 -0.3996 0.3806
vn 0.8279 -0.2069 0.5213
vn 0.2894 -0.1952 0.9371
vn 0.5435 -0.2564 0.7993
vn 0.4865 -0.2458 0.8384
vn 0.6160 -0.3160 -0.7216
vn 0.9266 -0.1558 -0.3422
vn 0.4685 0.3010 0.8306
vn 0.6180 0.0724 0.7829
vn 0.4303 -0.8256 0.3649
vn 0.8062 0.1360 0.5758
vn 0.9327 0.0575 0.3561
vn 0.5657 0.3060 0.7658
vn 0.3052 0.0538 0.9508
vn 0.3714 -0.4789 0.7955
vn 0.7918 0.2626 0.5514
vn 0.7335 0.3527 0.5810
vn 0.7474 0.1971 0.6345
vn 0.6202 -0.3936 0.6786
vn 0.9098 -0.2919 0.2951
vn 0.8287 -0.5569 0.0562
vn 0.9517 -0.3060 0.0242
vn 0.7047 -0.5156 0.4874
vn 0.7235 -0.6607 0.2000
vn 0.4251 -0.6110 0.6678
vn 0.6135 -0.7768 0.1425
vn 0.3658 -0.0444 0.9296
vn 0.8043 -0.2884 -0.5195
vn 0.6505 -0.3010 -0.6973
vn 0.7505 -0.5403 0.3806
vn 0.9756 -0.1722 0.1362
vn 0.7840 -0.2409 -0.5721
vn 0.8625 -0.1461 -0.4844
vn 0.7063 -0.1162 -0.6983
vn 0.9491 0.1763 0.2608
vn 0.3740 -0.3752 -0.8481
vn 0.4209 -0.3239 -0.8473
vn 0.4985 -0.0666 -0.8643
vn 0.1783 -0.4035 -0.8974
vn 0.8103 0.1777 0.5585
vn 0.6296 0.0148 0.7768
vn 0.7130 0.2581 -0.6519
vn 0.8247 0.3546 -0.4406
vn 0.0976 0.0199 -0.9950
vn 0.3650 0.0528 -0.9295
vn 0.5566 0.1532 -0.8165
vn 0.9362 0.2540 0.2427
vn 0.1977 0.4523 0.8697
vn 0.4040 0.7050 0.5828
vn 0.4308 0.8834 -0.1842
vn 0.3168 0.5796 -0.7508
vn 0.1506 0.3706 -0.9165
vn 0.4475 0.5850 0.6764
vn 0.4106 0.8914 -0.1918
vn 0.4710 0.7810 -0.4101
vn 0.3043 0.8270 -0.4727
vn -0.0987 0.4649 -0.8798
vn 0.1472 0.7014 -0.6974
vn 0.3374 0.4496 0.8271
vn 0.3535 -0.6493 0.6734
vn 0.0628 -0.5310 0.8451
vn 0.2991 -0.6786 0.6709
vn -0.2015 0.8785 -0.4332
vn -0.0043 -0.9994 -0.0351
vn -0.0744 -0.9972 -0.0092
vn -0.5651 0.8192 -0.0978
vn 0.0565 0.9934 0.0999
vn 0.3593 0.9307 0.0684
vn -0.0126 -0.9925 -0.1212
vn -0.5824 -0.8068 -0.0990
vn -0.3647 0.9019 0.2314
vn 0.7180 -0.6687 -0.1931
vn -0.1135 -0.4852 0.8670
vn -0.1691 -0.2341 0.9574
vn -0.3252 -0.1340 0.9361
vn -0.4781 0.2205 0.8501
vn -0.8016 -0.1709 0.5729
vn -0.9281 0.1659 0.3334
vn -0.9820 0.0910 0.1656
vn -0.9803 0.0914 0.1750
vn -0.9800 0.0914 0.1767
vn -0.9346 -0.0279 0.3545
vn -0.6503 -0.3292 0.6846
vn -0.9700 0.2077 0.1267
vn -0.9746 0.1229 -0.1870
vn -0.3196 0.1420 0.9368
vn -0.9701 -0.0044 0.2427
vn -0.8864 -0.0619 0.4588
vn -0.8716 -0.0782 0.4840
vn -0.9250 -0.1209 -0.3603
vn -0.9790 -0.1325 0.1550
vn -0.4009 0.1725 0.8997
vn -0.5270 0.1721 0.8323
vn -0.4887 0.1308 0.8626
vn -0.1077 -0.5517 0.8270
vn 0.0717 0.0555 0.9959
vn -0.9010 -0.2160 0.3761
vn -0.6473 -0.0417 0.7611
vn -0.8328 -0.1919 0.5192
vn -0.6792 -0.0808 0.7295
vn -0.6618 -0.4146 0.6245
vn -0.9622 -0.1136 0.2475
vn -0.4615 -0.7698 -0.4409
vn -0.3719 -0.3712 -0.8508
vn -0.7122 0.0759 -0.6979
vn -0.5693 0.8193 -0.0685
vn -0.8969 -0.2970 -0.3277
vn -0.9471 -0.2542 -0.1958
vn -0.9575 0.0696 -0.2799
vn -0.8208 0.1125 -0.5600
vn -0.5433 0.1226 -0.8305
vn -0.9822 0.0910 0.1643
vn -0.9009 -0.4327 -0.0335
vn -0.9093 -0.3605 0.2078
vn -0.8325 -0.4025 0.3808
vn -0.8271 -0.2097 0.5215
vn -0.2884 -0.1959 0.9373
vn -0.5425 -0.2586 0.7993
vn -0.4853 -0.2473 0.8386
vn -0.6151 -0.3181 -0.7214
vn -0.9262 -0.1590 -0.3420
vn -0.4694 0.2995 0.8306
vn -0.6181 0.0703 0.7830
vn -0.4271 -0.8272 0.3651
vn -0.8065 0.1332 0.5760
vn -0.9328 0.0541 0.3563
vn -0.5666 0.3040 0.7659
vn -0.3052 0.0528 0.9508
vn -0.3692 -0.4801 0.7957
vn -0.7925 0.2599 0.5517
vn -0.7345 0.3502 0.5813
vn -0.7479 0.1946 0.6346
vn -0.0936 0.5371 0.8383
vn -0.2311 0.1595 0.9598
vn -0.1618 0.4521 0.8772
vn -0.6185 -0.3959 0.6787
vn -0.9087 -0.2950 0.2953
vn -0.8267 -0.5598 0.0563
vn -0.9507 -0.3092 0.0244
vn -0.7027 -0.5180 0.4878
vn -0.7213 -0.6631 0.2002
vn -0.3741 -0.8187 0.4356
vn -0.6107 -0.7789 0.1427
vn -0.8034 -0.2913 -0.5193
vn -0.6496 -0.3033 -0.6972
vn -0.7484 -0.5431 0.3807
vn -0.9750 -0.1756 0.1365
vn -0.7833 -0.2436 -0.5719
vn -0.8621 -0.1491 -0.4843
vn -0.7060 -0.1187 -0.6982
vn -0.1280 0.4738 0.8713
vn -0.9497 0.1731 0.2610
vn -0.3727 -0.3765 -0.8482
vn -0.4198 -0.3255 -0.8472
vn -0.4985 -0.0682 -0.8642
vn -0.8081 0.1860 0.5589
vn -0.2801 -0.1128 0.9533
vn -0.6123 0.0161 0.7905
vn -0.7141 0.2557 -0.6517
vn -0.8346 0.3441 -0.4301
vn -0.3654 0.0515 -0.9294
vn -0.5574 0.1513 -0.8164
vn -0.9363 0.2525 0.2439
vn -0.1482 0.4565 0.8773
vn -0.3575 0.7157 0.6000
vn -0.4517 0.8768 -0.1649
vn -0.3233 0.5780 -0.7492
vn -0.1520 0.3700 -0.9165
vn -0.4134 0.5998 0.6851
vn -0.4208 0.8981 -0.1282
vn -0.4843 0.7763 -0.4035
vn -0.3212 0.8376 -0.4419
vn 0.0926 0.4592 -0.8835
vn 0.1818 0.3080 -0.9338
vn -0.1594 0.7029 -0.6932
vn -0.7852 0.2553 -0.5642
vn -0.8255 0.1188 -0.5518
vn -0.1645 -0.0511 0.9851
vn 0.1318 -0.3578 -0.9245
vn -0.6797 -0.1246 -0.7229
vn -0.2655 0.0079 0.9641
vn -0.9781 0.0570 -0.1999
vn -0.8153 0.0582 0.5761
vn -0.3384 0.4487 0.8271
vn -0.3516 -0.6499 0.6738
vn -0.4165 0.1482 0.8970
vn -0.0614 -0.5313 0.8450
vn -0.0614 -0.5313 0.8449
vn -0.2969 -0.6796 0.6708
vn 0.1988 0.8795 -0.4324
vn 0.0077 -0.9994 -0.0346
vn -0.1361 -0.9906 -0.0138
vn 0.0770 -0.9970 -0.0092
vn 0.5625 0.8211 -0.0973
vn -0.0593 0.9932 0.0997
vn -0.3626 0.9295 0.0681
vn 0.0157 -0.9924 -0.1219
vn 0.5853 -0.8047 -0.0996
vn 0.3617 0.9032 0.2311
vn -0.7155 -0.6715 -0.1927
vn -0.9679 0.2046 -0.1458
vn -0.8081 0.1433 0.5714
vn -0.1550 -0.0909 0.9837
vn -0.7765 0.1089 -0.6206
vn -0.0992 0.0329 0.9945
vn -0.0391 -0.1931 -0.9804
vn -0.2857 0.2496 -0.9253
vn -0.0214 -0.2157 0.9762
vn 0.4208 -0.1451 0.8955
vn 0.0079 0.2827 -0.9592
vn -0.5118 0.0008 -0.8591
vn -0.7519 0.0518 -0.6572
vn 0.4371 -0.4834 0.7585
vn 0.1953 0.1119 0.9743
vn 0.3734 -0.8092 0.4535
vn 0.0915 0.5374 0.8383
vn 0.0506 -0.2330 0.9712
vn 0.2308 0.1602 0.9597
vn 0.1603 0.4528 0.8771
vn 0.3772 -0.8173 0.4357
vn 0.2843 -0.9291 0.2363
vn 0.2994 -0.4458 0.8436
vn 0.0489 0.1852 0.9815
vn 0.1266 0.4742 0.8713
vn 0.1993 -0.2838 -0.9379
vn 0.1549 0.1876 -0.9700
vn 0.1771 -0.0634 -0.9822
vn 0.2847 -0.1090 0.9524
vn 0.0548 0.3367 0.9400
vn 0.0555 0.2578 -0.9646
vn -0.1916 0.3091 -0.9315
vn -0.3067 0.2202 -0.9260
vn 0.4161 0.1496 0.8969
vn 0.0866 -0.7451 0.6613
vn -0.1751 0.9421 -0.2858
vn 0.1427 -0.9897 -0.0116
vn 0.0859 -0.8966 0.4345
vn -0.5510 -0.7841 -0.2856
vn -0.1470 0.1324 -0.9802
vn -0.0571 0.2938 0.9542
vn -0.4355 -0.4846 0.7586
vn -0.1956 0.1114 0.9743
vn -0.3716 -0.8101 0.4535
vn -0.0497 -0.2332 0.9712
vn -0.2809 -0.9301 0.2366
vn -0.4229 -0.6125 0.6679
vn -0.3662 -0.0470 0.9294
vn -0.2984 -0.4459 0.8439
vn -0.0493 0.1850 0.9815
vn -0.1774 -0.4041 -0.8973
vn -0.1986 -0.2846 -0.9378
vn -0.1559 0.1870 -0.9699
vn -0.1771 -0.0639 -0.9821
vn -0.0978 0.0196 -0.9950
vn -0.0485 0.3401 0.9392
vn -0.0566 0.2576 -0.9646
vn 0.0768 0.2030 -0.9762
vn -0.0832 -0.7455 0.6613
vn 0.1712 0.9430 -0.2854
vn 0.0693 -0.0796 0.9944
vn 0.0592 -0.8905 0.4511
vn 0.3367 -0.8705 -0.3590
vn -0.0501 0.1285 -0.9904
vn 0.0531 -0.2618 0.9637
vn -0.2012 0.0604 -0.9777
vn -0.1258 -0.0549 -0.9905
vt 0.499200 0.512100
vt 0.505100 0.474600
vt 0.508000 0.475500
vt 0.501600 0.512800
vt 0.482100 0.507600
vt 0.485000 0.471700
vt 0.494900 0.473300
vt 0.491000 0.510200
vt 0.508700 0.451700
vt 0.512200 0.451800
vt 0.487800 0.449100
vt 0.498200 0.450800
vt 0.510200 0.430300
vt 0.514300 0.430600
vt 0.488700 0.428800
vt 0.500000 0.429500
vt 0.513600 0.411400
vt 0.517700 0.411800
vt 0.489600 0.413900
vt 0.501200 0.412300
vt 0.515400 0.397500
vt 0.516100 0.382700
vt 0.519200 0.381800
vt 0.519200 0.397600
vt 0.492300 0.400800
vt 0.493500 0.384900
vt 0.504000 0.383900
vt 0.503200 0.398700
vt 0.513700 0.360100
vt 0.516700 0.359100
vt 0.491000 0.362300
vt 0.501700 0.360800
vt 0.511600 0.330800
vt 0.515200 0.330200
vt 0.489500 0.332400
vt 0.499600 0.331800
vt 0.512100 0.300600
vt 0.516200 0.300200
vt 0.489100 0.304300
vt 0.500300 0.302400
vt 0.511300 0.276300
vt 0.515300 0.275600
vt 0.486400 0.279400
vt 0.498900 0.278000
vt 0.509100 0.257600
vt 0.507000 0.244400
vt 0.510800 0.243000
vt 0.513200 0.257300
vt 0.484500 0.260600
vt 0.482600 0.246600
vt 0.495100 0.245800
vt 0.497400 0.259300
vt 0.503100 0.223100
vt 0.507200 0.222000
vt 0.479900 0.226400
vt 0.491900 0.225100
vt 0.499900 0.205600
vt 0.504000 0.203600
vt 0.478000 0.208700
vt 0.489500 0.207800
vt 0.495600 0.185300
vt 0.499800 0.183800
vt 0.474500 0.189800
vt 0.486000 0.188000
vt 0.487500 0.363100
vt 0.485300 0.333700
vt 0.490500 0.384900
vt 0.484400 0.306000
vt 0.486900 0.414700
vt 0.489500 0.401300
vt 0.472200 0.209100
vt 0.468500 0.189500
vt 0.477500 0.246600
vt 0.474700 0.227600
vt 0.479200 0.261300
vt 0.481300 0.280700
vt 0.486100 0.429300
vt 0.485400 0.448600
vt 0.482400 0.471600
vt 0.479300 0.507700
vt 0.449000 0.187800
vt 0.450800 0.187300
vt 0.459300 0.220900
vt 0.457100 0.222200
vt 0.431500 0.192000
vt 0.439400 0.189500
vt 0.448600 0.223500
vt 0.439700 0.226000
vt 0.463700 0.245200
vt 0.461300 0.245500
vt 0.452700 0.245800
vt 0.443100 0.248700
vt 0.464800 0.266200
vt 0.462600 0.266500
vt 0.454300 0.267000
vt 0.444000 0.268400
vt 0.466900 0.283500
vt 0.464300 0.284500
vt 0.454600 0.282900
vt 0.443900 0.282400
vt 0.467100 0.297700
vt 0.469700 0.297700
vt 0.472800 0.314200
vt 0.470100 0.313600
vt 0.446400 0.294400
vt 0.456900 0.295000
vt 0.458900 0.312500
vt 0.448900 0.311100
vt 0.472800 0.339500
vt 0.470500 0.338600
vt 0.458300 0.337700
vt 0.448300 0.334800
vt 0.471300 0.370500
vt 0.468100 0.370400
vt 0.455700 0.369200
vt 0.445400 0.367800
vt 0.470100 0.399300
vt 0.465900 0.398700
vt 0.454500 0.396500
vt 0.443600 0.394100
vt 0.468100 0.420800
vt 0.464000 0.419500
vt 0.452000 0.416700
vt 0.439900 0.414200
vt 0.460800 0.438400
vt 0.465700 0.439000
vt 0.463000 0.453800
vt 0.458700 0.452300
vt 0.436100 0.433400
vt 0.449200 0.435800
vt 0.446600 0.449800
vt 0.433800 0.448200
vt 0.458600 0.475000
vt 0.454300 0.473200
vt 0.443200 0.470600
vt 0.431600 0.468700
vt 0.455300 0.493000
vt 0.451200 0.490800
vt 0.440700 0.488300
vt 0.429200 0.487300
vt 0.450200 0.512800
vt 0.445600 0.511000
vt 0.436900 0.507700
vt 0.426100 0.505200
vt 0.442200 0.366500
vt 0.445300 0.334100
vt 0.445600 0.310800
vt 0.439500 0.392500
vt 0.443800 0.294500
vt 0.441400 0.282000
vt 0.420800 0.504800
vt 0.424100 0.486000
vt 0.427100 0.467400
vt 0.429500 0.447900
vt 0.431700 0.432800
vt 0.435400 0.413400
vt 0.441000 0.268400
vt 0.440600 0.249500
vt 0.437400 0.226000
vt 0.429300 0.192000
vt 0.194600 0.867900
vt 0.201400 0.867900
vt 0.204000 0.877300
vt 0.197900 0.877300
vt 0.201100 0.886200
vt 0.206200 0.885000
vt 0.208900 0.890200
vt 0.204000 0.889300
vt 0.205300 0.898100
vt 0.199800 0.898000
vt 0.201700 0.905200
vt 0.196200 0.905700
vt 0.198600 0.912600
vt 0.191100 0.915600
vt 0.211100 0.867700
vt 0.211600 0.876500
vt 0.211800 0.884100
vt 0.213200 0.889800
vt 0.212000 0.897900
vt 0.210600 0.904800
vt 0.209700 0.912100
vt 0.220600 0.867200
vt 0.220100 0.875200
vt 0.220400 0.883000
vt 0.221100 0.889300
vt 0.220600 0.897500
vt 0.220500 0.905300
vt 0.220100 0.911900
vt 0.189000 0.904100
vt 0.192000 0.897600
vt 0.196100 0.888100
vt 0.181600 0.854200
vt 0.180500 0.853300
vt 0.182400 0.852100
vt 0.183100 0.852400
vt 0.196100 0.885600
vt 0.194300 0.878000
vt 0.191100 0.868800
vt 0.184500 0.911600
vt 0.249400 0.863900
vt 0.246900 0.867800
vt 0.239700 0.867100
vt 0.240700 0.864600
vt 0.243900 0.877300
vt 0.238000 0.877100
vt 0.240500 0.885700
vt 0.237900 0.889000
vt 0.233800 0.890000
vt 0.235800 0.884600
vt 0.241800 0.897700
vt 0.237000 0.897900
vt 0.245200 0.905300
vt 0.239900 0.904600
vt 0.249600 0.915200
vt 0.242700 0.911800
vt 0.230600 0.867700
vt 0.230700 0.864600
vt 0.229400 0.875400
vt 0.229500 0.889600
vt 0.230000 0.883900
vt 0.230000 0.897700
vt 0.231200 0.904600
vt 0.231200 0.911500
vt 0.253800 0.918300
vt 0.253300 0.919700
vt 0.250800 0.918300
vt 0.243700 0.918400
vt 0.249100 0.897600
vt 0.252000 0.904100
vt 0.245100 0.888100
vt 0.245100 0.885600
vt 0.250200 0.869000
vt 0.247000 0.878000
vt 0.251900 0.866400
vt 0.256500 0.911600
vt 0.258400 0.913100
vt 0.259000 0.921000
vt 0.264800 0.918300
vt 0.266100 0.920000
vt 0.259900 0.922000
vt 0.253500 0.861200
vt 0.254700 0.864300
vt 0.255200 0.955200
vt 0.252400 0.952700
vt 0.252700 0.952500
vt 0.256500 0.954000
vt 0.703300 0.743500
vt 0.709300 0.741000
vt 0.707200 0.751900
vt 0.701100 0.752800
vt 0.704500 0.731100
vt 0.710300 0.730800
vt 0.722200 0.784500
vt 0.722500 0.784000
vt 0.734100 0.783800
vt 0.735000 0.785700
vt 0.769900 0.484200
vt 0.760700 0.484000
vt 0.758100 0.454700
vt 0.767300 0.455000
vt 0.063700 0.601200
vt 0.071500 0.600300
vt 0.074100 0.623100
vt 0.064400 0.623200
vt 0.202600 0.463100
vt 0.199500 0.468900
vt 0.195200 0.468200
vt 0.189600 0.463300
vt 0.602600 0.488500
vt 0.630700 0.484300
vt 0.634700 0.562000
vt 0.609300 0.567000
vt 0.081400 0.555700
vt 0.087000 0.495600
vt 0.103800 0.492200
vt 0.101000 0.548500
vt 0.818000 0.481000
vt 0.840000 0.482800
vt 0.841500 0.561800
vt 0.824400 0.561600
vt 0.193100 0.539000
vt 0.194900 0.483100
vt 0.199600 0.483300
vt 0.199700 0.539800
vt 0.782300 0.483100
vt 0.790000 0.562700
vt 0.771700 0.562800
vt 0.672100 0.559000
vt 0.675700 0.480700
vt 0.696600 0.479700
vt 0.687700 0.560100
vt 0.885900 0.488300
vt 0.878900 0.565900
vt 0.859300 0.562900
vt 0.862400 0.484900
vt 0.770800 0.580400
vt 0.754800 0.579600
vt 0.754900 0.560900
vt 0.807600 0.582200
vt 0.789500 0.580200
vt 0.807400 0.562100
vt 0.825000 0.582500
vt 0.840700 0.583300
vt 0.857200 0.585200
vt 0.875300 0.587700
vt 0.903200 0.569900
vt 0.899800 0.593300
vt 0.174900 0.344400
vt 0.186200 0.356300
vt 0.176500 0.365800
vt 0.166100 0.350400
vt 0.264400 0.330000
vt 0.272600 0.336800
vt 0.254700 0.365000
vt 0.244000 0.352700
vt 0.152900 0.331000
vt 0.162400 0.326800
vt 0.067100 0.579800
vt 0.042500 0.581800
vt 0.039700 0.561600
vt 0.064200 0.561500
vt 0.081000 0.573200
vt 0.097900 0.565500
vt 0.782900 0.354800
vt 0.771900 0.367000
vt 0.763600 0.329300
vt 0.769700 0.323500
vt 0.838900 0.277300
vt 0.828400 0.317000
vt 0.812000 0.304200
vt 0.821600 0.269300
vt 0.780200 0.310400
vt 0.793100 0.288400
vt 0.795100 0.341100
vt 0.790000 0.379300
vt 0.778900 0.392700
vt 0.195000 0.361500
vt 0.199100 0.363600
vt 0.197400 0.379900
vt 0.189100 0.374800
vt 0.807100 0.358700
vt 0.114600 0.549900
vt 0.112900 0.562800
vt 0.129800 0.549700
vt 0.127500 0.563500
vt 0.186800 0.483600
vt 0.185800 0.546300
vt 0.729800 0.483200
vt 0.743400 0.484300
vt 0.737900 0.561800
vt 0.718600 0.561300
vt 0.767900 0.404500
vt 0.770800 0.400100
vt 0.771500 0.426600
vt 0.765900 0.429800
vt 0.762500 0.405500
vt 0.762600 0.379600
vt 0.765200 0.378700
vt 0.757200 0.335800
vt 0.760600 0.333400
vt 0.767500 0.374200
vt 0.202700 0.364600
vt 0.203900 0.364900
vt 0.203800 0.380800
vt 0.202400 0.380900
vt 0.202200 0.419500
vt 0.199400 0.417500
vt 0.196700 0.442000
vt 0.187800 0.440600
vt 0.194200 0.416800
vt 0.175100 0.461900
vt 0.170300 0.484300
vt 0.065000 0.497400
vt 0.167800 0.547000
vt 0.149100 0.546900
vt 0.152600 0.485200
vt 0.146000 0.562200
vt 0.165500 0.562500
vt 0.205200 0.546300
vt 0.204300 0.562000
vt 0.184800 0.562300
vt 0.118600 0.490300
vt 0.714500 0.481700
vt 0.702500 0.560100
vt 0.201000 0.364200
vt 0.200700 0.380900
vt 0.798600 0.481900
vt 0.760300 0.431200
vt 0.755200 0.336100
vt 0.202100 0.443300
vt 0.038400 0.498900
vt 0.112000 0.665600
vt 0.103800 0.665400
vt 0.090500 0.643600
vt 0.098700 0.643000
vt 0.930300 0.604300
vt 0.933900 0.577700
vt 0.801300 0.259400
vt 0.723200 0.299200
vt 0.734400 0.317100
vt 0.722500 0.343200
vt 0.707500 0.312300
vt 0.748900 0.455600
vt 0.221200 0.485500
vt 0.220800 0.547700
vt 0.205300 0.483000
vt 0.912800 0.491800
vt 0.271200 0.494000
vt 0.287200 0.499800
vt 0.288700 0.558600
vt 0.273700 0.555400
vt 0.254000 0.487900
vt 0.256300 0.551300
vt 0.655200 0.481500
vt 0.655100 0.559400
vt 0.739100 0.580700
vt 0.703500 0.581300
vt 0.720200 0.581400
vt 0.688400 0.581800
vt 0.673200 0.581900
vt 0.658500 0.581000
vt 0.639700 0.583400
vt 0.614800 0.590000
vt 0.218400 0.376900
vt 0.223600 0.406800
vt 0.218100 0.414800
vt 0.209600 0.381000
vt 0.232200 0.391200
vt 0.228500 0.371000
vt 0.221000 0.358500
vt 0.238300 0.346400
vt 0.254300 0.322000
vt 0.332300 0.590900
vt 0.334600 0.570500
vt 0.355900 0.572700
vt 0.352500 0.590000
vt 0.133700 0.488200
vt 0.701700 0.281800
vt 0.713600 0.276200
vt 0.315800 0.580700
vt 0.301300 0.573600
vt 0.301500 0.560200
vt 0.315900 0.563300
vt 0.736100 0.354800
vt 0.742200 0.322300
vt 0.749000 0.325600
vt 0.746700 0.366100
vt 0.214200 0.362700
vt 0.208900 0.364900
vt 0.288200 0.572600
vt 0.273800 0.570500
vt 0.752200 0.431500
vt 0.737100 0.455900
vt 0.746500 0.431400
vt 0.756900 0.404300
vt 0.750300 0.402700
vt 0.757800 0.377200
vt 0.754300 0.336500
vt 0.751800 0.375300
vt 0.752500 0.333300
vt 0.205600 0.365100
vt 0.204900 0.380500
vt 0.206000 0.418400
vt 0.208900 0.443600
vt 0.213600 0.415900
vt 0.216900 0.442700
vt 0.216500 0.464300
vt 0.232000 0.465800
vt 0.237600 0.487200
vt 0.237900 0.549300
vt 0.302800 0.504200
vt 0.256600 0.568100
vt 0.237300 0.565800
vt 0.219000 0.564400
vt 0.945400 0.496300
vt 0.737100 0.391000
vt 0.206400 0.380800
vt 0.207500 0.364900
vt 0.224000 0.439100
vt 0.319000 0.508400
vt 0.337500 0.512500
vt 0.363500 0.515500
vt 0.584700 0.600300
vt 0.579200 0.575600
vt 0.255700 0.580700
vt 0.235200 0.578900
vt 0.705600 0.598900
vt 0.711300 0.635200
vt 0.697200 0.637700
vt 0.691600 0.600100
vt 0.145200 0.576300
vt 0.127200 0.577300
vt 0.839700 0.593000
vt 0.855500 0.594700
vt 0.853100 0.603000
vt 0.838600 0.602500
vt 0.272700 0.582300
vt 0.689600 0.591400
vt 0.704000 0.590500
vt 0.288200 0.584900
vt 0.111400 0.579300
vt 0.097200 0.581900
vt 0.720400 0.589700
vt 0.721500 0.597300
vt 0.739100 0.588200
vt 0.739300 0.595900
vt 0.084300 0.584400
vt 0.218000 0.578000
vt 0.202000 0.576000
vt 0.807600 0.590300
vt 0.824100 0.591700
vt 0.822200 0.601000
vt 0.806600 0.598700
vt 0.074000 0.587600
vt 0.874000 0.597700
vt 0.871600 0.607300
vt 0.772000 0.587700
vt 0.789800 0.588600
vt 0.789700 0.596500
vt 0.771500 0.594700
vt 0.641800 0.593000
vt 0.644700 0.602900
vt 0.620900 0.611300
vt 0.617500 0.601600
vt 0.315500 0.593000
vt 0.301900 0.588800
vt 0.897300 0.604800
vt 0.894900 0.615800
vt 0.675400 0.590900
vt 0.677800 0.599900
vt 0.660500 0.591000
vt 0.663200 0.600600
vt 0.325300 0.597000
vt 0.183100 0.575800
vt 0.164600 0.576200
vt 0.754900 0.586700
vt 0.755700 0.594100
vt 0.325400 0.600800
vt 0.331800 0.595400
vt 0.332500 0.605800
vt 0.325800 0.605100
vt 0.064200 0.590100
vt 0.073100 0.594600
vt 0.188700 0.685100
vt 0.180400 0.685100
vt 0.179000 0.666100
vt 0.188500 0.666700
vt 0.290900 0.671100
vt 0.281700 0.689600
vt 0.278700 0.689900
vt 0.287600 0.671300
vt 0.197500 0.641500
vt 0.187100 0.641800
vt 0.183400 0.616000
vt 0.198000 0.617000
vt 0.321900 0.621700
vt 0.329600 0.623100
vt 0.327200 0.629200
vt 0.315800 0.628500
vt 0.272400 0.704400
vt 0.276000 0.704100
vt 0.274100 0.715400
vt 0.270100 0.714900
vt 0.273800 0.728400
vt 0.270700 0.727600
vt 0.121100 0.723700
vt 0.131000 0.723900
vt 0.129600 0.743400
vt 0.117000 0.745500
vt 0.238500 0.744300
vt 0.238500 0.760100
vt 0.228800 0.760500
vt 0.228300 0.743100
vt 0.260500 0.726800
vt 0.260400 0.714000
vt 0.263700 0.703800
vt 0.045600 0.630700
vt 0.042800 0.603000
vt 0.305200 0.625200
vt 0.309600 0.618000
vt 0.292200 0.620900
vt 0.279700 0.638600
vt 0.262500 0.635800
vt 0.276400 0.615600
vt 0.197200 0.666900
vt 0.265300 0.669100
vt 0.258200 0.688300
vt 0.245300 0.686800
vt 0.251100 0.667800
vt 0.242100 0.703300
vt 0.229300 0.702600
vt 0.233800 0.686300
vt 0.208600 0.741200
vt 0.208300 0.758500
vt 0.200500 0.756700
vt 0.202000 0.741400
vt 0.149600 0.742200
vt 0.159800 0.741700
vt 0.158100 0.757600
vt 0.149600 0.757500
vt 0.170800 0.721800
vt 0.179900 0.721800
vt 0.179800 0.740400
vt 0.171500 0.740100
vt 0.250200 0.726700
vt 0.251400 0.713600
vt 0.254200 0.703700
vt 0.097000 0.596300
vt 0.111200 0.591300
vt 0.114600 0.608500
vt 0.098300 0.616100
vt 0.296200 0.613800
vt 0.100600 0.625000
vt 0.111200 0.639400
vt 0.087600 0.629200
vt 0.302900 0.644700
vt 0.306200 0.644700
vt 0.120800 0.685000
vt 0.113200 0.684300
vt 0.147100 0.700900
vt 0.137800 0.700800
vt 0.131700 0.685100
vt 0.142400 0.684900
vt 0.132700 0.758000
vt 0.120500 0.759300
vt 0.274000 0.749800
vt 0.271400 0.749400
vt 0.239300 0.713200
vt 0.683400 0.638900
vt 0.280900 0.608100
vt 0.078800 0.629200
vt 0.206000 0.667200
vt 0.207700 0.641700
vt 0.224500 0.666900
vt 0.221300 0.685800
vt 0.212300 0.685000
vt 0.214700 0.666700
vt 0.218300 0.702900
vt 0.210800 0.702200
vt 0.215600 0.759200
vt 0.216700 0.741100
vt 0.201800 0.724200
vt 0.194200 0.741100
vt 0.194500 0.723600
vt 0.226300 0.713500
vt 0.145300 0.586300
vt 0.165000 0.587000
vt 0.166400 0.605100
vt 0.149000 0.603500
vt 0.258600 0.613200
vt 0.263900 0.605800
vt 0.218700 0.640600
vt 0.211600 0.617000
vt 0.224700 0.616300
vt 0.124900 0.665600
vt 0.181700 0.702200
vt 0.170500 0.701700
vt 0.167900 0.683900
vt 0.186100 0.740700
vt 0.193900 0.756600
vt 0.187300 0.756400
vt 0.187400 0.723200
vt 0.217300 0.713200
vt 0.233500 0.590100
vt 0.228000 0.607300
vt 0.213700 0.607200
vt 0.217100 0.588700
vt 0.240700 0.614300
vt 0.245100 0.605800
vt 0.161600 0.638200
vt 0.144900 0.635800
vt 0.134600 0.613000
vt 0.152500 0.613500
vt 0.163800 0.666300
vt 0.148500 0.665900
vt 0.152100 0.685100
vt 0.268900 0.688700
vt 0.259100 0.746300
vt 0.255400 0.762400
vt 0.247000 0.761000
vt 0.249100 0.745200
vt 0.142100 0.723700
vt 0.139300 0.743100
vt 0.209700 0.712800
vt 0.883700 0.646500
vt 0.867300 0.640400
vt 0.245600 0.636300
vt 0.238200 0.667400
vt 0.231200 0.638400
vt 0.197000 0.685700
vt 0.202800 0.702000
vt 0.204500 0.684800
vt 0.171600 0.758100
vt 0.217800 0.724800
vt 0.228700 0.725100
vt 0.202100 0.713000
vt 0.194500 0.712300
vt 0.194900 0.701900
vt 0.651300 0.638600
vt 0.633500 0.639500
vt 0.198400 0.607600
vt 0.087700 0.642400
vt 0.068000 0.630900
vt 0.277900 0.669900
vt 0.188400 0.701800
vt 0.314600 0.602500
vt 0.315000 0.597400
vt 0.301000 0.597800
vt 0.301100 0.593300
vt 0.287600 0.593400
vt 0.287400 0.589200
vt 0.271400 0.591100
vt 0.272000 0.587000
vt 0.252800 0.590000
vt 0.254100 0.585500
vt 0.234300 0.584800
vt 0.267200 0.763500
vt 0.260100 0.768900
vt 0.253500 0.768800
vt 0.246400 0.768900
vt 0.241300 0.768800
vt 0.229300 0.767100
vt 0.216300 0.766700
vt 0.208900 0.765900
vt 0.200800 0.765500
vt 0.193800 0.764700
vt 0.352900 0.600600
vt 0.351900 0.608900
vt 0.591400 0.614100
vt 0.596200 0.624700
vt 0.773300 0.630700
vt 0.757100 0.630600
vt 0.667100 0.637600
vt 0.182600 0.586500
vt 0.200500 0.587100
vt 0.182100 0.605800
vt 0.726000 0.632200
vt 0.742300 0.630100
vt 0.348000 0.633100
vt 0.345800 0.637700
vt 0.618300 0.654000
vt 0.614200 0.650400
vt 0.626400 0.649000
vt 0.627200 0.653300
vt 0.639000 0.649400
vt 0.640100 0.655600
vt 0.652900 0.652100
vt 0.651800 0.659900
vt 0.668500 0.654400
vt 0.665900 0.664000
vt 0.685500 0.661800
vt 0.679300 0.670600
vt 0.694600 0.678100
vt 0.689000 0.681400
vt 0.700500 0.690000
vt 0.694100 0.691700
vt 0.704300 0.699100
vt 0.697600 0.700700
vt 0.707100 0.709900
vt 0.701000 0.710800
vt 0.709000 0.720200
vt 0.703600 0.720800
vt 0.709400 0.780900
vt 0.711100 0.777800
vt 0.721100 0.779000
vt 0.733800 0.779400
vt 0.742500 0.780300
vt 0.742000 0.784800
vt 0.698800 0.659000
vt 0.703700 0.676100
vt 0.703700 0.767400
vt 0.714000 0.751800
vt 0.712600 0.764200
vt 0.715800 0.741000
vt 0.716900 0.730100
vt 0.716400 0.719700
vt 0.714200 0.708900
vt 0.711300 0.699000
vt 0.707000 0.688300
vt 0.716200 0.673700
vt 0.718700 0.686600
vt 0.722900 0.751400
vt 0.721100 0.765100
vt 0.723900 0.740000
vt 0.725000 0.729500
vt 0.724700 0.719600
vt 0.723600 0.708600
vt 0.720800 0.697700
vt 0.712800 0.656000
vt 0.729500 0.671800
vt 0.731500 0.685500
vt 0.733000 0.750900
vt 0.733100 0.765400
vt 0.734300 0.740200
vt 0.734600 0.729900
vt 0.734600 0.718600
vt 0.734200 0.707400
vt 0.732400 0.696500
vt 0.728300 0.653800
vt 0.743200 0.670100
vt 0.744700 0.684400
vt 0.744900 0.752300
vt 0.744800 0.766100
vt 0.744900 0.741500
vt 0.745200 0.730200
vt 0.745000 0.718800
vt 0.744800 0.707600
vt 0.744700 0.696200
vt 0.742400 0.652100
vt 0.707800 0.782100
vt 0.700800 0.779900
vt 0.700200 0.778200
vt 0.755500 0.782000
vt 0.755800 0.786100
vt 0.757700 0.669900
vt 0.757200 0.684100
vt 0.756000 0.753100
vt 0.755600 0.767800
vt 0.755500 0.742300
vt 0.757000 0.730800
vt 0.756800 0.718700
vt 0.756600 0.707500
vt 0.756700 0.695600
vt 0.757600 0.651700
vt 0.788900 0.632400
vt 0.293300 0.641700
vt 0.117200 0.700200
vt 0.120200 0.711200
vt 0.117400 0.711000
vt 0.115400 0.700100
vt 0.118400 0.723700
vt 0.129300 0.711000
vt 0.125700 0.700700
vt 0.084500 0.622200
vt 0.127100 0.636000
vt 0.118000 0.617300
vt 0.175100 0.640600
vt 0.111400 0.683900
vt 0.141300 0.711100
vt 0.083500 0.597700
vt 0.169000 0.615600
vt 0.137300 0.665700
vt 0.149100 0.710300
vt 0.156000 0.700600
vt 0.158600 0.710900
vt 0.131300 0.604400
vt 0.170700 0.712000
vt 0.181000 0.712200
vt 0.127500 0.588000
vt 0.188000 0.712300
vt 0.850900 0.640100
vt 0.834400 0.639600
vt 0.920100 0.629900
vt 0.901200 0.659700
vt 0.803800 0.634000
vt 0.568600 0.493800
vt 0.818600 0.636000
vt 0.769600 0.668500
vt 0.771600 0.651000
vt 0.052200 0.634000
vt 0.901700 0.664800
vt 0.889600 0.661700
vt 0.890200 0.659200
vt 0.878400 0.660600
vt 0.879200 0.655100
vt 0.864800 0.659900
vt 0.865300 0.653000
vt 0.851700 0.664600
vt 0.849100 0.655600
vt 0.841400 0.674200
vt 0.837600 0.668100
vt 0.833700 0.684000
vt 0.828100 0.681400
vt 0.827900 0.693200
vt 0.822200 0.692000
vt 0.822900 0.702100
vt 0.817700 0.701500
vt 0.818200 0.711300
vt 0.812100 0.710400
vt 0.813300 0.721500
vt 0.807000 0.720900
vt 0.810400 0.731600
vt 0.803400 0.731600
vt 0.815600 0.677500
vt 0.818100 0.658700
vt 0.797200 0.730600
vt 0.800300 0.720200
vt 0.804400 0.709700
vt 0.810100 0.699500
vt 0.812800 0.689700
vt 0.793000 0.684800
vt 0.795900 0.670800
vt 0.788700 0.730200
vt 0.789500 0.718800
vt 0.790800 0.708200
vt 0.791100 0.697100
vt 0.800300 0.653500
vt 0.779500 0.683600
vt 0.782200 0.668900
vt 0.778100 0.729500
vt 0.777600 0.718200
vt 0.778100 0.706900
vt 0.778900 0.696100
vt 0.785200 0.651600
vt 0.767100 0.683500
vt 0.767600 0.729600
vt 0.767900 0.717800
vt 0.767600 0.706600
vt 0.767500 0.695400
vt 0.238700 0.725300
vt 0.101300 0.664400
vt 0.217700 0.583700
vt 0.201500 0.581900
vt 0.163800 0.581500
vt 0.183000 0.581100
vt 0.145000 0.581400
vt 0.127400 0.582500
vt 0.111500 0.585200
vt 0.096800 0.588300
vt 0.084000 0.591300
vt 0.042500 0.592000
vt 0.925900 0.617100
vt 0.151000 0.722500
vt 0.269000 0.765500
vt 0.264500 0.768800
vt 0.698600 0.766800
vt 0.704800 0.775400
vt 0.740800 0.786100
vt 0.754300 0.786500
vt 0.810300 0.744700
vt 0.811800 0.754200
vt 0.805300 0.753200
vt 0.803900 0.742000
vt 0.787800 0.786900
vt 0.775600 0.786900
vt 0.776700 0.785600
vt 0.787300 0.786100
vt 0.140900 0.757900
vt 0.119200 0.760300
vt 0.114900 0.745900
vt 0.178600 0.757800
vt 0.133700 0.763500
vt 0.126300 0.764000
vt 0.141200 0.764200
vt 0.146200 0.764600
vt 0.157600 0.764400
vt 0.170500 0.764800
vt 0.177800 0.765300
vt 0.186200 0.765400
vt 0.801600 0.783700
vt 0.789000 0.780600
vt 0.799000 0.779300
vt 0.776600 0.780800
vt 0.767400 0.786000
vt 0.767700 0.780900
vt 0.807000 0.769200
vt 0.798400 0.765600
vt 0.798200 0.753000
vt 0.797100 0.741600
vt 0.789200 0.765700
vt 0.788900 0.752300
vt 0.788400 0.740700
vt 0.778000 0.765800
vt 0.778700 0.751300
vt 0.776500 0.740600
vt 0.766200 0.767100
vt 0.766100 0.752500
vt 0.765300 0.741500
vt 0.802100 0.785800
vt 0.809500 0.782100
vt 0.808800 0.784500
vt 0.124100 0.765100
vt 0.209500 0.723800
vt 0.160000 0.722300
vt 0.812300 0.769200
vt 0.806000 0.778400
vt 0.769300 0.786900
vt 0.075700 0.865200
vt 0.083100 0.865100
vt 0.084400 0.875500
vt 0.078400 0.875200
vt 0.081600 0.884000
vt 0.086300 0.883300
vt 0.088700 0.891300
vt 0.084400 0.888900
vt 0.085500 0.899300
vt 0.080600 0.897500
vt 0.082600 0.905700
vt 0.077200 0.904900
vt 0.079200 0.912700
vt 0.072100 0.914700
vt 0.092800 0.865600
vt 0.091800 0.875000
vt 0.092000 0.882800
vt 0.093000 0.891000
vt 0.091900 0.899400
vt 0.090600 0.906000
vt 0.090200 0.912600
vt 0.102000 0.865900
vt 0.101300 0.874800
vt 0.101100 0.882200
vt 0.101100 0.890800
vt 0.100900 0.899400
vt 0.100600 0.906900
vt 0.100700 0.913300
vt 0.070300 0.900900
vt 0.073300 0.894300
vt 0.062400 0.938300
vt 0.062700 0.940600
vt 0.055100 0.940000
vt 0.054900 0.938500
vt 0.077200 0.884800
vt 0.077200 0.882400
vt 0.075300 0.874700
vt 0.072100 0.865500
vt 0.065800 0.908400
vt 0.127900 0.865500
vt 0.124500 0.875200
vt 0.118200 0.876100
vt 0.121000 0.866100
vt 0.121300 0.884000
vt 0.118500 0.888800
vt 0.113800 0.890800
vt 0.116100 0.883300
vt 0.122600 0.897700
vt 0.117300 0.899300
vt 0.126000 0.905400
vt 0.120400 0.906400
vt 0.130700 0.915200
vt 0.123000 0.913500
vt 0.110600 0.875100
vt 0.111200 0.866500
vt 0.109200 0.890700
vt 0.110100 0.882800
vt 0.110100 0.899400
vt 0.111000 0.906300
vt 0.111400 0.913200
vt 0.130300 0.894500
vt 0.133300 0.901100
vt 0.126400 0.885000
vt 0.126400 0.882500
vt 0.131600 0.865700
vt 0.128200 0.874900
vt 0.137600 0.908500
vt 0.139600 0.910000
vt 0.135000 0.917900
vt 0.140200 0.919900
vt 0.145800 0.915300
vt 0.147100 0.917000
vt 0.140900 0.920900
vt 0.133900 0.838700
vt 0.134200 0.836900
vt 0.140200 0.837900
vt 0.139100 0.840700
vt 0.133400 0.821600
vt 0.129900 0.828100
vt 0.115700 0.828300
vt 0.119600 0.821600
vt 0.100800 0.828900
vt 0.103400 0.821600
vt 0.085800 0.821600
vt 0.083900 0.828900
vt 0.073100 0.821600
vt 0.074400 0.829300
vt 0.474000 0.107000
vt 0.458300 0.106600
vt 0.459600 0.088700
vt 0.474400 0.087600
vt 0.462200 0.071700
vt 0.475000 0.070100
vt 0.439600 0.106700
vt 0.442100 0.090200
vt 0.451200 0.078800
vt 0.489200 0.089300
vt 0.489400 0.107000
vt 0.506500 0.091800
vt 0.508300 0.108000
vt 0.487500 0.072400
vt 0.498300 0.079800
vt 0.488000 0.125000
vt 0.473200 0.126300
vt 0.485300 0.140600
vt 0.472900 0.142100
vt 0.504800 0.123200
vt 0.496200 0.133900
vt 0.458600 0.124600
vt 0.442500 0.122400
vt 0.460500 0.139800
vt 0.450700 0.133100
vt 0.474100 0.060200
vt 0.458200 0.061400
vt 0.451700 0.044900
vt 0.472900 0.044700
vt 0.414700 0.079100
vt 0.432400 0.084600
vt 0.431000 0.105400
vt 0.414100 0.104600
vt 0.445700 0.071500
vt 0.436600 0.061500
vt 0.518200 0.106600
vt 0.517700 0.084500
vt 0.533000 0.079500
vt 0.533000 0.106600
vt 0.494400 0.043500
vt 0.490600 0.060300
vt 0.503800 0.070900
vt 0.512900 0.059500
vt 0.471500 0.151500
vt 0.488100 0.151700
vt 0.491800 0.168500
vt 0.469600 0.166100
vt 0.530900 0.133700
vt 0.516400 0.128900
vt 0.501800 0.141800
vt 0.511000 0.153900
vt 0.432000 0.125800
vt 0.416000 0.129800
vt 0.447700 0.165000
vt 0.455300 0.149900
vt 0.443600 0.139100
vt 0.433600 0.148200
vt 0.474100 0.107000
vt 0.458400 0.106600
vt 0.459700 0.088800
vt 0.474600 0.087600
vt 0.462300 0.071700
vt 0.475200 0.070100
vt 0.439700 0.106700
vt 0.442300 0.090200
vt 0.451300 0.078800
vt 0.489400 0.089300
vt 0.489600 0.107000
vt 0.506700 0.091800
vt 0.508500 0.108000
vt 0.487700 0.072400
vt 0.498500 0.079800
vt 0.488200 0.125000
vt 0.473400 0.126300
vt 0.485500 0.140600
vt 0.473100 0.142100
vt 0.505000 0.123200
vt 0.496400 0.133900
vt 0.458800 0.124600
vt 0.442700 0.122400
vt 0.460700 0.139800
vt 0.450900 0.133100
vt 0.474200 0.060200
vt 0.458400 0.061400
vt 0.451900 0.044900
vt 0.473100 0.044700
vt 0.414900 0.079100
vt 0.432600 0.084600
vt 0.431200 0.105400
vt 0.414300 0.104600
vt 0.445900 0.071500
vt 0.436800 0.061500
vt 0.518400 0.106600
vt 0.517900 0.084500
vt 0.533200 0.079500
vt 0.533200 0.106600
vt 0.494600 0.043500
vt 0.490800 0.060300
vt 0.504000 0.070900
vt 0.513100 0.059500
vt 0.471700 0.151500
vt 0.488300 0.151700
vt 0.492000 0.168500
vt 0.469800 0.166100
vt 0.531100 0.133700
vt 0.516600 0.128900
vt 0.502000 0.141800
vt 0.511200 0.153900
vt 0.432200 0.125800
vt 0.416200 0.129800
vt 0.447900 0.165000
vt 0.455400 0.149900
vt 0.443800 0.139100
vt 0.433800 0.148200
vt 0.474100 0.107100
vt 0.458300 0.106700
vt 0.459600 0.088800
vt 0.474500 0.087700
vt 0.462200 0.071800
vt 0.475100 0.070200
vt 0.439600 0.106800
vt 0.442200 0.090300
vt 0.451200 0.078900
vt 0.489300 0.089400
vt 0.489500 0.107100
vt 0.506600 0.091900
vt 0.508400 0.108100
vt 0.487600 0.072500
vt 0.498400 0.079900
vt 0.488100 0.125100
vt 0.473300 0.126400
vt 0.485400 0.140700
vt 0.473000 0.142300
vt 0.504900 0.123300
vt 0.496300 0.134000
vt 0.458700 0.124700
vt 0.442600 0.122500
vt 0.460600 0.139900
vt 0.450800 0.133200
vt 0.474200 0.060300
vt 0.458300 0.061500
vt 0.451800 0.045000
vt 0.473000 0.044800
vt 0.414700 0.079200
vt 0.432500 0.084700
vt 0.431100 0.105500
vt 0.414100 0.104700
vt 0.445800 0.071600
vt 0.436700 0.061500
vt 0.518300 0.106700
vt 0.517800 0.084600
vt 0.533100 0.079600
vt 0.533100 0.106700
vt 0.494500 0.043600
vt 0.490700 0.060400
vt 0.503900 0.071000
vt 0.513000 0.059600
vt 0.471600 0.151600
vt 0.488200 0.151800
vt 0.491900 0.168600
vt 0.469700 0.166300
vt 0.531000 0.133800
vt 0.516500 0.129000
vt 0.501900 0.141900
vt 0.511100 0.154000
vt 0.432100 0.125900
vt 0.416100 0.129900
vt 0.447800 0.165100
vt 0.455300 0.150000
vt 0.443700 0.139200
vt 0.433700 0.148300
vt 0.598900 0.870200
vt 0.606400 0.870300
vt 0.609300 0.883000
vt 0.601000 0.883400
vt 0.400400 0.715600
vt 0.398400 0.707100
vt 0.407300 0.706600
vt 0.411400 0.715200
vt 0.596500 0.843500
vt 0.602100 0.844600
vt 0.604200 0.857600
vt 0.595700 0.857700
vt 0.602700 0.895600
vt 0.610500 0.894300
vt 0.611900 0.904100
vt 0.603800 0.906200
vt 0.579900 0.883900
vt 0.569500 0.880700
vt 0.564800 0.868700
vt 0.576700 0.870000
vt 0.404800 0.831200
vt 0.404300 0.836700
vt 0.396400 0.836800
vt 0.396500 0.832200
vt 0.404900 0.841700
vt 0.406500 0.848000
vt 0.399100 0.847200
vt 0.397300 0.841300
vt 0.391200 0.901500
vt 0.388200 0.910000
vt 0.382400 0.911000
vt 0.385000 0.901800
vt 0.413800 0.724600
vt 0.402700 0.725700
vt 0.593600 0.919000
vt 0.590400 0.909900
vt 0.598200 0.908700
vt 0.601000 0.916700
vt 0.405200 0.735100
vt 0.415400 0.734400
vt 0.416300 0.741600
vt 0.406700 0.742100
vt 0.403200 0.883600
vt 0.405600 0.874200
vt 0.416000 0.875900
vt 0.413800 0.885500
vt 0.391700 0.860700
vt 0.399800 0.858900
vt 0.398500 0.866400
vt 0.391800 0.867200
vt 0.391300 0.873700
vt 0.397500 0.873100
vt 0.396000 0.881400
vt 0.389900 0.881400
vt 0.414200 0.836300
vt 0.414600 0.841400
vt 0.415700 0.750000
vt 0.407900 0.749500
vt 0.393500 0.892300
vt 0.387300 0.892400
vt 0.563000 0.809900
vt 0.563500 0.805500
vt 0.575300 0.805300
vt 0.574700 0.809100
vt 0.424100 0.839600
vt 0.424200 0.846000
vt 0.415600 0.847900
vt 0.574400 0.819900
vt 0.561800 0.817900
vt 0.606500 0.914400
vt 0.612000 0.912000
vt 0.423800 0.773800
vt 0.413700 0.771500
vt 0.413900 0.766500
vt 0.423800 0.768400
vt 0.423500 0.804400
vt 0.424300 0.816900
vt 0.412800 0.817100
vt 0.412000 0.804300
vt 0.424600 0.778400
vt 0.413900 0.776200
vt 0.562800 0.800700
vt 0.575200 0.800900
vt 0.574200 0.827100
vt 0.561200 0.827100
vt 0.439800 0.825300
vt 0.424800 0.826000
vt 0.438900 0.816600
vt 0.407700 0.754100
vt 0.415300 0.754600
vt 0.414800 0.760100
vt 0.406100 0.760000
vt 0.596800 0.827600
vt 0.603100 0.828300
vt 0.587600 0.843700
vt 0.588000 0.827400
vt 0.391500 0.855000
vt 0.399400 0.854000
vt 0.417000 0.913200
vt 0.409600 0.910600
vt 0.414400 0.901500
vt 0.421200 0.901600
vt 0.439100 0.843200
vt 0.447900 0.842400
vt 0.446700 0.847300
vt 0.438300 0.847900
vt 0.440400 0.832800
vt 0.440300 0.829400
vt 0.448800 0.828200
vt 0.449400 0.832100
vt 0.424200 0.762100
vt 0.424200 0.757900
vt 0.438700 0.760700
vt 0.439400 0.765500
vt 0.580200 0.739200
vt 0.584800 0.726000
vt 0.595500 0.724700
vt 0.591500 0.739300
vt 0.422500 0.724800
vt 0.424500 0.734200
vt 0.424300 0.850300
vt 0.415900 0.853100
vt 0.600700 0.704700
vt 0.598300 0.714400
vt 0.588300 0.713400
vt 0.592400 0.703100
vt 0.460300 0.842500
vt 0.457200 0.847700
vt 0.452900 0.854900
vt 0.444500 0.854900
vt 0.450000 0.864500
vt 0.442300 0.866500
vt 0.454000 0.813700
vt 0.453200 0.804200
vt 0.457100 0.804000
vt 0.458400 0.812200
vt 0.546500 0.841200
vt 0.547100 0.828400
vt 0.561400 0.843100
vt 0.564400 0.754200
vt 0.562900 0.767700
vt 0.547500 0.769300
vt 0.548200 0.757600
vt 0.424300 0.751500
vt 0.424700 0.741200
vt 0.436300 0.740600
vt 0.438000 0.753000
vt 0.497600 0.790400
vt 0.498000 0.791200
vt 0.488900 0.785700
vt 0.488400 0.785600
vt 0.499400 0.842800
vt 0.499400 0.834600
vt 0.518000 0.832000
vt 0.518600 0.839700
vt 0.546200 0.818200
vt 0.440700 0.873900
vt 0.434900 0.874900
vt 0.436300 0.866900
vt 0.486300 0.844600
vt 0.486200 0.836200
vt 0.554900 0.906800
vt 0.570100 0.924200
vt 0.564500 0.928100
vt 0.550400 0.914300
vt 0.558500 0.933900
vt 0.544100 0.921400
vt 0.437700 0.855200
vt 0.589500 0.768900
vt 0.587900 0.783400
vt 0.574800 0.783200
vt 0.574800 0.765600
vt 0.449400 0.871700
vt 0.447900 0.881000
vt 0.438100 0.881800
vt 0.446600 0.815500
vt 0.445500 0.804400
vt 0.424200 0.791800
vt 0.438100 0.792300
vt 0.438400 0.804400
vt 0.477800 0.822500
vt 0.488100 0.824600
vt 0.487200 0.826500
vt 0.476400 0.825000
vt 0.539600 0.927100
vt 0.553400 0.939200
vt 0.548600 0.941900
vt 0.537000 0.930700
vt 0.515800 0.795900
vt 0.515900 0.801200
vt 0.503200 0.797500
vt 0.499000 0.789000
vt 0.469800 0.694500
vt 0.470900 0.693000
vt 0.489000 0.692700
vt 0.489600 0.695600
vt 0.562700 0.855500
vt 0.574900 0.856000
vt 0.417100 0.867800
vt 0.416500 0.858600
vt 0.425000 0.856700
vt 0.425500 0.867700
vt 0.407300 0.866700
vt 0.439300 0.779600
vt 0.439000 0.783500
vt 0.424700 0.782400
vt 0.424700 0.834300
vt 0.516800 0.814000
vt 0.530200 0.814000
vt 0.531900 0.820800
vt 0.517600 0.821500
vt 0.540600 0.907000
vt 0.536800 0.914800
vt 0.543500 0.900000
vt 0.533800 0.840400
vt 0.539600 0.840700
vt 0.539700 0.851300
vt 0.534200 0.851000
vt 0.431300 0.725200
vt 0.434800 0.733300
vt 0.558100 0.888900
vt 0.553100 0.886600
vt 0.549600 0.877000
vt 0.553100 0.876500
vt 0.453200 0.917100
vt 0.460600 0.913700
vt 0.460500 0.917400
vt 0.454100 0.921200
vt 0.449500 0.901200
vt 0.459900 0.898900
vt 0.459700 0.907000
vt 0.451400 0.909800
vt 0.444800 0.891500
vt 0.458900 0.891000
vt 0.458100 0.880000
vt 0.465200 0.848300
vt 0.468400 0.842800
vt 0.425000 0.830400
vt 0.414400 0.831600
vt 0.590100 0.870200
vt 0.592700 0.883900
vt 0.575300 0.897800
vt 0.581100 0.910000
vt 0.572100 0.908000
vt 0.425200 0.875500
vt 0.446500 0.922500
vt 0.448300 0.925900
vt 0.443900 0.916300
vt 0.440200 0.907000
vt 0.428600 0.921500
vt 0.424100 0.916800
vt 0.436000 0.900500
vt 0.420700 0.915300
vt 0.426700 0.900400
vt 0.560500 0.782800
vt 0.547400 0.782000
vt 0.422000 0.884600
vt 0.431600 0.882700
vt 0.586200 0.856400
vt 0.585500 0.921000
vt 0.473700 0.850200
vt 0.475800 0.843600
vt 0.546100 0.792300
vt 0.561900 0.792600
vt 0.439700 0.775800
vt 0.573800 0.844500
vt 0.433700 0.890200
vt 0.550500 0.745100
vt 0.568200 0.740000
vt 0.582400 0.702400
vt 0.577100 0.713400
vt 0.516000 0.788700
vt 0.531700 0.789900
vt 0.529900 0.796200
vt 0.557900 0.899400
vt 0.573300 0.922000
vt 0.546900 0.853000
vt 0.439900 0.837300
vt 0.455800 0.820800
vt 0.447900 0.824200
vt 0.461200 0.817900
vt 0.426800 0.890700
vt 0.427200 0.717700
vt 0.419900 0.716600
vt 0.416100 0.707300
vt 0.423800 0.707800
vt 0.400600 0.893600
vt 0.411000 0.894100
vt 0.406700 0.902400
vt 0.397800 0.902000
vt 0.438900 0.932200
vt 0.443000 0.937000
vt 0.587500 0.754400
vt 0.576600 0.754400
vt 0.515600 0.805000
vt 0.506300 0.805000
vt 0.504600 0.812300
vt 0.503000 0.812100
vt 0.503400 0.805000
vt 0.487700 0.783700
vt 0.498900 0.783600
vt 0.500600 0.820900
vt 0.499200 0.819600
vt 0.463300 0.810800
vt 0.465100 0.816400
vt 0.461600 0.804100
vt 0.467200 0.810400
vt 0.469000 0.814300
vt 0.471300 0.822200
vt 0.473300 0.819900
vt 0.468000 0.820000
vt 0.470600 0.817900
vt 0.433900 0.927300
vt 0.534600 0.770100
vt 0.533700 0.780000
vt 0.517200 0.777900
vt 0.518300 0.770300
vt 0.535100 0.814500
vt 0.538100 0.820000
vt 0.533500 0.830400
vt 0.463400 0.822300
vt 0.457600 0.825000
vt 0.475600 0.828000
vt 0.468300 0.827200
vt 0.448900 0.836700
vt 0.460200 0.830400
vt 0.544300 0.809800
vt 0.544200 0.805600
vt 0.539900 0.829600
vt 0.530400 0.801100
vt 0.516100 0.808800
vt 0.479100 0.787500
vt 0.478700 0.787200
vt 0.469500 0.836100
vt 0.476300 0.836600
vt 0.461400 0.836600
vt 0.466200 0.804500
vt 0.594300 0.898500
vt 0.394000 0.909400
vt 0.408500 0.859300
vt 0.408000 0.853900
vt 0.543900 0.886800
vt 0.454100 0.923100
vt 0.448500 0.927700
vt 0.485800 0.764700
vt 0.499100 0.767500
vt 0.499300 0.775500
vt 0.486800 0.773400
vt 0.443700 0.937300
vt 0.547200 0.942700
vt 0.535600 0.932700
vt 0.460900 0.918700
vt 0.469600 0.814000
vt 0.471500 0.816900
vt 0.467700 0.810200
vt 0.499100 0.819100
vt 0.502100 0.812100
vt 0.502100 0.805100
vt 0.474000 0.819200
vt 0.478200 0.821700
vt 0.466200 0.804600
vt 0.476300 0.781100
vt 0.487400 0.781300
vt 0.477200 0.784400
vt 0.391600 0.848800
vt 0.574500 0.790700
vt 0.380300 0.892800
vt 0.383300 0.882000
vt 0.615100 0.868900
vt 0.617400 0.881400
vt 0.611100 0.829600
vt 0.612300 0.843400
vt 0.377100 0.901400
vt 0.613300 0.856500
vt 0.384200 0.860500
vt 0.384400 0.857300
vt 0.385400 0.867800
vt 0.620300 0.903100
vt 0.619900 0.911100
vt 0.384500 0.851200
vt 0.374600 0.910500
vt 0.384700 0.874100
vt 0.619100 0.892700
vt 0.375500 0.883400
vt 0.377300 0.875300
vt 0.619100 0.837200
vt 0.620900 0.845100
vt 0.369100 0.902300
vt 0.372500 0.893000
vt 0.377600 0.859600
vt 0.377400 0.856400
vt 0.622300 0.855500
vt 0.624400 0.866000
vt 0.377800 0.863400
vt 0.628300 0.897700
vt 0.629100 0.909000
vt 0.625800 0.879200
vt 0.627400 0.889000
vt 0.377700 0.869100
vt 0.365500 0.911200
vt 0.370400 0.861800
vt 0.370100 0.859400
vt 0.631200 0.855100
vt 0.633100 0.865400
vt 0.370800 0.865400
vt 0.635800 0.896200
vt 0.636500 0.907400
vt 0.634500 0.877400
vt 0.635600 0.887600
vt 0.370100 0.869900
vt 0.629600 0.845700
vt 0.368900 0.876300
vt 0.364200 0.893300
vt 0.367000 0.884300
vt 0.358200 0.912500
vt 0.361600 0.902900
vt 0.627400 0.839100
vt 0.640400 0.855100
vt 0.642500 0.865100
vt 0.363400 0.867600
vt 0.362900 0.863600
vt 0.646100 0.895700
vt 0.644900 0.906300
vt 0.644300 0.875700
vt 0.645800 0.885800
vt 0.362700 0.872300
vt 0.638200 0.846100
vt 0.360700 0.878000
vt 0.355600 0.894900
vt 0.358100 0.885800
vt 0.350000 0.912500
vt 0.353000 0.903700
vt 0.636000 0.839300
vt 0.362300 0.861500
vt 0.656000 0.894300
vt 0.654800 0.904900
vt 0.651800 0.865400
vt 0.653700 0.875400
vt 0.655300 0.884500
vt 0.354200 0.875500
vt 0.354600 0.870000
vt 0.647300 0.846100
vt 0.649700 0.855300
vt 0.352100 0.880700
vt 0.345100 0.895600
vt 0.348600 0.887800
vt 0.340500 0.912600
vt 0.342100 0.904000
vt 0.644700 0.839000
vt 0.354300 0.865800
vt 0.354000 0.863200
vt 0.346000 0.876200
vt 0.346700 0.871500
vt 0.654500 0.846200
vt 0.657000 0.855400
vt 0.662900 0.884400
vt 0.664400 0.895200
vt 0.343600 0.881900
vt 0.335600 0.896200
vt 0.339500 0.888200
vt 0.331700 0.912800
vt 0.332800 0.904500
vt 0.652600 0.839000
vt 0.346500 0.867200
vt 0.346600 0.864600
vt 0.659300 0.865300
vt 0.664000 0.904300
vt 0.661100 0.875300
vt 0.658100 0.847100
vt 0.659900 0.855900
vt 0.666600 0.884500
vt 0.669600 0.895100
vt 0.338200 0.881600
vt 0.340500 0.876700
vt 0.330800 0.896700
vt 0.334600 0.888900
vt 0.326400 0.913200
vt 0.327900 0.904800
vt 0.657200 0.839800
vt 0.341700 0.867700
vt 0.342500 0.865600
vt 0.662300 0.865500
vt 0.341200 0.871500
vt 0.669400 0.903800
vt 0.664400 0.875100
vt 0.530600 0.808800
vt 0.530600 0.804900
vt 0.600100 0.740900
vt 0.603000 0.727000
vt 0.608800 0.728600
vt 0.604900 0.739900
vt 0.596700 0.767900
vt 0.599700 0.757100
vt 0.604800 0.754900
vt 0.602100 0.766500
vt 0.605100 0.716500
vt 0.606700 0.707300
vt 0.612200 0.709900
vt 0.610600 0.718400
vt 0.404900 0.776800
vt 0.396900 0.775600
vt 0.396900 0.771300
vt 0.404200 0.771300
vt 0.404600 0.766300
vt 0.397700 0.766800
vt 0.399600 0.761100
vt 0.391700 0.707700
vt 0.385300 0.707300
vt 0.384000 0.697000
vt 0.389200 0.698800
vt 0.414200 0.826900
vt 0.404400 0.827400
vt 0.404000 0.817400
vt 0.414000 0.782200
vt 0.404500 0.780300
vt 0.589700 0.819200
vt 0.392800 0.747600
vt 0.392300 0.742000
vt 0.398800 0.742600
vt 0.400200 0.749600
vt 0.391600 0.735600
vt 0.390000 0.727900
vt 0.395600 0.727900
vt 0.397500 0.736100
vt 0.585100 0.899100
vt 0.387400 0.716800
vt 0.393300 0.717000
vt 0.573300 0.727900
vt 0.607900 0.699000
vt 0.612600 0.702200
vt 0.595400 0.693900
vt 0.587700 0.691800
vt 0.403400 0.804200
vt 0.544800 0.799500
vt 0.601500 0.782100
vt 0.595700 0.782900
vt 0.412900 0.791700
vt 0.404000 0.790900
vt 0.399600 0.754600
vt 0.392300 0.753800
vt 0.561700 0.719800
vt 0.573300 0.702700
vt 0.418700 0.892700
vt 0.446700 0.761500
vt 0.448000 0.766600
vt 0.448400 0.777300
vt 0.447900 0.781200
vt 0.459400 0.766600
vt 0.457100 0.761300
vt 0.444900 0.753900
vt 0.453300 0.754100
vt 0.442500 0.741500
vt 0.450900 0.744500
vt 0.556400 0.733000
vt 0.543600 0.747400
vt 0.548800 0.736100
vt 0.541000 0.759600
vt 0.453300 0.794500
vt 0.458300 0.795700
vt 0.499800 0.825600
vt 0.486700 0.828500
vt 0.518200 0.761400
vt 0.498900 0.758800
vt 0.440800 0.733800
vt 0.560000 0.704800
vt 0.554500 0.696900
vt 0.569900 0.686000
vt 0.574900 0.689800
vt 0.548400 0.688900
vt 0.564000 0.679900
vt 0.449400 0.736800
vt 0.437900 0.726000
vt 0.447400 0.727000
vt 0.445400 0.793300
vt 0.439800 0.771100
vt 0.475100 0.765600
vt 0.476300 0.772600
vt 0.544000 0.683500
vt 0.542800 0.681500
vt 0.555200 0.672400
vt 0.558200 0.675300
vt 0.402300 0.699200
vt 0.410100 0.697900
vt 0.547200 0.703000
vt 0.542700 0.694600
vt 0.538400 0.687600
vt 0.535300 0.760300
vt 0.549900 0.709900
vt 0.540400 0.769800
vt 0.556600 0.722400
vt 0.450100 0.687800
vt 0.450500 0.685500
vt 0.459600 0.690400
vt 0.458900 0.692800
vt 0.446500 0.704700
vt 0.448500 0.694600
vt 0.458300 0.699500
vt 0.458600 0.708700
vt 0.458500 0.717400
vt 0.444100 0.714200
vt 0.457300 0.728800
vt 0.457700 0.737800
vt 0.458600 0.745100
vt 0.469400 0.697000
vt 0.468800 0.702900
vt 0.468800 0.710200
vt 0.461000 0.753400
vt 0.468500 0.717700
vt 0.465000 0.760800
vt 0.467600 0.766600
vt 0.401500 0.909700
vt 0.444200 0.683000
vt 0.444200 0.680200
vt 0.442100 0.689200
vt 0.439500 0.699100
vt 0.436100 0.707300
vt 0.421300 0.691600
vt 0.425500 0.687500
vt 0.428100 0.708400
vt 0.419200 0.692900
vt 0.416800 0.695200
vt 0.580500 0.690700
vt 0.433300 0.717600
vt 0.561400 0.711300
vt 0.577100 0.691000
vt 0.455800 0.787600
vt 0.446900 0.784900
vt 0.461500 0.790200
vt 0.589200 0.790800
vt 0.433900 0.675500
vt 0.435800 0.672000
vt 0.501500 0.797700
vt 0.488900 0.824300
vt 0.465400 0.791500
vt 0.463300 0.797700
vt 0.469900 0.794700
vt 0.467000 0.798000
vt 0.474800 0.788800
vt 0.472500 0.786700
vt 0.469200 0.788500
vt 0.471900 0.792100
vt 0.430800 0.681600
vt 0.538000 0.790500
vt 0.534800 0.795700
vt 0.464600 0.785900
vt 0.457900 0.783700
vt 0.469000 0.781700
vt 0.448300 0.772000
vt 0.460600 0.778800
vt 0.540300 0.780900
vt 0.469300 0.773100
vt 0.460900 0.772500
vt 0.394900 0.699400
vt 0.537200 0.685300
vt 0.537800 0.749000
vt 0.548900 0.721400
vt 0.546100 0.728900
vt 0.542200 0.737900
vt 0.536300 0.684500
vt 0.542600 0.680400
vt 0.444700 0.679500
vt 0.451100 0.685100
vt 0.436700 0.671400
vt 0.554700 0.671400
vt 0.518500 0.848400
vt 0.460000 0.690100
vt 0.472300 0.793100
vt 0.470400 0.795300
vt 0.467500 0.798800
vt 0.501200 0.798200
vt 0.475200 0.789700
vt 0.392300 0.759600
vt 0.384000 0.727600
vt 0.380500 0.716100
vt 0.616500 0.730300
vt 0.614600 0.743300
vt 0.609900 0.766600
vt 0.609100 0.781200
vt 0.378800 0.707200
vt 0.611500 0.754200
vt 0.385200 0.752200
vt 0.385400 0.748700
vt 0.385900 0.741900
vt 0.619300 0.703300
vt 0.618400 0.711300
vt 0.385100 0.757400
vt 0.377300 0.697800
vt 0.385400 0.735100
vt 0.619000 0.720000
vt 0.378500 0.734200
vt 0.376900 0.726200
vt 0.617200 0.765700
vt 0.616700 0.773800
vt 0.374400 0.715600
vt 0.371600 0.706400
vt 0.378200 0.753200
vt 0.378600 0.750200
vt 0.621000 0.743500
vt 0.618200 0.752800
vt 0.378900 0.746200
vt 0.627900 0.705600
vt 0.626900 0.714100
vt 0.623800 0.732900
vt 0.626000 0.722900
vt 0.378800 0.740700
vt 0.368700 0.697700
vt 0.370900 0.750700
vt 0.371500 0.748400
vt 0.629000 0.745600
vt 0.626500 0.756400
vt 0.372000 0.744200
vt 0.635800 0.707700
vt 0.635000 0.716400
vt 0.632000 0.735100
vt 0.634200 0.725100
vt 0.372000 0.739200
vt 0.624900 0.765800
vt 0.371100 0.732800
vt 0.369600 0.724800
vt 0.367500 0.713900
vt 0.364300 0.705200
vt 0.360600 0.697200
vt 0.624300 0.771700
vt 0.638200 0.746700
vt 0.635300 0.757000
vt 0.364000 0.746400
vt 0.364700 0.742200
vt 0.645000 0.708700
vt 0.644400 0.718800
vt 0.641600 0.736900
vt 0.643700 0.728200
vt 0.364900 0.737000
vt 0.633200 0.765900
vt 0.363700 0.730700
vt 0.361500 0.722900
vt 0.358100 0.715200
vt 0.354700 0.706500
vt 0.351700 0.698100
vt 0.632500 0.771600
vt 0.363100 0.748800
vt 0.654200 0.711400
vt 0.653700 0.720900
vt 0.650700 0.738500
vt 0.648000 0.747700
vt 0.652500 0.730200
vt 0.356200 0.739600
vt 0.356100 0.734100
vt 0.645400 0.757100
vt 0.642700 0.765900
vt 0.354700 0.728100
vt 0.351600 0.720700
vt 0.347700 0.713900
vt 0.343900 0.705100
vt 0.342400 0.696700
vt 0.640900 0.772100
vt 0.354900 0.747200
vt 0.355600 0.744500
vt 0.348200 0.738000
vt 0.347900 0.732800
vt 0.653600 0.757700
vt 0.650700 0.766100
vt 0.662000 0.721800
vt 0.660800 0.730800
vt 0.346100 0.726800
vt 0.342700 0.720200
vt 0.338300 0.712800
vt 0.335100 0.704600
vt 0.334100 0.696400
vt 0.648400 0.772300
vt 0.347500 0.745700
vt 0.347600 0.742600
vt 0.656500 0.748400
vt 0.662500 0.712400
vt 0.659000 0.739500
vt 0.657800 0.757700
vt 0.654900 0.766800
vt 0.666800 0.722400
vt 0.665500 0.731300
vt 0.342200 0.732500
vt 0.340600 0.726500
vt 0.337500 0.719700
vt 0.333500 0.711500
vt 0.330600 0.703600
vt 0.329400 0.695800
vt 0.652800 0.771500
vt 0.343400 0.744600
vt 0.342800 0.742200
vt 0.660900 0.748800
vt 0.342700 0.737900
vt 0.667200 0.713300
vt 0.663600 0.740000
vt 0.192900 0.961500
vt 0.185200 0.958400
vt 0.186000 0.955200
vt 0.193500 0.957000
vt 0.183600 0.957500
vt 0.185100 0.954400
vt 0.182800 0.956100
vt 0.184600 0.953300
vt 0.181300 0.950900
vt 0.183400 0.950400
vt 0.181200 0.947100
vt 0.183700 0.949100
vt 0.193000 0.948200
vt 0.184400 0.947400
vt 0.181000 0.941600
vt 0.188800 0.941800
vt 0.180800 0.939200
vt 0.188700 0.939600
vt 0.180900 0.934600
vt 0.188900 0.935200
vt 0.181700 0.921300
vt 0.187600 0.919800
vt 0.188100 0.921800
vt 0.181000 0.922700
vt 0.182500 0.920500
vt 0.187000 0.918400
vt 0.176100 0.850400
vt 0.180500 0.850000
vt 0.176700 0.854500
vt 0.178600 0.856600
vt 0.177000 0.846900
vt 0.181800 0.848600
vt 0.179100 0.844700
vt 0.184700 0.848000
vt 0.184400 0.843100
vt 0.188100 0.848100
vt 0.187800 0.854400
vt 0.183800 0.858800
vt 0.191400 0.848200
vt 0.191400 0.854500
vt 0.188400 0.860800
vt 0.189300 0.841300
vt 0.192200 0.863800
vt 0.200600 0.865300
vt 0.211000 0.864600
vt 0.220600 0.864200
vt 0.189800 0.918700
vt 0.190600 0.921600
vt 0.191700 0.934500
vt 0.191100 0.940000
vt 0.191100 0.941900
vt 0.194500 0.948500
vt 0.195200 0.956700
vt 0.195500 0.961900
vt 0.196700 0.919100
vt 0.196800 0.922100
vt 0.197400 0.935500
vt 0.197500 0.940900
vt 0.197400 0.942400
vt 0.197300 0.948700
vt 0.197500 0.956500
vt 0.197900 0.962400
vt 0.208700 0.918800
vt 0.208700 0.921500
vt 0.208900 0.935000
vt 0.208400 0.940600
vt 0.208500 0.942200
vt 0.208300 0.948700
vt 0.208500 0.956200
vt 0.205400 0.964200
vt 0.219400 0.918100
vt 0.219300 0.920700
vt 0.220000 0.934300
vt 0.219500 0.939800
vt 0.219400 0.941500
vt 0.219400 0.948800
vt 0.219800 0.955900
vt 0.221100 0.963600
vt 0.195700 0.848300
vt 0.195300 0.854900
vt 0.194800 0.841800
vt 0.199400 0.841900
vt 0.200800 0.848700
vt 0.200100 0.855300
vt 0.207700 0.842700
vt 0.209900 0.849100
vt 0.209800 0.855000
vt 0.221100 0.842000
vt 0.220700 0.849200
vt 0.220300 0.854600
vt 0.187900 0.951200
vt 0.187800 0.951500
vt 0.182300 0.862100
vt 0.176100 0.858900
vt 0.188100 0.952300
vt 0.180200 0.962100
vt 0.178000 0.959900
vt 0.173900 0.942800
vt 0.173700 0.941500
vt 0.173700 0.855500
vt 0.185700 0.852800
vt 0.188200 0.951000
vt 0.182300 0.963400
vt 0.175600 0.953700
vt 0.173100 0.851000
vt 0.189700 0.951500
vt 0.187000 0.965800
vt 0.181000 0.926500
vt 0.173100 0.927700
vt 0.173900 0.922600
vt 0.173300 0.936500
vt 0.182400 0.851100
vt 0.175000 0.919800
vt 0.174600 0.949000
vt 0.184500 0.850200
vt 0.182900 0.850400
vt 0.174100 0.845800
vt 0.176700 0.843000
vt 0.190000 0.967100
vt 0.189400 0.866400
vt 0.182700 0.913100
vt 0.176300 0.918200
vt 0.182500 0.840700
vt 0.186600 0.864300
vt 0.186100 0.850400
vt 0.189600 0.952900
vt 0.188500 0.952800
vt 0.187900 0.839300
vt 0.188300 0.952600
vt 0.199700 0.971300
vt 0.194600 0.971600
vt 0.219900 0.973100
vt 0.246700 0.842100
vt 0.242700 0.842200
vt 0.248500 0.831400
vt 0.249100 0.837400
vt 0.193200 0.832700
vt 0.202000 0.832500
vt 0.219300 0.832100
vt 0.188600 0.926700
vt 0.191500 0.926500
vt 0.197300 0.927000
vt 0.208800 0.926100
vt 0.219700 0.925400
vt 0.249800 0.960100
vt 0.247500 0.956500
vt 0.256200 0.958400
vt 0.258100 0.957400
vt 0.259000 0.956100
vt 0.257200 0.952600
vt 0.259600 0.951800
vt 0.257400 0.950500
vt 0.260100 0.947700
vt 0.257300 0.949100
vt 0.246700 0.947800
vt 0.251800 0.941800
vt 0.260500 0.942300
vt 0.256600 0.947300
vt 0.260800 0.940000
vt 0.251900 0.939800
vt 0.260900 0.935000
vt 0.252100 0.934900
vt 0.260600 0.923600
vt 0.252700 0.921700
vt 0.265600 0.851000
vt 0.265200 0.855000
vt 0.260900 0.853900
vt 0.261100 0.850600
vt 0.263400 0.857100
vt 0.259700 0.855000
vt 0.264600 0.847300
vt 0.260200 0.849100
vt 0.257500 0.848500
vt 0.262700 0.845300
vt 0.257500 0.843700
vt 0.253700 0.848700
vt 0.257900 0.859300
vt 0.253600 0.855400
vt 0.250200 0.855200
vt 0.250100 0.848800
vt 0.252300 0.841900
vt 0.249900 0.921100
vt 0.249200 0.939900
vt 0.249200 0.934400
vt 0.249000 0.941800
vt 0.244600 0.947800
vt 0.244800 0.955400
vt 0.246800 0.960900
vt 0.243300 0.921200
vt 0.242600 0.940200
vt 0.242900 0.934700
vt 0.242400 0.941800
vt 0.242700 0.948400
vt 0.243300 0.955800
vt 0.244200 0.962200
vt 0.230400 0.920900
vt 0.231100 0.918400
vt 0.230700 0.940100
vt 0.231100 0.934500
vt 0.230500 0.941700
vt 0.232700 0.948300
vt 0.234500 0.955300
vt 0.236700 0.963800
vt 0.246300 0.855400
vt 0.246400 0.848700
vt 0.241300 0.848700
vt 0.241200 0.855500
vt 0.231900 0.849800
vt 0.233500 0.841800
vt 0.230900 0.855300
vt 0.252800 0.951400
vt 0.252800 0.951000
vt 0.265100 0.859100
vt 0.258800 0.862300
vt 0.252800 0.952100
vt 0.262300 0.960000
vt 0.260300 0.962100
vt 0.267200 0.941700
vt 0.267000 0.943000
vt 0.267600 0.855700
vt 0.255800 0.853400
vt 0.258700 0.853200
vt 0.252400 0.950700
vt 0.258000 0.963400
vt 0.265100 0.953900
vt 0.268100 0.851200
vt 0.247000 0.973700
vt 0.241600 0.974600
vt 0.259200 0.853000
vt 0.250200 0.951400
vt 0.253400 0.965700
vt 0.267200 0.922800
vt 0.267900 0.927900
vt 0.260900 0.927100
vt 0.267600 0.936700
vt 0.259300 0.851800
vt 0.266300 0.949200
vt 0.258900 0.851100
vt 0.257300 0.850900
vt 0.264600 0.843200
vt 0.267200 0.846200
vt 0.251300 0.966400
vt 0.192400 0.837800
vt 0.258800 0.840900
vt 0.255500 0.851200
vt 0.250800 0.953100
vt 0.252800 0.840000
vt 0.234300 0.831600
vt 0.252700 0.926500
vt 0.249800 0.926000
vt 0.243300 0.926000
vt 0.230900 0.925600
vt 0.202300 0.717100
vt 0.201900 0.720700
vt 0.194400 0.720200
vt 0.194500 0.716500
vt 0.217200 0.717400
vt 0.217000 0.720600
vt 0.209400 0.720400
vt 0.209500 0.717100
vt 0.228300 0.720800
vt 0.227700 0.717500
vt 0.160400 0.717800
vt 0.170700 0.718600
vt 0.180400 0.718700
vt 0.187400 0.719500
vt 0.159300 0.714600
vt 0.170400 0.715900
vt 0.180600 0.715800
vt 0.187600 0.716500
vt 0.234900 0.717500
vt 0.235100 0.720800
vt 0.153300 0.717800
vt 0.153000 0.714500
vt 0.215100 0.824200
vt 0.196700 0.824200
vt 0.234300 0.824200
vt 0.249700 0.824200
vt 0.191300 0.824200
vt 0.072600 0.956600
vt 0.066500 0.955100
vt 0.067400 0.952100
vt 0.073300 0.952700
vt 0.064900 0.954200
vt 0.066500 0.951200
vt 0.064200 0.953100
vt 0.066000 0.950100
vt 0.063500 0.949300
vt 0.065500 0.948200
vt 0.063100 0.945600
vt 0.065700 0.947000
vt 0.074200 0.944600
vt 0.066300 0.945300
vt 0.070700 0.939800
vt 0.070600 0.937900
vt 0.062100 0.933700
vt 0.070200 0.933400
vt 0.062600 0.920900
vt 0.068800 0.919000
vt 0.069400 0.921000
vt 0.062100 0.922500
vt 0.063400 0.919800
vt 0.068300 0.917500
vt 0.057200 0.847900
vt 0.061700 0.847600
vt 0.061800 0.850800
vt 0.057600 0.851700
vt 0.062800 0.851600
vt 0.059300 0.853800
vt 0.057900 0.844100
vt 0.062600 0.846200
vt 0.059800 0.842000
vt 0.065400 0.845900
vt 0.065200 0.840600
vt 0.068800 0.846100
vt 0.068900 0.852400
vt 0.064700 0.856000
vt 0.072400 0.846200
vt 0.072300 0.852600
vt 0.069300 0.858000
vt 0.070400 0.838800
vt 0.073200 0.861200
vt 0.082000 0.862500
vt 0.091300 0.863200
vt 0.101200 0.863500
vt 0.070900 0.917900
vt 0.071700 0.920600
vt 0.073100 0.933200
vt 0.073100 0.937800
vt 0.073200 0.939600
vt 0.076400 0.944700
vt 0.075900 0.952600
vt 0.076000 0.956600
vt 0.078000 0.917600
vt 0.078300 0.920400
vt 0.078700 0.933500
vt 0.079200 0.938000
vt 0.079300 0.939500
vt 0.078900 0.945000
vt 0.078200 0.952300
vt 0.078600 0.958500
vt 0.090300 0.918000
vt 0.090400 0.920600
vt 0.089800 0.933500
vt 0.090200 0.938100
vt 0.090400 0.939600
vt 0.090500 0.945400
vt 0.090200 0.952400
vt 0.086200 0.959400
vt 0.101000 0.918300
vt 0.101000 0.920800
vt 0.100500 0.933600
vt 0.100900 0.938200
vt 0.101100 0.939700
vt 0.101400 0.946400
vt 0.101600 0.953200
vt 0.101200 0.960700
vt 0.076500 0.846400
vt 0.076300 0.853200
vt 0.075600 0.839200
vt 0.080000 0.839500
vt 0.081700 0.846500
vt 0.081400 0.853700
vt 0.089000 0.840000
vt 0.091000 0.847100
vt 0.091300 0.853500
vt 0.102100 0.840000
vt 0.102000 0.847800
vt 0.102000 0.853600
vt 0.069500 0.947800
vt 0.069500 0.948100
vt 0.063500 0.858800
vt 0.057200 0.855600
vt 0.069400 0.948500
vt 0.061700 0.958800
vt 0.059600 0.956800
vt 0.054900 0.852300
vt 0.064200 0.849900
vt 0.066600 0.849900
vt 0.069700 0.947600
vt 0.063700 0.960300
vt 0.057000 0.950600
vt 0.054400 0.847800
vt 0.063700 0.849600
vt 0.070800 0.947900
vt 0.068600 0.962600
vt 0.062000 0.926100
vt 0.054400 0.924600
vt 0.055100 0.919600
vt 0.054600 0.933400
vt 0.063800 0.848700
vt 0.056300 0.916800
vt 0.055900 0.945900
vt 0.065600 0.848200
vt 0.064200 0.848200
vt 0.055300 0.842500
vt 0.057900 0.839500
vt 0.070500 0.963900
vt 0.070500 0.863100
vt 0.063900 0.909800
vt 0.057400 0.915100
vt 0.063700 0.837300
vt 0.067700 0.860900
vt 0.066900 0.848400
vt 0.070900 0.949100
vt 0.069700 0.949000
vt 0.069200 0.836000
vt 0.069500 0.948800
vt 0.080600 0.967600
vt 0.075500 0.967600
vt 0.128300 0.839100
vt 0.123900 0.838900
vt 0.130500 0.834100
vt 0.069700 0.925500
vt 0.072600 0.925700
vt 0.078500 0.925600
vt 0.090100 0.925500
vt 0.100600 0.925800
vt 0.131400 0.956400
vt 0.127800 0.953000
vt 0.134300 0.952500
vt 0.135100 0.955300
vt 0.135200 0.951900
vt 0.136600 0.954600
vt 0.137500 0.953600
vt 0.136800 0.950500
vt 0.139100 0.949300
vt 0.137000 0.948500
vt 0.139500 0.945600
vt 0.136800 0.947200
vt 0.126600 0.945000
vt 0.131600 0.939900
vt 0.140100 0.940400
vt 0.136100 0.945400
vt 0.140300 0.938200
vt 0.131800 0.937900
vt 0.140400 0.933800
vt 0.132300 0.933500
vt 0.141400 0.922400
vt 0.133500 0.921300
vt 0.134300 0.919300
vt 0.146700 0.847900
vt 0.146100 0.851900
vt 0.142500 0.850900
vt 0.142500 0.847600
vt 0.144200 0.854000
vt 0.141500 0.851700
vt 0.146100 0.844200
vt 0.141500 0.846000
vt 0.138400 0.845300
vt 0.144400 0.842200
vt 0.134600 0.845300
vt 0.139100 0.856600
vt 0.135100 0.852200
vt 0.131500 0.852200
vt 0.131400 0.845300
vt 0.134200 0.858200
vt 0.130400 0.861300
vt 0.121800 0.863500
vt 0.111300 0.863400
vt 0.130800 0.921100
vt 0.131800 0.918300
vt 0.129200 0.938100
vt 0.129100 0.933600
vt 0.129200 0.939800
vt 0.125300 0.944800
vt 0.126000 0.952500
vt 0.126800 0.957800
vt 0.123900 0.921500
vt 0.124200 0.918700
vt 0.122500 0.938400
vt 0.122500 0.933900
vt 0.122600 0.939800
vt 0.122800 0.945300
vt 0.123900 0.952600
vt 0.124400 0.959200
vt 0.111500 0.921100
vt 0.111600 0.918600
vt 0.111500 0.938300
vt 0.111200 0.933800
vt 0.111600 0.939800
vt 0.112100 0.945600
vt 0.112600 0.952800
vt 0.117500 0.960700
vt 0.127400 0.852900
vt 0.127300 0.845500
vt 0.122300 0.846000
vt 0.122500 0.853400
vt 0.113200 0.848000
vt 0.114600 0.839400
vt 0.112600 0.853800
vt 0.132700 0.948100
vt 0.132600 0.947800
vt 0.146600 0.856000
vt 0.140200 0.859000
vt 0.132300 0.948700
vt 0.143200 0.957000
vt 0.141000 0.958800
vt 0.148100 0.938600
vt 0.148100 0.940000
vt 0.149000 0.852600
vt 0.137200 0.850200
vt 0.139700 0.849800
vt 0.132400 0.947500
vt 0.138900 0.960100
vt 0.146000 0.950800
vt 0.149600 0.848100
vt 0.140300 0.849400
vt 0.130600 0.948100
vt 0.134000 0.962200
vt 0.148200 0.919900
vt 0.149000 0.924800
vt 0.141100 0.926100
vt 0.148600 0.933600
vt 0.140400 0.848400
vt 0.147100 0.946100
vt 0.139800 0.847700
vt 0.138200 0.847600
vt 0.146000 0.839900
vt 0.148600 0.842900
vt 0.132000 0.963100
vt 0.133300 0.863300
vt 0.073600 0.834500
vt 0.136100 0.861200
vt 0.136700 0.848000
vt 0.130400 0.949400
vt 0.131900 0.949200
vt 0.132200 0.949100
vt 0.132600 0.926000
vt 0.129400 0.926300
vt 0.123400 0.926800
vt 0.111300 0.926100
vt 0.122300 0.970600
vt 0.102100 0.970100
vt 0.127700 0.970200
vt 0.084500 0.085200
vt 0.090500 0.084400
vt 0.092300 0.087600
vt 0.084300 0.088900
vt 0.076800 0.085400
vt 0.076700 0.089200
vt 0.069400 0.085500
vt 0.069100 0.089400
vt 0.061900 0.085500
vt 0.061200 0.089500
vt 0.054600 0.085200
vt 0.054100 0.089400
vt 0.032300 0.078400
vt 0.033300 0.082100
vt 0.028600 0.082400
vt 0.025700 0.080900
vt 0.033000 0.085000
vt 0.031400 0.088600
vt 0.025500 0.086600
vt 0.028400 0.084900
vt 0.028500 0.083700
vt 0.025000 0.083700
vt 0.090600 0.083200
vt 0.094400 0.083700
vt 0.076700 0.083300
vt 0.084300 0.083300
vt 0.090600 0.081900
vt 0.093300 0.079900
vt 0.054300 0.070900
vt 0.061400 0.071100
vt 0.061300 0.073100
vt 0.054100 0.072800
vt 0.061400 0.069100
vt 0.068700 0.068900
vt 0.068700 0.071000
vt 0.076100 0.068800
vt 0.075900 0.071100
vt 0.083600 0.069100
vt 0.083500 0.071200
vt 0.090300 0.069900
vt 0.090200 0.071300
vt 0.046700 0.072800
vt 0.047000 0.071200
vt 0.039700 0.073200
vt 0.040200 0.071400
vt 0.033400 0.073400
vt 0.033800 0.071700
vt 0.038100 0.077300
vt 0.031000 0.076800
vt 0.045900 0.076800
vt 0.053500 0.076900
vt 0.083700 0.073100
vt 0.090200 0.072500
vt 0.091900 0.075800
vt 0.083700 0.076900
vt 0.076100 0.073100
vt 0.076200 0.076900
vt 0.068900 0.073100
vt 0.068600 0.077000
vt 0.060600 0.077200
vt 0.040000 0.069700
vt 0.033800 0.070000
vt 0.032100 0.066600
vt 0.039000 0.065900
vt 0.047100 0.069500
vt 0.046800 0.065400
vt 0.054400 0.069000
vt 0.054500 0.065000
vt 0.084700 0.065700
vt 0.093000 0.068000
vt 0.077000 0.065100
vt 0.069100 0.065000
vt 0.061400 0.065100
vt 0.028500 0.070600
vt 0.025700 0.069300
vt 0.025400 0.074600
vt 0.028000 0.073200
vt 0.028300 0.071900
vt 0.025000 0.071900
vt 0.094100 0.071900
vt 0.054900 0.107700
vt 0.062000 0.107900
vt 0.061900 0.109900
vt 0.054700 0.109500
vt 0.061900 0.105900
vt 0.069100 0.105600
vt 0.069200 0.107800
vt 0.046900 0.109800
vt 0.047100 0.108100
vt 0.038900 0.110000
vt 0.039200 0.108400
vt 0.033100 0.109600
vt 0.033300 0.108100
vt 0.038000 0.113500
vt 0.031300 0.112700
vt 0.046300 0.113600
vt 0.054100 0.113600
vt 0.084500 0.109600
vt 0.090600 0.108800
vt 0.092400 0.112100
vt 0.084300 0.113300
vt 0.076900 0.109800
vt 0.076700 0.113600
vt 0.069400 0.109900
vt 0.069100 0.113800
vt 0.061200 0.113900
vt 0.039200 0.106600
vt 0.033300 0.106500
vt 0.032200 0.103100
vt 0.039000 0.102900
vt 0.047300 0.106300
vt 0.047300 0.102500
vt 0.055000 0.105900
vt 0.055100 0.101900
vt 0.090700 0.106300
vt 0.084300 0.105700
vt 0.085100 0.102200
vt 0.093300 0.104300
vt 0.061900 0.101900
vt 0.069500 0.101700
vt 0.028000 0.106800
vt 0.025500 0.105400
vt 0.025800 0.110700
vt 0.028000 0.109400
vt 0.028000 0.108200
vt 0.025000 0.108100
vt 0.090600 0.107700
vt 0.094500 0.108100
vt 0.076700 0.107700
vt 0.084300 0.107700
vt 0.054800 0.095500
vt 0.061900 0.095700
vt 0.061900 0.097700
vt 0.054600 0.097400
vt 0.046600 0.097500
vt 0.046800 0.095800
vt 0.039000 0.097500
vt 0.039200 0.095900
vt 0.046400 0.101600
vt 0.038400 0.101600
vt 0.054100 0.101600
vt 0.084500 0.097400
vt 0.090500 0.096600
vt 0.092300 0.099800
vt 0.084300 0.101100
vt 0.076800 0.097600
vt 0.076700 0.101400
vt 0.069400 0.097700
vt 0.069100 0.101600
vt 0.061200 0.101700
vt 0.033000 0.097200
vt 0.031400 0.100800
vt 0.025500 0.098800
vt 0.028400 0.097100
vt 0.028500 0.095900
vt 0.025000 0.095900
vt 0.090600 0.095400
vt 0.094400 0.095900
vt 0.090600 0.094100
vt 0.093300 0.092100
vt 0.399900 0.747900
vt 0.388000 0.715300
vt 0.392800 0.713200
vt 0.404600 0.745600
vt 0.316700 0.438700
vt 0.340800 0.471500
vt 0.364600 0.465900
vt 0.343100 0.441000
vt 0.417900 0.471500
vt 0.424800 0.478900
vt 0.404300 0.501300
vt 0.397900 0.495400
vt 0.514500 0.339600
vt 0.487700 0.323200
vt 0.472900 0.352600
vt 0.497200 0.368900
vt 0.565900 0.319800
vt 0.533400 0.352900
vt 0.531000 0.306900
vt 0.402500 0.460600
vt 0.384900 0.448800
vt 0.383500 0.483000
vt 0.514900 0.381600
vt 0.540700 0.359300
vt 0.522900 0.386800
vt 0.785700 0.328200
vt 0.807800 0.337100
vt 0.803900 0.344600
vt 0.784400 0.333300
vt 0.499000 0.293300
vt 0.795500 0.358100
vt 0.775900 0.344700
vt 0.371000 0.532000
vt 0.379100 0.541500
vt 0.366600 0.430100
vt 0.360600 0.501400
vt 0.411500 0.510900
vt 0.433700 0.490000
vt 0.373200 0.582800
vt 0.387500 0.551700
vt 0.384600 0.589000
vt 0.387300 0.639900
vt 0.373700 0.640400
vt 0.382000 0.680600
vt 0.392500 0.675200
vt 0.399700 0.705400
vt 0.613400 0.317900
vt 0.676600 0.311500
vt 0.676600 0.322800
vt 0.620300 0.326500
vt 0.585200 0.336600
vt 0.576400 0.330400
vt 0.719800 0.317800
vt 0.719600 0.310300
vt 0.758500 0.320100
vt 0.756000 0.324400
vt 0.747700 0.332500
vt 0.715000 0.327500
vt 0.413400 0.759500
vt 0.408600 0.763100
vt 0.413700 0.738100
vt 0.422100 0.751700
vt 0.550300 0.363100
vt 0.534200 0.390500
vt 0.447300 0.335700
vt 0.461100 0.306800
vt 0.054800 0.083300
vt 0.061900 0.083500
vt 0.046800 0.083600
vt 0.046600 0.085300
vt 0.038400 0.089400
vt 0.039000 0.085300
vt 0.046400 0.089400
vt 0.054900 0.081400
vt 0.055100 0.077400
vt 0.047300 0.077700
vt 0.047000 0.081800
vt 0.061900 0.081500
vt 0.061900 0.077500
vt 0.033200 0.095800
vt 0.047000 0.094000
vt 0.047300 0.089900
vt 0.039200 0.090000
vt 0.039200 0.094100
vt 0.054900 0.093600
vt 0.055100 0.089600
vt 0.085100 0.090000
vt 0.084300 0.093500
vt 0.076700 0.093300
vt 0.077400 0.089500
vt 0.069500 0.089500
vt 0.069100 0.093400
vt 0.061900 0.089700
vt 0.061900 0.093700
vt 0.069200 0.095600
vt 0.076700 0.095500
vt 0.084300 0.095500
vt 0.467700 0.277000
vt 0.377100 0.681300
vt 0.368500 0.640100
vt 0.612100 0.310800
vt 0.072100 0.560500
vt 0.125800 0.584900
vt 0.124400 0.599700
vt 0.062300 0.578200
vt 0.158100 0.510600
vt 0.169200 0.498000
vt 0.231000 0.508800
vt 0.222900 0.527000
vt 0.323200 0.521400
vt 0.318200 0.537800
vt 0.423800 0.524900
vt 0.421800 0.538200
vt 0.535300 0.525700
vt 0.538900 0.538300
vt 0.652700 0.527900
vt 0.658500 0.541700
vt 0.735900 0.518800
vt 0.737000 0.532200
vt 0.807300 0.512600
vt 0.813200 0.521500
vt 0.872400 0.502500
vt 0.875600 0.508200
vt 0.947000 0.481100
vt 0.946300 0.486000
vt 0.026100 0.532700
vt 0.043100 0.524100
vt 0.102600 0.473300
vt 0.098800 0.488700
vt 0.143000 0.553800
vt 0.214700 0.562300
vt 0.312400 0.561100
vt 0.419200 0.561000
vt 0.541500 0.555100
vt 0.662800 0.555500
vt 0.738000 0.545300
vt 0.818700 0.529600
vt 0.882400 0.516800
vt 0.953800 0.492000
vt 0.060300 0.471400
vt 0.055600 0.450100
vt 0.088200 0.528900
vt 0.053100 0.494600
vt 0.211900 0.589900
vt 0.217800 0.602200
vt 0.317700 0.586100
vt 0.326000 0.599100
vt 0.423700 0.584000
vt 0.427100 0.601200
vt 0.542900 0.574400
vt 0.540300 0.588400
vt 0.667600 0.565100
vt 0.676300 0.578400
vt 0.738700 0.553800
vt 0.743600 0.565600
vt 0.825100 0.540500
vt 0.830600 0.548000
vt 0.886500 0.525200
vt 0.889700 0.529600
vt 0.955300 0.497100
vt 0.959100 0.500600
vt 0.038900 0.481100
vt 0.965700 0.490600
vt 0.919100 0.227400
vt 0.928000 0.244400
vt 0.865900 0.265400
vt 0.865300 0.251800
vt 0.832200 0.176700
vt 0.767600 0.194000
vt 0.759500 0.175100
vt 0.821400 0.164200
vt 0.672300 0.204100
vt 0.667400 0.187500
vt 0.568800 0.205700
vt 0.566900 0.191200
vt 0.451400 0.205900
vt 0.455400 0.193500
vt 0.331300 0.209100
vt 0.337300 0.194800
vt 0.253700 0.198400
vt 0.254800 0.184500
vt 0.177400 0.187200
vt 0.183200 0.178600
vt 0.115000 0.173600
vt 0.118300 0.168000
vt 0.043800 0.151500
vt 0.044000 0.146400
vt 0.947700 0.191600
vt 0.964700 0.199500
vt 0.887900 0.139500
vt 0.891400 0.155400
vt 0.847700 0.220500
vt 0.775600 0.228800
vt 0.677600 0.228100
vt 0.571000 0.227200
vt 0.449000 0.221700
vt 0.327500 0.221400
vt 0.252700 0.211000
vt 0.171900 0.195200
vt 0.108400 0.182300
vt 0.037600 0.157100
vt 0.934900 0.116400
vt 0.930500 0.137900
vt 0.902400 0.195700
vt 0.937200 0.162300
vt 0.772500 0.268200
vt 0.778300 0.256800
vt 0.664200 0.265400
vt 0.672500 0.252700
vt 0.563200 0.267300
vt 0.567000 0.251600
vt 0.449800 0.254800
vt 0.447600 0.241400
vt 0.313700 0.244700
vt 0.322800 0.230800
vt 0.246700 0.231600
vt 0.252100 0.219400
vt 0.159800 0.213600
vt 0.165300 0.206200
vt 0.100800 0.195000
vt 0.104100 0.190700
vt 0.031700 0.165800
vt 0.035800 0.162000
vt 0.951900 0.148200
vt 0.025800 0.155100
vt 0.610400 0.487700
vt 0.489900 0.606600
vt 0.460100 0.595800
vt 0.595900 0.464200
vt 0.435800 0.584200
vt 0.577700 0.441200
vt 0.798200 0.920400
vt 0.606300 0.919700
vt 0.631800 0.870800
vt 0.771400 0.874700
vt 0.663100 0.800700
vt 0.745200 0.801200
vt 0.537200 0.775400
vt 0.607500 0.741800
vt 0.492100 0.797000
vt 0.589700 0.945100
vt 0.461700 0.813800
vt 0.578800 0.971600
vt 0.436000 0.828600
vt 0.964900 0.584700
vt 0.964000 0.834600
vt 0.943700 0.823400
vt 0.947400 0.591300
vt 0.909200 0.803800
vt 0.920100 0.610500
vt 0.871700 0.779700
vt 0.873800 0.632500
vt 0.801400 0.744500
vt 0.801100 0.663900
vt 0.820100 0.436200
vt 0.812800 0.459300
vt 0.801500 0.489400
vt 0.811500 0.943000
vt 0.826600 0.966500
vt 0.777100 0.537400
vt 0.634500 0.535600
vt 0.746500 0.606900
vt 0.664400 0.605400
vt 0.536300 0.629400
vt 0.609200 0.661800
vt 0.202100 0.084200
vt 0.187700 0.060800
vt 0.051800 0.192400
vt 0.081600 0.203200
vt 0.169400 0.037800
vt 0.027600 0.180800
vt 0.389900 0.516900
vt 0.363100 0.471300
vt 0.223600 0.467400
vt 0.198000 0.516200
vt 0.337000 0.397800
vt 0.254800 0.397300
vt 0.199200 0.338400
vt 0.128900 0.372000
vt 0.083800 0.393500
vt 0.181500 0.541700
vt 0.053400 0.410300
vt 0.170500 0.568100
vt 0.027700 0.425200
vt 0.556600 0.181300
vt 0.539100 0.187900
vt 0.535400 0.420000
vt 0.555700 0.431200
vt 0.501000 0.400300
vt 0.511900 0.207100
vt 0.465600 0.229100
vt 0.463400 0.376300
vt 0.392800 0.260500
vt 0.393100 0.341100
vt 0.404500 0.055800
vt 0.411900 0.032700
vt 0.393300 0.085900
vt 0.403200 0.539500
vt 0.418400 0.563000
vt 0.368800 0.134000
vt 0.226300 0.132200
vt 0.256200 0.202000
vt 0.338300 0.203500
vt 0.128000 0.225900
vt 0.200900 0.258400
vt 0.724800 0.753600
vt 0.753800 0.724800
vt 0.683800 0.753000
vt 0.753900 0.683400
vt 0.725300 0.654000
vt 0.684100 0.653600
vt 0.655500 0.682500
vt 0.655200 0.723700
vt 0.316600 0.350200
vt 0.345500 0.321400
vt 0.275600 0.349600
vt 0.345600 0.279900
vt 0.317000 0.250600
vt 0.275800 0.250100
vt 0.247200 0.279100
vt 0.247000 0.320300
vt 0.501000 0.485400
vt 0.521100 0.454600
vt 0.539500 0.463500
vt 0.531300 0.498800
vt 0.564400 0.468400
vt 0.561300 0.505700
vt 0.592200 0.469800
vt 0.590900 0.506300
vt 0.624200 0.469000
vt 0.624900 0.504700
vt 0.653000 0.469900
vt 0.654000 0.499800
vt 0.680600 0.466500
vt 0.682700 0.490300
vt 0.038800 0.439000
vt 0.063900 0.457400
vt 0.081100 0.426800
vt 0.064600 0.414500
vt 0.090600 0.469000
vt 0.102800 0.434700
vt 0.119200 0.476900
vt 0.129900 0.443700
vt 0.150500 0.480300
vt 0.158500 0.450500
vt 0.176500 0.479500
vt 0.182600 0.454400
vt 0.207600 0.474700
vt 0.210400 0.459300
vt 0.271600 0.883100
vt 0.268400 0.897200
vt 0.251100 0.889200
vt 0.254700 0.878500
vt 0.277900 0.861200
vt 0.281000 0.852800
vt 0.291700 0.849200
vt 0.291400 0.859700
vt 0.231100 0.820300
vt 0.227000 0.831100
vt 0.223600 0.830400
vt 0.224300 0.820600
vt 0.217200 0.827200
vt 0.219600 0.836600
vt 0.215600 0.843800
vt 0.209800 0.834000
vt 0.222600 0.838500
vt 0.316500 0.856000
vt 0.314500 0.841400
vt 0.337200 0.832600
vt 0.341400 0.849800
vt 0.365700 0.844900
vt 0.364000 0.827700
vt 0.385900 0.821500
vt 0.386700 0.838100
vt 0.398500 0.835600
vt 0.397200 0.819300
vt 0.410000 0.816200
vt 0.412300 0.832500
vt 0.424700 0.829500
vt 0.420800 0.812800
vt 0.431400 0.809100
vt 0.436900 0.826100
vt 0.446900 0.820500
vt 0.440800 0.804000
vt 0.449900 0.798800
vt 0.457100 0.814900
vt 0.472200 0.810200
vt 0.464300 0.792600
vt 0.480000 0.785100
vt 0.487800 0.804800
vt 0.512300 0.785000
vt 0.501900 0.767500
vt 0.508100 0.762500
vt 0.519100 0.779300
vt 0.540300 0.764100
vt 0.526800 0.745200
vt 0.533900 0.739800
vt 0.548500 0.759200
vt 0.565700 0.742000
vt 0.548200 0.726900
vt 0.552700 0.722900
vt 0.571100 0.736400
vt 0.577800 0.725000
vt 0.562000 0.712300
vt 0.570500 0.702100
vt 0.584300 0.713900
vt 0.592600 0.704900
vt 0.578900 0.693100
vt 0.587500 0.683100
vt 0.601200 0.695100
vt 0.606600 0.689200
vt 0.592700 0.677500
vt 0.596800 0.673400
vt 0.610500 0.684900
vt 0.616700 0.676900
vt 0.601500 0.667600
vt 0.605900 0.662300
vt 0.622300 0.669700
vt 0.625400 0.660100
vt 0.607500 0.651600
vt 0.609400 0.640400
vt 0.629000 0.649000
vt 0.211500 0.799700
vt 0.197300 0.809800
vt 0.190400 0.794100
vt 0.209000 0.781300
vt 0.203600 0.759500
vt 0.181100 0.772900
vt 0.173100 0.752100
vt 0.199900 0.738100
vt 0.192500 0.719700
vt 0.165600 0.734900
vt 0.158800 0.717900
vt 0.186200 0.702300
vt 0.179000 0.680400
vt 0.147900 0.695700
vt 0.137100 0.672300
vt 0.172000 0.657600
vt 0.162800 0.636600
vt 0.126500 0.651300
vt 0.116200 0.629700
vt 0.153700 0.614900
vt 0.134000 0.557700
vt 0.094200 0.585000
vt 0.092200 0.577500
vt 0.132100 0.548900
vt 0.308900 0.829400
vt 0.328300 0.818000
vt 0.277000 0.846900
vt 0.264500 0.852800
vt 0.260500 0.849000
vt 0.272800 0.840600
vt 0.214900 0.867900
vt 0.220300 0.862000
vt 0.225600 0.865000
vt 0.220600 0.872200
vt 0.258100 0.859500
vt 0.252500 0.856000
vt 0.295900 0.812100
vt 0.310800 0.799700
vt 0.320500 0.805300
vt 0.304200 0.818200
vt 0.354900 0.811900
vt 0.344200 0.797700
vt 0.389500 0.804400
vt 0.377200 0.806400
vt 0.368600 0.792700
vt 0.381900 0.789500
vt 0.414800 0.796700
vt 0.404200 0.801100
vt 0.398100 0.785300
vt 0.408400 0.779500
vt 0.435100 0.786100
vt 0.425500 0.792100
vt 0.418600 0.773600
vt 0.428100 0.766700
vt 0.456500 0.772600
vt 0.444400 0.780100
vt 0.437500 0.759700
vt 0.447900 0.751900
vt 0.476700 0.759700
vt 0.469600 0.764400
vt 0.458700 0.743800
vt 0.464900 0.740300
vt 0.504800 0.737900
vt 0.499400 0.745300
vt 0.486400 0.728000
vt 0.492200 0.719100
vt 0.522100 0.713500
vt 0.518700 0.717100
vt 0.505700 0.697600
vt 0.507800 0.694600
vt 0.543000 0.692100
vt 0.533500 0.701700
vt 0.516600 0.684000
vt 0.523300 0.673600
vt 0.556700 0.674600
vt 0.551600 0.682200
vt 0.530900 0.662300
vt 0.535000 0.655800
vt 0.330400 0.788000
vt 0.368200 0.773000
vt 0.354300 0.780900
vt 0.394500 0.758600
vt 0.384000 0.765500
vt 0.414600 0.744800
vt 0.405200 0.752200
vt 0.316800 0.889800
vt 0.343400 0.889500
vt 0.341400 0.918300
vt 0.313600 0.912100
vt 0.369500 0.889400
vt 0.372400 0.919000
vt 0.405800 0.885100
vt 0.411800 0.916600
vt 0.395400 0.917900
vt 0.391500 0.886700
vt 0.437800 0.880800
vt 0.446100 0.911300
vt 0.430500 0.912100
vt 0.422800 0.881600
vt 0.467100 0.874000
vt 0.478000 0.903800
vt 0.461400 0.910000
vt 0.452800 0.879500
vt 0.494900 0.860500
vt 0.507200 0.886900
vt 0.493500 0.897600
vt 0.480400 0.868100
vt 0.519500 0.845100
vt 0.532900 0.868600
vt 0.521500 0.875100
vt 0.509600 0.851800
vt 0.553600 0.817600
vt 0.571100 0.840200
vt 0.563900 0.845300
vt 0.547700 0.821200
vt 0.587700 0.792300
vt 0.603100 0.812100
vt 0.595900 0.819300
vt 0.580600 0.799400
vt 0.616200 0.757100
vt 0.636700 0.774200
vt 0.627300 0.787600
vt 0.609200 0.769500
vt 0.630500 0.733100
vt 0.653300 0.748400
vt 0.646000 0.759900
vt 0.623100 0.743900
vt 0.642400 0.714500
vt 0.666200 0.728100
vt 0.660300 0.736900
vt 0.637700 0.721800
vt 0.652800 0.695500
vt 0.677800 0.705500
vt 0.672000 0.719300
vt 0.646300 0.708000
vt 0.663200 0.676600
vt 0.685700 0.683900
vt 0.682000 0.692700
vt 0.658100 0.684300
vt 0.668900 0.666200
vt 0.650900 0.661000
vt 0.660900 0.610300
vt 0.680300 0.615400
vt 0.580700 0.593400
vt 0.585800 0.629100
vt 0.556900 0.618100
vt 0.552500 0.588200
vt 0.247400 0.875400
vt 0.243200 0.884800
vt 0.234700 0.879700
vt 0.239100 0.871500
vt 0.239000 0.847100
vt 0.233100 0.844200
vt 0.239200 0.835000
vt 0.246300 0.838300
vt 0.226800 0.854300
vt 0.231100 0.856700
vt 0.261600 0.751400
vt 0.284300 0.758300
vt 0.274500 0.775200
vt 0.257700 0.772200
vt 0.294000 0.741200
vt 0.265000 0.730500
vt 0.312500 0.706400
vt 0.302700 0.723500
vt 0.272100 0.710500
vt 0.280000 0.691100
vt 0.333200 0.676400
vt 0.322300 0.691400
vt 0.284100 0.669500
vt 0.289000 0.649200
vt 0.356300 0.650100
vt 0.344400 0.663300
vt 0.295200 0.625800
vt 0.303500 0.593900
vt 0.211300 0.854000
vt 0.204500 0.860400
vt 0.200800 0.857100
vt 0.208200 0.850600
vt 0.201700 0.842300
vt 0.193400 0.850900
vt 0.186100 0.844600
vt 0.195500 0.834200
vt 0.484000 0.551400
vt 0.474000 0.565100
vt 0.426900 0.528200
vt 0.436500 0.514100
vt 0.234600 0.869300
vt 0.230800 0.867600
vt 0.235600 0.859300
vt 0.239400 0.861300
vt 0.283200 0.803700
vt 0.296200 0.790300
vt 0.301100 0.793300
vt 0.288100 0.806300
vt 0.312000 0.775000
vt 0.319200 0.780500
vt 0.340300 0.743600
vt 0.353200 0.754900
vt 0.337700 0.765600
vt 0.328300 0.757400
vt 0.363100 0.721400
vt 0.379400 0.737900
vt 0.369100 0.745500
vt 0.353000 0.731700
vt 0.383700 0.703600
vt 0.399500 0.722300
vt 0.390400 0.730600
vt 0.373900 0.711700
vt 0.268200 0.836100
vt 0.256500 0.845700
vt 0.252700 0.842400
vt 0.263700 0.831600
vt 0.248400 0.853100
vt 0.244600 0.850400
vt 0.518000 0.642400
vt 0.514400 0.647400
vt 0.495100 0.636200
vt 0.503100 0.626900
vt 0.508000 0.657200
vt 0.501700 0.666700
vt 0.492900 0.653400
vt 0.497600 0.647000
vt 0.493000 0.677700
vt 0.490400 0.681200
vt 0.478800 0.670800
vt 0.482000 0.667300
vt 0.473200 0.697600
vt 0.467500 0.703800
vt 0.456900 0.689400
vt 0.462000 0.685300
vt 0.447600 0.717500
vt 0.442000 0.721200
vt 0.432000 0.709300
vt 0.437300 0.705500
vt 0.432800 0.729100
vt 0.423900 0.737200
vt 0.408800 0.714000
vt 0.421300 0.706200
vt 0.226200 0.840900
vt 0.231000 0.832200
vt 0.221300 0.850700
vt 0.238600 0.790800
vt 0.243200 0.770600
vt 0.250400 0.791300
vt 0.244500 0.748700
vt 0.247400 0.708900
vt 0.246700 0.727300
vt 0.248600 0.667400
vt 0.248200 0.688600
vt 0.247200 0.623300
vt 0.248900 0.645900
vt 0.606200 0.602400
vt 0.583200 0.640100
vt 0.580300 0.650400
vt 0.551200 0.636200
vt 0.553900 0.627500
vt 0.575300 0.655000
vt 0.570300 0.659200
vt 0.544200 0.642100
vt 0.547500 0.639400
vt 0.566500 0.662400
vt 0.562200 0.666600
vt 0.538400 0.649800
vt 0.541400 0.645700
vt 0.508600 0.566900
vt 0.500900 0.584600
vt 0.538000 0.606100
vt 0.538500 0.580700
vt 0.535500 0.614200
vt 0.533500 0.621300
vt 0.523000 0.611200
vt 0.524500 0.606300
vt 0.383600 0.492200
vt 0.404700 0.487000
vt 0.256200 0.810800
vt 0.265100 0.793300
vt 0.278300 0.801200
vt 0.265800 0.815800
vt 0.530900 0.625000
vt 0.528500 0.628900
vt 0.510700 0.617600
vt 0.515100 0.609500
vt 0.526100 0.632500
vt 0.228400 0.866400
vt 0.233300 0.858000
vt 0.259900 0.828700
vt 0.249500 0.840300
vt 0.256400 0.826200
vt 0.241800 0.848800
vt 0.483800 0.610800
vt 0.475800 0.619100
vt 0.450000 0.597400
vt 0.456400 0.588500
vt 0.405100 0.685700
vt 0.393600 0.695500
vt 0.377100 0.676200
vt 0.387800 0.664300
vt 0.304300 0.768600
vt 0.290900 0.786800
vt 0.318500 0.748800
vt 0.336900 0.718300
vt 0.327600 0.732800
vt 0.356800 0.693200
vt 0.346500 0.705700
vt 0.366800 0.685000
vt 0.084300 0.160800
vt 0.087000 0.117300
vt 0.113900 0.118900
vt 0.106200 0.155100
vt 0.523700 0.574300
vt 0.519300 0.598000
vt 0.456700 0.440000
vt 0.453600 0.432400
vt 0.458700 0.430200
vt 0.463300 0.437300
vt 0.442300 0.352000
vt 0.426200 0.351500
vt 0.418200 0.332100
vt 0.437600 0.331800
vt 0.234200 0.576500
vt 0.284100 0.573300
vt 0.245600 0.599600
vt 0.147100 0.599100
vt 0.108700 0.617500
vt 0.101200 0.605200
vt 0.140700 0.583000
vt 0.216600 0.540900
vt 0.255200 0.531400
vt 0.264100 0.546500
vt 0.222200 0.553100
vt 0.076600 0.636600
vt 0.084500 0.649200
vt 0.054000 0.668700
vt 0.045700 0.655600
vt 0.064600 0.617400
vt 0.068500 0.624000
vt 0.037200 0.642200
vt 0.032600 0.635200
vt 0.096700 0.670400
vt 0.108800 0.691300
vt 0.079600 0.712100
vt 0.066900 0.690500
vt 0.121700 0.714100
vt 0.134900 0.736000
vt 0.108300 0.757200
vt 0.093500 0.735000
vt 0.144700 0.753700
vt 0.155100 0.771100
vt 0.135100 0.792200
vt 0.121500 0.775000
vt 0.164900 0.789000
vt 0.175700 0.806900
vt 0.160400 0.820500
vt 0.147300 0.806700
vt 0.185500 0.820900
vt 0.406700 0.449300
vt 0.424600 0.445100
vt 0.424800 0.457300
vt 0.407600 0.468800
vt 0.404100 0.422300
vt 0.390300 0.418800
vt 0.391400 0.407300
vt 0.402600 0.411800
vt 0.456800 0.388300
vt 0.462500 0.388000
vt 0.461700 0.399800
vt 0.458000 0.400800
vt 0.468000 0.395900
vt 0.473800 0.404300
vt 0.467100 0.414300
vt 0.464300 0.406900
vt 0.460600 0.408600
vt 0.367100 0.412800
vt 0.343200 0.404500
vt 0.348400 0.386700
vt 0.369500 0.397600
vt 0.318700 0.397000
vt 0.296900 0.387800
vt 0.300900 0.368400
vt 0.323800 0.378000
vt 0.286400 0.381200
vt 0.274700 0.374200
vt 0.280000 0.356400
vt 0.289800 0.362300
vt 0.262700 0.369500
vt 0.250200 0.364800
vt 0.257200 0.349100
vt 0.268800 0.353000
vt 0.240900 0.358700
vt 0.231200 0.351700
vt 0.238200 0.338300
vt 0.248300 0.343800
vt 0.216000 0.345200
vt 0.201600 0.338300
vt 0.208900 0.325700
vt 0.223000 0.331800
vt 0.182800 0.315300
vt 0.174100 0.305500
vt 0.184400 0.292500
vt 0.190300 0.301100
vt 0.154400 0.288600
vt 0.148300 0.282100
vt 0.156300 0.269600
vt 0.160900 0.274500
vt 0.134200 0.262000
vt 0.129800 0.255800
vt 0.145400 0.250000
vt 0.147700 0.255200
vt 0.124300 0.244700
vt 0.118900 0.233000
vt 0.132800 0.226700
vt 0.139000 0.238200
vt 0.111600 0.221000
vt 0.105600 0.209000
vt 0.120700 0.200600
vt 0.126100 0.214100
vt 0.101200 0.200700
vt 0.098400 0.194500
vt 0.115400 0.189400
vt 0.117700 0.193800
vt 0.093500 0.186000
vt 0.089000 0.178500
vt 0.107700 0.176200
vt 0.111600 0.182900
vt 0.086700 0.170100
vt 0.106900 0.166200
vt 0.021000 0.176500
vt 0.019100 0.123900
vt 0.039200 0.122400
vt 0.042200 0.172300
vt 0.060700 0.169100
vt 0.059000 0.122000
vt 0.477400 0.370200
vt 0.483600 0.353900
vt 0.499000 0.369700
vt 0.489600 0.382500
vt 0.490700 0.332700
vt 0.496800 0.311700
vt 0.521500 0.330600
vt 0.510800 0.350100
vt 0.505000 0.294200
vt 0.512200 0.277400
vt 0.540300 0.298600
vt 0.531100 0.314700
vt 0.523600 0.257500
vt 0.535100 0.236800
vt 0.568500 0.256200
vt 0.554500 0.277900
vt 0.547000 0.217400
vt 0.559000 0.197700
vt 0.594900 0.217300
vt 0.581800 0.237000
vt 0.586900 0.146500
vt 0.589800 0.139200
vt 0.624700 0.171500
vt 0.621900 0.177500
vt 0.376800 0.389700
vt 0.358400 0.377900
vt 0.406400 0.407200
vt 0.410300 0.402600
vt 0.422600 0.412600
vt 0.418500 0.414800
vt 0.430300 0.390900
vt 0.440000 0.388800
vt 0.445700 0.402000
vt 0.438400 0.404100
vt 0.424100 0.423600
vt 0.429300 0.421100
vt 0.391900 0.375000
vt 0.384200 0.382100
vt 0.367900 0.370200
vt 0.376900 0.361200
vt 0.335500 0.364800
vt 0.346100 0.352900
vt 0.301500 0.347200
vt 0.312100 0.333600
vt 0.326600 0.337500
vt 0.315100 0.351700
vt 0.277400 0.338700
vt 0.286800 0.324000
vt 0.296900 0.329700
vt 0.288300 0.342800
vt 0.255600 0.326400
vt 0.265800 0.307500
vt 0.275000 0.317300
vt 0.265200 0.333800
vt 0.233800 0.311000
vt 0.247100 0.287300
vt 0.256600 0.297400
vt 0.246300 0.318500
vt 0.215900 0.296500
vt 0.232200 0.272300
vt 0.237600 0.276800
vt 0.221200 0.303100
vt 0.193800 0.269500
vt 0.211400 0.251800
vt 0.216400 0.258700
vt 0.200600 0.275600
vt 0.170800 0.247800
vt 0.191900 0.227500
vt 0.195500 0.231000
vt 0.172900 0.252200
vt 0.159700 0.221100
vt 0.179600 0.204100
vt 0.182000 0.218000
vt 0.164000 0.234300
vt 0.151600 0.198600
vt 0.175100 0.183500
vt 0.177100 0.189900
vt 0.155400 0.207800
vt 0.358300 0.345800
vt 0.326000 0.321900
vt 0.340500 0.330600
vt 0.302600 0.305600
vt 0.311700 0.313200
vt 0.284400 0.287200
vt 0.292500 0.297400
vt 0.362200 0.447300
vt 0.360500 0.475200
vt 0.331200 0.470500
vt 0.334500 0.443900
vt 0.307100 0.440800
vt 0.300400 0.468500
vt 0.273000 0.432100
vt 0.285700 0.436300
vt 0.277400 0.466100
vt 0.262000 0.465100
vt 0.241900 0.418300
vt 0.256300 0.424900
vt 0.245400 0.460300
vt 0.232100 0.451700
vt 0.216000 0.404900
vt 0.229400 0.411400
vt 0.218600 0.440200
vt 0.201700 0.430900
vt 0.189300 0.389300
vt 0.203400 0.397900
vt 0.186300 0.424100
vt 0.172400 0.413600
vt 0.167000 0.369800
vt 0.174700 0.379100
vt 0.157900 0.402000
vt 0.148700 0.392600
vt 0.134200 0.336100
vt 0.141100 0.341900
vt 0.120000 0.366200
vt 0.113700 0.359900
vt 0.107700 0.308500
vt 0.114100 0.317500
vt 0.092200 0.335300
vt 0.086200 0.326800
vt 0.082000 0.267700
vt 0.088100 0.281000
vt 0.066100 0.298600
vt 0.058800 0.283800
vt 0.070200 0.242000
vt 0.076800 0.254300
vt 0.050800 0.268500
vt 0.045500 0.256000
vt 0.060000 0.221200
vt 0.064100 0.229800
vt 0.040200 0.243500
vt 0.036800 0.233600
vt 0.050200 0.199400
vt 0.055800 0.211900
vt 0.033600 0.223600
vt 0.027800 0.210000
vt 0.044500 0.181400
vt 0.046200 0.188600
vt 0.023400 0.197300
vt 0.022200 0.187700
vt 0.431600 0.441400
vt 0.439400 0.437900
vt 0.442400 0.447100
vt 0.433200 0.452100
vt 0.434800 0.375900
vt 0.422700 0.379300
vt 0.266600 0.131100
vt 0.314400 0.102600
vt 0.316400 0.111000
vt 0.270500 0.139700
vt 0.446400 0.375400
vt 0.425600 0.251900
vt 0.429900 0.272700
vt 0.396500 0.281200
vt 0.389500 0.263000
vt 0.422800 0.207800
vt 0.424700 0.230100
vt 0.381400 0.246600
vt 0.376200 0.229600
vt 0.417100 0.153100
vt 0.420700 0.182200
vt 0.369600 0.213200
vt 0.361300 0.196000
vt 0.450600 0.388500
vt 0.454600 0.401700
vt 0.468900 0.424500
vt 0.473000 0.421800
vt 0.479300 0.429400
vt 0.474900 0.431800
vt 0.480500 0.414200
vt 0.487700 0.406600
vt 0.495900 0.419700
vt 0.487700 0.424600
vt 0.444000 0.436300
vt 0.440800 0.428200
vt 0.444900 0.426700
vt 0.448400 0.434500
vt 0.405600 0.363500
vt 0.399700 0.367700
vt 0.385900 0.352300
vt 0.393600 0.347400
vt 0.381600 0.331400
vt 0.371500 0.337700
vt 0.355800 0.298200
vt 0.367900 0.313000
vt 0.356400 0.321900
vt 0.341800 0.308300
vt 0.336200 0.274000
vt 0.344300 0.284600
vt 0.327800 0.295900
vt 0.319200 0.287700
vt 0.320200 0.252900
vt 0.327900 0.263200
vt 0.310300 0.279300
vt 0.302700 0.268900
vt 0.416000 0.398500
vt 0.421700 0.394500
vt 0.431200 0.407100
vt 0.426900 0.409900
vt 0.433700 0.419000
vt 0.438000 0.416900
vt 0.193800 0.172500
vt 0.214000 0.160900
vt 0.219500 0.170300
vt 0.196100 0.177800
vt 0.200100 0.188800
vt 0.214700 0.178700
vt 0.218900 0.185300
vt 0.203800 0.199500
vt 0.213700 0.210400
vt 0.228600 0.199700
vt 0.232700 0.203800
vt 0.217600 0.214700
vt 0.233000 0.233100
vt 0.246600 0.221400
vt 0.251500 0.226500
vt 0.237700 0.239000
vt 0.253600 0.251800
vt 0.267100 0.242600
vt 0.272100 0.248000
vt 0.259000 0.256200
vt 0.267500 0.266500
vt 0.284300 0.247000
vt 0.294600 0.258200
vt 0.275900 0.276700
vt 0.465100 0.427000
vt 0.470800 0.434000
vt 0.453900 0.355300
vt 0.452300 0.335100
vt 0.452900 0.315200
vt 0.436000 0.314400
vt 0.454300 0.274000
vt 0.453200 0.293600
vt 0.433400 0.294100
vt 0.458700 0.233600
vt 0.454700 0.254300
vt 0.467300 0.189800
vt 0.462200 0.212500
vt 0.454200 0.422700
vt 0.459700 0.419200
vt 0.168800 0.110500
vt 0.184500 0.106200
vt 0.181400 0.132600
vt 0.160600 0.141200
vt 0.132600 0.158600
vt 0.162300 0.151300
vt 0.163700 0.160800
vt 0.133500 0.169100
vt 0.137500 0.175600
vt 0.166700 0.164600
vt 0.169700 0.168400
vt 0.141500 0.181500
vt 0.144500 0.184900
vt 0.171500 0.172800
vt 0.173200 0.177100
vt 0.147900 0.189200
vt 0.182900 0.141200
vt 0.196000 0.134100
vt 0.196900 0.140200
vt 0.184000 0.148900
vt 0.299700 0.051100
vt 0.304100 0.070000
vt 0.254700 0.101700
vt 0.252900 0.081300
vt 0.330700 0.030700
vt 0.348000 0.037800
vt 0.185900 0.152800
vt 0.204900 0.139900
vt 0.207700 0.148000
vt 0.187700 0.156700
vt 0.189400 0.161800
vt 0.200600 0.102900
vt 0.218100 0.099300
vt 0.222300 0.118300
vt 0.202500 0.126600
vt 0.451000 0.433400
vt 0.447400 0.425700
vt 0.449900 0.424700
vt 0.426000 0.392600
vt 0.434800 0.405600
vt 0.441100 0.415600
vt 0.444200 0.414300
vt 0.236300 0.148800
vt 0.242300 0.157000
vt 0.302600 0.230600
vt 0.322600 0.211600
vt 0.332300 0.223800
vt 0.312000 0.242100
vt 0.411200 0.359300
vt 0.370900 0.287900
vt 0.362200 0.273100
vt 0.354800 0.260000
vt 0.347900 0.247400
vt 0.340300 0.236000
vt 0.312600 0.090700
vt 0.262400 0.120100
vt 0.258700 0.112900
vt 0.309700 0.082100
vt 0.487700 0.146800
vt 0.472700 0.166300
vt 0.439700 0.133200
vt 0.568400 0.182600
vt 0.577800 0.167300
vt 0.612800 0.194100
vt 0.603900 0.205800
vt 0.511300 0.115100
vt 0.503300 0.127100
vt 0.462300 0.112800
vt 0.475500 0.097000
vt 0.633100 0.229400
vt 0.660600 0.252300
vt 0.650800 0.264300
vt 0.623400 0.240600
vt 0.647600 0.212300
vt 0.676400 0.234400
vt 0.670800 0.240500
vt 0.642900 0.218000
vt 0.608600 0.260000
vt 0.635000 0.283800
vt 0.619500 0.303300
vt 0.593700 0.278900
vt 0.578000 0.299900
vt 0.602700 0.323900
vt 0.585300 0.344000
vt 0.562000 0.320000
vt 0.549900 0.336200
vt 0.570100 0.360000
vt 0.554300 0.375300
vt 0.537300 0.351800
vt 0.525100 0.368200
vt 0.540100 0.387900
vt 0.525100 0.399700
vt 0.511800 0.384200
vt 0.500000 0.395700
vt 0.138300 0.574800
vt 0.098600 0.598800
vt 0.096100 0.592300
vt 0.135900 0.566600
vt 0.205100 0.516300
vt 0.237100 0.501000
vt 0.246300 0.516300
vt 0.210900 0.528600
vt 0.057600 0.603700
vt 0.060800 0.610800
vt 0.028200 0.628300
vt 0.024400 0.621600
vt 0.580900 0.160600
vt 0.584000 0.153900
vt 0.619100 0.183500
vt 0.616000 0.188800
vt 0.525100 0.094000
vt 0.519300 0.103200
vt 0.488800 0.081300
vt 0.497400 0.071400
vt 0.656100 0.200300
vt 0.686600 0.222300
vt 0.681900 0.228300
vt 0.652200 0.206600
vt 0.524500 0.774800
vt 0.513800 0.756500
vt 0.519900 0.750700
vt 0.531200 0.769400
vt 0.513200 0.723900
vt 0.508900 0.730600
vt 0.496800 0.711200
vt 0.501200 0.704300
vt 0.571900 0.805600
vt 0.586200 0.826000
vt 0.579200 0.835700
vt 0.562800 0.811700
vt 0.288800 0.167900
vt 0.322500 0.139600
vt 0.325200 0.146100
vt 0.294100 0.174400
vt 0.483900 0.687300
vt 0.478400 0.692300
vt 0.459100 0.675600
vt 0.468400 0.667300
vt 0.352900 0.113200
vt 0.353400 0.118600
vt 0.448600 0.647700
vt 0.440400 0.655000
vt 0.420200 0.633000
vt 0.427300 0.626100
vt 0.165700 0.300000
vt 0.160100 0.295800
vt 0.168700 0.280900
vt 0.176100 0.286500
vt 0.179400 0.257600
vt 0.201100 0.237900
vt 0.206500 0.245000
vt 0.187200 0.263500
vt 0.122800 0.326400
vt 0.129300 0.332300
vt 0.106800 0.353800
vt 0.100900 0.343400
vt 0.223500 0.221200
vt 0.243100 0.202100
vt 0.250300 0.210900
vt 0.228400 0.227300
vt 0.264900 0.186000
vt 0.271000 0.193100
vt 0.554400 0.753500
vt 0.538800 0.735500
vt 0.543500 0.731100
vt 0.560100 0.747800
vt 0.530100 0.705000
vt 0.525600 0.709800
vt 0.510500 0.691100
vt 0.512900 0.687900
vt 0.602600 0.776900
vt 0.618800 0.795600
vt 0.610600 0.804800
vt 0.595100 0.784700
vt 0.276500 0.151400
vt 0.318500 0.123400
vt 0.319800 0.129800
vt 0.281200 0.158900
vt 0.499000 0.670200
vt 0.495900 0.674000
vt 0.477400 0.658200
vt 0.484400 0.649700
vt 0.358000 0.092200
vt 0.355900 0.097100
vt 0.464700 0.631100
vt 0.457500 0.639100
vt 0.435100 0.617700
vt 0.441200 0.609900
vt 0.143900 0.275900
vt 0.139000 0.269200
vt 0.151300 0.260900
vt 0.153800 0.265300
vt 0.166300 0.238500
vt 0.185200 0.220900
vt 0.188600 0.224100
vt 0.168500 0.243100
vt 0.093700 0.289600
vt 0.101400 0.299700
vt 0.080200 0.318300
vt 0.074000 0.307300
vt 0.207000 0.202900
vt 0.229100 0.183500
vt 0.234400 0.191200
vt 0.210600 0.206700
vt 0.251100 0.168200
vt 0.256500 0.176200
vt 0.495900 0.798400
vt 0.487600 0.778900
vt 0.494800 0.773000
vt 0.503700 0.791800
vt 0.491000 0.751300
vt 0.483500 0.755300
vt 0.471100 0.736700
vt 0.478800 0.732300
vt 0.539600 0.828900
vt 0.553900 0.854000
vt 0.543700 0.862400
vt 0.529100 0.838300
vt 0.303200 0.186200
vt 0.331800 0.157700
vt 0.336900 0.166300
vt 0.309500 0.194100
vt 0.460600 0.708300
vt 0.453400 0.713600
vt 0.436000 0.694600
vt 0.446900 0.685700
vt 0.362300 0.132400
vt 0.364900 0.138900
vt 0.429400 0.664800
vt 0.419600 0.673100
vt 0.401900 0.651300
vt 0.410700 0.642700
vt 0.195400 0.330900
vt 0.189400 0.323500
vt 0.196200 0.310600
vt 0.202300 0.318100
vt 0.205700 0.282500
vt 0.221700 0.263400
vt 0.227000 0.267900
vt 0.210700 0.289500
vt 0.151700 0.353000
vt 0.160700 0.361600
vt 0.140000 0.383600
vt 0.130000 0.375100
vt 0.243000 0.243300
vt 0.261700 0.223500
vt 0.269900 0.231800
vt 0.248400 0.247600
vt 0.282400 0.206000
vt 0.289200 0.213600
vt 0.274600 0.870200
vt 0.258200 0.868700
vt 0.291300 0.871300
vt 0.289100 0.887200
vt 0.287000 0.904600
vt 0.263500 0.862500
vt 0.268800 0.856500
vt 0.234800 0.809700
vt 0.224900 0.810400
vt 0.243700 0.808800
vt 0.237500 0.819700
vt 0.214500 0.817600
vt 0.204300 0.824700
vt 0.218300 0.847200
vt 0.319500 0.869900
vt 0.345700 0.866700
vt 0.367000 0.862400
vt 0.387400 0.857000
vt 0.400100 0.855000
vt 0.414700 0.851800
vt 0.429000 0.849600
vt 0.443400 0.846800
vt 0.454300 0.841300
vt 0.465200 0.835400
vt 0.480500 0.831100
vt 0.496200 0.826400
vt 0.525300 0.804800
vt 0.532100 0.798900
vt 0.514800 0.812800
vt 0.555600 0.784400
vt 0.564400 0.779600
vt 0.546400 0.789200
vt 0.584700 0.757700
vt 0.590800 0.750500
vt 0.578100 0.765100
vt 0.595600 0.739000
vt 0.600300 0.727300
vt 0.608300 0.717500
vt 0.616200 0.707000
vt 0.621400 0.701000
vt 0.625300 0.696400
vt 0.632800 0.686300
vt 0.639000 0.677400
vt 0.644500 0.670400
vt 0.632600 0.602900
vt 0.225900 0.789900
vt 0.227500 0.768800
vt 0.226900 0.746100
vt 0.227500 0.724100
vt 0.220800 0.705400
vt 0.215400 0.687500
vt 0.211000 0.666300
vt 0.206700 0.644700
vt 0.198400 0.623400
vt 0.190100 0.601700
vt 0.173900 0.531300
vt 0.171400 0.521700
vt 0.176300 0.540900
vt 0.288300 0.841000
vt 0.284700 0.832000
vt 0.248000 0.822000
vt 0.251300 0.866500
vt 0.243600 0.863600
vt 0.279400 0.826700
vt 0.274200 0.821400
vt 0.505100 0.820000
vt 0.537200 0.795500
vt 0.571300 0.772400
vt 0.689000 0.673200
vt 0.699400 0.621800
vt 0.214300 0.857300
vt 0.208000 0.863400
vt 0.410500 0.568300
vt 0.412100 0.557600
vt 0.364000 0.637500
vt 0.230000 0.877400
vt 0.226000 0.875200
vt 0.269800 0.818400
vt 0.521700 0.637700
vt 0.512200 0.629000
vt 0.491900 0.601300
vt 0.496400 0.594300
vt 0.463600 0.578300
vt 0.468400 0.572100
vt 0.515700 0.625200
vt 0.421000 0.537900
vt 0.416300 0.545600
vt 0.366500 0.506900
vt 0.373800 0.499700
vt 0.364400 0.531500
vt 0.362700 0.518300
vt 0.223400 0.873900
vt 0.336600 0.600500
vt 0.185500 0.581100
vt 0.181100 0.560100
vt 0.178700 0.550500
vt 0.173000 0.832800
vt 0.388900 0.450000
vt 0.388200 0.474700
vt 0.389400 0.430300
vt 0.405700 0.433800
vt 0.424300 0.434900
vt 0.419400 0.425500
vt 0.414700 0.416600
vt 0.455100 0.376300
vt 0.462900 0.377300
vt 0.470900 0.385600
vt 0.479900 0.394500
vt 0.463400 0.416800
vt 0.457100 0.410100
vt 0.364400 0.427200
vt 0.337400 0.422700
vt 0.313300 0.415600
vt 0.293700 0.407500
vt 0.283000 0.402300
vt 0.268800 0.395400
vt 0.255600 0.390200
vt 0.243100 0.384400
vt 0.231900 0.377000
vt 0.222000 0.368700
vt 0.207900 0.362000
vt 0.193900 0.355000
vt 0.181400 0.339300
vt 0.173000 0.329400
vt 0.163400 0.318800
vt 0.150900 0.312100
vt 0.145500 0.306600
vt 0.136400 0.298700
vt 0.122900 0.280300
vt 0.116200 0.270500
vt 0.110600 0.262700
vt 0.107200 0.251700
vt 0.103900 0.240300
vt 0.094700 0.228100
vt 0.087200 0.215700
vt 0.081700 0.208100
vt 0.076600 0.200200
vt 0.071200 0.189700
vt 0.066700 0.181200
vt 0.063800 0.175800
vt 0.465600 0.358600
vt 0.468400 0.339000
vt 0.470800 0.316000
vt 0.472700 0.292600
vt 0.478300 0.275300
vt 0.483500 0.257700
vt 0.492600 0.238600
vt 0.502000 0.218800
vt 0.513100 0.199500
vt 0.524400 0.179900
vt 0.549100 0.124700
vt 0.552100 0.116200
vt 0.555100 0.107800
vt 0.400200 0.393700
vt 0.395900 0.400300
vt 0.430100 0.432300
vt 0.436400 0.429700
vt 0.413600 0.383900
vt 0.406900 0.388900
vt 0.187100 0.346600
vt 0.155700 0.314500
vt 0.129300 0.289400
vt 0.140700 0.112900
vt 0.131700 0.147300
vt 0.450000 0.412100
vt 0.411800 0.317700
vt 0.403400 0.300100
vt 0.350400 0.184400
vt 0.447200 0.444800
vt 0.451100 0.442800
vt 0.400700 0.342600
vt 0.418100 0.381700
vt 0.379900 0.303600
vt 0.391600 0.324800
vt 0.191300 0.166900
vt 0.204100 0.160500
vt 0.229300 0.136900
vt 0.225600 0.130300
vt 0.201700 0.155100
vt 0.364000 0.053400
vt 0.367100 0.056800
vt 0.369000 0.069300
vt 0.367400 0.076000
vt 0.382100 0.154600
vt 0.453700 0.441500
vt 0.543000 0.141400
vt 0.533600 0.160900
vt 0.546000 0.133100
vt 0.510800 0.410100
vt 0.199400 0.503900
vt 0.228000 0.485400
vt 0.054500 0.596400
vt 0.020800 0.614900
vt 0.530800 0.084800
vt 0.506000 0.061500
vt 0.660000 0.194000
vt 0.691100 0.216100
vt 0.393300 0.607000
vt 0.398900 0.599900
vt 0.362100 0.579100
vt 0.367300 0.572000
vt 0.404500 0.590800
vt 0.408300 0.582300
vt 0.369900 0.561400
vt 0.368900 0.549000
vt 0.377900 0.625400
vt 0.385700 0.616900
vt 0.344300 0.594700
vt 0.354800 0.587700
vt 0.814600 0.790900
vt 0.829200 0.798500
vt 0.821900 0.810500
vt 0.810700 0.800300
vt 0.797400 0.798100
vt 0.802300 0.790900
vt 0.780900 0.798500
vt 0.782200 0.795500
vt 0.864600 0.270400
vt 0.888000 0.278200
vt 0.884300 0.281800
vt 0.865000 0.274600
vt 0.854800 0.275000
vt 0.851400 0.270600
vt 0.835200 0.281800
vt 0.834600 0.277500
vt 0.969700 0.372500
vt 0.970100 0.374500
vt 0.964000 0.374600
vt 0.963200 0.373100
vt 0.978300 0.372500
vt 0.977100 0.376300
vt 0.987900 0.375600
vt 0.984600 0.379100
vt 0.748900 0.888000
vt 0.765700 0.888800
vt 0.757400 0.899700
vt 0.744500 0.896200
vt 0.725500 0.892900
vt 0.728400 0.888000
vt 0.715700 0.893100
vt 0.715800 0.891600
vt 0.094700 0.946700
vt 0.104600 0.947700
vt 0.104300 0.952800
vt 0.095000 0.950400
vt 0.077400 0.949300
vt 0.076200 0.947000
vt 0.062700 0.952000
vt 0.062700 0.949600
vt 0.770200 0.021500
vt 0.777000 0.007400
vt 0.790500 0.011700
vt 0.784200 0.024200
vt 0.780200 0.035800
vt 0.768800 0.034600
vt 0.778000 0.059700
vt 0.768800 0.055300
vt 0.439900 0.973400
vt 0.440700 0.970800
vt 0.456800 0.971100
vt 0.456900 0.972400
vt 0.428000 0.973400
vt 0.427600 0.971000
vt 0.421800 0.972500
vt 0.422400 0.968700
vt 0.833800 0.618800
vt 0.852000 0.617400
vt 0.853700 0.636300
vt 0.838800 0.634700
vt 0.824200 0.635100
vt 0.822600 0.617400
vt 0.808300 0.630500
vt 0.808100 0.620700
vt 0.800300 0.910100
vt 0.780900 0.909000
vt 0.782900 0.905300
vt 0.802300 0.907100
vt 0.814500 0.905300
vt 0.812300 0.908600
vt 0.835700 0.910800
vt 0.832800 0.913200
vt 0.035900 0.949300
vt 0.046800 0.951700
vt 0.048000 0.953600
vt 0.034900 0.952500
vt 0.024900 0.953400
vt 0.024800 0.947900
vt 0.018100 0.952900
vt 0.017800 0.947400
vt 0.009800 0.953600
vt 0.007400 0.946700
vt 0.911000 0.729500
vt 0.912000 0.734500
vt 0.904800 0.738500
vt 0.900600 0.732800
vt 0.920300 0.728900
vt 0.919200 0.733100
vt 0.930700 0.731600
vt 0.929100 0.735100
vt 0.938700 0.736600
vt 0.939000 0.738500
vt 0.908400 0.083000
vt 0.908100 0.091500
vt 0.899700 0.091300
vt 0.897500 0.083100
vt 0.916200 0.083100
vt 0.914800 0.088800
vt 0.926500 0.086400
vt 0.925000 0.089500
vt 0.937700 0.089400
vt 0.938600 0.091500
vt 0.950100 0.679300
vt 0.949000 0.675800
vt 0.965400 0.674000
vt 0.967800 0.676700
vt 0.662900 0.971700
vt 0.653100 0.972400
vt 0.654200 0.969800
vt 0.663700 0.967200
vt 0.675100 0.967200
vt 0.673900 0.972300
vt 0.689800 0.969800
vt 0.688800 0.972400
vt 0.928800 0.139700
vt 0.939100 0.141500
vt 0.931400 0.151500
vt 0.924200 0.146200
vt 0.916300 0.142000
vt 0.921700 0.139700
vt 0.907000 0.142600
vt 0.905900 0.140400
vt 0.854800 0.106200
vt 0.875500 0.110700
vt 0.868400 0.120600
vt 0.851700 0.114000
vt 0.840600 0.112000
vt 0.838300 0.106200
vt 0.829900 0.113300
vt 0.829000 0.108300
vt 0.500600 0.967300
vt 0.511300 0.967700
vt 0.511100 0.971900
vt 0.499600 0.970600
vt 0.485900 0.969500
vt 0.484600 0.967300
vt 0.474400 0.970800
vt 0.473600 0.968100
vt 0.929800 0.270300
vt 0.936800 0.276000
vt 0.934400 0.281800
vt 0.920600 0.275200
vt 0.913200 0.272600
vt 0.915400 0.270400
vt 0.902700 0.272900
vt 0.903700 0.270300
vt 0.934300 0.048400
vt 0.946000 0.053400
vt 0.941600 0.057400
vt 0.934600 0.053500
vt 0.922800 0.051800
vt 0.924700 0.048400
vt 0.909900 0.054400
vt 0.909200 0.052800
vt 0.880400 0.797900
vt 0.894100 0.802100
vt 0.891800 0.810500
vt 0.877200 0.805100
vt 0.862600 0.805100
vt 0.866800 0.797900
vt 0.843900 0.807000
vt 0.848100 0.801100
vt 0.941400 0.935700
vt 0.950300 0.940800
vt 0.948900 0.944800
vt 0.938500 0.941500
vt 0.929400 0.939700
vt 0.930500 0.935700
vt 0.915400 0.944500
vt 0.917900 0.939500
vt 0.951900 0.232300
vt 0.961300 0.235900
vt 0.957900 0.240300
vt 0.949200 0.238000
vt 0.937700 0.235000
vt 0.937900 0.232300
vt 0.928800 0.233700
vt 0.928700 0.232500
vt 0.733600 0.945200
vt 0.719400 0.945200
vt 0.721900 0.938900
vt 0.735900 0.940400
vt 0.747800 0.940400
vt 0.745800 0.943500
vt 0.765700 0.944700
vt 0.764100 0.945100
vt 0.606900 0.988700
vt 0.597800 0.991100
vt 0.597400 0.986600
vt 0.606400 0.987200
vt 0.615700 0.987900
vt 0.615000 0.990100
vt 0.628100 0.989500
vt 0.624300 0.991100
vt 0.915200 0.541800
vt 0.930200 0.545700
vt 0.921300 0.551900
vt 0.915500 0.544500
vt 0.902200 0.544300
vt 0.900600 0.541800
vt 0.890800 0.545400
vt 0.891500 0.543600
vt 0.944800 0.617400
vt 0.954500 0.622700
vt 0.950700 0.625500
vt 0.943900 0.620100
vt 0.930900 0.620400
vt 0.930500 0.617400
vt 0.922100 0.625500
vt 0.920100 0.623900
vt 0.817800 0.976800
vt 0.818700 0.974700
vt 0.835700 0.972500
vt 0.835600 0.973900
vt 0.809100 0.976300
vt 0.807700 0.973500
vt 0.800500 0.975500
vt 0.800300 0.972500
vt 0.389600 0.951300
vt 0.388900 0.947100
vt 0.407100 0.950600
vt 0.406800 0.951900
vt 0.380600 0.951900
vt 0.378100 0.946700
vt 0.366900 0.951100
vt 0.365100 0.947500
vt 0.387200 0.971100
vt 0.387900 0.968500
vt 0.404000 0.968100
vt 0.404100 0.969300
vt 0.375700 0.971100
vt 0.373200 0.966600
vt 0.365100 0.969500
vt 0.365400 0.967200
vt 0.950900 0.786900
vt 0.951500 0.784100
vt 0.967000 0.783400
vt 0.966900 0.784700
vt 0.939300 0.786900
vt 0.937400 0.782600
vt 0.927600 0.784500
vt 0.927200 0.782600
vt 0.802900 0.927900
vt 0.803600 0.930600
vt 0.795300 0.936300
vt 0.793700 0.934000
vt 0.817700 0.928100
vt 0.816400 0.931000
vt 0.834200 0.934200
vt 0.835700 0.936300
vt 0.839600 0.691800
vt 0.858400 0.697000
vt 0.852600 0.702900
vt 0.837200 0.699900
vt 0.827300 0.698400
vt 0.824800 0.690200
vt 0.808700 0.694900
vt 0.813000 0.699300
vt 0.806800 0.702900
vt 0.796600 0.701400
vt 0.140800 0.972100
vt 0.142100 0.969700
vt 0.157600 0.969100
vt 0.157600 0.970300
vt 0.129600 0.972100
vt 0.126800 0.968400
vt 0.119800 0.970700
vt 0.119600 0.968700
vt 0.293300 0.973800
vt 0.293000 0.969500
vt 0.305300 0.967600
vt 0.304400 0.971100
vt 0.280800 0.971500
vt 0.281500 0.968800
vt 0.273300 0.970200
vt 0.276000 0.967600
vt 0.937600 0.677600
vt 0.937800 0.674000
vt 0.931100 0.677900
vt 0.931700 0.675900
vt 0.924700 0.193100
vt 0.928200 0.188300
vt 0.943000 0.191500
vt 0.942100 0.192900
vt 0.911100 0.193100
vt 0.912500 0.191600
vt 0.905900 0.185100
vt 0.907300 0.183300
vt 0.190300 0.975300
vt 0.190600 0.972200
vt 0.203000 0.969400
vt 0.203100 0.970600
vt 0.181000 0.975000
vt 0.181400 0.973300
vt 0.172300 0.972700
vt 0.172300 0.970500
vt 0.826000 0.651000
vt 0.845400 0.657100
vt 0.841900 0.668400
vt 0.827400 0.662900
vt 0.815700 0.668400
vt 0.816100 0.651100
vt 0.799100 0.670300
vt 0.799100 0.659700
vt 0.838800 0.407300
vt 0.857000 0.403600
vt 0.861700 0.414000
vt 0.843300 0.417900
vt 0.831800 0.420500
vt 0.829300 0.409700
vt 0.815300 0.420500
vt 0.814700 0.414400
vt 0.878600 0.827100
vt 0.893400 0.827100
vt 0.897400 0.841000
vt 0.879300 0.838600
vt 0.869900 0.838400
vt 0.868500 0.828600
vt 0.854100 0.836400
vt 0.851400 0.833200
vt 0.748400 0.651000
vt 0.770600 0.651000
vt 0.784400 0.665400
vt 0.757100 0.669600
vt 0.738200 0.668800
vt 0.734200 0.653200
vt 0.717500 0.664600
vt 0.714300 0.660100
vt 0.854000 0.137900
vt 0.864100 0.148300
vt 0.863500 0.159700
vt 0.854500 0.152100
vt 0.844200 0.150100
vt 0.843100 0.137900
vt 0.828600 0.152900
vt 0.828000 0.149800
vt 0.855400 0.174400
vt 0.868900 0.180600
vt 0.866400 0.193100
vt 0.855500 0.186900
vt 0.844700 0.182800
vt 0.843200 0.174400
vt 0.828700 0.186500
vt 0.828000 0.182700
vt 0.849800 0.442700
vt 0.861000 0.435200
vt 0.871100 0.437700
vt 0.861200 0.443000
vt 0.860100 0.454300
vt 0.849800 0.454500
vt 0.858800 0.469700
vt 0.855000 0.469700
vt 0.891300 0.374900
vt 0.902900 0.378400
vt 0.908400 0.386500
vt 0.895400 0.384300
vt 0.884700 0.384500
vt 0.880800 0.372500
vt 0.870200 0.386500
vt 0.869100 0.382700
vt 0.808600 0.890600
vt 0.780900 0.888800
vt 0.794000 0.881800
vt 0.814700 0.883000
vt 0.829400 0.882800
vt 0.824700 0.890500
vt 0.844700 0.884900
vt 0.838900 0.890600
vt 0.228200 0.953500
vt 0.220800 0.955300
vt 0.220800 0.949200
vt 0.228900 0.946700
vt 0.238700 0.947700
vt 0.236500 0.953900
vt 0.253000 0.950400
vt 0.250500 0.952600
vt 0.921600 0.888600
vt 0.911800 0.891300
vt 0.911800 0.884600
vt 0.924200 0.881800
vt 0.932400 0.884100
vt 0.929900 0.889300
vt 0.947200 0.889500
vt 0.944300 0.891300
vt 0.916500 0.507200
vt 0.927400 0.508900
vt 0.927200 0.518100
vt 0.915400 0.515400
vt 0.905100 0.515600
vt 0.906400 0.506700
vt 0.890800 0.508700
vt 0.893600 0.506700
vt 0.941300 0.306000
vt 0.952300 0.306000
vt 0.953000 0.313700
vt 0.941200 0.312700
vt 0.931100 0.313200
vt 0.931000 0.307000
vt 0.914900 0.309200
vt 0.917200 0.306800
vt 0.382100 0.989900
vt 0.373900 0.990300
vt 0.372800 0.987000
vt 0.380000 0.987300
vt 0.390600 0.988000
vt 0.390100 0.990300
vt 0.404000 0.985800
vt 0.404100 0.987100
vt 0.621200 0.951000
vt 0.620300 0.946700
vt 0.638400 0.950800
vt 0.638100 0.952000
vt 0.607400 0.950800
vt 0.609600 0.946900
vt 0.591800 0.952000
vt 0.591100 0.950200
vt 0.559200 0.951100
vt 0.558200 0.946900
vt 0.576400 0.950600
vt 0.576100 0.951900
vt 0.545600 0.950600
vt 0.547700 0.946700
vt 0.530300 0.951900
vt 0.531400 0.948400
vt 0.836600 0.225800
vt 0.849700 0.226400
vt 0.852400 0.235300
vt 0.839800 0.233300
vt 0.826300 0.235400
vt 0.822600 0.229900
vt 0.816800 0.240300
vt 0.809400 0.233700
vt 0.862700 0.232500
vt 0.860400 0.240300
vt 0.333900 0.946700
vt 0.340900 0.950100
vt 0.339400 0.952700
vt 0.334400 0.950400
vt 0.330400 0.952200
vt 0.328300 0.950700
vt 0.324400 0.957600
vt 0.320000 0.954400
vt 0.346500 0.955500
vt 0.342900 0.957600
vt 0.943200 0.649100
vt 0.952800 0.649100
vt 0.953200 0.656400
vt 0.942100 0.653800
vt 0.932200 0.656200
vt 0.931100 0.652800
vt 0.921400 0.658500
vt 0.920100 0.656900
vt 0.805500 0.526200
vt 0.810100 0.514900
vt 0.814500 0.517000
vt 0.814100 0.526700
vt 0.815800 0.533600
vt 0.806000 0.536900
vt 0.822900 0.546100
vt 0.814700 0.551900
vt 0.820100 0.503000
vt 0.822900 0.504600
vt 0.883600 0.404100
vt 0.893300 0.404600
vt 0.895000 0.410100
vt 0.890000 0.412200
vt 0.886000 0.414700
vt 0.876700 0.407300
vt 0.883800 0.420500
vt 0.876400 0.415600
vt 0.909100 0.408000
vt 0.909100 0.411200
vt 0.890200 0.227300
vt 0.899800 0.231800
vt 0.898500 0.236000
vt 0.889400 0.232500
vt 0.885000 0.235000
vt 0.882200 0.227700
vt 0.881400 0.240300
vt 0.877400 0.231200
vt 0.914000 0.237100
vt 0.913800 0.240300
vt 0.932400 0.832400
vt 0.939300 0.832200
vt 0.939500 0.837200
vt 0.934700 0.836200
vt 0.927200 0.835200
vt 0.923600 0.832200
vt 0.915600 0.834900
vt 0.912100 0.832700
vt 0.948700 0.834900
vt 0.946300 0.841000
vt 0.935900 0.372500
vt 0.941100 0.375300
vt 0.939800 0.378500
vt 0.935500 0.376100
vt 0.931500 0.375800
vt 0.930800 0.372500
vt 0.923700 0.380000
vt 0.923100 0.378800
vt 0.948500 0.381700
vt 0.943200 0.385100
vt 0.966600 0.728900
vt 0.971500 0.730300
vt 0.970600 0.733500
vt 0.966000 0.732600
vt 0.962200 0.732100
vt 0.961600 0.728900
vt 0.954300 0.736500
vt 0.953700 0.735300
vt 0.978200 0.735000
vt 0.976000 0.738500
vt 0.975600 0.569300
vt 0.981100 0.570000
vt 0.980400 0.573400
vt 0.975300 0.573100
vt 0.971200 0.572500
vt 0.970300 0.569300
vt 0.963700 0.576700
vt 0.962900 0.575500
vt 0.988000 0.572900
vt 0.986500 0.576700
vt 0.932300 0.404100
vt 0.942500 0.404300
vt 0.942000 0.408000
vt 0.934800 0.407000
vt 0.931900 0.409800
vt 0.928400 0.407900
vt 0.928900 0.414600
vt 0.923800 0.412900
vt 0.952100 0.410900
vt 0.951600 0.414600
vt 0.954600 0.435200
vt 0.962400 0.436700
vt 0.960300 0.439800
vt 0.954400 0.438700
vt 0.950400 0.441900
vt 0.947300 0.439000
vt 0.942300 0.444700
vt 0.938400 0.441600
vt 0.967100 0.442100
vt 0.966400 0.444700
vt 0.933300 0.855900
vt 0.941000 0.858000
vt 0.940900 0.860900
vt 0.934600 0.859600
vt 0.929800 0.862400
vt 0.927200 0.861000
vt 0.923900 0.867100
vt 0.920500 0.866000
vt 0.948800 0.865600
vt 0.948500 0.867100
vt 0.961100 0.270700
vt 0.967100 0.270800
vt 0.966400 0.273100
vt 0.961300 0.273500
vt 0.957700 0.276000
vt 0.955100 0.275100
vt 0.954900 0.281800
vt 0.951500 0.281400
vt 0.975200 0.278400
vt 0.975200 0.280500
vt 0.977800 0.914400
vt 0.983200 0.916900
vt 0.981700 0.917900
vt 0.977400 0.916100
vt 0.972100 0.917300
vt 0.970400 0.915200
vt 0.966900 0.921000
vt 0.964100 0.918800
vt 0.986600 0.920000
vt 0.986200 0.921000
vt 0.918300 0.106200
vt 0.927700 0.108600
vt 0.929100 0.110500
vt 0.917600 0.110000
vt 0.907500 0.110600
vt 0.907500 0.106200
vt 0.901500 0.113100
vt 0.900000 0.108600
vt 0.894200 0.116900
vt 0.890200 0.112100
vt 0.146600 0.948300
vt 0.156700 0.950700
vt 0.157600 0.953700
vt 0.147400 0.950000
vt 0.138100 0.949800
vt 0.137600 0.946700
vt 0.129900 0.951000
vt 0.128900 0.947900
vt 0.120500 0.953700
vt 0.119300 0.950500
vt 0.040400 0.970200
vt 0.047600 0.972000
vt 0.048000 0.973900
vt 0.040900 0.972600
vt 0.032600 0.971500
vt 0.032400 0.968300
vt 0.024300 0.971900
vt 0.023700 0.968700
vt 0.015000 0.973900
vt 0.014500 0.970600
vt 0.953800 0.762600
vt 0.963500 0.765700
vt 0.963200 0.767800
vt 0.954100 0.764100
vt 0.945000 0.763800
vt 0.944900 0.761300
vt 0.936600 0.763900
vt 0.936700 0.761300
vt 0.927200 0.765900
vt 0.927400 0.763600
vt 0.933200 0.010900
vt 0.940800 0.018100
vt 0.940500 0.019100
vt 0.932800 0.012800
vt 0.927900 0.010500
vt 0.925600 0.007400
vt 0.918900 0.013200
vt 0.917300 0.010300
vt 0.911100 0.019100
vt 0.909200 0.016000
vt 0.196900 0.949900
vt 0.206100 0.953000
vt 0.205200 0.954700
vt 0.195400 0.952300
vt 0.190400 0.952200
vt 0.190500 0.948100
vt 0.182400 0.951600
vt 0.180700 0.946700
vt 0.173100 0.954700
vt 0.172300 0.951100
vt 0.557700 0.986500
vt 0.567200 0.988100
vt 0.566900 0.990600
vt 0.558400 0.988800
vt 0.551900 0.988400
vt 0.551400 0.985400
vt 0.544400 0.988500
vt 0.542900 0.985400
vt 0.538800 0.990000
vt 0.536400 0.988400
vt 0.987300 0.936600
vt 0.989800 0.938900
vt 0.990300 0.939900
vt 0.986700 0.940600
vt 0.980500 0.938600
vt 0.979900 0.935700
vt 0.973000 0.938800
vt 0.971500 0.935700
vt 0.967300 0.940300
vt 0.965000 0.938700
vt 0.976100 0.008500
vt 0.984200 0.008900
vt 0.983700 0.009600
vt 0.976100 0.010100
vt 0.969600 0.009900
vt 0.968900 0.007400
vt 0.962100 0.010000
vt 0.962000 0.007400
vt 0.957400 0.010800
vt 0.955500 0.008200
vt 0.886500 0.690200
vt 0.886600 0.698400
vt 0.879300 0.701000
vt 0.873100 0.694100
vt 0.894500 0.690200
vt 0.893400 0.697300
vt 0.904800 0.692100
vt 0.903400 0.696300
vt 0.914900 0.695700
vt 0.916400 0.697800
vt 0.896800 0.437000
vt 0.897600 0.442800
vt 0.892900 0.446600
vt 0.885800 0.441300
vt 0.902800 0.435200
vt 0.902500 0.441100
vt 0.912600 0.438500
vt 0.910900 0.443200
vt 0.922500 0.444200
vt 0.923700 0.446600
vt 0.736100 0.914400
vt 0.735300 0.921800
vt 0.728800 0.924200
vt 0.724700 0.917700
vt 0.744200 0.914600
vt 0.743200 0.920700
vt 0.753600 0.918500
vt 0.751800 0.922800
vt 0.764000 0.922200
vt 0.765700 0.924200
vt 0.900700 0.462800
vt 0.899700 0.467500
vt 0.888700 0.468500
vt 0.885800 0.464400
vt 0.909000 0.461300
vt 0.908800 0.466200
vt 0.919800 0.461300
vt 0.918400 0.466500
vt 0.931100 0.464600
vt 0.932600 0.466300
vt 0.851800 0.728500
vt 0.854300 0.734300
vt 0.844800 0.738500
vt 0.840500 0.732400
vt 0.861000 0.723600
vt 0.862800 0.730300
vt 0.871200 0.723600
vt 0.874500 0.731100
vt 0.884900 0.728400
vt 0.885900 0.734400
vt 0.889200 0.897300
vt 0.888800 0.888000
vt 0.897100 0.881800
vt 0.897100 0.890900
vt 0.880400 0.897800
vt 0.880300 0.891200
vt 0.870500 0.895300
vt 0.869700 0.888800
vt 0.859400 0.889600
vt 0.860800 0.885600
vt 0.900800 0.581900
vt 0.896800 0.572700
vt 0.903400 0.569300
vt 0.907700 0.577800
vt 0.894800 0.585300
vt 0.891000 0.577200
vt 0.885500 0.585300
vt 0.882400 0.577400
vt 0.875000 0.582700
vt 0.874400 0.577700
vt 0.752100 0.872600
vt 0.752300 0.865800
vt 0.762100 0.861900
vt 0.766200 0.869100
vt 0.742700 0.873300
vt 0.745200 0.865700
vt 0.732700 0.868100
vt 0.735100 0.859600
vt 0.715700 0.861200
vt 0.719900 0.859600
vt 0.967300 0.979900
vt 0.967800 0.982800
vt 0.963400 0.985200
vt 0.962900 0.981900
vt 0.972100 0.978500
vt 0.972900 0.981600
vt 0.978700 0.978500
vt 0.978800 0.981300
vt 0.988400 0.981700
vt 0.988600 0.983400
vt 0.969200 0.637900
vt 0.972300 0.638600
vt 0.972200 0.643300
vt 0.969300 0.642700
vt 0.969700 0.632600
vt 0.972200 0.633400
vt 0.969200 0.626800
vt 0.972300 0.627100
vt 0.971700 0.617400
vt 0.972700 0.618000
vt 0.083800 0.988900
vt 0.083700 0.990900
vt 0.078400 0.991500
vt 0.078800 0.988400
vt 0.088800 0.988500
vt 0.088500 0.990600
vt 0.095000 0.989300
vt 0.094400 0.991400
vt 0.104600 0.990900
vt 0.104300 0.991500
vt 0.889300 0.935700
vt 0.899200 0.936600
vt 0.900700 0.938300
vt 0.888700 0.939200
vt 0.879200 0.940400
vt 0.879100 0.935700
vt 0.872900 0.942200
vt 0.872100 0.937900
vt 0.861400 0.943900
vt 0.859400 0.939200
vt 0.904700 0.209300
vt 0.922700 0.209600
vt 0.917000 0.212400
vt 0.903600 0.212600
vt 0.895900 0.212300
vt 0.895500 0.208900
vt 0.888400 0.212100
vt 0.888600 0.208700
vt 0.878800 0.212600
vt 0.877400 0.208600
vt 0.947700 0.330100
vt 0.960900 0.331000
vt 0.957100 0.333000
vt 0.946700 0.333000
vt 0.937500 0.332400
vt 0.937200 0.329700
vt 0.930500 0.331900
vt 0.929700 0.328700
vt 0.921200 0.333000
vt 0.919400 0.329400
vt 0.981700 0.832900
vt 0.990100 0.835900
vt 0.989000 0.836700
vt 0.980700 0.835500
vt 0.975000 0.834900
vt 0.974900 0.832200
vt 0.970200 0.835700
vt 0.968900 0.833400
vt 0.964600 0.836700
vt 0.963400 0.835400
vt 0.972500 0.140400
vt 0.983800 0.145000
vt 0.982600 0.145500
vt 0.971300 0.141600
vt 0.966000 0.141100
vt 0.965700 0.139700
vt 0.960400 0.143100
vt 0.959500 0.140700
vt 0.954700 0.145500
vt 0.953800 0.144000
vt 0.139100 0.986800
vt 0.150400 0.989600
vt 0.149000 0.991100
vt 0.138200 0.987400
vt 0.132300 0.987500
vt 0.132100 0.986800
vt 0.126000 0.987700
vt 0.125500 0.987100
vt 0.121100 0.987900
vt 0.119600 0.987400
vt 0.097000 0.968700
vt 0.104600 0.972100
vt 0.102400 0.973700
vt 0.096500 0.970800
vt 0.089200 0.970700
vt 0.088700 0.967500
vt 0.081700 0.971700
vt 0.080700 0.968400
vt 0.072300 0.973700
vt 0.071400 0.971400
vt 0.758700 0.980000
vt 0.765700 0.983300
vt 0.764800 0.984300
vt 0.758400 0.982100
vt 0.751600 0.981500
vt 0.751200 0.979300
vt 0.744800 0.982800
vt 0.744000 0.980300
vt 0.734400 0.984300
vt 0.734500 0.982700
vt 0.496600 0.988500
vt 0.503700 0.986600
vt 0.504300 0.989000
vt 0.497000 0.991000
vt 0.490200 0.990800
vt 0.489100 0.988100
vt 0.482700 0.990600
vt 0.481900 0.987600
vt 0.473600 0.989900
vt 0.474600 0.986600
vt 0.891200 0.979800
vt 0.897800 0.982400
vt 0.897300 0.983200
vt 0.890700 0.981400
vt 0.883600 0.980800
vt 0.883600 0.978600
vt 0.874700 0.981300
vt 0.875100 0.979500
vt 0.866700 0.983200
vt 0.865800 0.981900
vt 0.620300 0.966700
vt 0.628100 0.969800
vt 0.627700 0.970700
vt 0.620100 0.968500
vt 0.613100 0.969000
vt 0.612800 0.966700
vt 0.603400 0.970500
vt 0.603100 0.968600
vt 0.592300 0.971900
vt 0.591100 0.968000
vt 0.297900 0.947900
vt 0.305300 0.951900
vt 0.305000 0.952900
vt 0.297400 0.949600
vt 0.290500 0.949300
vt 0.290500 0.946700
vt 0.281400 0.949800
vt 0.281500 0.946700
vt 0.267700 0.950000
vt 0.267800 0.947300
vt 0.839600 0.208700
vt 0.847900 0.210100
vt 0.847300 0.211100
vt 0.839400 0.210300
vt 0.832400 0.210400
vt 0.832200 0.207900
vt 0.823100 0.210800
vt 0.823200 0.208800
vt 0.810200 0.211100
vt 0.809400 0.209600
vt 0.668800 0.989100
vt 0.660000 0.990900
vt 0.659900 0.989100
vt 0.668600 0.987100
vt 0.677900 0.987800
vt 0.677400 0.989600
vt 0.689800 0.989700
vt 0.689800 0.990900
vt 0.437000 0.990200
vt 0.429100 0.991600
vt 0.429000 0.989700
vt 0.437000 0.988100
vt 0.445400 0.988500
vt 0.444900 0.990400
vt 0.456900 0.990300
vt 0.456700 0.991600
vt 0.962300 0.182700
vt 0.965000 0.191600
vt 0.961800 0.193100
vt 0.958400 0.182600
vt 0.957700 0.174700
vt 0.961400 0.174500
vt 0.964000 0.162100
vt 0.965000 0.162500
vt 0.972800 0.806100
vt 0.964300 0.807300
vt 0.963000 0.804800
vt 0.973200 0.802300
vt 0.981600 0.802900
vt 0.981600 0.806200
vt 0.992000 0.806100
vt 0.991800 0.807300
vt 0.957700 0.466200
vt 0.947300 0.468500
vt 0.950300 0.464500
vt 0.958600 0.461400
vt 0.967300 0.461900
vt 0.967100 0.466200
vt 0.976200 0.466800
vt 0.975000 0.468500
vt 0.970000 0.888700
vt 0.962500 0.891300
vt 0.961900 0.886800
vt 0.970200 0.883800
vt 0.978100 0.884200
vt 0.978800 0.889400
vt 0.987700 0.888800
vt 0.987600 0.891300
vt 0.980800 0.856700
vt 0.989200 0.859900
vt 0.988100 0.860800
vt 0.979900 0.859300
vt 0.974600 0.858700
vt 0.974700 0.855900
vt 0.969900 0.859000
vt 0.969200 0.856600
vt 0.964100 0.860800
vt 0.963500 0.859300
vt 0.983200 0.411100
vt 0.991700 0.414200
vt 0.990700 0.414600
vt 0.982700 0.411800
vt 0.976700 0.411500
vt 0.977000 0.410600
vt 0.971800 0.412400
vt 0.971500 0.411800
vt 0.967600 0.414600
vt 0.966800 0.413200
vt 0.968200 0.530700
vt 0.969200 0.521500
vt 0.969800 0.522700
vt 0.970000 0.532100
vt 0.969700 0.538900
vt 0.968200 0.538400
vt 0.969800 0.544700
vt 0.968500 0.545400
vt 0.970800 0.549700
vt 0.969200 0.550300
vt 0.778900 0.201100
vt 0.786600 0.202600
vt 0.785400 0.203200
vt 0.777800 0.202800
vt 0.770900 0.202800
vt 0.771900 0.201100
vt 0.764300 0.203600
vt 0.764700 0.202000
vt 0.760100 0.203500
vt 0.760000 0.202200
vt 0.450700 0.948100
vt 0.458900 0.951300
vt 0.458100 0.954000
vt 0.449800 0.950900
vt 0.440300 0.950300
vt 0.441700 0.946700
vt 0.433900 0.950500
vt 0.434500 0.946700
vt 0.424800 0.954000
vt 0.421800 0.950600
vt 0.954100 0.485700
vt 0.963000 0.488500
vt 0.962600 0.491500
vt 0.953700 0.488600
vt 0.944000 0.488500
vt 0.945000 0.485000
vt 0.936600 0.490300
vt 0.937600 0.486200
vt 0.928100 0.492000
vt 0.928100 0.488800
vt 0.957800 0.695100
vt 0.965200 0.699400
vt 0.964600 0.701000
vt 0.956700 0.696900
vt 0.948400 0.696300
vt 0.949000 0.694000
vt 0.941300 0.697700
vt 0.940500 0.695300
vt 0.933400 0.701000
vt 0.931100 0.698500
vt 0.931700 0.959500
vt 0.933900 0.963200
vt 0.916200 0.962800
vt 0.915400 0.960700
vt 0.944600 0.960100
vt 0.946800 0.962800
vt 0.954400 0.959500
vt 0.955900 0.963800
vt 0.870900 0.958600
vt 0.871800 0.960500
vt 0.860000 0.962400
vt 0.859400 0.960900
vt 0.885400 0.958600
vt 0.886100 0.961100
vt 0.897000 0.961000
vt 0.897800 0.963900
vt 0.229300 0.970000
vt 0.230900 0.973500
vt 0.218600 0.974500
vt 0.218000 0.973000
vt 0.239800 0.970400
vt 0.241700 0.973900
vt 0.251400 0.970200
vt 0.253000 0.974500
vt 0.933400 0.596300
vt 0.935400 0.599100
vt 0.923200 0.601700
vt 0.922400 0.600400
vt 0.944700 0.596300
vt 0.946600 0.600900
vt 0.959000 0.599500
vt 0.957000 0.602400
vt 0.749300 0.963100
vt 0.747800 0.959900
vt 0.765000 0.960300
vt 0.765700 0.962000
vt 0.738500 0.964600
vt 0.737300 0.961200
vt 0.726900 0.964600
vt 0.726500 0.961400
vt 0.560200 0.970700
vt 0.559300 0.966600
vt 0.575600 0.968900
vt 0.576400 0.970600
vt 0.548500 0.970200
vt 0.546100 0.966800
vt 0.539300 0.969900
vt 0.536400 0.966600
vt 0.981100 0.308000
vt 0.986500 0.310000
vt 0.986700 0.313700
vt 0.979800 0.310500
vt 0.974100 0.311300
vt 0.975200 0.308400
vt 0.967800 0.313700
vt 0.968300 0.311800
vt 0.986700 0.597600
vt 0.992200 0.597600
vt 0.992600 0.602400
vt 0.985200 0.600500
vt 0.979700 0.600100
vt 0.980700 0.598000
vt 0.973800 0.600500
vt 0.973700 0.598800
vt 0.980800 0.347700
vt 0.987800 0.350800
vt 0.987200 0.353600
vt 0.980100 0.350300
vt 0.974400 0.349900
vt 0.974900 0.347700
vt 0.966900 0.351300
vt 0.967900 0.349300
vt 0.984500 0.959600
vt 0.991800 0.961000
vt 0.991900 0.963800
vt 0.984900 0.962100
vt 0.979100 0.962400
vt 0.978400 0.959600
vt 0.971100 0.963800
vt 0.970600 0.961300
vt 0.483100 0.950200
vt 0.473900 0.952600
vt 0.473600 0.948400
vt 0.483400 0.946700
vt 0.492900 0.946700
vt 0.491600 0.950200
vt 0.515600 0.948000
vt 0.511600 0.951200
vt 0.878700 0.766300
vt 0.869400 0.768100
vt 0.869400 0.763900
vt 0.879300 0.761300
vt 0.892800 0.762400
vt 0.891800 0.768000
vt 0.912500 0.764300
vt 0.905600 0.772800
vt 0.666300 0.950700
vt 0.653100 0.952400
vt 0.654600 0.947300
vt 0.668600 0.946700
vt 0.683500 0.946700
vt 0.681000 0.950900
vt 0.699600 0.947300
vt 0.694000 0.952500
vt 0.816100 0.957200
vt 0.799800 0.957800
vt 0.800900 0.951800
vt 0.816000 0.951000
vt 0.827100 0.952800
vt 0.828300 0.957800
vt 0.835500 0.954300
vt 0.835700 0.957800
vt 0.934400 0.576500
vt 0.923700 0.581600
vt 0.922400 0.573900
vt 0.931400 0.569300
vt 0.939700 0.570400
vt 0.940400 0.576500
vt 0.948200 0.577000
vt 0.947700 0.581600
vt 0.924500 0.808400
vt 0.908800 0.810500
vt 0.909000 0.804700
vt 0.923700 0.802300
vt 0.935600 0.804300
vt 0.936400 0.808500
vt 0.945800 0.806700
vt 0.948300 0.810500
vt 0.742100 0.235700
vt 0.727500 0.240300
vt 0.713300 0.224700
vt 0.735400 0.218600
vt 0.764100 0.218600
vt 0.762100 0.232100
vt 0.794700 0.225400
vt 0.792200 0.234200
vt 0.817000 0.382300
vt 0.803700 0.386700
vt 0.798000 0.380800
vt 0.816300 0.374100
vt 0.833000 0.372500
vt 0.830500 0.381900
vt 0.854400 0.379200
vt 0.852200 0.386700
vt 0.733100 0.734200
vt 0.723100 0.744300
vt 0.714300 0.726500
vt 0.726000 0.717600
vt 0.742100 0.717600
vt 0.743500 0.727000
vt 0.762500 0.718900
vt 0.764600 0.723900
vt 0.809100 0.025900
vt 0.806700 0.011400
vt 0.815800 0.007400
vt 0.819500 0.025400
vt 0.819500 0.041500
vt 0.810200 0.038700
vt 0.810300 0.063400
vt 0.805200 0.059300
vt 0.736500 0.775300
vt 0.724400 0.776200
vt 0.714300 0.761800
vt 0.733800 0.759000
vt 0.756200 0.762300
vt 0.753000 0.774000
vt 0.782100 0.768800
vt 0.779000 0.776200
vt 0.871300 0.037700
vt 0.872800 0.047300
vt 0.863300 0.054500
vt 0.860500 0.041700
vt 0.860500 0.025700
vt 0.868900 0.026300
vt 0.862300 0.007400
vt 0.867700 0.008500
vt 0.887200 0.345600
vt 0.896900 0.346900
vt 0.904700 0.357800
vt 0.887000 0.353700
vt 0.871400 0.355000
vt 0.872800 0.347200
vt 0.857300 0.357800
vt 0.856300 0.356500
vt 0.957000 0.211700
vt 0.967300 0.208600
vt 0.970300 0.212500
vt 0.957300 0.215300
vt 0.945600 0.215300
vt 0.944900 0.210900
vt 0.937400 0.214200
vt 0.937400 0.211300
vt 0.965100 0.045500
vt 0.966900 0.056500
vt 0.963000 0.057400
vt 0.960700 0.044900
vt 0.960700 0.032800
vt 0.964700 0.034100
vt 0.962300 0.025800
vt 0.964600 0.027000
vt 0.955600 0.103400
vt 0.959500 0.117000
vt 0.956000 0.117200
vt 0.953300 0.102600
vt 0.953300 0.092400
vt 0.956100 0.092500
vt 0.956600 0.083000
vt 0.957700 0.084100
vt 0.814700 0.445000
vt 0.823800 0.435200
vt 0.835100 0.439500
vt 0.823700 0.453000
vt 0.822700 0.463500
vt 0.814700 0.464000
vt 0.825600 0.474400
vt 0.823700 0.474900
vt 0.942300 0.347700
vt 0.952200 0.353200
vt 0.944800 0.357800
vt 0.939900 0.354100
vt 0.931800 0.354100
vt 0.929200 0.347700
vt 0.920100 0.356500
vt 0.919400 0.353600
vt 0.940500 0.912100
vt 0.949400 0.918600
vt 0.945000 0.921000
vt 0.938500 0.915300
vt 0.932300 0.915000
vt 0.932600 0.909400
vt 0.922100 0.921000
vt 0.922100 0.918100
vt 0.340400 0.972300
vt 0.348300 0.975900
vt 0.343700 0.979100
vt 0.338500 0.976200
vt 0.331900 0.975200
vt 0.332000 0.972300
vt 0.322500 0.976700
vt 0.320000 0.974900
vt 0.725700 0.088800
vt 0.743100 0.076000
vt 0.754100 0.090100
vt 0.733400 0.098800
vt 0.713300 0.055700
vt 0.733000 0.054300
vt 0.736500 0.064600
vt 0.717300 0.071000
vt 0.713300 0.036900
vt 0.732800 0.038100
vt 0.724300 0.011000
vt 0.736400 0.007400
vt 0.722500 0.371900
vt 0.739800 0.365200
vt 0.752400 0.372600
vt 0.738400 0.388900
vt 0.713300 0.345200
vt 0.729400 0.342700
vt 0.733000 0.354600
vt 0.716200 0.359100
vt 0.713300 0.329200
vt 0.729100 0.324800
vt 0.720900 0.300300
vt 0.732000 0.296500
vt 0.718200 0.186000
vt 0.741100 0.181800
vt 0.745300 0.203900
vt 0.732000 0.202600
vt 0.714300 0.161500
vt 0.738200 0.156900
vt 0.738300 0.169500
vt 0.713300 0.175900
vt 0.721600 0.142600
vt 0.740600 0.141900
vt 0.729400 0.120700
vt 0.745300 0.113500
vt 0.778900 0.551900
vt 0.773400 0.538500
vt 0.790800 0.541400
vt 0.788200 0.547900
vt 0.744000 0.548700
vt 0.749700 0.537500
vt 0.765400 0.538900
vt 0.763000 0.551900
vt 0.730300 0.545400
vt 0.736100 0.533200
vt 0.714300 0.538400
vt 0.720900 0.528400
vt 0.776500 0.437300
vt 0.770300 0.432800
vt 0.783900 0.421200
vt 0.791900 0.423800
vt 0.748800 0.447000
vt 0.754200 0.430300
vt 0.759400 0.434000
vt 0.759200 0.446100
vt 0.726400 0.423000
vt 0.739500 0.415400
vt 0.747300 0.424600
vt 0.736300 0.438900
vt 0.726300 0.403600
vt 0.735000 0.403600
vt 0.769100 0.443900
vt 0.765000 0.435000
vt 0.732200 0.487000
vt 0.723000 0.497200
vt 0.714300 0.484500
vt 0.722200 0.478400
vt 0.751500 0.490700
vt 0.756100 0.513700
vt 0.733700 0.510500
vt 0.740600 0.491400
vt 0.765900 0.485400
vt 0.775400 0.505600
vt 0.781800 0.478400
vt 0.784800 0.485200
vt 0.868000 0.079500
vt 0.882800 0.079300
vt 0.880200 0.091500
vt 0.863100 0.090000
vt 0.848600 0.091400
vt 0.852000 0.079300
vt 0.829000 0.088100
vt 0.832500 0.080600
vt 0.881200 0.856400
vt 0.904600 0.861300
vt 0.905800 0.867100
vt 0.880700 0.860700
vt 0.868300 0.861600
vt 0.869200 0.859000
vt 0.854100 0.867100
vt 0.854300 0.866400
vt 0.951900 0.546800
vt 0.946300 0.551900
vt 0.944900 0.550500
vt 0.946400 0.547200
vt 0.946600 0.538600
vt 0.953500 0.536700
vt 0.944900 0.521600
vt 0.947900 0.521500
vt 0.838400 0.338100
vt 0.841600 0.357800
vt 0.831700 0.354700
vt 0.827700 0.339100
vt 0.829400 0.323500
vt 0.837100 0.326100
vt 0.835300 0.306000
vt 0.841600 0.308600
vt 0.876100 0.537800
vt 0.876100 0.545500
vt 0.871100 0.551900
vt 0.866200 0.540500
vt 0.863400 0.523500
vt 0.871400 0.525100
vt 0.867000 0.508500
vt 0.873100 0.506700
vt 0.921900 0.981200
vt 0.916800 0.983700
vt 0.915400 0.982000
vt 0.921000 0.979300
vt 0.928300 0.978500
vt 0.928300 0.980800
vt 0.948200 0.982600
vt 0.947000 0.983700
vt 0.812700 0.771200
vt 0.796800 0.772800
vt 0.796900 0.766900
vt 0.808800 0.764400
vt 0.824900 0.770600
vt 0.822400 0.763000
vt 0.835100 0.762200
vt 0.836700 0.770900
vt 0.848600 0.759000
vt 0.854700 0.772800
vt 0.901900 0.651200
vt 0.903000 0.657600
vt 0.901200 0.658500
vt 0.899400 0.650000
vt 0.900800 0.643400
vt 0.896400 0.641600
vt 0.896800 0.634100
vt 0.901200 0.634000
vt 0.896400 0.623000
vt 0.905400 0.617400
vt 0.868400 0.630900
vt 0.879700 0.617400
vt 0.881700 0.620700
vt 0.873000 0.646500
vt 0.868400 0.646500
vt 0.876800 0.657500
vt 0.876100 0.658300
vt 0.768800 0.329300
vt 0.777400 0.332000
vt 0.776500 0.344700
vt 0.767100 0.343100
vt 0.771900 0.316600
vt 0.780800 0.319300
vt 0.767100 0.352300
vt 0.776600 0.355500
vt 0.777800 0.369500
vt 0.768500 0.366700
vt 0.774100 0.296500
vt 0.783300 0.299400
vt 0.794600 0.865800
vt 0.783100 0.862200
vt 0.780900 0.859500
vt 0.793600 0.861400
vt 0.806800 0.867100
vt 0.804200 0.862600
vt 0.817200 0.861300
vt 0.818700 0.867100
vt 0.829900 0.855800
vt 0.839400 0.859600
vt 0.868300 0.918400
vt 0.859800 0.917800
vt 0.859400 0.914900
vt 0.870300 0.913300
vt 0.884000 0.912500
vt 0.879300 0.921000
vt 0.907400 0.915400
vt 0.902100 0.921000
vt 0.757200 0.625700
vt 0.754000 0.636200
vt 0.750000 0.636300
vt 0.748100 0.624000
vt 0.764200 0.616600
vt 0.751700 0.612400
vt 0.750700 0.594000
vt 0.764600 0.595800
vt 0.748100 0.578600
vt 0.762400 0.572000
vt 0.729600 0.183900
vt 0.738700 0.203200
vt 0.726200 0.159200
vt 0.725800 0.172700
vt 0.731100 0.142200
vt 0.737300 0.117100
vt 0.782800 0.441700
vt 0.800000 0.426500
vt 0.743400 0.463700
vt 0.758900 0.458300
vt 0.713300 0.430600
vt 0.725300 0.453200
vt 0.717700 0.403600
vt 0.773100 0.452900
vt 0.025900 0.451300
vt 0.055300 0.472700
vt 0.084500 0.486100
vt 0.113900 0.493500
vt 0.146600 0.495200
vt 0.173500 0.492100
vt 0.206200 0.482500
vt 0.491000 0.500800
vt 0.527200 0.516400
vt 0.559800 0.524300
vt 0.590300 0.524600
vt 0.625300 0.522500
vt 0.654500 0.514700
vt 0.683800 0.502300
vt 0.481000 0.516200
vt 0.523200 0.534100
vt 0.558200 0.542900
vt 0.589700 0.542900
vt 0.625600 0.540300
vt 0.655100 0.529700
vt 0.684900 0.514200
vt 0.013000 0.463500
vt 0.046800 0.488000
vt 0.078400 0.503200
vt 0.108500 0.510100
vt 0.142600 0.510100
vt 0.170500 0.504700
vt 0.204800 0.490200
vt 0.893300 0.044300
vt 0.890900 0.055700
vt 0.887500 0.057400
vt 0.889000 0.046000
vt 0.894300 0.034000
vt 0.888500 0.036300
vt 0.887600 0.024000
vt 0.894000 0.022700
vt 0.887500 0.008100
vt 0.894500 0.007400
vt 0.840700 0.049500
vt 0.838900 0.062600
vt 0.835900 0.061900
vt 0.834200 0.048500
vt 0.843100 0.039500
vt 0.837700 0.039800
vt 0.838600 0.027800
vt 0.845800 0.026400
vt 0.834200 0.013400
vt 0.843400 0.007400
vt 0.890200 0.177700
vt 0.891200 0.193100
vt 0.888200 0.191900
vt 0.886200 0.178300
vt 0.891200 0.167700
vt 0.886300 0.169200
vt 0.886100 0.157200
vt 0.890800 0.156800
vt 0.883600 0.140800
vt 0.891200 0.139700
vt 0.846600 0.537300
vt 0.847600 0.551900
vt 0.837600 0.551400
vt 0.837900 0.538700
vt 0.847500 0.528200
vt 0.838400 0.529600
vt 0.837900 0.518400
vt 0.847900 0.517400
vt 0.837600 0.495600
vt 0.848700 0.495900
vt 0.771800 0.175500
vt 0.769400 0.185800
vt 0.760000 0.186400
vt 0.764100 0.176100
vt 0.774500 0.167600
vt 0.765500 0.168300
vt 0.763900 0.151000
vt 0.773900 0.146500
vt 0.760000 0.121600
vt 0.776500 0.113500
vt 0.785800 0.626800
vt 0.783500 0.636300
vt 0.779300 0.636100
vt 0.779900 0.627200
vt 0.787800 0.619400
vt 0.781700 0.618800
vt 0.781400 0.602500
vt 0.788400 0.602900
vt 0.779300 0.574600
vt 0.793400 0.569200
vt 0.805100 0.349100
vt 0.802900 0.357800
vt 0.798000 0.357500
vt 0.799000 0.349100
vt 0.807600 0.342200
vt 0.801400 0.341100
vt 0.801000 0.318700
vt 0.809700 0.322000
vt 0.798000 0.300300
vt 0.813000 0.296500
vt 0.729200 0.621200
vt 0.716700 0.636300
vt 0.714300 0.636300
vt 0.720800 0.621700
vt 0.733400 0.612700
vt 0.723000 0.609400
vt 0.718900 0.589800
vt 0.733400 0.589500
vt 0.715700 0.574700
vt 0.729600 0.566600
vt 0.753100 0.279800
vt 0.724400 0.272200
vt 0.713300 0.261100
vt 0.743800 0.264300
vt 0.770500 0.280900
vt 0.763600 0.263300
vt 0.778200 0.262400
vt 0.788900 0.281800
vt 0.798900 0.260600
vt 0.819900 0.281800
vt 0.897600 0.485300
vt 0.913400 0.489900
vt 0.912000 0.492000
vt 0.897500 0.488800
vt 0.880900 0.486900
vt 0.881100 0.484900
vt 0.864200 0.492000
vt 0.863400 0.489400
vt 0.810200 0.826000
vt 0.836700 0.837700
vt 0.828900 0.840400
vt 0.810400 0.830000
vt 0.797900 0.829000
vt 0.794800 0.825200
vt 0.780900 0.841000
vt 0.780900 0.838800
vt 0.842200 0.570600
vt 0.859700 0.585300
vt 0.853100 0.585000
vt 0.838300 0.576800
vt 0.827500 0.576000
vt 0.827600 0.569200
vt 0.808700 0.585300
vt 0.808100 0.584200
vt 0.886200 0.306000
vt 0.900200 0.311300
vt 0.897600 0.318700
vt 0.885200 0.312900
vt 0.871700 0.312300
vt 0.873400 0.306000
vt 0.856300 0.317600
vt 0.857100 0.316400
vt 0.732900 0.843000
vt 0.717500 0.844900
vt 0.725600 0.826500
vt 0.735200 0.829100
vt 0.753100 0.829100
vt 0.748100 0.843900
vt 0.766200 0.832400
vt 0.766200 0.842700
vt 0.794900 0.741000
vt 0.779300 0.744300
vt 0.785700 0.723800
vt 0.794700 0.723600
vt 0.811400 0.724900
vt 0.808000 0.743400
vt 0.825800 0.727100
vt 0.823000 0.744300
vt 0.794800 0.156800
vt 0.791200 0.137900
vt 0.813300 0.141500
vt 0.812100 0.155900
vt 0.810900 0.168900
vt 0.794300 0.170800
vt 0.805400 0.186400
vt 0.796700 0.186400
vt 0.737700 0.698800
vt 0.717300 0.702900
vt 0.714300 0.696500
vt 0.727100 0.688900
vt 0.748600 0.696400
vt 0.744500 0.684300
vt 0.761800 0.684600
vt 0.760400 0.699700
vt 0.778800 0.691800
vt 0.781900 0.702900
vt 0.727900 0.806500
vt 0.714300 0.803900
vt 0.720700 0.790900
vt 0.737600 0.794600
vt 0.759200 0.804700
vt 0.744500 0.811800
vt 0.766200 0.804700
vt 0.761500 0.811800
vt 0.797200 0.096300
vt 0.791200 0.079300
vt 0.814300 0.081700
vt 0.814200 0.095400
vt 0.813900 0.107600
vt 0.801200 0.109500
vt 0.811500 0.123200
vt 0.804100 0.123200
vt 0.835800 0.512700
vt 0.827800 0.504700
vt 0.841500 0.499900
vt 0.840100 0.506900
vt 0.834800 0.521900
vt 0.824900 0.527200
vt 0.820300 0.497800
vt 0.820900 0.533100
vt 0.799100 0.539600
vt 0.797100 0.504800
vt 0.836200 0.541300
vt 0.827300 0.549800
vt 0.805000 0.565600
vt 0.839800 0.580100
vt 0.816600 0.598100
vt 0.861300 0.564600
vt 0.838500 0.528600
vt 0.827400 0.621600
vt 0.816500 0.635700
vt 0.786700 0.631100
vt 0.817500 0.654900
vt 0.803000 0.670700
vt 0.876100 0.526100
vt 0.853400 0.524800
vt 0.850600 0.508000
vt 0.865600 0.505300
vt 0.854800 0.606100
vt 0.841800 0.633500
vt 0.868900 0.617900
vt 0.852100 0.633300
vt 0.835600 0.631200
vt 0.835000 0.658200
vt 0.827300 0.683500
vt 0.881000 0.574300
vt 0.872900 0.502300
vt 0.878900 0.498400
vt 0.883600 0.501600
vt 0.886400 0.515800
vt 0.888000 0.501800
vt 0.898800 0.520200
vt 0.886100 0.489000
vt 0.887200 0.483200
vt 0.895900 0.482900
vt 0.894700 0.488800
vt 0.899500 0.496600
vt 0.844100 0.520500
vt 0.843800 0.513100
vt 0.913200 0.550500
vt 0.899800 0.582500
vt 0.891100 0.539000
vt 0.884800 0.634500
vt 0.860800 0.654300
vt 0.903000 0.689000
vt 0.912200 0.655300
vt 0.792500 0.693500
vt 0.765900 0.652500
vt 0.770100 0.723700
vt 0.733700 0.692600
vt 0.752800 0.748100
vt 0.710400 0.718200
vt 0.780900 0.581100
vt 0.924400 0.593800
vt 0.936100 0.559600
vt 0.916700 0.517400
vt 0.940900 0.525100
vt 0.905900 0.503700
vt 0.911600 0.505900
vt 0.921500 0.498000
vt 0.933400 0.504900
vt 0.881900 0.767900
vt 0.892600 0.733900
vt 0.936700 0.746000
vt 0.929500 0.767700
vt 0.962100 0.683900
vt 0.947900 0.717400
vt 0.883900 0.489100
vt 0.880300 0.488400
vt 0.874400 0.491600
vt 0.874400 0.486200
vt 0.857500 0.497500
vt 0.866800 0.493500
vt 0.837000 0.491400
vt 0.854300 0.488900
vt 0.866200 0.486800
vt 0.942700 0.506400
vt 0.414100 0.950000
vt 0.401600 0.947400
vt 0.412500 0.934400
vt 0.425300 0.938700
vt 0.961100 0.573000
vt 0.935400 0.610800
vt 0.952700 0.507300
vt 0.951900 0.521200
vt 0.945800 0.483200
vt 0.955000 0.483200
vt 0.984300 0.529200
vt 0.936700 0.483200
vt 0.817400 0.709800
vt 0.800000 0.743200
vt 0.387500 0.950000
vt 0.398200 0.929800
vt 0.426500 0.957200
vt 0.435800 0.941600
vt 0.771300 0.551700
vt 0.923900 0.790600
vt 0.876300 0.784200
vt 0.790600 0.766200
vt 0.918600 0.816300
vt 0.870300 0.810600
vt 0.432800 0.895400
vt 0.446200 0.907800
vt 0.405700 0.880700
vt 0.453000 0.952900
vt 0.445900 0.947800
vt 0.462700 0.933600
vt 0.466200 0.940700
vt 0.459200 0.923400
vt 0.472100 0.973300
vt 0.467100 0.967400
vt 0.476400 0.960100
vt 0.477600 0.968700
vt 0.461200 0.960400
vt 0.472200 0.951600
vt 0.418300 0.827500
vt 0.445500 0.846400
vt 0.470700 0.880800
vt 0.482800 0.898100
vt 0.487000 0.913100
vt 0.489700 0.920800
vt 0.490000 0.932500
vt 0.492700 0.944100
vt 0.517400 0.868500
vt 0.528000 0.889600
vt 0.535000 0.902200
vt 0.536100 0.917300
vt 0.532000 0.933700
vt 0.910900 0.501700
vt 0.913900 0.494600
vt 0.905900 0.493600
vt 0.907500 0.499000
vt 0.903700 0.486500
vt 0.910900 0.497500
vt 0.911200 0.493700
vt 0.906000 0.485500
vt 0.906900 0.492400
vt 0.908200 0.497300
vt 0.839700 0.520200
vt 0.839400 0.514300
vt 0.839500 0.514400
vt 0.839300 0.511400
vt 0.839000 0.514500
vt 0.838600 0.520600
vt 0.838300 0.520700
vt 0.838600 0.524400
vt 0.838600 0.524300
vt 0.839900 0.520200
vt 0.839300 0.511500
vt 0.835500 0.453600
vt 0.839600 0.458200
vt 0.841500 0.466400
vt 0.827800 0.461600
vt 0.824400 0.438400
vt 0.835000 0.443800
vt 0.820300 0.468600
vt 0.820900 0.433300
vt 0.797100 0.461500
vt 0.799100 0.426700
vt 0.827300 0.416500
vt 0.836200 0.425100
vt 0.805000 0.400700
vt 0.816600 0.368200
vt 0.839800 0.386200
vt 0.861300 0.401700
vt 0.838800 0.437900
vt 0.786700 0.335200
vt 0.816500 0.330700
vt 0.827400 0.344700
vt 0.817500 0.311500
vt 0.803000 0.295700
vt 0.876100 0.440300
vt 0.865600 0.461100
vt 0.850600 0.458300
vt 0.853400 0.441500
vt 0.854800 0.360200
vt 0.841800 0.332800
vt 0.852100 0.333000
vt 0.868900 0.348400
vt 0.835600 0.335100
vt 0.835000 0.308100
vt 0.827300 0.282900
vt 0.881000 0.392000
vt 0.872900 0.464000
vt 0.886400 0.450600
vt 0.883600 0.464800
vt 0.878900 0.468000
vt 0.898800 0.446100
vt 0.888000 0.464500
vt 0.899800 0.468900
vt 0.894800 0.479000
vt 0.886100 0.477300
vt 0.843800 0.444400
vt 0.843800 0.453200
vt 0.913200 0.415900
vt 0.891100 0.427300
vt 0.899800 0.383800
vt 0.860800 0.312000
vt 0.884800 0.331900
vt 0.903000 0.277400
vt 0.913900 0.311000
vt 0.765900 0.313900
vt 0.792500 0.272900
vt 0.733700 0.273700
vt 0.770100 0.242600
vt 0.710400 0.248100
vt 0.752800 0.218300
vt 0.780900 0.385200
vt 0.924400 0.372500
vt 0.936100 0.406700
vt 0.916700 0.448900
vt 0.940900 0.441200
vt 0.906000 0.462100
vt 0.911900 0.459500
vt 0.933400 0.461500
vt 0.922100 0.467200
vt 0.881900 0.198400
vt 0.929100 0.199300
vt 0.938000 0.226700
vt 0.892600 0.232400
vt 0.946700 0.249000
vt 0.961900 0.283100
vt 0.883900 0.477200
vt 0.880300 0.478000
vt 0.874400 0.474800
vt 0.874400 0.480100
vt 0.866800 0.472800
vt 0.857500 0.468800
vt 0.837000 0.475000
vt 0.854300 0.477400
vt 0.866200 0.479500
vt 0.865500 0.483200
vt 0.854300 0.483200
vt 0.874300 0.483200
vt 0.835200 0.483200
vt 0.942700 0.459900
vt 0.347200 0.950000
vt 0.335200 0.938300
vt 0.348800 0.934400
vt 0.359700 0.947400
vt 0.938000 0.354300
vt 0.961100 0.393300
vt 0.951900 0.445100
vt 0.952700 0.459000
vt 0.380600 0.952100
vt 0.373700 0.950000
vt 0.363100 0.929800
vt 0.380600 0.926400
vt 0.984300 0.437200
vt 0.817400 0.256600
vt 0.800000 0.223100
vt 0.334800 0.957200
vt 0.325400 0.941700
vt 0.798600 0.483200
vt 0.764400 0.483200
vt 0.765000 0.450900
vt 0.771300 0.414700
vt 0.877100 0.182700
vt 0.921100 0.172800
vt 0.790600 0.200100
vt 0.315100 0.907800
vt 0.328600 0.895400
vt 0.355700 0.880700
vt 0.380700 0.877000
vt 0.308400 0.952800
vt 0.295100 0.940700
vt 0.298600 0.933600
vt 0.315100 0.948100
vt 0.302100 0.923300
vt 0.293700 0.967700
vt 0.284900 0.960100
vt 0.289100 0.951600
vt 0.300400 0.959900
vt 0.315900 0.846300
vt 0.343100 0.827400
vt 0.278500 0.898100
vt 0.290700 0.880800
vt 0.274300 0.913100
vt 0.271300 0.932500
vt 0.271600 0.920800
vt 0.268600 0.944100
vt 0.233300 0.889600
vt 0.243900 0.868400
vt 0.226300 0.902200
vt 0.229300 0.933700
vt 0.225200 0.917300
vt 0.262100 0.954200
vt 0.237200 0.954000
vt 0.230300 0.525400
vt 0.231600 0.560300
vt 0.201900 0.559000
vt 0.196200 0.526600
vt 0.223200 0.595000
vt 0.203700 0.577900
vt 0.302700 0.498600
vt 0.300100 0.470400
vt 0.329300 0.461400
vt 0.329800 0.494000
vt 0.186500 0.478400
vt 0.151300 0.476600
vt 0.160000 0.418700
vt 0.188900 0.418100
vt 0.227400 0.477800
vt 0.217900 0.414000
vt 0.303600 0.525900
vt 0.327900 0.523300
vt 0.269700 0.474200
vt 0.251300 0.409000
vt 0.281300 0.401100
vt 0.913900 0.471000
vt 0.909500 0.465300
vt 0.907600 0.465500
vt 0.905400 0.472700
vt 0.926100 0.483300
vt 0.916300 0.483100
vt 0.903800 0.479800
vt 0.911000 0.472100
vt 0.909500 0.468000
vt 0.906800 0.473000
vt 0.906000 0.480100
vt 0.903100 0.483000
vt 0.906100 0.482700
vt 0.907900 0.468400
vt 0.839300 0.451800
vt 0.839100 0.445200
vt 0.839700 0.454700
vt 0.838200 0.445600
vt 0.838700 0.452200
vt 0.838800 0.441700
vt 0.228300 0.500000
vt 0.272900 0.498600
vt 0.353600 0.485500
vt 0.353800 0.527700
vt 0.188400 0.499600
vt 0.306200 0.390400
vt 0.158500 0.496100
vt 0.178600 0.563300
vt 0.168600 0.532100
vt 0.370500 0.439300
vt 0.331300 0.366100
vt 0.182400 0.581000
vt 0.189100 0.594300
vt 0.879800 0.483200
vt 0.884200 0.483200
vt 0.821400 0.483200
vt 0.993300 0.480700
vt 0.765000 0.515400
vt 0.779000 0.797000
vt 0.735900 0.778700
vt 0.684900 0.739600
vt 0.380700 0.822500
vt 0.499200 0.954200
vt 0.524000 0.954000
vt 0.592500 0.532000
vt 0.602000 0.495900
vt 0.615900 0.503100
vt 0.606700 0.538200
vt 0.911400 0.483000
vt 0.380600 0.381200
vt 0.388500 0.380900
vt 0.390800 0.439300
vt 0.380600 0.445800
vt 0.649300 0.449500
vt 0.649800 0.450200
vt 0.626600 0.479000
vt 0.609500 0.476500
vt 0.582600 0.563300
vt 0.599700 0.571800
vt 0.869200 0.154200
vt 0.918200 0.149800
vt 0.779000 0.169400
vt 0.684900 0.226700
vt 0.735900 0.187600
vt 0.289200 0.973300
vt 0.283600 0.968700
vt 0.154600 0.538200
vt 0.145300 0.503100
vt 0.380600 0.492000
vt 0.380600 0.530200
vt 0.372800 0.380900
vt 0.111900 0.449500
vt 0.134700 0.479000
vt 0.111500 0.450200
vt 0.161600 0.571800
vt 0.162900 0.589800
vt 0.162500 0.580500
s 1
usemtl BodySuit
f 887/153/149 891/154/149 893/155/149 889/156/149
f 888/157/150 892/158/150 890/159/150 886/160/150
f 886/160/151 890/159/151 891/154/151 887/153/151
f 891/154/152 895/161/152 897/162/152 893/155/152
f 892/158/153 896/163/153 894/164/153 890/159/153
f 890/159/154 894/164/154 895/161/154 891/154/154
f 895/161/155 899/165/155 901/166/155 897/162/155
f 896/163/156 900/167/156 898/168/156 894/164/156
f 894/164/157 898/168/157 899/165/157 895/161/157
f 899/165/158 903/169/158 905/170/158 901/166/158
f 900/167/159 904/171/159 902/172/159 898/168/159
f 898/168/160 902/172/160 903/169/160 899/165/160
f 944/173/161 907/174/161 909/175/161 948/176/161
f 949/177/162 908/178/162 906/179/162 950/180/162
f 950/180/163 906/179/163 907/174/163 944/173/163
f 907/174/164 911/181/164 913/182/164 909/175/164
f 908/178/165 912/183/165 910/184/165 906/179/165
f 906/179/166 910/184/166 911/181/166 907/174/166
f 911/181/167 915/185/167 917/186/167 913/182/167
f 912/183/168 916/187/168 914/188/168 910/184/168
f 910/184/169 914/188/169 915/185/169 911/181/169
f 915/185/170 919/189/170 921/190/170 917/186/170
f 916/187/171 920/191/171 918/192/171 914/188/171
f 914/188/172 918/192/172 919/189/172 915/185/172
f 919/189/173 923/193/173 925/194/173 921/190/173
f 920/191/174 924/195/174 922/196/175 918/192/176
f 918/192/176 922/196/175 923/193/177 919/189/177
f 1036/197/178 927/198/178 929/199/178 1037/200/178
f 1038/201/179 928/202/179 926/203/179 1039/204/179
f 1039/204/180 926/203/180 927/198/180 1036/197/180
f 927/198/181 931/205/181 933/206/181 929/199/181
f 928/202/182 932/207/182 930/208/182 926/203/182
f 926/203/183 930/208/183 931/205/183 927/198/183
f 931/205/184 935/209/184 937/210/184 933/206/184
f 932/207/185 936/211/185 934/212/185 930/208/185
f 930/208/186 934/212/186 935/209/186 931/205/186
f 935/209/187 939/213/187 941/214/187 937/210/187
f 936/211/188 940/215/188 938/216/188 934/212/188
f 934/212/189 938/216/189 939/213/189 935/209/189
f 912/183/190 945/217/190 947/218/190 916/187/190
f 902/172/191 950/180/191 944/173/191 903/169/191
f 904/171/192 949/177/192 950/180/192 902/172/192
f 908/178/193 942/219/193 945/217/193 912/183/193
f 903/169/194 944/173/194 948/176/194 905/170/194
f 916/187/195 947/218/195 954/220/195 920/191/195
f 904/171/196 956/221/196 955/222/196 949/177/196
f 949/177/197 955/222/197 942/219/197 908/178/197
f 940/215/198 936/211/198 943/223/198 946/224/198
f 928/202/199 952/225/199 951/226/199 932/207/199
f 1038/201/200 1040/227/200 952/225/200 928/202/200
f 920/191/201 954/220/201 953/228/201 924/195/201
f 900/167/202 957/229/202 956/221/202 904/171/202
f 896/163/203 958/230/203 957/229/203 900/167/203
f 892/158/204 959/231/204 958/230/204 896/163/204
f 888/157/205 960/232/205 959/231/205 892/158/205
f 932/207/206 951/226/206 943/223/206 936/211/206
f 962/233/207 964/234/207 968/235/207 966/236/207
f 963/237/208 961/238/208 965/239/208 967/240/208
f 961/238/209 962/233/209 966/236/209 965/239/209
f 966/236/210 968/235/211 972/241/210 970/242/211
f 967/240/212 965/239/212 969/243/212 971/244/212
f 965/239/213 966/236/213 970/242/213 969/243/213
f 970/242/214 972/241/214 976/245/214 974/246/214
f 971/244/215 969/243/215 973/247/215 975/248/215
f 969/243/216 970/242/216 974/246/216 973/247/216
f 974/246/217 976/245/217 980/249/217 978/250/217
f 975/248/218 973/247/219 977/251/219 979/252/220
f 973/247/221 974/246/221 978/250/221 977/251/221
f 1019/253/222 1023/254/222 984/255/222 982/256/222
f 1024/257/223 1025/258/223 981/259/223 983/260/223
f 1025/258/224 1019/253/224 982/256/224 981/259/224
f 982/256/225 984/255/225 988/261/225 986/262/225
f 983/260/226 981/259/226 985/263/226 987/264/226
f 981/259/227 982/256/227 986/262/227 985/263/227
f 986/262/228 988/261/228 992/265/228 990/266/228
f 987/264/229 985/263/229 989/267/229 991/268/229
f 985/263/230 986/262/230 990/266/230 989/267/230
f 990/266/231 992/265/231 996/269/231 994/270/231
f 991/268/232 989/267/232 993/271/232 995/272/232
f 989/267/233 990/266/233 994/270/233 993/271/233
f 994/270/234 996/269/234 1000/273/234 998/274/234
f 995/272/235 993/271/236 997/275/237 999/276/235
f 993/271/236 994/270/238 998/274/238 997/275/237
f 1041/277/239 1042/278/239 1004/279/239 1002/280/239
f 1043/281/240 1044/282/240 1001/283/240 1003/284/240
f 1044/282/241 1041/277/241 1002/280/241 1001/283/241
f 1002/280/242 1004/279/242 1008/285/242 1006/286/242
f 1003/284/243 1001/283/243 1005/287/243 1007/288/243
f 1001/283/244 1002/280/244 1006/286/244 1005/287/244
f 1006/286/245 1008/285/245 1012/289/245 1010/290/245
f 1007/288/246 1005/287/246 1009/291/246 1011/292/246
f 1005/287/247 1006/286/247 1010/290/247 1009/291/247
f 1010/290/248 1012/289/248 1016/293/248 1014/294/248
f 1011/292/249 1009/291/249 1013/295/249 1015/296/249
f 1009/291/250 1010/290/250 1014/294/250 1013/295/250
f 987/264/251 991/268/251 1022/297/251 1020/298/251
f 977/251/252 978/250/252 1019/253/252 1025/258/252
f 979/252/253 977/251/253 1025/258/253 1024/257/253
f 983/260/254 987/264/254 1020/298/254 1017/299/254
f 978/250/255 980/249/255 1023/254/255 1019/253/255
f 991/268/256 995/272/256 1029/300/256 1022/297/256
f 979/252/257 1024/257/257 1030/301/257 1031/302/257
f 1024/257/258 983/260/258 1017/299/258 1030/301/258
f 1015/296/259 1021/303/259 1018/304/259 1011/292/259
f 1003/284/260 1007/288/260 1026/305/260 1027/306/260
f 1043/281/261 1003/284/261 1027/306/261 1045/307/261
f 995/272/262 999/276/262 1028/308/262 1029/300/262
f 975/248/218 979/252/220 1031/302/263 1032/309/263
f 971/244/264 975/248/264 1032/309/264 1033/310/264
f 967/240/265 971/244/265 1033/310/265 1034/311/265
f 963/237/266 967/240/266 1034/311/266 1035/312/266
f 1007/288/267 1011/292/267 1018/304/267 1026/305/267
f 923/193/268 1036/197/268 1037/200/268 925/194/268
f 924/195/269 1038/201/269 1039/204/269 922/196/269
f 922/196/270 1039/204/270 1036/197/270 923/193/270
f 924/195/271 953/228/271 1040/227/271 1038/201/271
f 998/274/272 1000/273/272 1042/278/272 1041/277/272
f 999/276/273 997/275/273 1044/282/273 1043/281/273
f 997/275/274 998/274/274 1041/277/274 1044/282/274
f 999/276/275 1043/281/275 1045/307/275 1028/308/275
f 1057/313/276 1100/314/276 1099/315/276 1056/316/276
f 1198/317/277 1199/318/277 1098/319/277 1055/320/277
f 1055/320/278 1098/319/278 1097/321/278 1054/322/278
f 1054/322/279 1097/321/279 1096/323/279 1053/324/279
f 1053/324/280 1096/323/280 1102/325/280 1073/326/280
f 1100/314/281 1107/327/281 1106/328/281 1099/315/281
f 1199/318/282 1200/329/282 1105/330/282 1098/319/282
f 1098/319/283 1105/330/283 1104/331/283 1097/321/283
f 1097/321/284 1104/331/284 1103/332/284 1096/323/284
f 1096/323/285 1103/332/285 1109/333/285 1102/325/285
f 1107/327/286 1299/334/286 1298/335/286 1106/328/286
f 1200/329/287 1377/336/287 1297/337/287 1105/330/287
f 1105/330/288 1297/337/288 1296/338/288 1104/331/288
f 1104/331/289 1296/338/289 1295/339/289 1103/332/289
f 1103/332/290 1295/339/290 1301/340/290 1109/333/290
f 1054/322/291 1053/324/291 1146/341/291 1147/342/291
f 1055/320/292 1054/322/292 1147/342/292 1148/343/292
f 1088/344/293 1089/345/293 1177/346/293 1176/347/293
f 1198/317/294 1055/320/294 1148/343/294 1201/348/294
f 1057/313/295 1056/316/295 1149/349/295 1150/350/295
f 1053/324/296 1073/326/296 1165/351/296 1146/341/296
f 1056/316/297 1099/315/297 1199/318/297 1198/317/297
f 1099/315/298 1106/328/298 1200/329/298 1199/318/298
f 1106/328/299 1298/335/299 1377/336/299 1200/329/299
f 1056/316/300 1198/317/300 1201/348/300 1149/349/300
f 1214/352/301 1213/353/302 1256/354/302 1257/355/303
f 1213/353/304 1212/356/305 1255/357/304 1256/354/305
f 1374/358/306 1211/359/306 1254/360/306 1375/361/306
f 1211/359/307 1210/362/307 1253/363/307 1254/360/307
f 1210/362/308 1209/364/308 1252/365/308 1253/363/308
f 1209/364/309 1229/366/309 1258/367/309 1252/365/309
f 1257/355/310 1256/354/310 1263/368/310 1264/369/310
f 1256/354/311 1255/357/311 1262/370/311 1263/368/311
f 1375/361/312 1254/360/312 1261/371/312 1376/372/312
f 1254/360/313 1253/363/313 1260/373/313 1261/371/313
f 1253/363/314 1252/365/314 1259/374/314 1260/373/314
f 1252/365/315 1258/367/315 1265/375/315 1259/374/315
f 1263/368/316 1262/370/316 1298/335/316 1299/334/316
f 1376/372/317 1261/371/317 1297/337/317 1377/336/317
f 1261/371/318 1260/373/318 1296/338/318 1297/337/318
f 1260/373/319 1259/374/319 1295/339/319 1296/338/319
f 1259/374/320 1265/375/320 1301/340/320 1295/339/320
f 1208/376/321 1242/377/321 1272/378/321 1229/366/321
f 1229/366/322 1272/378/322 1279/379/322 1258/367/322
f 1210/362/323 1320/380/323 1319/381/323 1209/364/323
f 1211/359/324 1321/382/324 1320/380/324 1210/362/324
f 1374/358/325 1378/383/325 1321/382/325 1211/359/325
f 1213/353/326 1323/384/326 1322/385/326 1212/356/326
f 1214/352/327 1324/386/327 1323/384/327 1213/353/327
f 1229/366/328 1338/387/328 1318/388/328 1208/376/328
f 1207/389/329 1317/390/329 1337/391/329 1228/392/329
f 1215/393/330 1325/394/330 1324/386/330 1214/352/330
f 1208/376/331 1318/388/331 1317/390/331 1207/389/331
f 1231/395/332 1340/396/332 1345/397/332 1236/398/332
f 1209/364/333 1319/381/333 1338/387/333 1229/366/333
f 1212/356/334 1374/358/334 1375/361/334 1255/357/334
f 1255/357/335 1375/361/335 1376/372/335 1262/370/335
f 1262/370/336 1376/372/336 1377/336/336 1298/335/336
f 1212/356/337 1322/385/337 1378/383/337 1374/358/337
f 1383/399/338 1740/400/338 1741/401/338 1742/402/338
f 1739/403/339 1738/404/339 1740/400/339 1383/399/339
f 1379/405/340 1749/406/340 1751/407/340 1380/408/340
f 1463/409/341 1570/410/341 1571/411/341 1464/412/341
f 1586/413/342 1603/414/342 1815/415/342 1814/416/342
f 1575/417/343 2041/418/343 2042/419/343 1472/420/343
f 1503/421/344 1476/422/344 1477/423/344 1527/424/344
f 1438/425/345 1419/426/345 1420/427/345 1429/428/345
f 1410/429/346 1409/430/346 1404/431/346 1405/432/346
f 1970/433/347 1972/434/347 1973/435/347 1971/436/347
f 1412/437/348 1407/438/348 1462/439/348 1463/409/348
f 1494/440/349 1499/441/349 1500/442/349 1495/443/349
f 1388/444/350 1389/445/350 1435/446/350 1414/447/350
f 1461/448/351 1493/449/351 1569/450/351 1462/439/351
f 1402/451/352 1403/452/352 1407/438/352 1406/453/352
f 1402/451/353 1406/453/353 1405/432/353 1401/454/353
f 1401/454/354 1405/432/354 1404/431/354 1400/455/354
f 1408/456/355 1400/455/355 1404/431/355 1435/446/355
f 1389/445/356 1390/457/356 1408/456/356 1435/446/356
f 1390/457/357 1389/445/357 1436/458/357 1399/459/357
f 1458/460/358 1446/461/358 1455/462/358 1457/463/358
f 1549/464/359 1542/465/359 1550/466/359 1551/467/359
f 1456/468/360 1449/469/360 1458/460/360 1457/463/360
f 1395/470/361 1394/471/361 1437/472/361 1439/473/361
f 1569/450/362 1570/410/362 1463/409/362 1462/439/362
f 1396/474/363 1438/425/363 1429/428/363 1391/475/363
f 1443/476/364 1441/477/364 1440/478/364 1442/479/364
f 1451/480/365 1460/481/365 1459/482/365 1450/483/365
f 1446/484/366 1458/485/366 1459/482/366 1447/486/366
f 1441/477/367 1443/476/367 1445/487/367 1444/488/367
f 1442/489/368 1440/490/368 1453/491/368 1454/492/368
f 1460/481/369 1448/493/369 1447/486/369 1459/482/369
f 1426/494/370 1397/495/370 1391/475/370 1429/428/370
f 1427/496/371 1398/497/371 1397/495/371 1426/494/371
f 1473/498/372 1972/434/372 1970/433/372 1474/499/372
f 1502/500/373 1556/501/373 1555/502/373 1497/503/373
f 1466/504/374 1416/505/374 1415/506/374 1465/507/374
f 1466/504/375 1573/508/375 1580/509/375 1467/510/375
f 1468/511/376 1433/512/376 1434/513/376 1467/510/376
f 1468/514/377 1579/515/377 1581/516/377 1469/517/377
f 1469/517/378 1581/516/378 1578/518/378 1470/519/378
f 1471/520/379 1431/521/379 1432/522/379 1470/519/379
f 1472/420/380 1425/523/380 1431/521/380 1471/520/380
f 1473/498/381 1421/524/381 1425/523/381 1472/420/381
f 1418/525/382 1419/426/382 1438/425/382 1439/473/382
f 1421/524/383 1428/526/383 1430/527/383 1422/528/383
f 1430/527/384 1393/529/384 1398/497/384 1427/496/384
f 1428/526/385 1392/530/385 1393/529/385 1430/527/385
f 1474/499/386 1576/531/386 1479/532/386 1475/533/386
f 1423/534/387 1426/494/387 1429/428/387 1420/427/387
f 1501/535/388 1502/500/388 1497/503/388 1496/536/388
f 1434/513/389 1441/477/389 1444/488/389 1416/505/389
f 1433/512/390 1440/478/390 1441/477/390 1434/513/390
f 1440/490/391 1433/537/391 1452/538/391 1453/491/391
f 1411/539/392 1410/429/392 1405/432/392 1406/453/392
f 1403/452/393 1461/448/393 1462/439/393 1407/438/393
f 1572/540/394 1465/507/394 1464/412/394 1571/411/394
f 1573/508/395 1466/504/395 1465/507/395 1572/540/395
f 1416/505/396 1466/504/396 1467/510/396 1434/513/396
f 1579/541/397 1468/511/397 1467/510/397 1580/509/397
f 1433/537/398 1468/514/398 1469/517/398 1452/538/398
f 1452/538/399 1469/517/399 1470/519/399 1432/522/399
f 1577/542/400 1471/520/400 1470/519/400 1578/518/400
f 1575/417/401 1472/420/401 1471/520/401 1577/542/401
f 1973/435/402 1972/434/402 2042/419/402 2041/418/402
f 1428/526/403 1474/499/403 1475/533/403 1392/530/403
f 1970/433/404 1971/436/404 1576/531/404 1474/499/404
f 1396/474/405 1395/470/405 1439/473/405 1438/425/405
f 1417/543/406 1418/525/406 1439/473/406 1437/472/406
f 1821/544/407 1808/545/407 1810/546/407 1822/547/407
f 1394/548/408 1399/459/408 1436/458/408 1437/549/408
f 1443/476/409 1447/486/409 1448/493/409 1445/487/409
f 1447/486/410 1443/476/410 1442/479/410 1446/484/410
f 1446/461/411 1442/489/411 1454/492/411 1455/462/411
f 1450/483/412 1459/482/412 1458/485/412 1449/550/412
f 1552/551/413 1540/552/413 1541/553/413 1553/554/413
f 1556/501/414 1557/555/414 1571/411/414 1570/410/414
f 1566/556/415 1567/557/415 1576/531/415 1574/558/415
f 1495/443/416 1500/442/416 1501/535/416 1496/536/416
f 1388/444/417 1413/559/417 1436/458/417 1389/445/417
f 1515/560/418 1514/561/418 1517/562/418 1518/563/418
f 1513/564/419 1515/560/419 1518/563/419 1521/565/419
f 1412/437/420 1411/539/420 1406/453/420 1407/438/420
f 1476/422/421 1504/566/421 1526/567/421 1477/423/421
f 1554/568/422 1555/502/422 1569/450/422 1493/449/422
f 1491/569/423 1496/536/423 1497/503/423 1492/570/423
f 1491/569/424 1490/571/424 1495/443/424 1496/536/424
f 1490/571/425 1489/572/425 1494/440/425 1495/443/425
f 1498/573/426 1526/567/426 1494/440/426 1489/572/426
f 1477/423/427 1526/567/427 1498/573/427 1478/574/427
f 1478/574/428 1488/575/428 1527/424/428 1477/423/428
f 1547/576/429 1535/577/429 1532/578/429 1546/579/429
f 1551/467/430 1550/466/430 1539/580/430 1548/581/430
f 1540/582/431 1552/583/431 1551/467/431 1548/581/431
f 1552/583/432 1543/584/432 1549/464/432 1551/467/432
f 1484/585/433 1530/586/433 1528/587/433 1483/588/433
f 1422/528/434 1430/527/434 1427/496/434 1424/589/434
f 1552/551/435 1553/554/435 1544/590/435 1543/591/435
f 1485/592/436 1480/593/436 1520/594/436 1529/595/436
f 1537/596/437 1536/597/437 1533/598/437 1534/599/437
f 1536/600/438 1547/576/438 1546/579/438 1533/601/438
f 1517/562/439 1520/594/439 1480/593/439 1486/602/439
f 1518/563/440 1517/562/440 1486/602/440 1487/603/440
f 1555/502/441 1556/501/441 1570/410/441 1569/450/441
f 1971/436/442 1973/435/442 1574/558/442 1576/531/442
f 1558/604/443 1557/555/443 1505/605/443 1506/606/443
f 1559/607/444 1558/604/444 1506/606/444 1507/608/444
f 1559/607/445 1560/609/445 1580/509/445 1573/508/445
f 1561/610/446 1560/609/446 1525/611/446 1524/612/446
f 1561/613/447 1562/614/447 1581/516/447 1579/515/447
f 1562/614/448 1563/615/448 1578/518/448 1581/516/448
f 1564/616/449 1563/615/449 1523/617/449 1522/618/449
f 1565/619/450 1564/616/450 1522/618/450 1516/620/450
f 1566/556/451 1565/619/451 1516/620/451 1512/621/451
f 1512/621/452 1513/564/452 1521/565/452 1519/622/452
f 1514/561/453 1511/623/453 1520/594/453 1517/562/453
f 1521/565/454 1518/563/454 1487/603/454 1482/624/454
f 1519/622/455 1521/565/455 1482/624/455 1481/625/455
f 1567/557/456 1568/626/456 1479/532/456 1576/531/456
f 1504/566/457 1499/441/457 1494/440/457 1526/567/457
f 1436/458/458 1413/559/458 1417/627/458 1437/549/458
f 1525/611/459 1507/608/459 1538/628/459 1534/599/459
f 1524/612/460 1525/611/460 1534/599/460 1533/598/460
f 1533/601/461 1546/579/461 1545/629/461 1524/630/461
f 1546/579/462 1532/578/462 1523/617/462 1545/629/462
f 1532/578/463 1531/631/463 1522/618/463 1523/617/463
f 1502/500/464 1505/605/464 1557/555/464 1556/501/464
f 1520/594/465 1511/623/465 1510/632/465 1529/595/465
f 1492/570/466 1497/503/466 1555/502/466 1554/568/466
f 1572/540/467 1571/411/467 1557/555/467 1558/604/467
f 1573/508/468 1572/540/468 1558/604/468 1559/607/468
f 1507/608/469 1525/611/469 1560/609/469 1559/607/469
f 1579/541/470 1580/509/470 1560/609/470 1561/610/470
f 1524/630/471 1545/629/471 1562/614/471 1561/613/471
f 1545/629/472 1523/617/472 1563/615/472 1562/614/472
f 1577/542/473 1578/518/473 1563/615/473 1564/616/473
f 1575/417/474 1577/542/474 1564/616/474 1565/619/474
f 1574/558/475 1575/417/475 1565/619/475 1566/556/475
f 1519/622/476 1481/625/476 1568/626/476 1567/557/476
f 1424/589/477 1427/496/477 1426/494/477 1423/534/477
f 1485/592/478 1529/595/478 1530/586/478 1484/585/478
f 1530/586/479 1509/633/479 1508/634/479 1528/587/479
f 1421/524/480 1473/498/480 1474/499/480 1428/526/480
f 1483/635/481 1528/636/481 1527/424/481 1488/575/481
f 1541/553/482 1540/552/482 1536/597/482 1537/596/482
f 1540/582/483 1548/581/483 1547/576/483 1536/600/483
f 1548/581/484 1539/580/484 1535/577/484 1547/576/484
f 1481/625/485 1482/624/485 1602/637/485 1601/638/485
f 1611/639/486 1713/640/486 1712/641/486 1610/642/486
f 1398/497/487 1393/529/487 1585/643/487 1590/644/487
f 1982/645/488 1983/646/488 1596/647/488 1592/648/488
f 1482/624/489 1487/603/489 1607/649/489 1602/637/489
f 1980/650/490 1985/651/490 1611/639/490 1610/642/490
f 1487/603/491 1486/602/491 1606/652/491 1607/649/491
f 1391/475/492 1397/495/492 1589/653/492 1583/654/492
f 1985/651/493 1986/655/493 1612/656/493 1611/639/493
f 1986/655/494 1987/657/494 1615/658/494 1612/656/494
f 1396/474/495 1391/475/495 1583/654/495 1588/659/495
f 1479/532/496 1568/626/496 1616/660/496 1599/661/496
f 1978/662/497 1990/663/497 1593/664/497 1594/665/497
f 1395/470/498 1396/474/498 1588/659/498 1587/666/498
f 1983/646/499 1974/667/499 1582/668/499 1596/647/499
f 1397/495/500 1398/497/500 1590/644/500 1589/653/500
f 1989/669/501 1991/670/501 1595/671/501 1597/672/501
f 1996/673/502 1627/674/502 1608/675/502 1975/676/502
f 1991/670/503 1978/662/503 1594/665/503 1595/671/503
f 1480/593/504 1485/592/504 1605/677/504 1600/678/504
f 1974/667/505 1988/679/505 1591/680/505 1582/668/505
f 1992/681/506 1980/650/506 1610/642/506 1609/682/506
f 1993/683/507 1992/681/507 1609/682/507 1614/684/507
f 1996/673/508 1993/683/508 1614/684/508 1627/674/508
f 1485/592/509 1484/585/509 1604/685/509 1605/677/509
f 1475/533/510 1479/532/510 1599/661/510 1598/686/510
f 1393/529/511 1392/530/511 1584/687/511 1585/643/511
f 1995/688/512 1989/669/512 1597/672/512 1613/689/512
f 1568/626/513 1481/625/513 1601/638/513 1616/660/513
f 1987/657/514 1995/688/514 1613/689/514 1615/658/514
f 1392/530/515 1475/533/515 1598/686/515 1584/687/515
f 1486/602/516 1480/593/516 1600/678/516 1606/652/516
f 1990/663/517 1982/645/518 1592/648/519 1593/664/519
f 1981/690/520 1976/691/520 1629/692/520 1617/693/520
f 1979/694/521 1977/695/521 1603/414/521 1586/413/521
f 2030/696/522 2028/697/522 1856/698/522 1936/699/522
f 1621/700/523 2012/701/523 2013/702/523 1620/703/523
f 1697/704/524 1935/705/524 1934/706/524 1698/707/524
f 1628/708/525 1626/709/525 1625/710/525 1624/711/525
f 1619/712/526 1618/713/526 1630/714/526 1631/715/526
f 1631/715/527 1630/714/527 1632/716/527 1633/717/527
f 1819/718/528 1826/719/529 2096/720/530 2094/721/528
f 2035/722/531 1667/723/531 1676/724/531 2036/725/531
f 1631/715/532 1633/717/532 1648/726/532 1647/727/532
f 1619/712/533 1631/715/533 1647/727/533 1642/728/533
f 1863/729/534 1947/730/534 1586/413/534 1814/416/534
f 1628/708/535 1624/711/535 1645/731/535 1646/732/535
f 1654/733/536 1653/734/536 1662/735/536 1663/736/536
f 1696/737/537 1936/699/537 1935/705/537 1697/704/537
f 1652/738/538 2015/739/538 2016/740/538 1661/741/538
f 2016/740/539 1660/742/539 1669/743/539 2017/744/539
f 2038/745/540 1694/746/540 1862/747/541 2040/748/542
f 2098/749/543 2099/750/543 2061/751/543 2060/752/543
f 1854/753/544 1861/754/544 2101/755/544 2100/756/544
f 1647/727/545 1648/726/545 1657/757/545 1656/758/545
f 1642/728/546 1647/727/546 1656/758/546 1651/759/546
f 1945/760/547 1944/761/547 1838/762/547 1831/763/547
f 1646/732/548 1645/731/548 1654/733/548 1655/764/548
f 1830/765/549 1829/766/549 1822/547/549 1823/767/549
f 1622/768/550 1623/769/550 1621/700/550 1620/703/550
f 2023/770/551 2022/771/551 1808/545/551 1821/544/551
f 1834/772/552 1827/773/552 2024/774/552 2025/775/552
f 2094/721/553 2096/720/553 2058/776/553 2052/777/553
f 2032/778/554 2031/779/554 1633/717/554 1632/716/554
f 1651/759/555 1656/758/555 1665/780/555 1660/742/555
f 1610/642/556 1712/641/556 1711/781/556 1609/682/556
f 1655/764/557 1654/733/557 1663/736/557 1664/782/557
f 1823/767/558 1822/547/558 1810/546/558 1812/783/558
f 1929/784/559 1696/737/559 1697/704/559 1928/785/559
f 1679/786/560 2018/787/560 2019/788/560 1688/789/560
f 1678/790/561 1687/791/561 2019/788/561 2018/787/561
f 2036/725/562 1676/724/562 1685/792/562 2037/793/562
f 1923/794/563 2040/748/563 2039/795/563 1701/796/563
f 1660/742/564 1665/780/564 1674/797/564 1669/743/564
f 1942/798/565 1941/799/566 1859/800/567 1852/801/567
f 1664/782/568 1663/736/568 1672/802/568 1673/803/568
f 1689/804/569 1928/785/569 1927/805/569 1690/806/569
f 1828/807/570 1821/544/570 1822/547/570 1829/766/570
f 2024/774/571 2023/770/571 1821/544/571 1828/807/571
f 2028/697/572 1855/808/572 1848/809/572 2027/810/572
f 2102/811/573 2039/795/573 1702/812/573 2092/813/573
f 1861/754/574 1931/814/574 2102/811/574 2101/755/574
f 1669/743/575 1674/797/575 1683/815/575 1678/790/575
f 1686/816/576 1691/817/576 1926/818/576 1938/819/576
f 1673/803/577 1672/802/577 1681/820/577 1682/821/577
f 1850/822/578 1843/823/578 1844/824/578 1851/825/578
f 1849/826/579 1842/827/579 1843/823/579 1850/822/579
f 2027/810/580 2026/828/580 1842/827/580 1849/826/580
f 1619/712/581 1642/728/581 2014/829/581 2013/702/581
f 2033/830/582 1649/831/582 1658/832/582 2034/833/582
f 1826/719/529 1833/834/583 2097/835/583 2096/720/530
f 1678/790/584 1683/815/584 1692/836/584 1687/791/584
f 1582/668/585 1591/680/585 1864/837/585 1865/838/585
f 1682/821/586 1681/820/586 1690/806/586 1691/817/586
f 1927/805/587 1928/785/587 1697/704/587 1698/707/587
f 1671/839/588 1670/840/588 1679/786/588 1680/841/588
f 2020/842/589 2030/696/589 1936/699/589 1696/737/589
f 1687/791/590 1925/843/590 2029/844/590 2019/788/590
f 2099/750/591 2100/756/591 2062/845/591 2061/751/591
f 2036/725/592 2037/793/592 1684/846/592 1675/847/592
f 1925/843/593 1924/848/593 1700/849/593 1695/850/593
f 1627/674/594 1709/851/594 1708/852/594 1608/675/594
f 1926/818/595 1927/805/595 1698/707/595 1699/853/595
f 1812/783/596 1810/546/596 1811/854/596 1813/855/596
f 1680/841/597 1679/786/597 1688/789/597 1689/804/597
f 2013/702/598 2014/829/598 1643/856/598 1620/703/598
f 1695/850/599 1933/857/599 2030/696/599 2020/842/599
f 1981/690/600 1617/693/600 1641/858/600 1994/859/600
f 1994/859/601 1641/858/601 1650/860/601 1997/861/601
f 1997/861/602 1650/860/602 1659/862/602 1998/863/602
f 1998/863/603 1659/862/603 1668/864/603 1999/865/603
f 1999/865/604 1668/864/605 1677/866/606 2000/867/604
f 2000/867/607 1677/866/607 1686/816/607 2001/868/607
f 1635/869/608 1636/870/608 1637/871/608 1649/831/608
f 1703/872/609 1658/832/609 1649/831/609 1637/871/609
f 1667/723/610 1658/832/610 1703/872/610 1638/873/610
f 1704/874/611 1676/724/611 1667/723/611 1638/873/611
f 1685/792/612 1676/724/612 1704/874/612 1639/875/612
f 1640/876/613 1694/746/613 1685/792/613 1639/875/613
f 1862/747/614 1930/877/614 1705/878/614 1702/812/614
f 1677/866/615 1682/821/615 1691/817/615 1686/816/615
f 2002/879/616 1706/880/616 1629/692/616 1976/691/616
f 2002/881/617 1975/676/617 1608/675/617 1706/882/617
f 1613/689/618 1597/672/619 1871/883/619 1716/884/620
f 1614/684/621 1710/885/621 1709/851/621 1627/674/621
f 1940/886/622 1939/887/622 1699/853/622 1937/888/622
f 1699/853/623 1939/887/623 1938/819/623 1926/818/623
f 1609/682/624 1711/781/624 1710/885/624 1614/684/624
f 1612/656/625 1714/889/625 1713/640/625 1611/639/625
f 1613/689/618 1716/884/620 1715/890/626 1615/658/626
f 1617/693/627 1628/708/627 1646/732/627 1641/858/627
f 1615/658/628 1715/890/628 1714/889/628 1612/656/628
f 1625/710/629 1626/709/629 1707/891/629 1717/892/629
f 1717/893/630 1707/894/630 1718/895/630 1719/896/630
f 1719/896/631 1718/895/631 1720/897/631 1721/898/631
f 1721/898/632 1720/897/632 1722/899/632 1723/900/632
f 1723/900/633 1722/899/633 1724/901/633 1725/902/633
f 1725/902/634 1724/901/634 1726/903/634 1727/904/634
f 1727/904/635 1726/903/635 1728/905/635 1729/906/635
f 1729/906/636 1728/905/636 1730/907/636 1731/908/636
f 1731/908/637 1730/907/637 1732/909/637 1733/910/637
f 1733/910/638 1732/909/638 1734/911/638 1735/912/638
f 1735/912/639 1734/911/639 1736/913/639 1737/914/639
f 1737/914/640 1736/913/640 1738/404/640 1739/403/640
f 1747/915/641 1746/916/641 1748/917/641 1749/406/641
f 1749/406/642 1748/917/642 1750/918/642 1751/407/642
f 1751/407/643 1750/918/643 1752/919/643 1753/920/643
f 1708/852/644 1720/897/644 1718/895/644 1707/894/644
f 1709/851/645 1722/899/645 1720/897/645 1708/852/645
f 1710/885/646 1724/901/646 1722/899/646 1709/851/646
f 1711/781/647 1726/903/647 1724/901/647 1710/885/647
f 1728/905/648 1726/903/648 1754/921/648 1755/922/648
f 1712/641/649 1754/921/649 1726/903/649 1711/781/649
f 1743/923/650 1741/401/651 1762/924/652 1763/925/650
f 1741/401/651 1740/400/653 1761/926/653 1762/924/652
f 1740/400/654 1738/404/654 1760/927/654 1761/926/654
f 1738/404/655 1736/913/655 1759/928/655 1760/927/655
f 1736/913/656 1734/911/656 1758/929/656 1759/928/656
f 1734/911/657 1732/909/657 1757/930/657 1758/929/657
f 1732/909/658 1730/907/658 1756/931/658 1757/930/658
f 1730/907/659 1728/905/659 1755/922/659 1756/931/659
f 1756/931/660 1755/922/660 1765/932/660 1766/933/660
f 1763/925/661 1762/924/661 1772/934/661 1773/935/661
f 1762/924/662 1761/926/662 1771/936/662 1772/934/662
f 1761/926/663 1760/927/663 1770/937/663 1771/936/663
f 1760/927/664 1759/928/664 1769/938/664 1770/937/664
f 1759/928/665 1758/929/666 1768/939/667 1769/938/665
f 1758/929/666 1757/930/668 1767/940/668 1768/939/667
f 1757/930/669 1756/931/669 1766/933/669 1767/940/669
f 1755/922/670 1754/921/670 1764/941/670 1765/932/670
f 1766/933/671 1765/932/671 1775/942/671 1776/943/671
f 1773/935/672 1772/934/672 1782/944/672 1783/945/672
f 1772/934/673 1771/936/673 1781/946/673 1782/944/673
f 1771/936/674 1770/937/674 1780/947/674 1781/946/674
f 1770/937/675 1769/938/675 1779/948/675 1780/947/675
f 1769/938/676 1768/939/676 1778/949/676 1779/948/676
f 1768/939/677 1767/940/677 1777/950/677 1778/949/677
f 1767/940/678 1766/933/678 1776/943/678 1777/950/678
f 1765/932/679 1764/941/679 1774/951/679 1775/942/679
f 1776/943/680 1775/942/680 1785/952/680 1786/953/680
f 1783/945/681 1782/944/681 1792/954/681 1793/955/681
f 1782/944/682 1781/946/682 1791/956/682 1792/954/682
f 1781/946/683 1780/947/683 1790/957/683 1791/956/683
f 1780/947/684 1779/948/684 1789/958/684 1790/957/684
f 1779/948/685 1778/949/685 1788/959/685 1789/958/685
f 1778/949/686 1777/950/686 1787/960/686 1788/959/686
f 1777/950/687 1776/943/687 1786/953/687 1787/960/687
f 1775/942/688 1774/951/688 1784/961/688 1785/952/688
f 1713/640/689 1764/941/689 1754/921/689 1712/641/689
f 1714/889/690 1774/951/690 1764/941/690 1713/640/690
f 1715/890/691 1784/961/691 1774/951/691 1714/889/691
f 1381/962/692 1385/963/692 1744/964/692 1747/915/692
f 1753/920/693 1752/919/693 1794/965/693 1795/966/693
f 1786/953/694 1785/952/694 1797/967/694 1798/968/694
f 1793/955/695 1792/954/695 1804/969/695 1805/970/695
f 1792/954/696 1791/956/696 1803/971/696 1804/969/696
f 1791/956/697 1790/957/697 1802/972/698 1803/971/699
f 1790/957/700 1789/958/700 1801/973/700 1802/972/700
f 1789/958/701 1788/959/701 1800/974/701 1801/973/701
f 1788/959/702 1787/960/702 1799/975/702 1800/974/702
f 1787/960/703 1786/953/703 1798/968/703 1799/975/703
f 1785/952/704 1784/961/704 1796/976/704 1797/967/704
f 1716/884/705 1796/976/705 1784/961/705 1715/890/705
f 1597/672/706 1595/671/706 1870/977/706 1871/883/706
f 1933/857/707 1855/808/707 2028/697/707 2030/696/707
f 1929/784/708 2029/844/708 2020/842/708 1696/737/708
f 1620/703/709 1643/856/709 1644/978/709 1622/768/709
f 1624/711/710 1622/768/710 1644/978/710 1645/731/710
f 1815/415/711 1812/783/711 1813/855/711 1814/416/711
f 1807/979/712 1817/980/712 1816/981/712 1806/982/712
f 1817/980/713 1819/718/713 1818/983/713 1816/981/713
f 1817/980/714 1825/984/714 1826/719/714 1819/718/714
f 1807/979/715 1820/985/715 1825/984/715 1817/980/715
f 1650/860/716 1655/764/716 1664/782/716 1659/862/716
f 1815/415/717 1824/986/717 1823/767/717 1812/783/717
f 1844/824/718 1843/823/718 1836/987/718 1837/988/718
f 1935/705/719 1936/699/719 1856/698/719 1857/989/719
f 1624/711/720 1625/710/720 1623/769/720 1622/768/720
f 2022/771/721 1807/979/721 1806/982/721 2021/990/721
f 1825/984/722 1832/991/722 1833/834/722 1826/719/722
f 1820/985/723 1827/773/723 1832/991/723 1825/984/723
f 1603/414/724 1946/992/724 1824/986/724 1815/415/724
f 1824/986/725 1831/763/725 1830/765/725 1823/767/725
f 1934/706/726 1935/705/726 1857/989/726 1858/993/726
f 1835/994/727 1828/807/727 1829/766/727 1836/987/727
f 2028/697/728 2027/810/728 1849/826/728 1856/698/728
f 1925/843/729 1695/850/729 2020/842/729 2029/844/729
f 1827/773/730 1834/772/730 1839/995/730 1832/991/730
f 1941/799/731 1940/886/731 1937/888/731 1859/800/731
f 1831/763/732 1838/762/732 1837/988/732 1830/765/732
f 1671/839/733 1680/841/733 1681/820/733 1672/802/733
f 1857/989/734 1856/698/734 1849/826/734 1850/822/734
f 2014/829/735 2015/739/735 1652/738/735 1643/856/735
f 2013/702/736 2012/701/736 1618/713/736 1619/712/736
f 1834/772/737 1841/996/737 1846/997/737 1839/995/737
f 1617/693/738 1629/692/738 1626/709/738 1628/708/738
f 1838/762/739 1845/998/739 1844/824/739 1837/988/739
f 1663/736/740 1662/735/740 1671/839/740 1672/802/740
f 1689/804/741 1688/789/741 1929/784/741 1928/785/741
f 2017/744/742 2018/787/742 1679/786/742 1670/840/742
f 2027/810/743 1848/809/744 1841/996/745 2026/828/743
f 1841/996/745 1848/809/744 1853/999/746 1846/997/746
f 1659/862/747 1664/782/747 1673/803/747 1668/864/747
f 1845/998/748 1852/801/748 1851/825/748 1844/824/748
f 1644/978/749 1653/734/749 1654/733/749 1645/731/749
f 1842/827/750 1835/994/750 1836/987/750 1843/823/750
f 2016/740/751 2017/744/751 1670/840/751 1661/741/751
f 2017/744/752 1669/743/752 1678/790/752 2018/787/752
f 1848/809/753 1855/808/753 1860/1000/753 1853/999/753
f 1944/761/754 1943/1001/754 1845/998/754 1838/762/754
f 1852/801/755 1859/800/755 1858/993/755 1851/825/755
f 1820/985/756 1807/979/756 2022/771/756 2023/770/756
f 1643/856/757 1652/738/757 1653/734/757 1644/978/757
f 1835/994/758 2025/775/758 2024/774/758 1828/807/758
f 2014/829/759 1642/728/759 1651/759/759 2015/739/759
f 1933/857/760 1695/850/760 1700/849/760 1932/1002/760
f 1680/841/761 1689/804/761 1690/806/761 1681/820/761
f 1652/738/762 1661/741/762 1662/735/762 1653/734/762
f 1688/789/763 2019/788/763 2029/844/763 1929/784/763
f 1651/759/764 1660/742/764 2016/740/764 2015/739/764
f 1641/858/765 1646/732/765 1655/764/765 1650/860/765
f 1946/992/766 1945/760/766 1831/763/766 1824/986/766
f 1706/882/767 1608/675/767 1708/852/767 1707/894/767
f 1592/648/768 1596/647/768 1866/1003/768 1867/1004/768
f 1668/864/605 1673/803/769 1682/821/769 1677/866/606
f 1864/837/770 1591/680/770 1947/1005/770 1863/1006/770
f 1595/671/771 1594/665/771 1869/1007/771 1870/977/771
f 1528/636/772 1508/1008/772 1503/421/772 1527/424/772
f 1593/664/773 1592/648/773 1867/1004/773 1868/1009/773
f 1917/1010/774 1797/967/774 1796/976/774 1916/1011/774
f 1813/855/775 1872/1012/775 1863/729/775 1814/416/775
f 1872/1013/776 1874/1014/776 1873/1015/776 1863/1006/776
f 1874/1014/777 1876/1016/777 1875/1017/777 1873/1015/777
f 1876/1016/778 1878/1018/778 1877/1019/778 1875/1017/778
f 1878/1018/779 1880/1020/779 1879/1021/779 1877/1019/779
f 1880/1020/780 1882/1022/780 1881/1023/780 1879/1021/780
f 1882/1022/781 1884/1024/781 1883/1025/781 1881/1023/781
f 1884/1024/782 1886/1026/782 1885/1027/782 1883/1025/782
f 1886/1026/783 1888/1028/783 1887/1029/783 1885/1027/783
f 1888/1028/784 1890/1030/784 1889/1031/784 1887/1029/784
f 1890/1030/785 1892/1032/785 1891/1033/785 1889/1031/785
f 1892/1032/786 1894/1034/787 1893/1035/788 1891/1033/786
f 1864/837/789 1863/1006/789 1873/1015/789 1875/1017/789
f 1865/838/790 1864/837/790 1875/1017/790 1877/1019/790
f 1866/1003/791 1865/838/791 1877/1019/791 1879/1021/791
f 1867/1004/792 1866/1003/792 1879/1021/792 1881/1023/792
f 1883/1025/793 1896/1036/793 1895/1037/793 1881/1023/793
f 1868/1009/794 1867/1004/794 1881/1023/794 1895/1037/794
f 1893/1035/795 1901/1038/795 1900/1039/795 1891/1033/795
f 1891/1033/796 1900/1039/796 1899/1040/796 1889/1031/796
f 1889/1031/797 1899/1040/797 1898/1041/797 1887/1029/797
f 1887/1029/798 1898/1041/798 1897/1042/798 1885/1027/798
f 1885/1027/799 1897/1042/799 1896/1036/799 1883/1025/799
f 1897/1042/800 1904/1043/800 1903/1044/800 1896/1036/800
f 1901/1038/801 1908/1045/801 1907/1046/801 1900/1039/801
f 1900/1039/802 1907/1046/802 1906/1047/802 1899/1040/802
f 1899/1040/803 1906/1047/803 1905/1048/803 1898/1041/803
f 1898/1041/804 1905/1048/804 1904/1043/804 1897/1042/804
f 1896/1036/805 1903/1044/805 1902/1049/805 1895/1037/805
f 1904/1043/806 1911/1050/806 1910/1051/806 1903/1044/806
f 1908/1045/807 1915/1052/807 1914/1053/807 1907/1046/807
f 1907/1046/808 1914/1053/808 1913/1054/808 1906/1047/808
f 1906/1047/809 1913/1054/809 1912/1055/809 1905/1048/809
f 1905/1048/810 1912/1055/811 1911/1050/812 1904/1043/810
f 1903/1044/813 1910/1051/813 1909/1056/813 1902/1049/813
f 1911/1050/814 1918/1057/814 1917/1010/814 1910/1051/814
f 1915/1052/815 1922/1058/815 1921/1059/815 1914/1053/815
f 1914/1053/816 1921/1059/816 1920/1060/816 1913/1054/816
f 1913/1054/817 1920/1060/817 1919/1061/817 1912/1055/817
f 1912/1055/811 1919/1061/818 1918/1057/818 1911/1050/812
f 1910/1051/819 1917/1010/819 1916/1011/819 1909/1056/819
f 1869/1007/820 1868/1009/820 1895/1037/820 1902/1049/820
f 1870/977/821 1869/1007/821 1902/1049/821 1909/1056/821
f 1871/883/822 1870/977/822 1909/1056/822 1916/1011/822
f 1794/965/823 1752/919/823 1793/955/823 1805/970/823
f 1918/1057/824 1798/968/824 1797/967/824 1917/1010/824
f 1922/1058/825 1802/972/825 1801/973/825 1921/1059/825
f 1921/1059/826 1801/973/826 1800/974/826 1920/1060/826
f 1920/1060/827 1800/974/827 1799/975/827 1919/1061/827
f 1919/1061/828 1799/975/828 1798/968/828 1918/1057/828
f 1752/919/829 1750/918/829 1783/945/829 1793/955/829
f 1626/709/830 1629/692/830 1706/880/830 1707/891/830
f 1750/918/831 1748/917/831 1773/935/831 1783/945/831
f 1716/884/832 1871/883/832 1916/1011/832 1796/976/832
f 1596/647/833 1582/668/833 1865/838/833 1866/1003/833
f 1657/757/834 2034/833/835 2035/722/836 1666/1062/837
f 1937/888/838 1699/853/838 1698/707/838 1934/706/838
f 1687/791/839 1692/836/839 1924/848/839 1925/843/839
f 1943/1001/840 1942/798/840 1852/801/840 1845/998/840
f 1691/817/841 1690/806/841 1927/805/841 1926/818/841
f 1837/988/842 1836/987/842 1829/766/842 1830/765/842
f 1661/741/843 1670/840/843 1671/839/843 1662/735/843
f 2026/828/844 2025/775/844 1835/994/844 1842/827/844
f 2026/828/845 1841/996/845 1834/772/845 2025/775/845
f 1694/746/846 1640/876/846 1930/877/846 1862/747/846
f 1855/808/847 1933/857/847 1932/1002/847 1860/1000/847
f 1857/989/848 1850/822/848 1851/825/848 1858/993/848
f 1810/546/849 1808/545/849 1809/1063/849 1811/854/849
f 1808/545/850 2022/771/850 2021/990/850 1809/1063/850
f 2024/774/851 1827/773/851 1820/985/851 2023/770/851
f 1594/665/852 1593/664/852 1868/1009/852 1869/1007/852
f 1859/800/853 1937/888/853 1934/706/853 1858/993/853
f 1984/1064/854 2001/868/854 1686/816/854 1938/819/854
f 2003/1065/855 1984/1064/855 1938/819/855 1939/887/855
f 2005/1066/856 2004/1067/856 1940/886/856 1941/799/856
f 2006/1068/857 2005/1066/857 1941/799/566 1942/798/565
f 2007/1069/858 2006/1068/858 1942/798/858 1943/1001/858
f 2008/1070/859 2007/1069/859 1943/1001/859 1944/761/859
f 2009/1071/860 2008/1070/860 1944/761/860 1945/760/860
f 2010/1072/861 2009/1071/861 1945/760/861 1946/992/861
f 1977/695/862 2010/1072/862 1946/992/862 1603/414/862
f 2004/1067/863 2003/1065/863 1939/887/863 1940/886/863
f 2011/1073/864 1979/694/864 1586/413/864 1947/730/864
f 2011/1074/865 1947/1005/865 1591/680/865 1988/679/865
f 1657/757/866 1666/1062/866 1665/780/866 1656/758/866
f 1833/834/867 1832/991/867 1839/995/867 1840/1075/867
f 1512/621/868 1519/622/868 1567/557/868 1566/556/868
f 1409/430/869 1414/447/869 1435/446/869 1404/431/869
f 1510/632/870 1509/633/870 1530/586/870 1529/595/870
f 1400/455/871 1408/456/871 1983/646/871 1982/645/871
f 1490/571/872 1491/569/872 1985/651/872 1980/650/872
f 1491/569/873 1492/570/873 1986/655/873 1985/651/873
f 1492/570/874 1554/568/874 1987/657/874 1986/655/874
f 1402/451/875 1401/454/875 1990/663/875 1978/662/875
f 1408/456/876 1390/457/876 1974/667/876 1983/646/876
f 1461/448/877 1403/452/877 1991/670/877 1989/669/877
f 1478/574/878 1996/673/878 1975/676/878 1488/575/878
f 1403/452/879 1402/451/879 1978/662/879 1991/670/879
f 1390/457/880 1399/459/880 1988/679/880 1974/667/880
f 1489/572/881 1490/571/881 1980/650/881 1992/681/881
f 1498/573/882 1489/572/882 1992/681/882 1993/683/882
f 1478/574/883 1498/573/883 1993/683/883 1996/673/883
f 1493/449/884 1461/448/884 1989/669/884 1995/688/884
f 1554/568/885 1493/449/885 1995/688/885 1987/657/885
f 1401/454/886 1400/455/886 1982/645/518 1990/663/517
f 1604/685/887 1484/585/887 1976/691/887 1981/690/887
f 1395/470/888 1587/666/888 1977/695/888 1979/694/888
f 1604/685/889 1981/690/889 1994/859/889 1605/677/889
f 1605/677/890 1994/859/890 1997/861/890 1600/678/890
f 1600/678/891 1997/861/891 1998/863/891 1606/652/891
f 1606/652/892 1998/863/892 1999/865/892 1607/649/892
f 1607/649/893 1999/865/893 2000/867/893 1602/637/893
f 1602/637/894 2000/867/894 2001/868/894 1601/638/894
f 1483/588/895 2002/879/895 1976/691/895 1484/585/895
f 1483/635/896 1488/575/896 1975/676/896 2002/881/896
f 1616/660/897 1601/638/897 2001/868/897 1984/1064/897
f 1599/661/898 1616/660/898 1984/1064/898 2003/1065/898
f 1584/687/899 1598/686/899 2004/1067/899 2005/1066/899
f 1585/643/900 1584/687/900 2005/1066/900 2006/1068/900
f 1590/644/901 1585/643/901 2006/1068/901 2007/1069/901
f 1589/653/902 1590/644/902 2007/1069/902 2008/1070/902
f 1583/654/903 1589/653/903 2008/1070/903 2009/1071/903
f 1588/659/904 1583/654/904 2009/1071/904 2010/1072/904
f 1587/666/905 1588/659/905 2010/1072/905 1977/695/905
f 1598/686/906 1599/661/906 2003/1065/906 2004/1067/906
f 1394/471/907 1395/470/907 1979/694/907 2011/1073/907
f 1394/548/908 2011/1074/908 1988/679/908 1399/459/908
f 1634/1076/909 1384/1077/909 1636/870/909 1635/869/909
f 1742/402/910 1741/401/910 1743/923/910 1387/1078/910
f 1744/964/911 1745/1079/911 1746/916/911 1747/915/911
f 1381/962/912 1747/915/912 1749/406/912 1379/405/912
f 1380/408/913 1751/407/913 1753/920/913 1382/1080/913
f 1748/917/914 1746/916/914 1763/925/914 1773/935/914
f 1746/916/915 1745/1079/915 1743/923/915 1763/925/915
f 1744/964/916 1387/1078/916 1743/923/916 1745/1079/916
f 1574/558/917 1973/435/917 2041/418/917 1575/417/917
f 1472/420/918 2042/419/918 1972/434/918 1473/498/918
f 1795/966/919 1386/1081/919 1382/1080/919 1753/920/919
f 2047/1082/920 2068/1083/920 2067/1084/920 2066/1085/920
f 2043/1086/921 2044/1087/921 2077/1088/921 2075/1089/921
f 2034/833/835 1658/832/922 1667/723/922 2035/722/836
f 1634/1076/923 1635/869/923 2031/779/923 2032/778/923
f 2097/835/924 2098/749/924 2060/752/924 2059/1090/924
f 2052/777/925 2051/1091/925 2095/1092/925 2094/721/925
f 2096/720/926 2097/835/926 2059/1090/926 2058/776/926
f 2037/793/927 1685/792/927 1694/746/927 2038/745/927
f 2102/811/928 2092/813/928 2063/1093/928 2101/755/928
f 2100/756/929 2101/755/929 2063/1093/929 2062/845/929
f 2031/779/930 1635/869/930 1649/831/930 2033/830/930
f 2052/777/931 2058/776/931 2054/1094/931 2053/1095/931
f 2064/1096/932 2054/1094/932 2058/776/932 2059/1090/932
f 2060/752/933 2055/1097/933 2064/1096/933 2059/1090/933
f 2065/1098/934 2055/1097/934 2060/752/934 2061/751/934
f 2062/845/935 2056/1099/935 2065/1098/935 2061/751/935
f 2057/1100/936 2056/1099/936 2062/845/936 2063/1093/936
f 2092/813/937 1702/812/937 1705/878/937 2093/1101/937
f 2073/1102/938 2075/1089/938 2074/1103/938 2072/1104/938
f 2075/1089/939 2077/1088/939 2076/1105/939 2074/1103/939
f 2077/1088/940 2079/1106/940 2078/1107/940 2076/1105/940
f 2069/1108/941 2082/1109/942 2081/1110/943 2067/1084/944
f 2067/1084/944 2081/1110/943 2080/1111/945 2066/1085/945
f 2082/1109/946 2085/1112/946 2084/1113/946 2081/1110/946
f 2081/1110/947 2084/1113/947 2083/1114/947 2080/1111/947
f 2085/1112/948 2088/1115/948 2087/1116/948 2084/1113/948
f 2084/1113/949 2087/1116/949 2086/1117/949 2083/1114/949
f 2088/1115/950 2091/1118/950 2090/1119/950 2087/1116/950
f 2087/1116/951 2090/1119/951 2089/1120/951 2086/1117/951
f 2045/1121/952 2073/1102/953 2070/1122/954 2049/1123/954
f 2091/1118/955 1805/970/955 1804/969/955 2090/1119/955
f 1922/1058/956 1915/1052/956 2086/1117/956 2089/1120/956
f 2078/1107/957 2091/1118/957 2088/1115/957 2076/1105/957
f 2076/1105/958 2088/1115/958 2085/1112/958 2074/1103/958
f 2063/1093/959 2092/813/959 2093/1101/959 2057/1100/959
f 2051/1091/960 2052/777/960 2053/1095/960 2048/1124/960
f 2033/830/961 2034/833/961 1657/757/961 1648/726/961
f 1666/1062/837 2035/722/836 2036/725/962 1675/847/962
f 1833/834/963 1840/1075/963 2098/749/963 2097/835/963
f 2038/745/964 2040/748/964 1923/794/964 1693/1125/964
f 1684/846/965 2037/793/965 2038/745/965 1693/1125/965
f 1840/1075/966 1847/1126/966 2099/750/966 2098/749/966
f 1931/814/967 1701/796/967 2039/795/967 2102/811/967
f 1633/717/968 2031/779/968 2033/830/968 1648/726/968
f 1818/983/969 1819/718/969 2094/721/969 2095/1092/969
f 2068/1083/970 2050/1127/970 2069/1108/941 2067/1084/944
f 2070/1122/971 2073/1102/971 2072/1104/971 2071/1128/971
f 2045/1121/952 2043/1086/972 2075/1089/972 2073/1102/953
f 1794/965/973 1805/970/973 2091/1118/973 2078/1107/973
f 2044/1087/974 2046/1129/974 2079/1106/974 2077/1088/974
f 2074/1103/975 2085/1112/975 2082/1109/975 2072/1104/975
f 2072/1104/976 2082/1109/976 2069/1108/976 2071/1128/976
f 2070/1122/977 2071/1128/977 2069/1108/977 2050/1127/977
f 1803/971/699 1802/972/698 1922/1058/978 2089/1120/978
f 2090/1119/979 1804/969/979 1803/971/979 2089/1120/979
f 1795/966/980 2079/1106/980 2046/1129/980 1386/1081/980
f 2079/1106/981 1795/966/981 1794/965/981 2078/1107/981
f 1915/1052/982 1908/1045/982 2083/1114/982 2086/1117/982
f 1908/1045/983 1901/1038/983 2080/1111/983 2083/1114/983
f 1901/1038/984 1893/1035/984 2066/1085/984 2080/1111/984
f 1894/1034/787 2047/1082/985 2066/1085/985 1893/1035/788
f 2114/1130/986 2157/1131/986 2156/1132/986 2113/1133/986
f 2255/1134/987 2256/1135/987 2155/1136/987 2112/1137/987
f 2112/1137/988 2155/1136/988 2154/1138/988 2111/1139/988
f 2111/1139/989 2154/1138/989 2153/1140/989 2110/1141/989
f 2110/1141/990 2153/1140/990 2159/1142/990 2130/1143/990
f 2157/1131/991 2164/1144/992 2163/1145/993 2156/1132/991
f 2256/1135/994 2257/1146/994 2162/1147/994 2155/1136/994
f 2155/1136/995 2162/1147/995 2161/1148/995 2154/1138/995
f 2154/1138/996 2161/1148/996 2160/1149/996 2153/1140/996
f 2153/1140/997 2160/1149/997 2166/1150/997 2159/1142/997
f 2164/1144/992 2356/1151/998 2355/1152/998 2163/1145/993
f 2257/1146/999 2434/1153/999 2354/1154/999 2162/1147/999
f 2162/1147/1000 2354/1154/1000 2353/1155/1000 2161/1148/1000
f 2161/1148/1001 2353/1155/1001 2352/1156/1001 2160/1149/1001
f 2160/1149/1002 2352/1156/1002 2358/1157/1002 2166/1150/1002
f 2111/1139/1003 2110/1141/1003 2203/1158/1003 2204/1159/1003
f 2106/1160/1004 2103/1161/1004 2196/1162/1004 2199/1163/1004
f 2112/1137/1005 2111/1139/1005 2204/1159/1005 2205/1164/1005
f 2255/1134/1006 2112/1137/1006 2205/1164/1006 2258/1165/1006
f 2114/1130/1007 2113/1133/1007 2206/1166/1007 2207/1167/1007
f 2110/1141/1008 2130/1143/1008 2222/1168/1008 2203/1158/1008
f 2113/1133/1009 2156/1132/1009 2256/1135/1009 2255/1134/1009
f 2156/1132/1010 2163/1145/1010 2257/1146/1010 2256/1135/1010
f 2163/1145/1011 2355/1152/1011 2434/1153/1011 2257/1146/1011
f 2113/1133/1012 2255/1134/1012 2258/1165/1012 2206/1166/1012
f 2270/1169/1013 2269/1170/1014 2312/1171/1014 2313/1172/1015
f 2431/1173/1016 2268/1174/1016 2311/1175/1016 2432/1176/1016
f 2268/1174/1017 2267/1177/1018 2310/1178/1019 2311/1175/1017
f 2267/1177/1018 2266/1179/1020 2309/1180/1020 2310/1178/1019
f 2266/1179/1021 2286/1181/1021 2315/1182/1021 2309/1180/1021
f 2313/1172/1022 2312/1171/1022 2319/1183/1022 2320/1184/1022
f 2432/1176/1023 2311/1175/1023 2318/1185/1023 2433/1186/1023
f 2311/1175/1024 2310/1178/1024 2317/1187/1025 2318/1185/1026
f 2310/1178/1027 2309/1180/1027 2316/1188/1027 2317/1187/1027
f 2309/1180/1028 2315/1182/1028 2322/1189/1028 2316/1188/1028
f 2320/1184/1029 2319/1183/1029 2355/1152/1029 2356/1151/1029
f 2433/1186/1030 2318/1185/1030 2354/1154/1030 2434/1153/1030
f 2318/1185/1026 2317/1187/1025 2353/1155/1031 2354/1154/1031
f 2317/1187/1032 2316/1188/1032 2352/1156/1032 2353/1155/1032
f 2316/1188/1033 2322/1189/1033 2358/1157/1033 2352/1156/1033
f 2267/1177/1034 2377/1190/1034 2376/1191/1034 2266/1179/1034
f 2268/1174/1035 2378/1192/1035 2377/1190/1035 2267/1177/1035
f 2431/1173/1036 2435/1193/1036 2378/1192/1036 2268/1174/1036
f 2270/1169/1037 2380/1194/1037 2379/1195/1037 2269/1170/1037
f 2286/1181/1038 2395/1196/1038 2375/1197/1038 2265/1198/1038
f 2264/1199/1039 2374/1200/1039 2394/1201/1039 2285/1202/1039
f 2265/1198/1040 2375/1197/1040 2374/1200/1040 2264/1199/1040
f 2280/1203/1041 2390/1204/1041 2389/1205/1041 2279/1206/1041
f 2266/1179/1042 2376/1191/1042 2395/1196/1042 2286/1181/1042
f 2269/1170/1043 2431/1173/1043 2432/1176/1043 2312/1171/1043
f 2312/1171/1044 2432/1176/1044 2433/1186/1044 2319/1183/1044
f 2319/1183/1045 2433/1186/1045 2434/1153/1045 2355/1152/1045
f 2269/1170/1046 2379/1195/1046 2435/1193/1046 2431/1173/1046
f 1384/1207/1047 2414/1208/1047 2413/1209/1047 1636/1210/1047
f 1636/1210/1048 2413/1209/1048 2240/1211/1048 1637/1212/1048
f 1703/1213/1049 1637/1212/1049 2240/1211/1049 2241/1214/1049
f 1638/1215/1050 1703/1213/1050 2241/1214/1050 2242/1216/1050
f 2436/1217/1051 2440/1218/1051 2441/1219/1051 2437/1220/1051
f 2437/1220/1052 2441/1219/1052 2447/1221/1052 2446/1222/1052
f 2440/1218/1053 2452/1223/1053 2453/1224/1053 2441/1219/1053
f 2441/1219/1054 2453/1224/1054 2458/1225/1054 2447/1221/1054
f 2436/1217/1055 2437/1220/1055 2442/1226/1055 2438/1227/1055
f 2438/1227/1056 2442/1226/1057 2454/1228/1057 2455/1229/1058
f 2437/1220/1059 2446/1222/1059 2445/1230/1059 2442/1226/1059
f 2442/1226/1060 2445/1230/1060 2457/1231/1060 2454/1228/1060
f 2436/1217/1061 2438/1227/1061 2443/1232/1061 2439/1233/1061
f 2439/1233/1062 2443/1232/1063 2448/1234/1064 2449/1235/1062
f 2438/1227/1056 2455/1229/1058 2456/1236/1065 2443/1232/1065
f 2443/1232/1063 2456/1236/1066 2459/1237/1066 2448/1234/1064
f 2436/1217/1067 2439/1233/1067 2444/1238/1067 2440/1218/1067
f 2440/1218/1068 2444/1238/1068 2451/1239/1068 2452/1223/1068
f 2439/1233/1069 2449/1235/1069 2450/1240/1069 2444/1238/1069
f 2444/1238/1070 2450/1240/1070 2460/1241/1070 2451/1239/1070
f 2470/1242/1071 2471/1243/1071 2465/1244/1071 2461/1245/1071
f 2465/1246/1072 2477/1247/1072 2476/1248/1072 2464/1249/1072
f 2471/1243/1073 2482/1250/1073 2477/1247/1073 2465/1251/1073
f 2479/1252/1074 2478/1253/1074 2466/1254/1074 2462/1255/1074
f 2466/1256/1075 2469/1257/1075 2470/1242/1075 2461/1245/1075
f 2478/1253/1076 2481/1258/1076 2469/1257/1076 2466/1259/1076
f 2473/1260/1077 2472/1261/1077 2467/1262/1077 2463/1263/1077
f 2467/1264/1078 2480/1265/1078 2479/1252/1078 2462/1255/1078
f 2472/1261/1079 2483/1266/1079 2480/1265/1079 2467/1267/1079
f 2476/1248/1080 2475/1268/1080 2468/1269/1080 2464/1249/1080
f 2468/1270/1081 2474/1271/1081 2473/1260/1081 2463/1263/1081
f 2475/1268/1082 2484/1272/1082 2474/1271/1082 2468/1273/1082
f 2457/1231/1083 2445/1230/1083 2469/1257/1083 2481/1258/1083
f 2445/1230/1084 2446/1222/1084 2470/1242/1084 2469/1257/1084
f 2446/1222/1085 2447/1221/1085 2471/1243/1085 2470/1242/1085
f 2447/1221/1086 2458/1225/1086 2482/1250/1086 2471/1243/1086
f 2448/1234/1087 2459/1237/1087 2483/1266/1087 2472/1261/1087
f 2449/1235/1088 2448/1234/1088 2472/1261/1088 2473/1260/1088
f 2450/1240/1089 2449/1235/1089 2473/1260/1089 2474/1271/1089
f 2460/1241/1090 2450/1240/1090 2474/1271/1090 2484/1272/1090
f 2451/1239/1091 2460/1241/1091 2484/1272/1091 2475/1268/1091
f 2452/1223/1092 2451/1239/1092 2475/1268/1092 2476/1248/1092
f 2453/1224/1093 2452/1223/1093 2476/1248/1093 2477/1247/1093
f 2458/1225/1094 2453/1224/1094 2477/1247/1094 2482/1250/1094
f 2454/1228/1095 2457/1231/1095 2481/1258/1095 2478/1253/1095
f 2455/1229/1096 2454/1228/1096 2478/1253/1096 2479/1252/1096
f 2456/1236/1097 2455/1229/1097 2479/1252/1097 2480/1265/1097
f 2459/1237/1098 2456/1236/1098 2480/1265/1098 2483/1266/1098
f 2485/1274/1099 2489/1275/1099 2490/1276/1099 2486/1277/1099
f 2486/1277/1100 2490/1276/1100 2496/1278/1100 2495/1279/1100
f 2489/1275/1101 2501/1280/1101 2502/1281/1101 2490/1276/1101
f 2490/1276/1102 2502/1281/1102 2507/1282/1102 2496/1278/1102
f 2485/1274/1103 2486/1277/1103 2491/1283/1103 2487/1284/1103
f 2487/1284/1104 2491/1283/1104 2503/1285/1104 2504/1286/1104
f 2486/1277/1105 2495/1279/1105 2494/1287/1105 2491/1283/1105
f 2491/1283/1106 2494/1287/1106 2506/1288/1106 2503/1285/1106
f 2485/1274/1107 2487/1284/1107 2492/1289/1107 2488/1290/1107
f 2488/1290/1108 2492/1289/1109 2497/1291/1109 2498/1292/1110
f 2487/1284/1111 2504/1286/1111 2505/1293/1111 2492/1289/1111
f 2492/1289/1112 2505/1293/1112 2508/1294/1112 2497/1291/1112
f 2485/1274/1113 2488/1290/1113 2493/1295/1113 2489/1275/1113
f 2489/1275/1114 2493/1295/1114 2500/1296/1114 2501/1280/1114
f 2488/1290/1108 2498/1292/1110 2499/1297/1115 2493/1295/1115
f 2493/1295/1116 2499/1297/1116 2509/1298/1116 2500/1296/1116
f 2519/1299/1117 2520/1300/1117 2514/1301/1117 2510/1302/1117
f 2514/1303/1118 2526/1304/1118 2525/1305/1118 2513/1306/1118
f 2520/1300/1119 2531/1307/1119 2526/1304/1119 2514/1308/1119
f 2528/1309/1120 2527/1310/1120 2515/1311/1120 2511/1312/1120
f 2515/1313/1121 2518/1314/1121 2519/1299/1121 2510/1302/1121
f 2527/1310/1122 2530/1315/1122 2518/1314/1122 2515/1316/1122
f 2522/1317/1123 2521/1318/1123 2516/1319/1123 2512/1320/1123
f 2516/1321/1124 2529/1322/1124 2528/1309/1124 2511/1312/1124
f 2521/1318/1125 2532/1323/1125 2529/1322/1125 2516/1324/1125
f 2525/1305/1126 2524/1325/1126 2517/1326/1126 2513/1306/1126
f 2517/1327/1127 2523/1328/1127 2522/1317/1127 2512/1320/1127
f 2524/1325/1128 2533/1329/1128 2523/1328/1128 2517/1330/1128
f 2506/1288/1129 2494/1287/1129 2518/1314/1129 2530/1315/1129
f 2494/1287/1130 2495/1279/1130 2519/1299/1130 2518/1314/1130
f 2495/1279/1131 2496/1278/1131 2520/1300/1131 2519/1299/1131
f 2496/1278/1132 2507/1282/1132 2531/1307/1132 2520/1300/1132
f 2497/1291/1133 2508/1294/1133 2532/1323/1133 2521/1318/1133
f 2498/1292/1134 2497/1291/1134 2521/1318/1134 2522/1317/1134
f 2499/1297/1135 2498/1292/1135 2522/1317/1135 2523/1328/1135
f 2509/1298/1136 2499/1297/1136 2523/1328/1136 2533/1329/1136
f 2500/1296/1137 2509/1298/1137 2533/1329/1137 2524/1325/1137
f 2501/1280/1138 2500/1296/1138 2524/1325/1138 2525/1305/1138
f 2502/1281/1139 2501/1280/1139 2525/1305/1139 2526/1304/1139
f 2507/1282/1140 2502/1281/1140 2526/1304/1140 2531/1307/1140
f 2503/1285/1141 2506/1288/1141 2530/1315/1141 2527/1310/1141
f 2504/1286/1142 2503/1285/1142 2527/1310/1142 2528/1309/1142
f 2505/1293/1143 2504/1286/1143 2528/1309/1143 2529/1322/1143
f 2508/1294/1144 2505/1293/1144 2529/1322/1144 2532/1323/1144
f 2534/1331/1145 2538/1332/1145 2539/1333/1145 2535/1334/1145
f 2535/1334/1146 2539/1333/1146 2545/1335/1146 2544/1336/1146
f 2538/1332/1147 2550/1337/1147 2551/1338/1148 2539/1333/1149
f 2539/1333/1149 2551/1338/1148 2556/1339/1150 2545/1335/1150
f 2534/1331/1151 2535/1334/1151 2540/1340/1151 2536/1341/1151
f 2536/1341/1152 2540/1340/1152 2552/1342/1152 2553/1343/1152
f 2535/1334/1153 2544/1336/1153 2543/1344/1153 2540/1340/1153
f 2540/1340/1154 2543/1344/1154 2555/1345/1154 2552/1342/1154
f 2534/1331/1155 2536/1341/1155 2541/1346/1155 2537/1347/1155
f 2537/1347/1156 2541/1346/1156 2546/1348/1156 2547/1349/1156
f 2536/1341/1157 2553/1343/1157 2554/1350/1157 2541/1346/1157
f 2541/1346/1158 2554/1350/1158 2557/1351/1158 2546/1348/1158
f 2534/1331/1159 2537/1347/1159 2542/1352/1159 2538/1332/1159
f 2538/1332/1160 2542/1352/1160 2549/1353/1160 2550/1337/1160
f 2537/1347/1161 2547/1349/1161 2548/1354/1161 2542/1352/1161
f 2542/1352/1162 2548/1354/1162 2558/1355/1162 2549/1353/1162
f 2568/1356/1163 2569/1357/1163 2563/1358/1163 2559/1359/1163
f 2563/1360/1164 2575/1361/1164 2574/1362/1164 2562/1363/1164
f 2569/1357/1165 2580/1364/1165 2575/1361/1165 2563/1365/1165
f 2577/1366/1166 2576/1367/1166 2564/1368/1166 2560/1369/1166
f 2564/1370/1167 2567/1371/1167 2568/1356/1167 2559/1359/1167
f 2576/1367/1168 2579/1372/1168 2567/1371/1168 2564/1373/1168
f 2571/1374/1169 2570/1375/1169 2565/1376/1169 2561/1377/1169
f 2565/1378/1170 2578/1379/1170 2577/1366/1170 2560/1369/1170
f 2570/1375/1171 2581/1380/1171 2578/1379/1171 2565/1381/1171
f 2574/1362/1172 2573/1382/1172 2566/1383/1172 2562/1363/1172
f 2566/1384/1173 2572/1385/1173 2571/1374/1173 2561/1377/1173
f 2573/1382/1174 2582/1386/1174 2572/1385/1174 2566/1387/1174
f 2555/1345/1175 2543/1344/1175 2567/1371/1175 2579/1372/1175
f 2543/1344/1176 2544/1336/1176 2568/1356/1176 2567/1371/1176
f 2544/1336/1177 2545/1335/1177 2569/1357/1177 2568/1356/1177
f 2545/1335/1178 2556/1339/1178 2580/1364/1178 2569/1357/1178
f 2546/1348/1179 2557/1351/1179 2581/1380/1179 2570/1375/1179
f 2547/1349/1180 2546/1348/1180 2570/1375/1180 2571/1374/1180
f 2548/1354/1181 2547/1349/1181 2571/1374/1181 2572/1385/1181
f 2558/1355/1182 2548/1354/1182 2572/1385/1182 2582/1386/1182
f 2549/1353/1183 2558/1355/1183 2582/1386/1183 2573/1382/1183
f 2550/1337/1184 2549/1353/1184 2573/1382/1184 2574/1362/1184
f 2551/1338/1185 2550/1337/1185 2574/1362/1185 2575/1361/1185
f 2556/1339/1186 2551/1338/1186 2575/1361/1186 2580/1364/1186
f 2552/1342/1187 2555/1345/1187 2579/1372/1187 2576/1367/1187
f 2553/1343/1188 2552/1342/1188 2576/1367/1188 2577/1366/1188
f 2554/1350/1189 2553/1343/1189 2577/1366/1189 2578/1379/1189
f 2557/1351/1190 2554/1350/1190 2578/1379/1190 2581/1380/1190
f 1847/1126/1191 1854/753/1191 2100/756/1191 2099/750/1191
f 2040/748/542 1862/747/541 1702/812/1192 2039/795/1192
usemtl Tshirt
f 166/1388/1193 144/1389/1193 138/1390/1193 137/1391/1193
f 642/1392/1194 687/1393/1194 638/1394/1194 656/1395/1194
f 165/1396/1195 141/1397/1195 140/1398/1195 168/1399/1195
f 177/1400/1196 174/1401/1196 142/1402/1196 164/1403/1196
f 298/1404/1197 255/1405/1197 264/1406/1197 292/1407/1197
f 154/1408/1198 150/1409/1198 149/1410/1198 146/1411/1198
f 152/1412/1199 151/1413/1199 148/1414/1199 147/1415/1199
f 168/1399/1200 140/1398/1200 144/1389/1200 166/1388/1200
f 150/1409/1201 152/1412/1201 147/1415/1201 149/1410/1201
f 173/1416/1202 172/1417/1202 143/1418/1202 157/1419/1202
f 642/1392/1203 656/1395/1203 663/1420/1203 645/1421/1203
f 290/1422/1204 291/1423/1204 280/1424/1204 276/1425/1204
f 696/1426/1205 692/1427/1205 664/1428/1205 646/1429/1205
f 278/1430/1206 328/1431/1206 325/1432/1206 296/1433/1206
f 135/1434/1207 170/1435/1207 169/1436/1207 136/1437/1207
f 176/1438/1208 179/1439/1208 171/1440/1208 156/1441/1208
f 158/1442/1209 160/1443/1209 152/1412/1209 150/1409/1209
f 646/1429/1210 664/1428/1210 662/1444/1210 644/1445/1210
f 171/1440/1211 167/1446/1212 139/1447/1213 156/1441/1213
f 372/1448/1214 883/1449/1214 884/1450/1214 371/1451/1214
f 241/1452/1215 204/1453/1215 159/1454/1215 160/1443/1215
f 375/1455/1216 191/1456/1216 372/1448/1216 371/1451/1216
f 172/1457/1217 164/1403/1217 142/1402/1217 143/1458/1217
f 490/1459/1218 515/1460/1218 517/1461/1218 605/1462/1218
f 751/1463/1219 287/1464/1219 161/1465/1219 758/1466/1219
f 682/1467/1220 519/1468/1220 515/1460/1220 490/1459/1220
f 883/1449/1221 759/1469/1221 750/1470/1221 884/1450/1221
f 175/1471/1222 261/1472/1222 191/1456/1222 375/1455/1222
f 346/1473/1223 316/1474/1223 287/1464/1223 286/1475/1223
f 167/1446/1224 173/1416/1224 157/1419/1224 139/1447/1224
f 137/1391/1225 138/1390/1225 174/1401/1225 177/1400/1225
f 680/1476/1226 681/1477/1226 516/1478/1226 508/1479/1226
f 141/1397/1227 165/1396/1227 180/1480/1227 181/1481/1227
f 662/1444/1228 681/1477/1228 680/1476/1228 644/1445/1228
f 136/1437/1229 169/1436/1229 179/1439/1229 176/1438/1229
f 165/1396/1230 283/1482/1230 178/1483/1230 180/1480/1230
f 170/1435/1231 135/1434/1231 182/1484/1231 134/1485/1231
f 221/1486/1232 263/1487/1232 319/1488/1232 266/1489/1232
f 349/1490/1233 201/1491/1233 197/1492/1233 198/1493/1233
f 345/1494/1234 347/1495/1235 342/1496/1235 183/1497/1234
f 560/1498/1236 712/1499/1236 554/1500/1236 717/1501/1236
f 659/1502/1237 665/1503/1237 607/1504/1237 648/1505/1237
f 632/1506/1238 691/1507/1238 692/1427/1238 663/1420/1238
f 204/1453/1239 344/1508/1239 314/1509/1239 159/1454/1239
f 647/1510/1240 694/1511/1240 690/1512/1240 658/1513/1240
f 200/1514/1241 196/1515/1241 197/1492/1241 201/1491/1241
f 196/1515/1242 192/1516/1242 193/1517/1242 197/1492/1242
f 192/1516/1243 207/1518/1243 208/1519/1243 193/1517/1243
f 284/1520/1244 747/1521/1244 752/1522/1244 288/1523/1244
f 218/1524/1245 317/1525/1245 261/1472/1245 260/1526/1245
f 626/1527/1246 627/1528/1246 577/1529/1246 575/1530/1246
f 604/1531/1247 603/1532/1247 567/1533/1247 551/1534/1247
f 669/1535/1248 741/1536/1248 745/1537/1248 679/1538/1248
f 213/1539/1249 244/1540/1249 331/1541/1249 217/1542/1249
f 190/1543/1250 191/1456/1250 261/1472/1250 317/1525/1250
f 270/1544/1251 321/1545/1251 209/1546/1251 208/1519/1251
f 214/1547/1252 333/1548/1252 244/1540/1252 213/1539/1252
f 222/1549/1253 223/1550/1253 225/1551/1253 224/1552/1253
f 224/1552/1254 225/1551/1254 227/1553/1254 226/1554/1254
f 194/1555/1255 193/1517/1255 208/1519/1255 209/1546/1255
f 193/1517/1256 194/1555/1256 198/1493/1256 197/1492/1256
f 650/1556/1257 535/1557/1257 532/1558/1257 661/1559/1257
f 236/1560/1258 230/1561/1258 229/1562/1258 270/1544/1258
f 284/1520/1259 285/1563/1259 749/1564/1259 747/1521/1259
f 751/1463/1260 654/1565/1260 653/1566/1260 748/1567/1260
f 308/1568/1261 312/1569/1261 311/1570/1261 304/1571/1261
f 233/1572/1262 234/1573/1262 238/1574/1262 237/1575/1262
f 706/1576/1263 764/1577/1263 666/1578/1263 667/1579/1263
f 597/1580/1264 732/1581/1264 734/1582/1264 599/1583/1264
f 259/1584/1265 293/1585/1265 292/1407/1265 264/1406/1265
f 297/1586/1266 295/1587/1266 240/1588/1266 239/1589/1266
f 694/1511/1267 607/1504/1267 665/1503/1267 690/1512/1267
f 604/1531/1268 551/1534/1268 554/1500/1268 712/1499/1268
f 328/1431/1269 279/1590/1269 297/1586/1269 325/1432/1269
f 682/1467/1270 715/1591/1270 714/1592/1270 683/1593/1270
f 133/1594/1271 241/1452/1271 160/1443/1271 158/1442/1271
f 338/1595/1272 358/1596/1272 350/1597/1272 188/1598/1272
f 233/1572/1273 226/1554/1273 227/1553/1273 234/1573/1273
f 354/1599/1274 224/1552/1274 226/1554/1274 353/1600/1274
f 355/1601/1275 222/1549/1275 224/1552/1275 354/1599/1275
f 351/1602/1276 254/1603/1276 253/1604/1276 352/1605/1276
f 691/1507/1277 632/1506/1277 591/1606/1277 688/1607/1277
f 327/1608/1278 329/1609/1278 256/1610/1278 257/1611/1278
f 232/1612/1279 251/1613/1279 252/1614/1279 235/1615/1279
f 205/1616/1280 249/1617/1280 250/1618/1280 206/1619/1280
f 249/1617/1281 205/1616/1281 210/1620/1281 248/1621/1281
f 247/1622/1282 248/1621/1282 210/1620/1282 230/1561/1282
f 246/1623/1283 196/1515/1283 200/1514/1283 245/1624/1283
f 315/1625/1284 133/1594/1284 158/1442/1284 162/1626/1284
f 292/1407/1285 281/1627/1285 243/1628/1285 298/1404/1285
f 322/1629/1286 262/1630/1286 219/1631/1286 327/1608/1286
f 324/1632/1287 325/1432/1287 297/1586/1287 239/1589/1287
f 267/1633/1288 232/1612/1288 235/1615/1288 318/1634/1288
f 268/1635/1289 206/1619/1289 232/1612/1289 267/1633/1289
f 273/1636/1290 205/1616/1290 206/1619/1290 268/1635/1290
f 273/1636/1291 225/1637/1291 223/1638/1291 269/1639/1291
f 269/1639/1292 223/1638/1292 228/1640/1292 272/1641/1292
f 272/1641/1293 228/1640/1293 221/1486/1293 266/1489/1293
f 577/1529/1294 627/1528/1294 628/1642/1294 684/1643/1294
f 265/1644/1295 324/1632/1295 321/1545/1295 231/1645/1295
f 282/1646/1296 281/1627/1296 292/1407/1296 293/1585/1296
f 290/1422/1297 263/1647/1297 262/1630/1297 291/1423/1297
f 195/1648/1298 246/1623/1298 245/1624/1298 199/1649/1298
f 547/1650/1299 684/1643/1299 628/1642/1299 548/1651/1299
f 682/1467/1300 490/1459/1300 713/1652/1300 715/1591/1300
f 259/1584/1301 260/1526/1301 294/1653/1301 293/1585/1301
f 230/1561/1302 210/1620/1302 211/1654/1302 229/1562/1302
f 592/1655/1303 631/1656/1303 626/1527/1303 575/1530/1303
f 629/1657/1304 658/1513/1304 690/1512/1304 689/1658/1304
f 545/1659/1305 718/1660/1305 731/1661/1305 706/1576/1305
f 222/1549/1306 220/1662/1306 228/1663/1306 223/1550/1306
f 253/1604/1307 254/1603/1307 218/1524/1307 216/1664/1307
f 241/1452/1308 348/1665/1308 349/1490/1308 204/1453/1308
f 202/1666/1309 203/1667/1309 285/1563/1309 284/1520/1309
f 203/1667/1310 346/1473/1310 286/1475/1310 285/1563/1310
f 202/1666/1311 284/1520/1311 288/1523/1311 242/1668/1311
f 229/1562/1312 211/1654/1312 212/1669/1312 231/1645/1312
f 571/1670/1313 625/1671/1313 686/1672/1313 633/1673/1313
f 275/1674/1314 289/1675/1314 271/1676/1314 320/1677/1314
f 234/1678/1315 267/1633/1315 318/1634/1315 238/1679/1315
f 649/1680/1316 660/1681/1316 659/1502/1316 648/1505/1316
f 626/1527/1317 631/1656/1317 659/1502/1317 660/1681/1317
f 764/1577/1318 763/1682/1318 754/1683/1318 666/1578/1318
f 232/1612/1319 206/1619/1319 250/1618/1319 251/1613/1319
f 299/1684/1320 301/1685/1320 753/1686/1320 754/1683/1320
f 667/1579/1321 669/1535/1321 679/1538/1321 678/1687/1321
f 545/1659/1322 706/1576/1322 667/1579/1322 544/1688/1322
f 301/1685/1323 299/1684/1323 300/1689/1323 302/1690/1323
f 242/1668/1324 288/1523/1324 306/1691/1324 303/1692/1324
f 288/1523/1325 752/1522/1325 755/1693/1325 306/1691/1325
f 303/1692/1326 306/1691/1326 310/1694/1326 307/1695/1326
f 304/1571/1327 305/1696/1327 309/1697/1327 308/1568/1327
f 339/1698/1328 303/1692/1328 307/1695/1328 340/1699/1328
f 227/1700/1329 268/1635/1329 267/1633/1329 234/1678/1329
f 225/1637/1330 273/1636/1330 268/1635/1330 227/1700/1330
f 205/1616/1331 273/1636/1331 269/1639/1331 210/1620/1331
f 210/1620/1332 269/1639/1332 272/1641/1332 211/1654/1332
f 211/1654/1333 272/1641/1333 266/1489/1333 212/1669/1333
f 649/1680/1334 650/1556/1334 661/1559/1334 660/1681/1334
f 229/1562/1335 231/1645/1335 321/1545/1335 270/1544/1335
f 207/1518/1336 236/1560/1336 270/1544/1336 208/1519/1336
f 219/1631/1337 220/1662/1337 329/1609/1337 327/1608/1337
f 275/1674/1338 278/1430/1339 296/1433/1340 289/1675/1340
f 722/1701/1341 730/1702/1341 699/1703/1341 576/1704/1341
f 350/1597/1342 358/1596/1342 332/1705/1342 189/1706/1342
f 331/1541/1343 357/1707/1343 351/1602/1343 217/1542/1343
f 341/1708/1344 343/1709/1344 202/1666/1344 242/1668/1344
f 341/1708/1345 242/1668/1345 303/1692/1345 339/1698/1345
f 186/1710/1346 185/1711/1346 305/1696/1346 304/1571/1346
f 337/1712/1347 201/1491/1347 349/1490/1347 348/1665/1347
f 305/1696/1348 339/1698/1348 340/1699/1348 309/1697/1348
f 185/1711/1349 184/1713/1349 343/1709/1349 341/1708/1349
f 185/1711/1350 341/1708/1350 339/1698/1350 305/1696/1350
f 372/1448/1351 373/1714/1351 882/1715/1351 883/1449/1351
f 344/1508/1352 204/1453/1352 349/1490/1352 198/1493/1352
f 202/1666/1353 343/1709/1353 342/1496/1353 203/1667/1353
f 240/1588/1354 344/1508/1354 198/1493/1354 194/1555/1354
f 347/1495/1235 346/1473/1355 203/1667/1355 342/1496/1235
f 184/1713/1356 183/1497/1356 342/1496/1356 343/1709/1356
f 254/1603/1357 330/1716/1357 317/1525/1357 218/1524/1357
f 351/1602/1358 357/1707/1358 330/1716/1358 254/1603/1358
f 731/1661/1359 765/1717/1359 764/1577/1359 706/1576/1359
f 338/1595/1360 300/1689/1360 299/1684/1360 376/1718/1360
f 679/1538/1361 745/1537/1361 743/1719/1361 675/1720/1361
f 245/1624/1362 335/1721/1362 334/1722/1362 199/1649/1362
f 200/1514/1363 336/1723/1363 335/1721/1363 245/1624/1363
f 201/1491/1364 337/1712/1364 336/1723/1364 200/1514/1364
f 285/1563/1365 286/1475/1365 748/1567/1365 749/1564/1365
f 306/1691/1366 755/1693/1366 756/1724/1366 310/1694/1366
f 165/1396/1367 168/1399/1367 282/1646/1367 283/1482/1367
f 168/1399/1368 166/1388/1368 281/1627/1368 282/1646/1368
f 166/1388/1369 137/1391/1369 243/1628/1369 281/1627/1369
f 137/1391/1370 177/1400/1370 326/1725/1370 243/1628/1370
f 164/1403/1371 280/1424/1371 326/1725/1371 177/1400/1371
f 164/1403/1372 172/1457/1372 276/1425/1372 280/1424/1372
f 172/1417/1373 173/1416/1373 320/1677/1373 276/1726/1373
f 167/1446/1374 275/1674/1374 320/1677/1374 173/1416/1374
f 171/1440/1211 278/1430/1339 275/1674/1338 167/1446/1212
f 171/1440/1375 179/1439/1375 328/1431/1375 278/1430/1375
f 169/1436/1376 279/1590/1376 328/1431/1376 179/1439/1376
f 169/1436/1377 170/1435/1377 277/1727/1377 279/1590/1377
f 134/1485/1378 313/1728/1378 277/1727/1378 170/1435/1378
f 220/1662/1379 222/1549/1379 355/1601/1379 356/1729/1379
f 318/1634/1380 235/1615/1380 359/1730/1380 363/1731/1380
f 573/1732/1381 572/1733/1381 608/1734/1382 701/1735/1383
f 238/1679/1384 318/1634/1384 363/1731/1384 361/1736/1384
f 237/1575/1385 238/1574/1385 361/1737/1385 360/1738/1385
f 235/1615/1386 252/1614/1386 362/1739/1386 359/1730/1386
f 340/1699/1387 307/1695/1387 366/1740/1387 370/1741/1387
f 300/1689/1388 311/1570/1388 312/1569/1388 302/1690/1388
f 310/1694/1389 768/1742/1389 366/1740/1389 307/1695/1389
f 301/1685/1390 302/1690/1390 365/1743/1390 364/1744/1390
f 753/1686/1391 301/1685/1391 364/1744/1391 766/1745/1391
f 308/1568/1392 309/1697/1392 368/1746/1392 367/1747/1392
f 310/1694/1393 756/1724/1393 767/1748/1393 768/1742/1393
f 309/1697/1394 340/1699/1394 370/1741/1394 368/1746/1394
f 337/1712/1395 348/1665/1395 345/1494/1395 183/1497/1395
f 183/1497/1396 184/1713/1396 336/1723/1396 337/1712/1396
f 184/1713/1397 185/1711/1397 335/1721/1397 336/1723/1397
f 185/1711/1398 186/1710/1398 334/1722/1398 335/1721/1398
f 543/1749/1399 641/1750/1399 678/1687/1399 671/1751/1399
f 189/1706/1400 330/1716/1400 357/1707/1400 350/1597/1400
f 189/1706/1401 190/1543/1401 317/1525/1401 330/1716/1401
f 134/1485/1402 148/1414/1402 151/1413/1402 313/1728/1402
f 182/1484/1403 145/1752/1403 148/1414/1403 134/1485/1403
f 532/1558/1404 762/1753/1404 548/1651/1404 628/1642/1404
f 156/1441/1405 139/1447/1405 381/1754/1405 388/1755/1405
f 138/1390/1406 144/1389/1406 386/1756/1406 380/1757/1406
f 141/1397/1407 181/1481/1407 392/1758/1407 383/1759/1407
f 139/1447/1408 157/1419/1408 389/1760/1408 381/1754/1408
f 144/1389/1409 140/1398/1409 382/1761/1409 386/1756/1409
f 182/1484/1410 135/1434/1410 378/1762/1410 393/1763/1410
f 135/1434/1411 136/1437/1411 379/1764/1411 378/1762/1411
f 143/1458/1412 142/1402/1412 384/1765/1412 385/1766/1412
f 140/1398/1413 141/1397/1413 383/1759/1413 382/1761/1413
f 145/1752/1414 182/1484/1414 393/1763/1414 387/1767/1414
f 157/1419/1415 143/1418/1415 385/1768/1415 389/1760/1415
f 136/1437/1416 176/1438/1416 391/1769/1416 379/1764/1416
f 142/1402/1417 174/1401/1417 390/1770/1417 384/1765/1417
f 174/1401/1418 138/1390/1418 380/1757/1418 390/1770/1418
f 176/1438/1419 156/1441/1419 388/1755/1419 391/1769/1419
f 391/1769/1420 388/1755/1420 404/1771/1420 407/1772/1420
f 383/1759/1421 392/1758/1421 408/1773/1421 399/1774/1421
f 381/1754/1422 389/1760/1422 405/1775/1422 397/1776/1422
f 387/1767/1423 393/1763/1423 409/1777/1423 403/1778/1423
f 386/1756/1424 382/1761/1424 398/1779/1424 402/1780/1424
f 393/1763/1425 378/1762/1425 394/1781/1425 409/1777/1425
f 385/1766/1426 384/1765/1426 400/1782/1426 401/1783/1426
f 380/1757/1427 386/1756/1427 402/1780/1427 396/1784/1427
f 390/1770/1428 380/1757/1428 396/1784/1428 406/1785/1428
f 378/1762/1429 379/1764/1429 395/1786/1429 394/1781/1429
f 382/1761/1430 383/1759/1430 399/1774/1430 398/1779/1430
f 384/1765/1431 390/1770/1431 406/1785/1431 400/1782/1431
f 379/1764/1432 391/1769/1432 407/1772/1432 395/1786/1432
f 388/1755/1433 381/1754/1433 397/1776/1433 404/1771/1433
f 389/1760/1434 385/1768/1434 401/1787/1434 405/1775/1434
f 403/1778/1435 409/1777/1435 425/1788/1435 419/1789/1435
f 402/1780/1436 398/1779/1436 414/1790/1436 418/1791/1436
f 409/1777/1437 394/1781/1437 410/1792/1437 425/1788/1437
f 401/1783/1438 400/1782/1438 416/1793/1438 417/1794/1438
f 396/1784/1439 402/1780/1439 418/1791/1439 412/1795/1439
f 406/1785/1440 396/1784/1440 412/1795/1440 422/1796/1440
f 394/1781/1441 395/1786/1441 411/1797/1441 410/1792/1441
f 398/1779/1442 399/1774/1442 415/1798/1442 414/1790/1442
f 400/1782/1443 406/1785/1443 422/1796/1443 416/1793/1443
f 395/1786/1444 407/1772/1444 423/1799/1444 411/1797/1444
f 404/1771/1445 397/1776/1445 413/1800/1445 420/1801/1445
f 405/1775/1446 401/1787/1446 417/1802/1446 421/1803/1446
f 407/1772/1447 404/1771/1447 420/1801/1447 423/1799/1447
f 399/1774/1448 408/1773/1448 424/1804/1448 415/1798/1448
f 397/1776/1449 405/1775/1449 421/1803/1449 413/1800/1449
f 418/1791/1450 414/1790/1450 430/1805/1450 434/1806/1450
f 425/1788/1451 410/1792/1451 426/1807/1451 441/1808/1451
f 417/1794/1452 416/1793/1452 432/1809/1452 433/1810/1452
f 412/1795/1453 418/1791/1453 434/1806/1453 428/1811/1453
f 422/1796/1454 412/1795/1454 428/1811/1454 438/1812/1454
f 410/1792/1455 411/1797/1455 427/1813/1455 426/1807/1455
f 414/1790/1456 415/1798/1456 431/1814/1456 430/1805/1456
f 416/1793/1457 422/1796/1457 438/1812/1457 432/1809/1457
f 411/1797/1458 423/1799/1458 439/1815/1458 427/1813/1458
f 420/1801/1459 413/1800/1459 429/1816/1459 436/1817/1459
f 421/1803/1460 417/1802/1460 433/1818/1460 437/1819/1460
f 423/1799/1461 420/1801/1461 436/1817/1461 439/1815/1461
f 415/1798/1462 424/1804/1462 440/1820/1462 431/1814/1462
f 413/1800/1463 421/1803/1463 437/1819/1463 429/1816/1463
f 419/1789/1464 425/1788/1464 441/1808/1464 435/1821/1464
f 433/1810/1465 432/1809/1465 448/1822/1465 449/1823/1465
f 428/1811/1466 434/1806/1466 450/1824/1466 444/1825/1466
f 438/1812/1467 428/1811/1467 444/1825/1467 454/1826/1467
f 426/1807/1468 427/1813/1468 443/1827/1468 442/1828/1468
f 430/1805/1469 431/1814/1469 447/1829/1469 446/1830/1469
f 432/1809/1470 438/1812/1470 454/1826/1470 448/1822/1470
f 427/1813/1471 439/1815/1471 455/1831/1471 443/1827/1471
f 436/1817/1472 429/1816/1472 445/1832/1472 452/1833/1472
f 437/1819/1473 433/1818/1473 449/1834/1473 453/1835/1473
f 439/1815/1474 436/1817/1474 452/1833/1474 455/1831/1474
f 431/1814/1475 440/1820/1475 456/1836/1475 447/1829/1475
f 429/1816/1476 437/1819/1476 453/1835/1476 445/1832/1476
f 435/1821/1477 441/1808/1477 457/1837/1477 451/1838/1477
f 434/1806/1478 430/1805/1478 446/1830/1478 450/1824/1478
f 441/1808/1479 426/1807/1479 442/1828/1479 457/1837/1479
f 442/1828/1480 443/1827/1480 459/1839/1480 458/1840/1480
f 446/1830/1481 447/1829/1481 463/1841/1481 462/1842/1481
f 448/1822/1482 454/1826/1482 470/1843/1482 464/1844/1482
f 443/1827/1483 455/1831/1483 471/1845/1483 459/1839/1483
f 452/1833/1484 445/1832/1484 461/1846/1484 468/1847/1484
f 453/1835/1485 449/1834/1485 465/1848/1485 469/1849/1485
f 447/1829/1486 456/1836/1486 472/1850/1486 463/1841/1486
f 455/1831/1487 452/1833/1487 468/1847/1487 471/1845/1487
f 445/1832/1488 453/1835/1488 469/1849/1488 461/1846/1488
f 451/1838/1489 457/1837/1489 473/1851/1489 467/1852/1489
f 450/1824/1490 446/1830/1490 462/1842/1490 466/1853/1490
f 457/1837/1491 442/1828/1491 458/1840/1491 473/1851/1491
f 449/1823/1492 448/1822/1492 464/1844/1492 465/1854/1492
f 454/1826/1493 444/1825/1493 460/1855/1493 470/1843/1493
f 444/1825/1494 450/1824/1494 466/1853/1494 460/1855/1494
f 462/1842/1495 463/1841/1495 479/1856/1495 478/1857/1495
f 464/1844/1496 470/1843/1496 486/1858/1496 480/1859/1496
f 459/1839/1497 471/1845/1497 487/1860/1497 475/1861/1497
f 468/1847/1498 461/1846/1498 477/1862/1498 484/1863/1498
f 469/1849/1499 465/1848/1499 481/1864/1499 485/1865/1499
f 463/1841/1500 472/1850/1500 488/1866/1500 479/1856/1500
f 471/1845/1501 468/1847/1501 484/1863/1501 487/1860/1501
f 461/1846/1502 469/1849/1502 485/1865/1502 477/1862/1502
f 467/1852/1503 473/1851/1503 489/1867/1503 483/1868/1503
f 466/1853/1504 462/1842/1504 478/1857/1504 482/1869/1504
f 473/1851/1505 458/1840/1505 474/1870/1505 489/1867/1505
f 465/1854/1506 464/1844/1506 480/1859/1506 481/1871/1506
f 470/1843/1507 460/1855/1507 476/1872/1507 486/1858/1507
f 460/1855/1508 466/1853/1508 482/1869/1508 476/1872/1508
f 458/1840/1509 459/1839/1509 475/1861/1509 474/1870/1509
f 567/1533/1510 603/1532/1510 691/1507/1510 688/1607/1510
f 294/1653/1511 260/1526/1511 261/1472/1511 175/1471/1511
f 373/1714/1512 377/1873/1513 881/1874/1514 882/1715/1512
f 189/1706/1515 332/1705/1515 373/1714/1515 190/1543/1515
f 358/1596/1516 377/1873/1516 373/1714/1516 332/1705/1516
f 523/1875/1517 494/1876/1517 495/1877/1517 501/1878/1517
f 159/1454/1518 314/1509/1518 313/1728/1518 151/1413/1518
f 522/1879/1519 525/1880/1519 497/1881/1519 498/1882/1519
f 534/1883/1520 521/1884/1520 499/1885/1520 531/1886/1520
f 605/1462/1521 517/1461/1521 516/1478/1521 560/1498/1521
f 511/1887/1522 503/1888/1522 506/1889/1522 507/1890/1522
f 509/1891/1523 504/1892/1523 505/1893/1523 508/1479/1523
f 525/1880/1524 523/1875/1524 501/1878/1524 497/1881/1524
f 507/1890/1525 506/1889/1525 504/1892/1525 509/1891/1525
f 530/1894/1526 514/1895/1526 500/1896/1526 529/1897/1526
f 161/1465/1527 163/1898/1527 155/1899/1527 153/1900/1527
f 160/1443/1528 159/1454/1528 151/1413/1528 152/1412/1528
f 520/1901/1529 512/1902/1529 511/1887/1529 519/1468/1529
f 175/1471/1530 375/1455/1530 374/1903/1530 178/1483/1530
f 492/1904/1531 493/1905/1531 526/1906/1531 527/1907/1531
f 533/1908/1532 513/1909/1532 528/1910/1532 536/1911/1532
f 280/1424/1533 291/1423/1533 323/1912/1533 326/1725/1533
f 162/1626/1534 158/1442/1534 150/1409/1534 154/1408/1534
f 528/1910/1535 513/1909/1535 496/1913/1535 524/1914/1535
f 762/1753/1536 750/1470/1536 759/1469/1536 548/1651/1536
f 287/1464/1537 316/1474/1537 163/1898/1537 161/1465/1537
f 689/1658/1538 690/1512/1538 665/1503/1538 621/1915/1538
f 529/1916/1539 500/1917/1539 499/1885/1539 521/1884/1539
f 657/1918/1540 658/1513/1540 629/1657/1540 630/1919/1540
f 683/1593/1541 520/1901/1541 519/1468/1541 682/1467/1541
f 316/1474/1542 315/1625/1542 162/1626/1542 163/1898/1542
f 758/1466/1543 161/1465/1543 153/1900/1543 757/1920/1543
f 691/1507/1544 603/1532/1544 664/1428/1544 692/1427/1544
f 759/1469/1545 883/1449/1545 882/1715/1545 760/1921/1545
f 524/1914/1546 496/1913/1546 514/1895/1546 530/1894/1546
f 494/1876/1547 534/1883/1547 531/1886/1547 495/1877/1547
f 283/1482/1548 294/1653/1548 175/1471/1548 178/1483/1548
f 498/1882/1549 538/1922/1549 537/1923/1549 522/1879/1549
f 518/1924/1550 510/1925/1550 512/1902/1550 520/1901/1550
f 493/1905/1551 533/1908/1551 536/1911/1551 526/1906/1551
f 522/1879/1552 537/1923/1552 535/1557/1552 650/1556/1552
f 527/1907/1553 491/1926/1553 539/1927/1553 492/1904/1553
f 629/1657/1554 689/1658/1554 695/1928/1554 579/1929/1554
f 258/1930/1555 265/1644/1555 231/1645/1555 212/1669/1555
f 717/1501/1556 554/1500/1556 553/1931/1556 557/1932/1556
f 713/1652/1557 540/1933/1557 710/1934/1557 715/1591/1557
f 212/1669/1558 266/1489/1558 319/1488/1558 258/1930/1558
f 758/1466/1559 757/1920/1559 510/1925/1559 518/1924/1559
f 240/1588/1560 295/1587/1560 314/1509/1560 344/1508/1560
f 265/1644/1561 258/1930/1561 289/1675/1561 296/1433/1561
f 751/1463/1562 758/1466/1562 518/1924/1562 654/1565/1562
f 556/1935/1563 557/1932/1563 553/1931/1563 552/1936/1563
f 552/1936/1564 553/1931/1564 550/1937/1564 549/1938/1564
f 549/1938/1565 550/1937/1565 566/1939/1565 565/1940/1565
f 624/1941/1566 592/1655/1566 622/1942/1566 623/1943/1566
f 622/1942/1567 592/1655/1567 575/1530/1567 619/1944/1567
f 651/1945/1568 655/1946/1568 752/1522/1568 747/1521/1568
f 257/1611/1569 255/1405/1569 322/1629/1569 327/1608/1569
f 315/1625/1570 347/1495/1570 345/1494/1570 133/1594/1570
f 759/1469/1571 760/1921/1571 547/1650/1571 548/1651/1571
f 641/1750/1572 544/1688/1572 667/1579/1572 678/1687/1572
f 572/1733/1573 576/1704/1573 699/1703/1573 608/1734/1573
f 187/1947/1574 244/1540/1574 333/1548/1574 274/1948/1574
f 190/1543/1575 373/1714/1575 372/1448/1575 191/1456/1575
f 574/1949/1576 576/1704/1576 572/1733/1576 578/1950/1576
f 637/1951/1577 566/1939/1577 567/1533/1577 688/1607/1577
f 582/1952/1578 584/1953/1578 585/1954/1578 583/1955/1578
f 584/1953/1579 586/1956/1579 587/1957/1579 585/1954/1579
f 551/1534/1580 567/1533/1580 566/1939/1580 550/1937/1580
f 550/1937/1581 553/1931/1581 554/1500/1581 551/1534/1581
f 645/1421/1582 663/1420/1582 692/1427/1582 696/1426/1582
f 600/1958/1583 637/1951/1583 589/1959/1583 590/1960/1583
f 651/1945/1584 747/1521/1584 749/1564/1584 652/1961/1584
f 605/1462/1585 560/1498/1585 717/1501/1585 716/1962/1585
f 675/1720/1586 671/1751/1586 678/1687/1586 679/1538/1586
f 555/1963/1587 573/1732/1587 701/1735/1587 702/1964/1587
f 595/1965/1588 601/1966/1588 602/1967/1588 596/1968/1588
f 274/1948/1589 311/1570/1589 300/1689/1589 187/1947/1589
f 654/1565/1590 518/1924/1590 520/1901/1590 683/1593/1590
f 638/1394/1591 657/1969/1591 630/1970/1591 686/1672/1591
f 295/1587/1592 277/1727/1592 313/1728/1592 314/1509/1592
f 519/1468/1593 511/1887/1593 507/1890/1593 515/1460/1593
f 592/1655/1594 624/1941/1594 621/1915/1594 631/1656/1594
f 515/1460/1595 507/1890/1595 509/1891/1595 517/1461/1595
f 716/1962/1596 713/1652/1596 490/1459/1596 605/1462/1596
f 712/1499/1597 560/1498/1597 516/1478/1597 681/1477/1597
f 595/1965/1598 596/1968/1598 587/1957/1598 586/1956/1598
f 726/1971/1599 725/1972/1599 586/1956/1599 584/1953/1599
f 725/1972/1600 724/1973/1600 595/1965/1600 586/1956/1600
f 574/1949/1601 723/1974/1601 722/1701/1601 576/1704/1601
f 727/1975/1602 726/1971/1602 584/1953/1602 582/1952/1602
f 608/1734/1603 699/1703/1603 545/1659/1603 544/1688/1603
f 722/1701/1604 723/1974/1604 619/1944/1604 620/1976/1604
f 632/1506/1605 625/1671/1605 571/1670/1605 591/1606/1605
f 695/1928/1606 624/1941/1606 623/1943/1606 697/1977/1606
f 594/1978/1607 598/1979/1607 618/1980/1607 617/1981/1607
f 562/1982/1608 564/1983/1608 616/1984/1608 615/1985/1608
f 615/1985/1609 614/1986/1609 569/1987/1609 562/1982/1609
f 613/1988/1610 590/1960/1610 569/1987/1610 614/1986/1610
f 693/1989/1611 612/1990/1611 565/1940/1611 600/1958/1611
f 617/1981/1612 618/1980/1612 597/1580/1612 593/1991/1612
f 615/1985/1613 616/1984/1613 563/1992/1613 561/1993/1613
f 549/1938/1614 565/1940/1614 612/1990/1614 611/1994/1614
f 561/1993/1615 568/1995/1615 614/1986/1615 615/1985/1615
f 611/1994/1616 610/1996/1616 552/1936/1616 549/1938/1616
f 610/1996/1617 609/1997/1617 556/1935/1617 552/1936/1617
f 632/1506/1618 663/1420/1618 656/1395/1618 625/1671/1618
f 517/1461/1619 509/1891/1619 508/1479/1619 516/1478/1619
f 751/1463/1620 748/1567/1620 286/1475/1620 287/1464/1620
f 271/1676/1621 319/1488/1621 263/1487/1621 290/1998/1621
f 634/1999/1622 685/2000/1622 598/1979/1622 594/1978/1622
f 635/2001/1623 634/1999/1623 594/1978/1623 564/1983/1623
f 640/2002/1624 635/2001/1624 564/1983/1624 562/1982/1624
f 640/2002/1625 636/2003/1625 583/2004/1625 585/2005/1625
f 636/2003/1626 639/2006/1626 588/2007/1626 583/2004/1626
f 639/2006/1627 633/1673/1627 581/2008/1627 588/2007/1627
f 654/1565/1628 683/1593/1628 714/1592/1628 653/1566/1628
f 240/1588/1629 194/1555/1629 209/1546/1629 239/1589/1629
f 163/1898/1630 162/1626/1630 154/1408/1630 155/1899/1630
f 626/1527/1631 660/1681/1631 661/1559/1631 627/1528/1631
f 348/1665/1632 241/1452/1632 133/1594/1632 345/1494/1632
f 581/2009/1633 630/1919/1633 629/1657/1633 579/1929/1633
f 664/1428/1634 603/1532/1634 604/1531/1634 662/1444/1634
f 590/1960/1635 589/1959/1635 570/2010/1635 569/1987/1635
f 346/1473/1636 347/1495/1636 315/1625/1636 316/1474/1636
f 656/1395/1637 638/1394/1637 686/1672/1637 625/1671/1637
f 579/1929/1638 580/2011/1638 588/2012/1638 581/2009/1638
f 582/1952/1639 583/1955/1639 588/2012/1639 580/2011/1639
f 619/1944/1640 575/1530/1640 577/1529/1640 620/1976/1640
f 558/2013/1641 651/1945/1641 652/1961/1641 559/2014/1641
f 559/2014/1642 652/1961/1642 653/1566/1642 714/1592/1642
f 558/2013/1643 606/2015/1643 655/1946/1643 651/1945/1643
f 589/1959/1644 591/1606/1644 571/1670/1644 570/2010/1644
f 730/1702/1645 718/1660/1645 545/1659/1645 699/1703/1645
f 761/2016/1646 762/1753/1646 532/1558/1646 535/1557/1646
f 596/2017/1647 602/2018/1647 685/2000/1647 634/1999/1647
f 279/1590/1648 277/1727/1648 295/1587/1648 297/1586/1648
f 289/1675/1649 258/1930/1649 319/1488/1649 271/1676/1649
f 765/1717/1650 881/1874/1650 763/1682/1650 764/1577/1650
f 377/1873/1651 358/1596/1651 338/1595/1651 376/1718/1651
f 594/1978/1652 617/1981/1652 616/1984/1652 564/1983/1652
f 563/1992/1653 616/1984/1653 617/1981/1653 593/1991/1653
f 666/1578/1654 754/1683/1654 753/1686/1654 668/2019/1654
f 302/1690/1655 312/1569/1655 369/2020/1655 365/1743/1655
f 668/2019/1656 669/1535/1656 667/1579/1656 666/1578/1656
f 606/2015/1657 670/2021/1657 673/2022/1657 655/1946/1657
f 199/1649/1658 334/1722/1658 333/1548/1658 214/1547/1658
f 655/1946/1659 673/2022/1659 755/1693/1659 752/1522/1659
f 670/2021/1660 674/2023/1660 677/2024/1660 673/2022/1660
f 671/1751/1661 675/1720/1661 676/2025/1661 672/2026/1661
f 707/2027/1662 708/2028/1662 674/2023/1662 670/2021/1662
f 701/1735/1663 641/1750/1663 543/1749/1663 702/1964/1663
f 265/1644/1664 296/1433/1664 325/1432/1664 324/1632/1664
f 282/1646/1665 293/1585/1665 294/1653/1665 283/1482/1665
f 587/2029/1666 596/2017/1666 634/1999/1666 635/2001/1666
f 585/2005/1667 587/2029/1667 635/2001/1667 640/2002/1667
f 562/1982/1668 569/1987/1668 636/2003/1668 640/2002/1668
f 569/1987/1669 570/2010/1669 639/2006/1669 636/2003/1669
f 570/2010/1670 571/1670/1670 633/1673/1670 639/2006/1670
f 589/1959/1671 637/1951/1671 688/1607/1671 591/1606/1671
f 565/1940/1672 566/1939/1672 637/1951/1672 600/1958/1672
f 311/1570/1673 274/1948/1673 186/1710/1673 304/1571/1673
f 579/1929/1674 695/1928/1674 697/1977/1674 580/2011/1674
f 613/1988/1675 693/1989/1675 600/1958/1675 590/1960/1675
f 320/1677/1676 271/1676/1676 290/1998/1676 276/1726/1676
f 718/1660/1677 546/2030/1677 700/2031/1677 731/1661/1677
f 188/1598/1678 350/1597/1678 357/1707/1678 331/1541/1678
f 709/2032/1679 606/2015/1679 558/2013/1679 711/2033/1679
f 709/2032/1680 707/2027/1680 670/2021/1680 606/2015/1680
f 543/1749/1681 671/1751/1681 672/2026/1681 542/2034/1681
f 705/2035/1682 716/1962/1682 717/1501/1682 557/1932/1682
f 672/2026/1683 676/2025/1683 708/2028/1683 707/2027/1683
f 542/2034/1684 709/2032/1684 711/2033/1684 541/2036/1684
f 542/2034/1685 672/2026/1685 707/2027/1685 709/2032/1685
f 689/1658/1686 621/1915/1686 624/1941/1686 695/1928/1686
f 558/2013/1687 559/2014/1687 710/1934/1687 711/2033/1687
f 209/1546/1688 321/1545/1688 324/1632/1688 239/1589/1688
f 715/1591/1689 710/1934/1689 559/2014/1689 714/1592/1689
f 541/2036/1690 711/2033/1690 710/1934/1690 540/1933/1690
f 620/1976/1691 577/1529/1691 684/1643/1691 698/2037/1691
f 722/1701/1692 620/1976/1692 698/2037/1692 730/1702/1692
f 377/1873/1513 376/1718/1693 763/1682/1693 881/1874/1514
f 376/1718/1694 299/1684/1694 754/1683/1694 763/1682/1694
f 312/1569/1695 308/1568/1695 367/1747/1695 369/2020/1695
f 609/1997/1696 555/1963/1696 702/1964/1696 703/2038/1696
f 556/1935/1697 609/1997/1697 703/2038/1697 704/2039/1697
f 557/1932/1698 556/1935/1698 704/2039/1698 705/2035/1698
f 652/1961/1699 749/1564/1699 748/1567/1699 653/1566/1699
f 673/2022/1700 677/2024/1700 756/1724/1700 755/1693/1700
f 522/1879/1701 650/1556/1701 649/1680/1701 525/1880/1701
f 525/1880/1702 649/1680/1702 648/1505/1702 523/1875/1702
f 523/1875/1703 648/1505/1703 607/1504/1703 494/1876/1703
f 494/1876/1704 607/1504/1704 694/1511/1704 534/1883/1704
f 521/1884/1705 534/1883/1705 694/1511/1705 647/1510/1705
f 529/1897/1706 643/2040/1706 687/1393/1706 530/1894/1706
f 524/1914/1707 530/1894/1707 687/1393/1707 642/1392/1707
f 528/1910/1708 524/1914/1708 642/1392/1708 645/1421/1708
f 528/1910/1709 645/1421/1709 696/1426/1709 536/1911/1709
f 526/1906/1710 536/1911/1710 696/1426/1710 646/1429/1710
f 526/1906/1711 646/1429/1711 644/1445/1711 527/1907/1711
f 491/1926/1712 527/1907/1712 644/1445/1712 680/1476/1712
f 601/1966/1713 595/1965/1713 724/1973/1713 719/2041/1713
f 622/1942/1714 619/1944/1714 723/1974/1714 721/2042/1714
f 580/2011/1715 728/2043/1715 727/1975/1715 582/1952/1715
f 697/1977/1716 729/2044/1716 728/2043/1716 580/2011/1716
f 623/1943/1717 720/2045/1717 729/2044/1717 697/1977/1717
f 719/2041/1718 739/2046/1718 735/2047/1718 601/1966/1718
f 685/2000/1719 738/2048/1719 733/2049/1719 598/1979/1719
f 188/1598/1720 187/1947/1720 300/1689/1720 338/1595/1720
f 602/2018/1721 736/2050/1721 738/2048/1721 685/2000/1721
f 186/1710/1722 274/1948/1722 333/1548/1722 334/1722/1722
f 601/1966/1723 735/2047/1723 736/2051/1723 602/1967/1723
f 217/1542/1724 351/1602/1724 352/1605/1724 215/2052/1724
f 598/1979/1725 733/2049/1725 737/2053/1725 618/1980/1725
f 618/1980/1726 737/2053/1726 732/1581/1726 597/1580/1726
f 708/2028/1727 746/2054/1727 742/2055/1727 674/2023/1727
f 608/1734/1382 544/1688/1728 641/1750/1728 701/1735/1383
f 885/2056/1729 767/1748/1729 756/1724/1729 677/2024/1729
f 668/2019/1730 740/2057/1730 741/1536/1730 669/1535/1730
f 753/1686/1731 766/1745/1731 740/2057/1731 668/2019/1731
f 675/1720/1732 743/1719/1732 744/2058/1732 676/2025/1732
f 885/2056/1733 677/2024/1733 674/2023/1733 742/2055/1733
f 676/2025/1734 744/2058/1734 746/2054/1734 708/2028/1734
f 705/2035/1735 540/1933/1735 713/1652/1735 716/1962/1735
f 540/1933/1736 705/2035/1736 704/2039/1736 541/2036/1736
f 541/2036/1737 704/2039/1737 703/2038/1737 542/2034/1737
f 542/2034/1738 703/2038/1738 702/1964/1738 543/1749/1738
f 187/1947/1739 188/1598/1739 331/1541/1739 244/1540/1739
f 546/2030/1740 718/1660/1740 730/1702/1740 698/2037/1740
f 546/2030/1741 698/2037/1741 684/1643/1741 547/1650/1741
f 491/1926/1742 680/1476/1742 508/1479/1742 505/1893/1742
f 539/1927/1743 491/1926/1743 505/1893/1743 502/2059/1743
f 665/1503/1744 659/1502/1744 631/1656/1744 621/1915/1744
f 513/1909/1745 779/2060/1745 772/2061/1745 496/1913/1745
f 495/1877/1746 771/2062/1746 777/2063/1746 501/1878/1746
f 498/1882/1747 774/2064/1747 783/2065/1747 538/1922/1747
f 496/1913/1748 772/2061/1748 780/2066/1748 514/1895/1748
f 501/1878/1749 777/2063/1749 773/2067/1749 497/1881/1749
f 539/1927/1750 784/2068/1750 769/2069/1750 492/1904/1750
f 492/1904/1751 769/2069/1751 770/2070/1751 493/1905/1751
f 500/1917/1752 776/2071/1752 775/2072/1752 499/1885/1752
f 497/1881/1753 773/2067/1753 774/2064/1753 498/1882/1753
f 502/2059/1754 778/2073/1754 784/2068/1754 539/1927/1754
f 514/1895/1755 780/2066/1755 776/2074/1755 500/1896/1755
f 493/1905/1756 770/2070/1756 782/2075/1756 533/1908/1756
f 499/1885/1757 775/2072/1757 781/2076/1757 531/1886/1757
f 531/1886/1758 781/2076/1758 771/2062/1758 495/1877/1758
f 533/1908/1759 782/2075/1759 779/2060/1759 513/1909/1759
f 782/2075/1760 798/2077/1760 795/2078/1760 779/2060/1760
f 774/2064/1761 790/2079/1761 799/2080/1761 783/2065/1761
f 772/2061/1762 788/2081/1762 796/2082/1762 780/2066/1762
f 778/2073/1763 794/2083/1763 800/2084/1763 784/2068/1763
f 777/2063/1764 793/2085/1764 789/2086/1764 773/2067/1764
f 784/2068/1765 800/2084/1765 785/2087/1765 769/2069/1765
f 776/2071/1766 792/2088/1766 791/2089/1766 775/2072/1766
f 771/2062/1767 787/2090/1767 793/2085/1767 777/2063/1767
f 781/2076/1768 797/2091/1768 787/2090/1768 771/2062/1768
f 769/2069/1769 785/2087/1769 786/2092/1769 770/2070/1769
f 773/2067/1770 789/2086/1770 790/2079/1770 774/2064/1770
f 775/2072/1771 791/2089/1771 797/2091/1771 781/2076/1771
f 770/2070/1772 786/2092/1772 798/2077/1772 782/2075/1772
f 779/2060/1773 795/2078/1773 788/2081/1773 772/2061/1773
f 780/2066/1774 796/2082/1774 792/2093/1774 776/2074/1774
f 794/2083/1775 810/2094/1775 816/2095/1775 800/2084/1775
f 793/2085/1776 809/2096/1776 805/2097/1776 789/2086/1776
f 800/2084/1777 816/2095/1777 801/2098/1777 785/2087/1777
f 792/2088/1778 808/2099/1778 807/2100/1778 791/2089/1778
f 787/2090/1779 803/2101/1779 809/2096/1779 793/2085/1779
f 797/2091/1780 813/2102/1780 803/2101/1780 787/2090/1780
f 785/2087/1781 801/2098/1781 802/2103/1781 786/2092/1781
f 789/2086/1782 805/2097/1782 806/2104/1782 790/2079/1782
f 791/2089/1783 807/2100/1783 813/2102/1783 797/2091/1783
f 786/2092/1784 802/2103/1784 814/2105/1784 798/2077/1784
f 795/2078/1785 811/2106/1785 804/2107/1785 788/2081/1785
f 796/2082/1786 812/2108/1786 808/2109/1786 792/2093/1786
f 798/2077/1787 814/2105/1787 811/2106/1787 795/2078/1787
f 790/2079/1788 806/2104/1788 815/2110/1788 799/2080/1788
f 788/2081/1789 804/2107/1789 812/2108/1789 796/2082/1789
f 809/2096/1790 825/2111/1790 821/2112/1790 805/2097/1790
f 816/2095/1791 832/2113/1791 817/2114/1791 801/2098/1791
f 808/2099/1792 824/2115/1792 823/2116/1792 807/2100/1792
f 803/2101/1793 819/2117/1793 825/2111/1793 809/2096/1793
f 813/2102/1794 829/2118/1794 819/2117/1794 803/2101/1794
f 801/2098/1795 817/2114/1795 818/2119/1795 802/2103/1795
f 805/2097/1796 821/2112/1796 822/2120/1796 806/2104/1796
f 807/2100/1797 823/2116/1797 829/2118/1797 813/2102/1797
f 802/2103/1798 818/2119/1798 830/2121/1798 814/2105/1798
f 811/2106/1799 827/2122/1799 820/2123/1799 804/2107/1799
f 812/2108/1800 828/2124/1800 824/2125/1800 808/2109/1800
f 814/2105/1801 830/2121/1801 827/2122/1801 811/2106/1801
f 806/2104/1802 822/2120/1802 831/2126/1802 815/2110/1802
f 804/2107/1803 820/2123/1803 828/2124/1803 812/2108/1803
f 810/2094/1804 826/2127/1804 832/2113/1804 816/2095/1804
f 824/2115/1805 840/2128/1805 839/2129/1805 823/2116/1805
f 819/2117/1806 835/2130/1806 841/2131/1806 825/2111/1806
f 829/2118/1807 845/2132/1807 835/2130/1807 819/2117/1807
f 817/2114/1808 833/2133/1808 834/2134/1808 818/2119/1808
f 821/2112/1809 837/2135/1809 838/2136/1809 822/2120/1809
f 823/2116/1810 839/2129/1810 845/2132/1810 829/2118/1810
f 818/2119/1811 834/2134/1811 846/2137/1811 830/2121/1811
f 827/2122/1812 843/2138/1812 836/2139/1812 820/2123/1812
f 828/2124/1813 844/2140/1813 840/2141/1813 824/2125/1813
f 830/2121/1814 846/2137/1814 843/2138/1814 827/2122/1814
f 822/2120/1815 838/2136/1815 847/2142/1815 831/2126/1815
f 820/2123/1816 836/2139/1816 844/2140/1816 828/2124/1816
f 826/2127/1817 842/2143/1817 848/2144/1817 832/2113/1817
f 825/2111/1818 841/2131/1818 837/2135/1818 821/2112/1818
f 832/2113/1819 848/2144/1819 833/2133/1819 817/2114/1819
f 833/2133/1820 849/2145/1820 850/2146/1820 834/2134/1820
f 837/2135/1821 853/2147/1821 854/2148/1821 838/2136/1821
f 839/2129/1822 855/2149/1822 861/2150/1822 845/2132/1822
f 834/2134/1823 850/2146/1823 862/2151/1823 846/2137/1823
f 843/2138/1824 859/2152/1824 852/2153/1824 836/2139/1824
f 844/2140/1825 860/2154/1825 856/2155/1825 840/2141/1825
f 838/2136/1826 854/2148/1826 863/2156/1826 847/2142/1826
f 846/2137/1827 862/2151/1827 859/2152/1827 843/2138/1827
f 836/2139/1828 852/2153/1828 860/2154/1828 844/2140/1828
f 842/2143/1829 858/2157/1829 864/2158/1829 848/2144/1829
f 841/2131/1830 857/2159/1830 853/2147/1830 837/2135/1830
f 848/2144/1831 864/2158/1831 849/2145/1831 833/2133/1831
f 840/2128/1832 856/2160/1832 855/2149/1832 839/2129/1832
f 845/2132/1833 861/2150/1833 851/2161/1833 835/2130/1833
f 835/2130/1834 851/2161/1834 857/2159/1834 841/2131/1834
f 853/2147/1835 869/2162/1835 870/2163/1835 854/2148/1835
f 855/2149/1836 871/2164/1836 877/2165/1836 861/2150/1836
f 850/2146/1837 866/2166/1837 878/2167/1837 862/2151/1837
f 859/2152/1838 875/2168/1838 868/2169/1838 852/2153/1838
f 860/2154/1839 876/2170/1839 872/2171/1839 856/2155/1839
f 854/2148/1840 870/2163/1840 879/2172/1840 863/2156/1840
f 862/2151/1841 878/2167/1841 875/2168/1841 859/2152/1841
f 852/2153/1842 868/2169/1842 876/2170/1842 860/2154/1842
f 858/2157/1843 874/2173/1843 880/2174/1843 864/2158/1843
f 857/2159/1844 873/2175/1844 869/2162/1844 853/2147/1844
f 864/2158/1845 880/2174/1845 865/2176/1846 849/2145/1847
f 856/2160/1848 872/2177/1848 871/2164/1848 855/2149/1848
f 861/2150/1849 877/2165/1849 867/2178/1849 851/2161/1849
f 851/2161/1850 867/2178/1850 873/2175/1850 857/2159/1850
f 849/2145/1847 865/2176/1846 866/2166/1851 850/2146/1851
f 686/1672/1852 630/1970/1852 581/2008/1852 633/1673/1852
f 604/1531/1853 712/1499/1853 681/1477/1853 662/1444/1853
f 760/1921/1854 882/1715/1854 881/1874/1854 765/1717/1854
f 546/2030/1855 547/1650/1855 760/1921/1855 700/2031/1855
f 731/1661/1856 700/2031/1856 760/1921/1856 765/1717/1856
f 661/1559/1857 532/1558/1857 628/1642/1857 627/1528/1857
f 259/1584/1858 216/1664/1858 218/1524/1858 260/1526/1858
usemtl Buttons
f 1071/2179/1859 1070/2180/1859 1075/2181/1859 1074/2182/1859
f 1070/2180/1860 1069/2183/1860 1080/2184/1860 1075/2181/1860
f 1050/2185/1861 1076/2186/1861 1080/2184/1861 1069/2183/1861
f 1048/2187/1862 1077/2188/1862 1076/2186/1862 1050/2185/1862
f 1082/2189/1863 1083/2190/1863 1077/2188/1863 1048/2187/1863
f 1079/2191/1864 1078/2192/1864 1046/2193/1864 1081/2194/1864
f 1046/2193/1865 1078/2192/1865 1083/2190/1865 1082/2189/1865
f 1049/2195/1866 1084/2196/1866 1081/2194/1866 1046/2193/1866
f 1186/2197/1867 1187/2198/1867 1084/2196/1867 1049/2195/1867
f 1072/2199/1868 1086/2200/1868 1085/2201/1868 1047/2202/1868
f 1051/2203/1869 1052/2204/1869 1086/2200/1869 1072/2199/1869
f 1063/2205/1870 1090/2206/1870 1089/345/1870 1062/2207/1870
f 1062/2207/1871 1089/345/1871 1088/344/1871 1061/2208/1871
f 1064/2209/1872 1091/2210/1872 1090/2206/1872 1063/2205/1872
f 1064/2209/1873 1065/2211/1874 1093/2212/1875 1091/2210/1873
f 1066/2213/1876 1092/2214/1876 1093/2212/1875 1065/2211/1874
f 1061/2208/1877 1088/344/1878 1087/2215/1877 1060/2216/1878
f 1092/2214/1879 1095/2217/1879 1094/2218/1879 1087/2215/1879
f 1059/2219/1880 1060/2216/1880 1087/2215/1880 1094/2218/1880
f 1066/2213/1881 1067/2220/1881 1095/2217/1881 1092/2214/1881
f 1058/2221/1882 1101/2222/1882 1100/314/1882 1057/313/1882
f 1101/2222/1883 1108/2223/1884 1107/327/1885 1100/314/1885
f 1108/2223/1886 1300/2224/1886 1299/334/1886 1107/327/1886
f 1086/2200/1887 1116/2225/1887 1115/2226/1887 1085/2201/1887
f 1187/2198/1888 1188/2227/1888 1114/2228/1888 1084/2196/1888
f 1084/2196/1889 1114/2228/1889 1113/2229/1889 1081/2194/1889
f 1081/2194/1890 1113/2229/1890 1112/2230/1890 1079/2191/1890
f 1079/2191/1891 1112/2230/1891 1111/2231/1891 1074/2182/1891
f 1074/2182/1892 1111/2231/1892 1110/2232/1892 1071/2179/1892
f 1116/2225/1893 1123/2233/1893 1122/2234/1893 1115/2226/1893
f 1188/2227/1894 1189/2235/1894 1121/2236/1894 1114/2228/1894
f 1114/2228/1895 1121/2236/1895 1120/2237/1895 1113/2229/1895
f 1113/2229/1896 1120/2237/1896 1119/2238/1896 1112/2230/1896
f 1112/2230/1897 1119/2238/1897 1118/2239/1897 1111/2231/1897
f 1111/2231/1898 1118/2239/1898 1117/2240/1898 1110/2232/1898
f 1123/2233/1899 1130/2241/1899 1129/2242/1899 1122/2234/1899
f 1189/2235/1900 1190/2243/1900 1128/2244/1900 1121/2236/1900
f 1121/2236/1901 1128/2244/1901 1127/2245/1901 1120/2237/1901
f 1120/2237/1902 1127/2245/1902 1126/2246/1902 1119/2238/1902
f 1119/2238/1903 1126/2246/1903 1125/2247/1903 1118/2239/1903
f 1118/2239/1904 1125/2247/1904 1124/2248/1904 1117/2240/1904
f 1130/2241/1905 1308/2249/1905 1307/2250/1905 1129/2242/1905
f 1190/2243/1906 1363/2251/1906 1306/2252/1906 1128/2244/1906
f 1128/2244/1907 1306/2252/1907 1305/2253/1907 1127/2245/1907
f 1127/2245/1908 1305/2253/1908 1304/2254/1908 1126/2246/1908
f 1126/2246/1909 1304/2254/1909 1303/2255/1909 1125/2247/1909
f 1125/2247/1910 1303/2255/1910 1302/2256/1910 1124/2248/1910
f 1095/2217/1911 1132/2257/1911 1131/2258/1911 1094/2218/1911
f 1058/2221/1912 1059/2219/1912 1094/2218/1912 1131/2258/1912
f 1068/2259/1913 1132/2257/1913 1095/2217/1913 1067/2220/1913
f 1068/2259/1914 1133/2260/1914 1135/2261/1914 1132/2257/1914
f 1132/2257/1915 1135/2261/1915 1134/2262/1915 1131/2258/1915
f 1133/2260/1916 1136/2263/1916 1138/2264/1916 1135/2261/1916
f 1135/2261/1917 1138/2264/1917 1137/2265/1917 1134/2262/1917
f 1136/2263/1918 1309/2266/1918 1311/2267/1918 1138/2264/1918
f 1138/2264/1919 1311/2267/1919 1310/2268/1919 1137/2265/1919
f 1108/2223/1884 1101/2222/1883 1134/2262/1920 1137/2265/1920
f 1300/2224/1921 1108/2223/1921 1137/2265/1921 1310/2268/1921
f 1101/2222/1922 1058/2221/1922 1131/2258/1922 1134/2262/1922
f 1052/2204/1923 1073/326/1923 1116/2225/1923 1086/2200/1923
f 1073/326/1924 1102/325/1924 1123/2233/1924 1116/2225/1925
f 1102/325/1926 1109/333/1926 1130/2241/1926 1123/2233/1926
f 1109/333/1927 1301/340/1927 1308/2249/1927 1130/2241/1927
f 1077/2188/1928 1083/2190/1928 1174/2269/1928 1169/2270/1928
f 1061/2208/1929 1060/2216/1929 1153/2271/1929 1154/2272/1929
f 1076/2186/1930 1077/2188/1930 1169/2270/1930 1168/2273/1930
f 1050/2185/1931 1069/2183/1931 1161/2274/1931 1143/2275/1931
f 1049/2195/1932 1046/2193/1932 1139/2276/1932 1142/2277/1932
f 1062/2207/1933 1061/2208/1933 1154/2272/1933 1155/2278/1933
f 1087/2215/1934 1088/344/1934 1176/347/1934 1175/2279/1934
f 1083/2190/1935 1078/2192/1935 1170/2280/1935 1174/2269/1935
f 1069/2183/1936 1070/2180/1936 1162/2281/1936 1161/2274/1936
f 1048/2187/1937 1050/2185/1937 1143/2275/1937 1141/2282/1937
f 1063/2205/1938 1062/2207/1938 1155/2278/1938 1156/2283/1938
f 1078/2192/1939 1079/2191/1939 1171/2284/1939 1170/2280/1939
f 1070/2180/1940 1071/2179/1940 1163/2285/1940 1162/2281/1940
f 1047/2202/1941 1192/2286/1941 1197/2287/1941 1140/2288/1941
f 1192/2286/1942 1186/2197/1942 1191/2289/1942 1197/2287/1942
f 1089/345/1943 1090/2206/1943 1178/2290/1943 1177/346/1943
f 1072/2199/1944 1047/2202/1944 1140/2288/1944 1164/2291/1944
f 1082/2189/1945 1048/2187/1945 1141/2282/1945 1173/2292/1945
f 1091/2210/1946 1093/2212/1946 1181/2293/1946 1179/2294/1946
f 1065/2211/1947 1064/2209/1947 1157/2295/1947 1158/2296/1947
f 1071/2179/1948 1110/2232/1948 1182/2297/1948 1163/2285/1949
f 1090/2206/1950 1091/2210/1950 1179/2294/1950 1178/2290/1950
f 1058/2221/1951 1057/313/1951 1150/350/1951 1151/2298/1951
f 1073/326/1952 1052/2204/1952 1145/2299/1952 1165/351/1952
f 1051/2203/1953 1072/2199/1953 1164/2291/1953 1144/2300/1953
f 1066/2213/1954 1065/2211/1954 1158/2296/1954 1159/2301/1954
f 1059/2219/1955 1058/2221/1955 1151/2298/1955 1152/2302/1955
f 1093/2212/1956 1092/2214/1956 1180/2303/1956 1181/2293/1957
f 1079/2191/1958 1074/2182/1958 1166/2304/1958 1171/2284/1958
f 1052/2204/1959 1051/2203/1959 1144/2300/1959 1145/2299/1959
f 1074/2182/1960 1075/2181/1960 1167/2305/1960 1166/2304/1960
f 1046/2193/1961 1082/2189/1961 1173/2292/1961 1139/2276/1961
f 1067/2220/1962 1066/2213/1962 1159/2301/1962 1160/2306/1962
f 1060/2216/1963 1059/2219/1963 1152/2302/1963 1153/2271/1963
f 1092/2214/1964 1087/2215/1964 1175/2279/1964 1180/2303/1964
f 1075/2181/1965 1080/2184/1965 1172/2307/1965 1167/2305/1965
f 1186/2197/1966 1049/2195/1966 1142/2277/1966 1191/2289/1966
f 1080/2184/1967 1076/2186/1967 1168/2273/1967 1172/2307/1967
f 1117/2240/1968 1124/2248/1968 963/2308/1968 1035/2309/1968
f 1124/2248/1969 1302/2256/1969 961/2310/1969 963/2308/1969
f 1224/2311/1970 1289/2312/1970 1357/2313/1970 1365/2314/1970
f 1136/2263/1971 1133/2260/1971 1185/2315/1971 1184/2316/1971
f 1309/2266/1972 1136/2263/1972 1184/2316/1972 1183/2317/1972
f 1192/2286/1973 1193/2318/1973 1187/2198/1973 1186/2197/1973
f 1193/2318/1974 1194/2319/1974 1188/2227/1974 1187/2198/1974
f 1194/2319/1975 1195/2320/1975 1189/2235/1975 1188/2227/1975
f 1195/2320/1976 1196/2321/1976 1190/2243/1976 1189/2235/1976
f 1196/2321/1977 1371/2322/1977 1363/2251/1977 1190/2243/1977
f 1047/2202/1978 1085/2201/1978 1193/2318/1978 1192/2286/1978
f 1085/2201/1979 1115/2226/1979 1194/2319/1979 1193/2318/1979
f 1115/2226/1980 1122/2234/1980 1195/2320/1980 1194/2319/1980
f 1122/2234/1981 1129/2242/1981 1196/2321/1981 1195/2320/1981
f 1129/2242/1982 1307/2250/1982 1371/2322/1982 1196/2321/1982
f 1064/2209/1983 1063/2205/1983 1156/2283/1983 1157/2295/1983
f 1227/2323/1984 1230/2324/1984 1231/395/1984 1226/2325/1984
f 1226/2325/1985 1231/395/1985 1236/398/1985 1225/2326/1985
f 1206/2327/1986 1225/2326/1986 1236/398/1986 1232/2328/1986
f 1204/2329/1987 1206/2327/1987 1232/2328/1987 1233/2330/1987
f 1238/2331/1988 1204/2329/1988 1233/2330/1988 1239/2332/1988
f 1235/2333/1989 1237/2334/1989 1202/2335/1989 1234/2336/1989
f 1202/2335/1990 1238/2331/1990 1239/2332/1990 1234/2336/1990
f 1205/2337/1991 1202/2335/1991 1237/2334/1991 1240/2338/1991
f 1358/2339/1992 1205/2337/1992 1240/2338/1992 1359/2340/1992
f 1228/392/1993 1203/2341/1993 1241/2342/1993 1242/377/1993
f 1207/389/1994 1228/392/1994 1242/377/1994 1208/376/1994
f 1219/2343/1995 1218/2344/1995 1245/2345/1995 1246/2346/1995
f 1218/2344/1996 1217/2347/1996 1244/2348/1996 1245/2345/1997
f 1220/2349/1998 1219/2343/1998 1246/2346/1998 1247/2350/1998
f 1220/2349/1999 1247/2350/1999 1249/2351/1999 1221/2352/1999
f 1222/2353/2000 1221/2352/2000 1249/2351/2000 1248/2354/2000
f 1217/2347/2001 1216/2355/2001 1243/2356/2001 1244/2348/2001
f 1248/2354/2002 1243/2356/2002 1250/2357/2002 1251/2358/2002
f 1215/393/2003 1250/2357/2003 1243/2356/2003 1216/2355/2003
f 1222/2353/2004 1248/2354/2004 1251/2358/2004 1223/2359/2004
f 1264/369/2005 1263/368/2005 1299/334/2005 1300/2224/2005
f 1242/377/2006 1241/2342/2007 1271/2360/2006 1272/378/2007
f 1359/2340/2008 1240/2338/2008 1270/2361/2008 1360/2362/2008
f 1240/2338/2009 1237/2334/2009 1269/2363/2009 1270/2361/2009
f 1237/2334/2010 1235/2333/2010 1268/2364/2010 1269/2363/2010
f 1235/2333/2011 1230/2324/2011 1267/2365/2011 1268/2364/2011
f 1230/2324/2012 1227/2323/2012 1266/2366/2012 1267/2365/2012
f 1272/378/2013 1271/2360/2013 1278/2367/2013 1279/379/2013
f 1360/2362/2014 1270/2361/2014 1277/2368/2014 1361/2369/2014
f 1270/2361/2015 1269/2363/2015 1276/2370/2016 1277/2368/2015
f 1269/2363/2017 1268/2364/2017 1275/2371/2017 1276/2370/2017
f 1268/2364/2018 1267/2365/2018 1274/2372/2018 1275/2371/2018
f 1267/2365/2019 1266/2366/2019 1273/2373/2019 1274/2372/2019
f 1279/379/2020 1278/2367/2020 1285/2374/2020 1286/2375/2020
f 1361/2369/2021 1277/2368/2021 1284/2376/2021 1362/2377/2021
f 1277/2368/2015 1276/2370/2016 1283/2378/2022 1284/2376/2022
f 1276/2370/2023 1275/2371/2023 1282/2379/2023 1283/2378/2023
f 1275/2371/2024 1274/2372/2024 1281/2380/2024 1282/2379/2024
f 1274/2372/2025 1273/2373/2025 1280/2381/2025 1281/2380/2025
f 1286/2375/2026 1285/2374/2026 1307/2250/2026 1308/2249/2026
f 1362/2377/2027 1284/2376/2027 1306/2252/2027 1363/2251/2027
f 1284/2376/2028 1283/2378/2028 1305/2253/2028 1306/2252/2028
f 1283/2378/2029 1282/2379/2029 1304/2254/2029 1305/2253/2029
f 1282/2379/2030 1281/2380/2030 1303/2255/2030 1304/2254/2030
f 1281/2380/2031 1280/2381/2031 1302/2256/2031 1303/2255/2031
f 1251/2358/2032 1250/2357/2032 1287/2382/2032 1288/2383/2032
f 1214/352/2033 1287/2382/2033 1250/2357/2033 1215/393/2033
f 1224/2311/2034 1223/2359/2034 1251/2358/2034 1288/2383/2034
f 1224/2311/2035 1288/2383/2035 1291/2384/2035 1289/2312/2035
f 1288/2383/2036 1287/2382/2036 1290/2385/2036 1291/2384/2036
f 1289/2312/2037 1291/2384/2037 1294/2386/2037 1292/2387/2037
f 1291/2384/2038 1290/2385/2038 1293/2388/2038 1294/2386/2038
f 1292/2387/2039 1294/2386/2039 1311/2267/2039 1309/2266/2039
f 1294/2386/2040 1293/2388/2040 1310/2268/2040 1311/2267/2040
f 1264/369/2041 1293/2388/2041 1290/2385/2041 1257/355/2041
f 1300/2224/2042 1310/2268/2042 1293/2388/2042 1264/369/2042
f 1257/355/303 1290/2385/2043 1287/2382/2043 1214/352/301
f 1258/367/2044 1279/379/2044 1286/2375/2044 1265/375/2044
f 1265/375/2045 1286/2375/2045 1308/2249/2045 1301/340/2045
f 1233/2330/2046 1342/2389/2046 1347/2390/2046 1239/2332/2046
f 1217/2347/2047 1327/2391/2047 1326/2392/2047 1216/2355/2047
f 1232/2328/2048 1341/2393/2048 1342/2389/2048 1233/2330/2048
f 1206/2327/2049 1316/2394/2049 1334/2395/2049 1225/2326/2049
f 1205/2337/2050 1315/2396/2050 1312/2397/2050 1202/2335/2050
f 1218/2344/2051 1328/2398/2051 1327/2391/2051 1217/2347/2051
f 1243/2356/2052 1348/2399/2052 1349/2400/2052 1244/2348/2052
f 1239/2332/2053 1347/2390/2053 1343/2401/2053 1234/2336/2053
f 1225/2326/2054 1334/2395/2054 1335/2402/2054 1226/2325/2054
f 1204/2329/2055 1314/2403/2055 1316/2394/2055 1206/2327/2055
f 1219/2343/2056 1329/2404/2056 1328/2398/2056 1218/2344/2056
f 1273/2373/2057 964/2405/2057 962/2406/2057 1280/2381/2057
f 1244/2348/2058 1349/2400/2058 1350/2407/2058 1245/2345/2058
f 1234/2336/2059 1343/2401/2059 1344/2408/2059 1235/2333/2059
f 1226/2325/2060 1335/2402/2060 1336/2409/2060 1227/2323/2060
f 1203/2341/2061 1313/2410/2061 1372/2411/2061 1366/2412/2061
f 1366/2412/2062 1372/2411/2062 1364/2413/2062 1358/2339/2062
f 1245/2345/2063 1350/2407/2063 1351/2414/2063 1246/2346/2063
f 1228/392/2064 1337/391/2064 1313/2410/2064 1203/2341/2064
f 1238/2331/2065 1346/2415/2065 1314/2403/2065 1204/2329/2065
f 1247/2350/2066 1352/2416/2066 1354/2417/2066 1249/2351/2066
f 1221/2352/2067 1331/2418/2067 1330/2419/2067 1220/2349/2067
f 1227/2323/2068 1336/2409/2068 1355/2420/2068 1266/2366/2068
f 1246/2346/2069 1351/2414/2069 1352/2416/2069 1247/2350/2069
f 1068/2259/2070 1373/2421/2070 1185/2315/2070 1133/2260/2070
f 1222/2353/2071 1332/2422/2071 1331/2418/2071 1221/2352/2071
f 1249/2351/2072 1354/2417/2072 1353/2423/2072 1248/2354/2072
f 1235/2333/2073 1344/2408/2073 1339/2424/2073 1230/2324/2073
f 1230/2324/2074 1339/2424/2074 1340/396/2074 1231/395/2074
f 1202/2335/2075 1312/2397/2075 1346/2415/2075 1238/2331/2075
f 1223/2359/2076 1333/2425/2076 1332/2422/2076 1222/2353/2076
f 1216/2355/2077 1326/2392/2077 1325/394/2077 1215/393/2077
f 1248/2354/2078 1353/2423/2078 1348/2399/2078 1243/2356/2078
f 1358/2339/2079 1364/2413/2079 1315/2396/2079 1205/2337/2079
f 1236/398/2080 1345/397/2080 1341/2393/2080 1232/2328/2080
f 964/2405/2081 1273/2373/2081 1266/2366/2081 1355/2420/2081
f 1309/2266/2082 1183/2317/2082 1356/2426/2082 1292/2387/2082
f 1068/2259/2083 1067/2220/2083 1160/2306/2084 1373/2421/2084
f 1224/2311/2085 1365/2314/2085 1333/2425/2085 1223/2359/2085
f 1292/2387/2086 1356/2426/2086 1357/2313/2086 1289/2312/2086
f 1366/2412/2087 1358/2339/2087 1359/2340/2087 1367/2427/2087
f 1367/2427/2088 1359/2340/2088 1360/2362/2088 1368/2428/2088
f 1368/2428/2089 1360/2362/2089 1361/2369/2089 1369/2429/2089
f 1369/2429/2090 1361/2369/2090 1362/2377/2090 1370/2430/2090
f 1370/2430/2091 1362/2377/2091 1363/2251/2091 1371/2322/2091
f 1203/2341/2092 1366/2412/2092 1367/2427/2092 1241/2342/2092
f 1241/2342/2093 1367/2427/2093 1368/2428/2093 1271/2360/2093
f 1271/2360/2094 1368/2428/2094 1369/2429/2094 1278/2367/2094
f 1278/2367/2095 1369/2429/2095 1370/2430/2095 1285/2374/2095
f 1285/2374/2096 1370/2430/2096 1371/2322/2096 1307/2250/2096
f 1220/2349/2097 1330/2419/2097 1329/2404/2097 1219/2343/2097
f 1280/2381/2098 962/2406/2098 961/2310/2098 1302/2256/2098
f 1110/2232/2099 1117/2240/2099 1035/2309/2100 1182/2297/2099
f 1968/2431/2101 1962/2432/2101 1954/2433/2101 1961/2434/2101
f 1964/2435/2102 1955/2436/2102 1956/2437/2102 1965/2438/2102
f 1952/2439/2103 1675/847/2103 1684/846/2103 1955/2436/2103
f 1955/2436/2104 1684/846/2104 1693/1125/2104 1956/2437/2104
f 1962/2432/2105 1923/794/2105 1701/796/2105 1954/2433/2105
f 1924/848/2106 1968/2431/2106 1961/2434/2106 1700/849/2106
f 1949/2440/2107 1952/2439/2107 1955/2436/2107 1964/2435/2107
f 1948/2441/2108 1959/2442/2108 1854/753/2108 1847/1126/2108
f 1959/2442/2109 1960/2443/2109 1861/754/2109 1854/753/2109
f 1963/2444/2110 1954/2433/2110 1701/796/2110 1931/814/2110
f 1956/2437/2111 1693/1125/2111 1923/794/2111 1962/2432/2111
f 1960/2443/2112 1963/2444/2112 1931/814/2112 1861/754/2112
f 1953/2445/2113 1966/2446/2113 1959/2442/2113 1948/2441/2113
f 1966/2446/2114 1967/2447/2114 1960/2443/2114 1959/2442/2114
f 1969/2448/2115 1961/2434/2115 1954/2433/2115 1963/2444/2115
f 1965/2438/2116 1956/2437/2116 1962/2432/2116 1968/2431/2116
f 1967/2447/2117 1969/2448/2117 1963/2444/2117 1960/2443/2117
f 1952/2439/2118 1949/2440/2118 1950/2449/2118 1951/2450/2118
f 1683/815/2119 1964/2435/2119 1965/2438/2119 1692/836/2119
f 1674/797/2120 1949/2440/2120 1964/2435/2120 1683/815/2120
f 1846/997/2121 1853/999/2121 1966/2446/2121 1953/2445/2121
f 1853/999/2122 1860/1000/2122 1967/2447/2122 1966/2446/2122
f 1932/1002/2123 1700/849/2123 1961/2434/2123 1969/2448/2123
f 1692/836/2124 1965/2438/2124 1968/2431/2124 1924/848/2124
f 1860/1000/2125 1932/1002/2125 1969/2448/2125 1967/2447/2125
f 1666/1062/2126 1951/2450/2126 1950/2449/2126 1665/780/2126
f 1953/2445/2127 1948/2441/2127 1957/2451/2127 1958/2452/2127
f 1957/2451/2128 1840/1075/2128 1839/995/2128 1958/2452/2128
f 1840/1075/2129 1957/2451/2129 1948/2441/2129 1847/1126/2129
f 1846/997/2130 1953/2445/2130 1958/2452/2130 1839/995/2130
f 1675/847/2131 1952/2439/2131 1951/2450/2131 1666/1062/2131
f 1674/797/2132 1665/780/2132 1950/2449/2132 1949/2440/2132
f 2054/2453/2133 1183/2317/2133 1184/2316/2133 2053/2454/2133
f 2054/2453/2134 2064/2455/2134 1356/2426/2134 1183/2317/2134
f 2064/2455/2135 2055/2456/2135 1357/2313/2135 1356/2426/2135
f 2053/2454/2136 1184/2316/2136 1185/2315/2136 2048/2457/2136
f 2128/2458/2137 2127/2459/2137 2132/2460/2137 2131/2461/2137
f 2127/2459/2138 2126/2462/2138 2137/2463/2138 2132/2460/2138
f 2107/2464/2139 2133/2465/2139 2137/2463/2139 2126/2462/2139
f 2105/2466/2140 2134/2467/2141 2133/2465/2142 2107/2464/2142
f 2139/2468/2143 2140/2469/2143 2134/2467/2141 2105/2466/2140
f 2136/2470/2144 2135/2471/2144 2103/1161/2144 2138/2472/2144
f 2103/1161/2145 2135/2471/2145 2140/2469/2145 2139/2468/2145
f 2106/1160/2146 2141/2473/2147 2138/2472/2148 2103/1161/2146
f 2243/2474/2149 2244/2475/2150 2141/2473/2151 2106/1160/2151
f 2129/2476/2152 2143/2477/2152 2142/2478/2152 2104/2479/2152
f 2108/2480/2153 2109/2481/2153 2143/2477/2153 2129/2476/2153
f 2120/2482/2154 2147/2483/2154 2146/2484/2154 2119/2485/2154
f 2119/2485/2155 2146/2484/2155 2145/2486/2155 2118/2487/2155
f 2121/2488/2156 2148/2489/2156 2147/2483/2156 2120/2482/2156
f 2121/2488/2157 2122/2490/2157 2150/2491/2157 2148/2489/2157
f 2123/2492/2158 2149/2493/2158 2150/2491/2158 2122/2490/2158
f 2118/2487/2159 2145/2486/2159 2144/2494/2159 2117/2495/2159
f 2149/2493/2160 2152/2496/2160 2151/2497/2160 2144/2494/2160
f 2116/2498/2161 2117/2495/2161 2144/2494/2161 2151/2497/2161
f 2123/2492/2162 2124/2499/2162 2152/2496/2162 2149/2493/2162
f 2115/2500/2163 2158/2501/2163 2157/1131/2163 2114/1130/2163
f 2158/2501/2164 2165/2502/2164 2164/1144/2164 2157/1131/2164
f 2165/2502/2165 2357/2503/2165 2356/1151/2165 2164/1144/2165
f 2143/2477/2166 2173/2504/2166 2172/2505/2166 2142/2478/2166
f 2244/2475/2167 2245/2506/2167 2171/2507/2167 2141/2473/2167
f 2141/2473/2147 2171/2507/2168 2170/2508/2168 2138/2472/2148
f 2138/2472/2169 2170/2508/2169 2169/2509/2169 2136/2470/2169
f 2136/2470/2170 2169/2509/2170 2168/2510/2170 2131/2461/2170
f 2131/2461/2171 2168/2510/2171 2167/2511/2171 2128/2458/2171
f 2173/2504/2172 2180/2512/2172 2179/2513/2172 2172/2505/2172
f 2245/2506/2173 2246/2514/2173 2178/2515/2173 2171/2507/2173
f 2171/2507/2174 2178/2515/2174 2177/2516/2174 2170/2508/2174
f 2170/2508/2175 2177/2516/2175 2176/2517/2175 2169/2509/2175
f 2169/2509/2176 2176/2517/2176 2175/2518/2176 2168/2510/2176
f 2168/2510/2177 2175/2518/2177 2174/2519/2177 2167/2511/2177
f 2180/2512/2178 2187/2520/2178 2186/2521/2178 2179/2513/2178
f 2246/2514/2179 2247/2522/2179 2185/2523/2179 2178/2515/2179
f 2178/2515/2180 2185/2523/2180 2184/2524/2181 2177/2516/2182
f 2177/2516/2182 2184/2524/2181 2183/2525/2183 2176/2517/2183
f 2176/2517/2184 2183/2525/2184 2182/2526/2184 2175/2518/2184
f 2175/2518/2185 2182/2526/2185 2181/2527/2185 2174/2519/2185
f 2187/2520/2186 2365/2528/2186 2364/2529/2186 2186/2521/2186
f 2247/2522/2187 2420/2530/2187 2363/2531/2187 2185/2523/2187
f 2185/2523/2188 2363/2531/2188 2362/2532/2188 2184/2524/2188
f 2184/2524/2189 2362/2532/2189 2361/2533/2189 2183/2525/2189
f 2183/2525/2190 2361/2533/2190 2360/2534/2190 2182/2526/2190
f 2182/2526/2191 2360/2534/2191 2359/2535/2191 2181/2527/2191
f 2152/2496/2192 2189/2536/2192 2188/2537/2192 2151/2497/2192
f 2115/2500/2193 2116/2498/2193 2151/2497/2193 2188/2537/2193
f 2125/2538/2194 2189/2536/2194 2152/2496/2194 2124/2499/2194
f 2125/2538/2195 2190/2539/2195 2192/2540/2195 2189/2536/2195
f 2189/2536/2196 2192/2540/2196 2191/2541/2196 2188/2537/2196
f 2190/2539/2197 2193/2542/2197 2195/2543/2197 2192/2540/2197
f 2192/2540/2198 2195/2543/2198 2194/2544/2198 2191/2541/2198
f 2193/2542/2199 2366/2545/2199 2368/2546/2199 2195/2543/2199
f 2195/2543/2200 2368/2546/2201 2367/2547/2202 2194/2544/2200
f 2165/2502/2203 2158/2501/2203 2191/2541/2203 2194/2544/2203
f 2357/2503/2204 2165/2502/2204 2194/2544/2204 2367/2547/2204
f 2158/2501/2205 2115/2500/2205 2188/2537/2205 2191/2541/2205
f 2109/2481/2206 2130/1143/2206 2173/2504/2206 2143/2477/2206
f 2130/1143/2207 2159/1142/2207 2180/2512/2207 2173/2504/2207
f 2159/1142/2208 2166/1150/2208 2187/2520/2208 2180/2512/2208
f 2166/1150/2209 2358/1157/2209 2365/2528/2209 2187/2520/2209
f 2134/2467/2210 2140/2469/2210 2231/2548/2210 2226/2549/2210
f 2118/2487/2211 2117/2495/2211 2210/2550/2211 2211/2551/2211
f 2133/2465/2212 2134/2467/2212 2226/2549/2212 2225/2552/2212
f 2107/2464/2213 2126/2462/2214 2218/2553/2213 2200/2554/2214
f 2119/2485/2215 2118/2487/2215 2211/2551/2215 2212/2555/2215
f 2144/2494/2216 2145/2486/2216 2233/2556/2216 2232/2557/2216
f 2140/2469/2217 2135/2471/2217 2227/2558/2217 2231/2548/2217
f 2126/2462/2218 2127/2459/2218 2219/2559/2218 2218/2553/2218
f 2105/2466/2219 2107/2464/2219 2200/2554/2219 2198/2560/2219
f 2120/2482/2220 2119/2485/2220 2212/2555/2220 2213/2561/2220
f 2145/2486/2221 2146/2484/2221 2234/2562/2221 2233/2556/2221
f 2135/2471/2222 2136/2470/2222 2228/2563/2222 2227/2558/2222
f 2127/2459/2223 2128/2458/2223 2220/2564/2223 2219/2559/2223
f 2104/2479/2224 2249/2565/2225 2254/2566/2226 2197/2567/2224
f 2249/2565/2225 2243/2474/2227 2248/2568/2227 2254/2566/2226
f 2146/2484/2228 2147/2483/2228 2235/2569/2228 2234/2562/2228
f 2129/2476/2229 2104/2479/2229 2197/2567/2229 2221/2570/2229
f 2139/2468/2230 2105/2466/2230 2198/2560/2230 2230/2571/2230
f 2148/2489/2231 2150/2491/2231 2238/2572/2231 2236/2573/2231
f 2122/2490/2232 2121/2488/2232 2214/2574/2232 2215/2575/2232
f 2128/2458/2233 2167/2511/2233 2239/2576/2233 2220/2564/2233
f 2147/2483/2234 2148/2489/2234 2236/2573/2234 2235/2569/2234
f 2115/2500/2235 2114/1130/2235 2207/1167/2235 2208/2577/2235
f 2130/1143/2236 2109/2481/2236 2202/2578/2236 2222/1168/2236
f 2108/2480/2237 2129/2476/2237 2221/2570/2237 2201/2579/2237
f 2123/2492/2238 2122/2490/2239 2215/2575/2238 2216/2580/2239
f 2116/2498/2240 2115/2500/2240 2208/2577/2240 2209/2581/2240
f 2150/2491/2241 2149/2493/2241 2237/2582/2241 2238/2572/2241
f 2136/2470/2242 2131/2461/2242 2223/2583/2242 2228/2563/2242
f 2109/2481/2243 2108/2480/2243 2201/2579/2243 2202/2578/2243
f 2131/2461/2244 2132/2460/2244 2224/2584/2244 2223/2583/2244
f 2103/1161/2245 2139/2468/2245 2230/2571/2245 2196/1162/2245
f 2124/2499/2246 2123/2492/2246 2216/2580/2246 2217/2585/2246
f 2117/2495/2247 2116/2498/2247 2209/2581/2247 2210/2550/2247
f 2149/2493/2248 2144/2494/2248 2232/2557/2248 2237/2582/2248
f 2132/2460/2249 2137/2463/2249 2229/2586/2249 2224/2584/2249
f 2243/2474/2227 2106/1160/2250 2199/1163/2250 2248/2568/2227
f 2137/2463/2251 2133/2465/2251 2225/2552/2251 2229/2586/2251
f 2174/2519/2252 2181/2527/2252 887/2587/2252 889/2588/2252
f 2281/2589/2253 2346/2590/2253 2414/1208/2253 2422/2591/2253
f 2193/2542/2254 2190/2539/2254 2242/1216/2254 2241/1214/2254
f 2366/2545/2255 2193/2542/2255 2241/1214/2255 2240/1211/2255
f 2249/2565/2256 2250/2592/2256 2244/2475/2150 2243/2474/2149
f 2250/2592/2257 2251/2593/2257 2245/2506/2257 2244/2475/2257
f 2251/2593/2258 2252/2594/2258 2246/2514/2258 2245/2506/2258
f 2252/2594/2259 2253/2595/2259 2247/2522/2259 2246/2514/2259
f 2253/2595/2260 2428/2596/2260 2420/2530/2260 2247/2522/2260
f 2104/2479/2261 2142/2478/2261 2250/2592/2261 2249/2565/2261
f 2142/2478/2262 2172/2505/2262 2251/2593/2262 2250/2592/2262
f 2172/2505/2263 2179/2513/2263 2252/2594/2263 2251/2593/2263
f 2179/2513/2264 2186/2521/2264 2253/2595/2264 2252/2594/2264
f 2186/2521/2265 2364/2529/2265 2428/2596/2265 2253/2595/2265
f 2121/2488/2266 2120/2482/2266 2213/2561/2266 2214/2574/2266
f 2284/2597/2267 2287/2598/2267 2288/2599/2267 2283/2600/2267
f 2283/2600/2268 2288/2599/2268 2293/2601/2268 2282/2602/2268
f 2263/2603/2269 2282/2602/2270 2293/2601/2269 2289/2604/2270
f 2261/2605/2271 2263/2603/2271 2289/2604/2271 2290/2606/2271
f 2295/2607/2272 2261/2605/2273 2290/2606/2273 2296/2608/2274
f 2292/2609/2275 2294/2610/2275 2259/2611/2275 2291/2612/2275
f 2259/2611/2276 2295/2607/2272 2296/2608/2274 2291/2612/2276
f 2262/2613/2277 2259/2611/2277 2294/2610/2278 2297/2614/2279
f 2415/2615/2280 2262/2613/2280 2297/2614/2280 2416/2616/2280
f 2285/1202/2281 2260/2617/2282 2298/2618/2282 2299/2619/2283
f 2264/1199/2284 2285/1202/2281 2299/2619/2283 2265/1198/2284
f 2276/2620/2285 2275/2621/2285 2302/2622/2285 2303/2623/2285
f 2275/2621/2286 2274/2624/2286 2301/2625/2287 2302/2622/2286
f 2277/2626/2288 2276/2620/2288 2303/2623/2288 2304/2627/2288
f 2277/2626/2289 2304/2627/2289 2306/2628/2289 2278/2629/2289
f 2279/1206/2290 2278/2629/2291 2306/2628/2291 2305/2630/2292
f 2274/2624/2293 2273/2631/2293 2300/2632/2293 2301/2625/2293
f 2305/2630/2294 2300/2632/2294 2307/2633/2294 2308/2634/2294
f 2272/2635/2295 2307/2633/2295 2300/2632/2295 2273/2631/2295
f 2279/1206/2290 2305/2630/2292 2308/2634/2296 2280/1203/2296
f 2271/2636/2297 2270/1169/1013 2313/1172/1015 2314/2637/2297
f 2314/2637/2298 2313/1172/2298 2320/1184/2298 2321/2638/2298
f 2321/2638/2299 2320/1184/2299 2356/1151/2299 2357/2503/2299
f 2299/2619/2300 2298/2618/2300 2328/2639/2301 2329/2640/2302
f 2416/2616/2303 2297/2614/2303 2327/2641/2303 2417/2642/2303
f 2297/2614/2279 2294/2610/2278 2326/2643/2304 2327/2641/2304
f 2294/2610/2305 2292/2609/2305 2325/2644/2305 2326/2643/2305
f 2292/2609/2306 2287/2598/2306 2324/2645/2306 2325/2644/2306
f 2287/2598/2307 2284/2597/2307 2323/2646/2307 2324/2645/2307
f 2329/2640/2302 2328/2639/2301 2335/2647/2308 2336/2648/2308
f 2417/2642/2309 2327/2641/2309 2334/2649/2309 2418/2650/2309
f 2327/2641/2310 2326/2643/2311 2333/2651/2312 2334/2649/2310
f 2326/2643/2311 2325/2644/2313 2332/2652/2313 2333/2651/2312
f 2325/2644/2314 2324/2645/2314 2331/2653/2314 2332/2652/2314
f 2324/2645/2315 2323/2646/2315 2330/2654/2315 2331/2653/2315
f 2336/2648/2316 2335/2647/2316 2342/2655/2316 2343/2656/2316
f 2418/2650/2317 2334/2649/2317 2341/2657/2317 2419/2658/2317
f 2334/2649/2318 2333/2651/2318 2340/2659/2318 2341/2657/2318
f 2333/2651/2319 2332/2652/2319 2339/2660/2319 2340/2659/2319
f 2332/2652/2320 2331/2653/2320 2338/2661/2320 2339/2660/2320
f 2331/2653/2321 2330/2654/2321 2337/2662/2321 2338/2661/2321
f 2343/2656/2322 2342/2655/2322 2364/2529/2322 2365/2528/2322
f 2419/2658/2323 2341/2657/2323 2363/2531/2323 2420/2530/2323
f 2341/2657/2324 2340/2659/2324 2362/2532/2324 2363/2531/2324
f 2340/2659/2325 2339/2660/2325 2361/2533/2325 2362/2532/2325
f 2339/2660/2326 2338/2661/2326 2360/2534/2326 2361/2533/2326
f 2338/2661/2327 2337/2662/2327 2359/2535/2327 2360/2534/2327
f 2308/2634/2328 2307/2633/2328 2344/2663/2328 2345/2664/2328
f 2271/2636/2329 2344/2663/2329 2307/2633/2329 2272/2635/2329
f 2281/2589/2330 2280/1203/2330 2308/2634/2330 2345/2664/2330
f 2281/2589/2331 2345/2664/2331 2348/2665/2331 2346/2590/2331
f 2345/2664/2332 2344/2663/2332 2347/2666/2332 2348/2665/2332
f 2346/2590/2333 2348/2665/2333 2351/2667/2333 2349/2668/2333
f 2348/2665/2334 2347/2666/2334 2350/2669/2334 2351/2667/2334
f 2349/2668/2335 2351/2667/2335 2368/2546/2335 2366/2545/2335
f 2351/2667/2336 2350/2669/2336 2367/2547/2202 2368/2546/2201
f 2321/2638/2337 2350/2669/2337 2347/2666/2337 2314/2637/2337
f 2357/2503/2338 2367/2547/2338 2350/2669/2338 2321/2638/2338
f 2314/2637/2339 2347/2666/2339 2344/2663/2339 2271/2636/2339
f 2265/1198/2340 2299/2619/2340 2329/2640/2340 2286/1181/2340
f 2286/1181/2341 2329/2640/2341 2336/2648/2341 2315/1182/2341
f 2315/1182/2342 2336/2648/2342 2343/2656/2342 2322/1189/2342
f 2322/1189/2343 2343/2656/2343 2365/2528/2343 2358/1157/2343
f 2290/2606/2344 2399/2670/2344 2404/2671/2344 2296/2608/2344
f 2274/2624/2345 2384/2672/2345 2383/2673/2345 2273/2631/2345
f 2289/2604/2346 2398/2674/2346 2399/2670/2346 2290/2606/2346
f 2263/2603/2347 2373/2675/2347 2391/2676/2347 2282/2602/2347
f 2262/2613/2348 2372/2677/2348 2369/2678/2349 2259/2611/2348
f 2275/2621/2350 2385/2679/2350 2384/2672/2350 2274/2624/2350
f 2300/2632/2351 2405/2680/2351 2406/2681/2351 2301/2625/2351
f 2296/2608/2352 2404/2671/2352 2400/2682/2352 2291/2612/2352
f 2282/2602/2353 2391/2676/2353 2392/2683/2353 2283/2600/2353
f 2261/2605/2354 2371/2684/2354 2373/2675/2354 2263/2603/2354
f 2276/2620/2355 2386/2685/2355 2385/2679/2355 2275/2621/2355
f 2301/2625/2356 2406/2681/2356 2407/2686/2356 2302/2622/2356
f 2291/2612/2357 2400/2682/2357 2401/2687/2357 2292/2609/2357
f 2283/2600/2358 2392/2683/2358 2393/2688/2358 2284/2597/2358
f 2260/2617/2359 2370/2689/2359 2429/2690/2359 2423/2691/2359
f 2423/2691/2360 2429/2690/2360 2421/2692/2360 2415/2615/2360
f 2302/2622/2361 2407/2686/2361 2408/2693/2361 2303/2623/2361
f 2285/1202/2362 2394/1201/2362 2370/2689/2362 2260/2617/2362
f 2295/2607/2363 2403/2694/2363 2371/2684/2363 2261/2605/2363
f 2304/2627/2364 2409/2695/2364 2411/2696/2364 2306/2628/2364
f 2278/2629/2365 2388/2697/2365 2387/2698/2365 2277/2626/2365
f 2284/2597/2366 2393/2688/2366 2412/2699/2366 2323/2646/2366
f 2303/2623/2367 2408/2693/2367 2409/2695/2367 2304/2627/2367
f 2271/2636/2368 2381/2700/2368 2380/1194/2368 2270/1169/2368
f 2125/2538/2369 2430/2701/2369 2242/1216/2369 2190/2539/2369
f 2279/1206/2370 2389/1205/2370 2388/2697/2370 2278/2629/2370
f 2272/2635/2371 2382/2702/2371 2381/2700/2371 2271/2636/2371
f 2306/2628/2372 2411/2696/2372 2410/2703/2372 2305/2630/2372
f 2292/2609/2373 2401/2687/2373 2396/2704/2373 2287/2598/2373
f 2287/2598/2374 2396/2704/2374 2397/2705/2374 2288/2599/2374
f 2259/2611/2375 2369/2678/2375 2403/2694/2375 2295/2607/2375
f 2273/2631/2376 2383/2673/2376 2382/2702/2376 2272/2635/2376
f 2305/2630/2377 2410/2703/2377 2405/2680/2377 2300/2632/2377
f 2288/2599/2378 2397/2705/2378 2402/2706/2378 2293/2601/2378
f 2415/2615/2379 2421/2692/2379 2372/2677/2379 2262/2613/2379
f 2293/2601/2380 2402/2706/2381 2398/2674/2381 2289/2604/2380
f 2366/2545/2382 2240/1211/2382 2413/1209/2382 2349/2668/2382
f 2125/2538/2383 2124/2499/2383 2217/2585/2383 2430/2701/2383
f 2281/2589/2384 2422/2591/2384 2390/1204/2384 2280/1203/2384
f 2349/2668/2385 2413/1209/2385 2414/1208/2385 2346/2590/2385
f 2423/2691/2386 2415/2615/2386 2416/2616/2386 2424/2707/2386
f 2424/2707/2387 2416/2616/2387 2417/2642/2387 2425/2708/2387
f 2425/2708/2388 2417/2642/2388 2418/2650/2388 2426/2709/2388
f 2426/2709/2389 2418/2650/2389 2419/2658/2389 2427/2710/2389
f 2427/2710/2390 2419/2658/2390 2420/2530/2390 2428/2596/2390
f 2260/2617/2391 2423/2691/2391 2424/2707/2391 2298/2618/2391
f 2298/2618/2392 2424/2707/2392 2425/2708/2392 2328/2639/2392
f 2328/2639/2393 2425/2708/2393 2426/2709/2393 2335/2647/2393
f 2335/2647/2394 2426/2709/2394 2427/2710/2394 2342/2655/2394
f 2342/2655/2395 2427/2710/2395 2428/2596/2395 2364/2529/2395
f 2277/2626/2396 2387/2698/2396 2386/2685/2396 2276/2620/2396
f 2337/2662/2397 888/2711/2397 886/2712/2397 2359/2535/2397
f 2330/2654/2398 960/2713/2398 888/2711/2398 2337/2662/2398
f 2181/2527/2399 2359/2535/2399 886/2712/2399 887/2587/2399
f 2167/2511/2400 2174/2519/2401 889/2588/2400 2239/2576/2401
f 960/2713/2402 2330/2654/2402 2323/2646/2402 2412/2699/2402
usemtl Shoes
f 2605/2714/2403 2607/2715/2403 2615/2716/2403 2614/2717/2403
f 2604/2718/2404 2605/2714/2404 2614/2717/2404 2613/2719/2404
f 2603/2720/2405 2604/2718/2405 2613/2719/2405 2612/2721/2405
f 2602/2722/2406 2603/2720/2406 2612/2721/2406 2611/2723/2406
f 2601/2724/2407 2602/2722/2407 2611/2723/2407 2610/2725/2407
f 2618/2726/2408 2608/2727/2408 2619/2728/2408 2622/2729/2408
f 2609/2730/2409 2616/2731/2409 2621/2732/2409 2620/2733/2409
f 2626/2734/2410 2620/2733/2410 2621/2732/2410 2627/2735/2410
f 2625/2736/2411 2628/2737/2411 2615/2716/2411 2607/2715/2411
f 2604/2718/2412 2623/2738/2412 2624/2739/2412 2605/2714/2412
f 2605/2714/2413 2624/2739/2413 2625/2736/2413 2607/2715/2413
f 2619/2728/2414 2626/2734/2414 2627/2735/2414 2622/2729/2414
f 2606/2740/2415 2617/2741/2415 2628/2737/2415 2625/2736/2415
f 2669/2742/2416 2670/2743/2416 2632/2744/2416 2631/2745/2416
f 2670/2743/2417 2630/2746/2417 2633/2747/2417 2671/2748/2417
f 2671/2748/2418 2633/2747/2418 2635/2749/2418 2672/2750/2418
f 2672/2750/2419 2635/2749/2419 2637/2751/2419 2673/2752/2419
f 2673/2752/2420 2637/2751/2420 2639/2753/2420 2674/2754/2420
f 2669/2742/2421 2631/2745/2421 2642/2755/2421 2675/2756/2421
f 2675/2756/2422 2642/2755/2422 2644/2757/2422 2676/2758/2422
f 2676/2758/2423 2644/2757/2423 2646/2759/2423 2677/2760/2423
f 2646/2759/2424 2644/2757/2424 2654/2761/2424 2655/2762/2424
f 2644/2757/2425 2642/2755/2425 2653/2763/2425 2654/2761/2425
f 2642/2755/2426 2631/2745/2426 2647/2764/2426 2653/2763/2426
f 2638/2765/2427 2640/2766/2427 2652/2767/2427 2651/2768/2427
f 2636/2769/2428 2638/2765/2428 2651/2768/2428 2650/2770/2428
f 2634/2771/2429 2636/2769/2429 2650/2770/2429 2649/2772/2429
f 2632/2744/2430 2634/2771/2430 2649/2772/2430 2648/2773/2430
f 2631/2745/2431 2632/2744/2431 2648/2773/2431 2647/2764/2431
f 2643/2774/2432 2645/2775/2432 2664/2776/2432 2663/2777/2432
f 2641/2778/2433 2643/2774/2433 2663/2777/2433 2662/2779/2433
f 2629/2780/2434 2641/2778/2434 2662/2779/2434 2656/2781/2434
f 2639/2753/2435 2637/2751/2435 2660/2782/2435 2661/2783/2435
f 2637/2751/2436 2635/2749/2436 2659/2784/2436 2660/2782/2436
f 2635/2749/2437 2633/2747/2437 2658/2785/2437 2659/2784/2437
f 2633/2747/2438 2630/2746/2438 2657/2786/2438 2658/2785/2438
f 2630/2746/2439 2629/2780/2439 2656/2781/2439 2657/2786/2439
f 2664/2776/2440 2645/2775/2440 2665/2787/2440 2668/2788/2440
f 2646/2759/2441 2655/2762/2441 2667/2789/2441 2666/2790/2441
f 2677/2760/2442 2646/2759/2442 2666/2790/2442 2678/2791/2442
f 2678/2791/2443 2666/2790/2443 2667/2789/2443 2679/2792/2443
f 2674/2754/2444 2680/2793/2444 2652/2767/2444 2640/2766/2444
f 2629/2780/2445 2630/2746/2445 2670/2743/2445 2669/2742/2445
f 2632/2744/2446 2670/2743/2446 2671/2748/2446 2634/2771/2446
f 2634/2771/2447 2671/2748/2447 2672/2750/2447 2636/2769/2447
f 2636/2769/2448 2672/2750/2448 2673/2752/2448 2638/2765/2448
f 2638/2765/2449 2673/2752/2450 2674/2754/2449 2640/2766/2450
f 2629/2780/2451 2669/2742/2451 2675/2756/2451 2641/2778/2451
f 2641/2778/2452 2675/2756/2452 2676/2758/2452 2643/2774/2452
f 2643/2774/2453 2676/2758/2453 2677/2760/2453 2645/2775/2453
f 2645/2775/2454 2677/2760/2454 2678/2791/2454 2665/2787/2454
f 2665/2787/2455 2678/2791/2455 2679/2792/2455 2668/2788/2455
f 2639/2753/2456 2661/2783/2456 2680/2793/2456 2674/2754/2456
f 2719/2794/2457 2720/2795/2457 2684/2796/2457 2683/2797/2457
f 2720/2795/2458 2682/2798/2458 2685/2799/2458 2721/2800/2458
f 2719/2794/2459 2683/2797/2459 2693/2801/2459 2725/2802/2459
f 2725/2802/2460 2693/2801/2460 2695/2803/2460 2726/2804/2460
f 2726/2804/2461 2695/2803/2461 2697/2805/2461 2727/2806/2461
f 2697/2805/2462 2695/2803/2462 2705/2807/2462 2706/2808/2462
f 2695/2803/2463 2693/2801/2463 2704/2809/2463 2705/2807/2463
f 2693/2801/2464 2683/2797/2464 2698/2810/2464 2704/2809/2464
f 2689/2811/2465 2691/2812/2465 2703/2813/2465 2702/2814/2465
f 2687/2815/2466 2689/2811/2466 2702/2814/2466 2701/2816/2466
f 2686/2817/2467 2687/2815/2467 2701/2816/2467 2700/2818/2467
f 2684/2796/2468 2686/2817/2468 2700/2818/2468 2699/2819/2468
f 2683/2797/2469 2684/2796/2469 2699/2819/2469 2698/2810/2469
f 2694/2820/2470 2696/2821/2470 2714/2822/2470 2713/2823/2470
f 2692/2824/2471 2694/2820/2471 2713/2823/2471 2712/2825/2471
f 2681/2826/2472 2692/2824/2472 2712/2825/2472 2707/2827/2472
f 2690/2828/2473 2688/2829/2473 2710/2830/2473 2711/2831/2473
f 2685/2799/2474 2682/2798/2474 2708/2832/2474 2709/2833/2474
f 2682/2798/2475 2681/2826/2475 2707/2827/2475 2708/2832/2475
f 2714/2822/2476 2696/2821/2476 2715/2834/2476 2718/2835/2476
f 2697/2805/2477 2706/2808/2477 2717/2836/2477 2716/2837/2477
f 2727/2806/2478 2697/2805/2478 2716/2837/2478 2728/2838/2478
f 2728/2838/2479 2716/2837/2479 2717/2836/2479 2729/2839/2479
f 2724/2840/2480 2730/2841/2480 2703/2813/2480 2691/2812/2480
f 2681/2826/2481 2682/2798/2481 2720/2795/2481 2719/2794/2481
f 2684/2796/2482 2720/2795/2482 2721/2800/2482 2686/2817/2482
f 2686/2817/2483 2721/2800/2483 2722/2842/2483 2687/2815/2483
f 2687/2815/2484 2722/2842/2484 2723/2843/2484 2689/2811/2484
f 2689/2811/2485 2723/2843/2485 2724/2840/2485 2691/2812/2485
f 2681/2826/2486 2719/2794/2486 2725/2802/2486 2692/2824/2486
f 2692/2824/2487 2725/2802/2487 2726/2804/2487 2694/2820/2487
f 2694/2820/2488 2726/2804/2488 2727/2806/2488 2696/2821/2488
f 2696/2821/2489 2727/2806/2489 2728/2838/2489 2715/2834/2489
f 2715/2834/2490 2728/2838/2490 2729/2839/2490 2718/2835/2490
f 2690/2828/2491 2711/2831/2492 2730/2841/2491 2724/2840/2492
f 2753/2844/2493 2754/2845/2493 2732/2846/2493 2731/2847/2493
f 2753/2844/2494 2731/2847/2494 2738/2848/2494 2756/2849/2494
f 2756/2849/2495 2738/2848/2495 2739/2850/2495 2757/2851/2495
f 2739/2850/2496 2738/2848/2496 2747/2852/2496 2748/2853/2496
f 2738/2848/2497 2731/2847/2497 2741/2854/2497 2747/2852/2497
f 2735/2855/2498 2737/2856/2498 2746/2857/2498 2745/2858/2498
f 2734/2859/2499 2735/2855/2499 2745/2858/2499 2744/2860/2499
f 2733/2861/2500 2734/2859/2500 2744/2860/2500 2743/2862/2500
f 2732/2846/2501 2733/2861/2501 2743/2862/2501 2742/2863/2501
f 2731/2847/2502 2732/2846/2502 2742/2863/2502 2741/2854/2502
f 2740/2864/2503 2749/2865/2503 2752/2866/2503 2751/2867/2503
f 2758/2868/2504 2751/2867/2504 2752/2866/2504 2759/2869/2504
f 2755/2870/2505 2760/2871/2505 2746/2857/2505 2737/2856/2505
f 2736/2872/2506 2750/2873/2506 2760/2871/2506 2755/2870/2506
f 2803/2874/2507 2792/2875/2507 2779/2876/2507 2787/2877/2507
f 3009/2878/2508 3039/2879/2508 3049/2880/2508 3016/2881/2508
f 2799/2882/2509 2785/2883/2509 2786/2884/2509 2805/2885/2509
f 3015/2886/2510 3046/2887/2510 3041/2888/2510 3013/2889/2510
f 2797/2890/2511 2802/2891/2511 2771/2886/2511 2767/2892/2511
f 3013/2893/2512 3041/2894/2512 3049/2880/2512 3017/2895/2512
f 2799/2896/2513 2769/2889/2513 2771/2886/2513 2802/2891/2513
f 2799/2896/2514 2802/2891/2514 2789/2897/2514 2785/2898/2514
f 2800/2899/2515 2795/2900/2515 2788/2901/2515 2790/2902/2515
f 2793/2903/2516 2767/2892/2516 2771/2886/2516 2801/2887/2516
f 2796/2894/2517 2769/2893/2517 2773/2895/2517 2804/2880/2517
f 2788/2901/2518 2815/2904/2518 2811/2905/2518 2790/2902/2518
f 2798/2906/2519 2805/2885/2519 2786/2884/2519 2775/2907/2519
f 3016/2881/2520 3049/2880/2520 3041/2894/2520 3010/2908/2520
f 3031/2884/2521 3050/2885/2521 3043/2906/2521 3020/2907/2521
f 3012/2909/2522 3043/2906/2522 3050/2885/2522 3017/2895/2522
f 3034/2897/2523 3047/2891/2523 3044/2896/2523 3030/2898/2523
f 2794/2879/2524 2765/2878/2524 2772/2881/2524 2804/2880/2524
f 3030/2883/2525 3031/2884/2525 3054/2910/2525 3058/2911/2525
f 2799/2882/2526 2805/2885/2526 2773/2895/2526 2769/2893/2526
f 2796/2888/2527 2801/2887/2527 2771/2886/2527 2769/2889/2527
f 2761/2912/2528 2775/2907/2528 2813/2913/2528 2776/2914/2528
f 2761/2912/2529 2776/2914/2529 2806/2915/2529 2777/2916/2529
f 2762/2917/2530 2777/2916/2530 2806/2915/2530 2778/2918/2530
f 2762/2917/2531 2778/2918/2531 2816/2919/2531 2779/2876/2531
f 2763/2920/2532 2780/2921/2532 2807/2922/2532 2781/2923/2532
f 2763/2920/2533 2781/2923/2533 2814/2924/2533 2782/2925/2533
f 2764/2926/2534 2774/2927/2534 2791/2928/2534 2783/2929/2534
f 2764/2926/2535 2783/2929/2535 2817/2930/2535 2784/2931/2535
f 2764/2926/2536 2784/2931/2536 2807/2922/2536 2780/2921/2536
f 2803/2874/2537 2787/2877/2537 2788/2932/2537 2795/2933/2537
f 2809/2934/2538 2815/2935/2538 2788/2932/2538 2787/2877/2538
f 2810/2936/2539 2789/2897/2539 2782/2925/2539 2814/2924/2539
f 2812/2937/2540 2785/2898/2540 2789/2897/2540 2810/2936/2540
f 3033/2901/2541 3040/2900/2541 3045/2899/2541 3035/2902/2541
f 2798/2906/2542 2768/2909/2542 2773/2895/2542 2805/2885/2542
f 3012/2909/2543 3017/2895/2543 3049/2880/2543 3039/2879/2543
f 2796/2888/2544 2766/2938/2544 2770/2939/2544 2801/2887/2544
f 2848/2940/2545 2820/2724/2545 2821/2722/2545 2849/2941/2545
f 2848/2940/2546 2851/2942/2546 2828/2943/2546 2820/2724/2546
f 2830/2730/2547 2839/2731/2547 2838/2944/2547 2829/2945/2547
f 2829/2945/2548 2838/2944/2548 2837/2946/2548 2828/2943/2548
f 2828/2943/2549 2837/2946/2549 2831/2725/2549 2820/2724/2549
f 2824/2714/2550 2835/2717/2550 2836/2716/2550 2826/2715/2550
f 2823/2718/2551 2834/2719/2551 2835/2717/2551 2824/2714/2551
f 2822/2720/2552 2833/2721/2552 2834/2719/2552 2823/2718/2552
f 2821/2722/2553 2832/2723/2553 2833/2721/2553 2822/2720/2553
f 2820/2724/2554 2831/2725/2554 2832/2723/2554 2821/2722/2554
f 2818/2947/2555 2840/2948/2555 2843/2949/2555 2827/2950/2555
f 2819/2951/2556 2841/2952/2556 2840/2948/2556 2818/2947/2556
f 2830/2730/2557 2845/2733/2557 2846/2732/2557 2839/2731/2557
f 2852/2734/2558 2853/2735/2558 2846/2732/2558 2845/2733/2558
f 2850/2736/2559 2826/2715/2559 2836/2716/2559 2854/2737/2559
f 2844/2728/2560 2847/2729/2560 2853/2735/2560 2852/2734/2560
f 2825/2740/2561 2850/2736/2561 2854/2737/2561 2842/2741/2561
f 2895/2742/2562 2857/2745/2562 2858/2744/2562 2896/2743/2562
f 2896/2743/2563 2897/2748/2563 2859/2747/2563 2856/2746/2563
f 2897/2748/2564 2898/2750/2564 2861/2749/2564 2859/2747/2564
f 2898/2750/2565 2899/2752/2565 2863/2751/2565 2861/2749/2565
f 2899/2752/2566 2900/2754/2566 2865/2753/2566 2863/2751/2566
f 2895/2742/2567 2901/2756/2567 2868/2755/2567 2857/2745/2567
f 2901/2756/2568 2902/2758/2568 2870/2757/2568 2868/2755/2568
f 2902/2758/2569 2903/2760/2569 2872/2759/2569 2870/2757/2569
f 2872/2759/2570 2881/2762/2570 2880/2761/2570 2870/2757/2570
f 2870/2757/2571 2880/2761/2571 2879/2763/2571 2868/2755/2571
f 2868/2755/2572 2879/2763/2572 2873/2764/2572 2857/2745/2572
f 2864/2765/2573 2877/2768/2574 2878/2767/2573 2866/2766/2574
f 2862/2769/2575 2876/2770/2575 2877/2768/2575 2864/2765/2575
f 2860/2771/2576 2875/2772/2576 2876/2770/2576 2862/2769/2576
f 2858/2744/2577 2874/2773/2577 2875/2772/2577 2860/2771/2577
f 2857/2745/2578 2873/2764/2578 2874/2773/2578 2858/2744/2578
f 2869/2774/2579 2889/2777/2579 2890/2776/2579 2871/2775/2579
f 2867/2778/2580 2888/2779/2580 2889/2777/2580 2869/2774/2580
f 2855/2780/2581 2882/2781/2581 2888/2779/2581 2867/2778/2581
f 2865/2753/2582 2887/2783/2582 2886/2782/2582 2863/2751/2582
f 2863/2751/2583 2886/2782/2583 2885/2784/2583 2861/2749/2583
f 2861/2749/2584 2885/2784/2584 2884/2785/2584 2859/2747/2584
f 2859/2747/2585 2884/2785/2585 2883/2786/2585 2856/2746/2585
f 2856/2746/2586 2883/2786/2586 2882/2781/2586 2855/2780/2586
f 2890/2776/2587 2894/2788/2587 2891/2787/2587 2871/2775/2587
f 2872/2759/2588 2892/2790/2588 2893/2789/2588 2881/2762/2588
f 2903/2760/2589 2904/2791/2589 2892/2790/2589 2872/2759/2589
f 2904/2791/2590 2905/2792/2590 2893/2789/2590 2892/2790/2590
f 2900/2754/2591 2866/2766/2591 2878/2767/2591 2906/2793/2591
f 2855/2780/2592 2895/2742/2592 2896/2743/2592 2856/2746/2592
f 2858/2744/2593 2860/2771/2593 2897/2748/2593 2896/2743/2593
f 2860/2771/2594 2862/2769/2594 2898/2750/2594 2897/2748/2594
f 2862/2769/2595 2864/2765/2595 2899/2752/2595 2898/2750/2595
f 2864/2765/2596 2866/2766/2596 2900/2754/2596 2899/2752/2596
f 2855/2780/2597 2867/2778/2597 2901/2756/2597 2895/2742/2597
f 2867/2778/2598 2869/2774/2598 2902/2758/2598 2901/2756/2598
f 2869/2774/2599 2871/2775/2599 2903/2760/2599 2902/2758/2599
f 2871/2775/2600 2891/2787/2600 2904/2791/2600 2903/2760/2600
f 2891/2787/2601 2894/2788/2601 2905/2792/2601 2904/2791/2601
f 2865/2753/2602 2900/2754/2602 2906/2793/2602 2887/2783/2602
f 2944/2794/2603 2909/2797/2603 2910/2796/2603 2945/2795/2603
f 2945/2795/2604 2946/2800/2604 2911/2799/2604 2908/2798/2604
f 2944/2794/2605 2950/2802/2605 2919/2801/2605 2909/2797/2605
f 2950/2802/2606 2951/2804/2606 2921/2803/2606 2919/2801/2606
f 2951/2804/2607 2952/2806/2607 2923/2805/2607 2921/2803/2607
f 2923/2805/2608 2932/2808/2608 2931/2807/2608 2921/2803/2608
f 2921/2803/2609 2931/2807/2609 2930/2809/2609 2919/2801/2609
f 2919/2801/2610 2930/2809/2610 2924/2810/2610 2909/2797/2610
f 2915/2811/2611 2928/2814/2611 2929/2813/2611 2917/2812/2611
f 2913/2815/2612 2927/2816/2612 2928/2814/2612 2915/2811/2612
f 2912/2817/2613 2926/2818/2613 2927/2816/2613 2913/2815/2613
f 2910/2796/2614 2925/2819/2614 2926/2818/2614 2912/2817/2614
f 2909/2797/2615 2924/2810/2615 2925/2819/2615 2910/2796/2615
f 2920/2820/2616 2938/2823/2616 2939/2822/2616 2922/2821/2616
f 2918/2824/2617 2937/2825/2617 2938/2823/2617 2920/2820/2617
f 2907/2826/2618 2933/2827/2618 2937/2825/2618 2918/2824/2618
f 2916/2828/2619 2936/2831/2619 2935/2830/2619 2914/2829/2619
f 2908/2798/2620 2934/2832/2620 2933/2827/2620 2907/2826/2620
f 2939/2822/2621 2943/2835/2621 2940/2834/2621 2922/2821/2621
f 2923/2805/2622 2941/2837/2622 2942/2836/2622 2932/2808/2622
f 2952/2806/2623 2953/2838/2623 2941/2837/2623 2923/2805/2623
f 2953/2838/2624 2954/2839/2624 2942/2836/2624 2941/2837/2624
f 2949/2840/2625 2917/2812/2626 2929/2813/2625 2955/2841/2626
f 2907/2826/2627 2944/2794/2627 2945/2795/2627 2908/2798/2627
f 2910/2796/2628 2912/2817/2628 2946/2800/2628 2945/2795/2628
f 2912/2817/2629 2913/2815/2629 2947/2842/2629 2946/2800/2629
f 2913/2815/2630 2915/2811/2630 2948/2843/2630 2947/2842/2630
f 2915/2811/2631 2917/2812/2631 2949/2840/2631 2948/2843/2631
f 2907/2826/2632 2918/2824/2632 2950/2802/2632 2944/2794/2632
f 2918/2824/2633 2920/2820/2633 2951/2804/2633 2950/2802/2633
f 2920/2820/2634 2922/2821/2634 2952/2806/2634 2951/2804/2634
f 2922/2821/2635 2940/2834/2635 2953/2838/2635 2952/2806/2635
f 2940/2834/2636 2943/2835/2636 2954/2839/2636 2953/2838/2636
f 2916/2828/2637 2949/2840/2637 2955/2841/2637 2936/2831/2637
f 2992/2844/2638 2958/2847/2638 2959/2846/2638 2993/2845/2638
f 2992/2844/2639 2998/2849/2639 2969/2848/2639 2958/2847/2639
f 2998/2849/2640 2999/2851/2640 2971/2850/2640 2969/2848/2640
f 2999/2851/2641 3000/2953/2641 2972/2864/2641 2971/2850/2641
f 2972/2864/2642 2981/2865/2642 2980/2853/2642 2971/2850/2642
f 2971/2850/2643 2980/2853/2643 2979/2852/2643 2969/2848/2643
f 2969/2848/2644 2979/2852/2644 2973/2854/2644 2958/2847/2644
f 2965/2855/2645 2977/2858/2645 2978/2857/2645 2967/2856/2645
f 2963/2859/2646 2976/2860/2646 2977/2858/2646 2965/2855/2646
f 2961/2861/2647 2975/2862/2647 2976/2860/2647 2963/2859/2647
f 2959/2846/2648 2974/2863/2648 2975/2862/2648 2961/2861/2648
f 2958/2847/2649 2973/2854/2649 2974/2863/2649 2959/2846/2649
f 2968/2954/2650 2988/2955/2650 2989/2956/2651 2970/2957/2652
f 2956/2958/2653 2982/2959/2653 2988/2955/2653 2968/2954/2653
f 2966/2872/2654 2987/2873/2654 2986/2960/2654 2964/2961/2654
f 2962/2962/2655 2985/2963/2655 2984/2964/2655 2960/2965/2655
f 2960/2965/2656 2984/2964/2656 2983/2966/2656 2957/2967/2656
f 2957/2967/2657 2983/2966/2657 2982/2959/2657 2956/2958/2657
f 2972/2864/2658 2990/2867/2658 2991/2866/2658 2981/2865/2658
f 3000/2953/2659 3001/2868/2659 2990/2867/2659 2972/2864/2659
f 3001/2868/2660 3002/2869/2660 2991/2866/2660 2990/2867/2660
f 2997/2870/2661 2967/2856/2661 2978/2857/2661 3003/2871/2661
f 2959/2846/2662 2961/2861/2662 2994/2968/2662 2993/2845/2662
f 2961/2861/2663 2963/2859/2663 2995/2969/2663 2994/2968/2663
f 2963/2859/2664 2965/2855/2664 2996/2970/2664 2995/2969/2664
f 2965/2855/2665 2967/2856/2665 2997/2870/2665 2996/2970/2665
f 2966/2872/2666 2997/2870/2666 3003/2871/2666 2987/2873/2666
f 2797/2890/2667 2782/2925/2667 2789/2897/2667 2802/2891/2667
f 3030/2883/2668 3044/2882/2668 3050/2885/2668 3031/2884/2668
f 2808/2910/2669 2813/2913/2669 2775/2907/2669 2786/2884/2669
f 3034/2897/2670 3027/2925/2670 3042/2890/2670 3047/2891/2670
f 3032/2877/2671 3048/2874/2671 3040/2933/2671 3033/2932/2671
f 3035/2902/2672 3045/2899/2672 3036/2928/2672 3028/2929/2672
f 2812/2911/2673 2808/2910/2673 2786/2884/2673 2785/2883/2673
f 3015/2886/2674 3013/2889/2674 3044/2896/2674 3047/2891/2674
f 3014/2939/2675 3010/2938/2675 3041/2888/2675 3046/2887/2675
f 3031/2884/2676 3020/2907/2676 3059/2913/2676 3054/2910/2676
f 3008/2971/2677 3014/2939/2677 3046/2887/2677 3038/2903/2677
f 3032/2877/2678 3024/2876/2678 3037/2875/2678 3048/2874/2678
f 3057/2905/2679 3061/2904/2679 3033/2901/2679 3035/2902/2679
f 3035/2902/2680 3028/2929/2680 3063/2930/2680 3057/2905/2680
f 3011/2892/2681 3038/2903/2681 3046/2887/2681 3015/2886/2681
f 2811/2905/2682 2817/2930/2682 2783/2929/2682 2790/2902/2682
f 2816/2919/2683 2809/2934/2683 2787/2877/2683 2779/2876/2683
f 3034/2897/2684 3056/2936/2684 3060/2924/2684 3027/2925/2684
f 2796/2894/2685 2804/2880/2685 2772/2881/2685 2766/2908/2685
f 2800/2899/2686 2790/2902/2686 2783/2929/2686 2791/2928/2686
f 2794/2879/2687 2804/2880/2687 2773/2895/2687 2768/2909/2687
f 3004/2912/2688 3021/2914/2688 3059/2913/2688 3020/2907/2688
f 3004/2912/2689 3022/2916/2689 3052/2915/2689 3021/2914/2689
f 3005/2917/2690 3019/2972/2690 3037/2875/2690 3024/2876/2690
f 3005/2917/2691 3022/2916/2691 3051/2973/2691 3019/2972/2691
f 3005/2917/2692 3023/2918/2692 3052/2915/2692 3022/2916/2692
f 3005/2917/2693 3024/2876/2693 3062/2919/2693 3023/2918/2693
f 3006/2920/2694 3018/2974/2694 3042/2890/2694 3027/2925/2694
f 3006/2920/2695 3026/2923/2695 3053/2922/2695 3025/2921/2695
f 3006/2920/2696 3027/2925/2696 3060/2924/2696 3026/2923/2696
f 3007/2926/2697 3029/2931/2697 3063/2930/2697 3028/2929/2697
f 3007/2926/2698 3025/2921/2698 3053/2922/2698 3029/2931/2698
f 3032/2877/2699 3055/2934/2699 3062/2919/2699 3024/2876/2699
f 3032/2877/2700 3033/2932/2700 3061/2935/2700 3055/2934/2700
f 3011/2892/2701 3015/2886/2701 3047/2891/2701 3042/2890/2701
f 3013/2893/2702 3017/2895/2702 3050/2885/2702 3044/2882/2702
f 3034/2897/2703 3030/2898/2703 3058/2937/2703 3056/2936/2703
usemtl Eyebrows
f 3110/2975/2704 3100/2976/2705 3066/2977/2706 3067/2978/2707
f 3088/2979/2708 3064/2980/2709 3068/2981/2710 3090/2982/2711
f 3090/2982/2711 3068/2981/2710 3070/2983/2712 3091/2984/2713
f 3091/2984/2713 3070/2983/2712 3072/2985/2714 3092/2986/2715
f 3092/2986/2715 3072/2985/2714 3074/2987/2716 3093/2988/2717
f 3093/2988/2717 3074/2987/2716 3076/2989/2718 3094/2990/2719
f 3094/2990/2719 3076/2989/2718 3078/2991/2720 3095/2992/2721
f 3095/2992/2721 3078/2991/2720 3080/2993/2722 3096/2994/2723
f 3096/2994/2723 3080/2993/2722 3082/2995/2724 3097/2996/2725
f 3097/2996/2725 3082/2995/2724 3084/2997/2726 3098/2998/2727
f 3110/2975/2704 3067/2978/2707 3087/2999/2728 3111/3000/2729
f 3065/3001/2730 3064/2980/2709 3088/2979/2708 3089/3002/2731
f 3112/3003/2732 3088/2979/2708 3090/2982/2711 3113/3004/2733
f 3113/3004/2733 3090/2982/2711 3091/2984/2713 3114/3005/2734
f 3114/3005/2734 3091/2984/2713 3092/2986/2715 3115/3006/2735
f 3115/3006/2735 3092/2986/2715 3093/2988/2717 3116/3007/2736
f 3116/3007/2736 3093/2988/2717 3094/2990/2719 3117/3008/2737
f 3117/3008/2737 3094/2990/2719 3095/2992/2721 3118/3009/2738
f 3118/3009/2738 3095/2992/2721 3096/2994/2723 3119/3010/2739
f 3119/3010/2739 3096/2994/2723 3097/2996/2725 3120/3011/2740
f 3120/3011/2740 3097/2996/2725 3098/2998/2727 3121/3012/2741
f 3065/3001/2730 3089/3002/2731 3099/3013/2742 3086/3014/2743
f 3122/3015/2744 3112/3003/2732 3100/2976/2705 3110/2975/2704
f 3122/3015/2744 3110/2975/2704 3111/3000/2729 3123/3016/2745
f 3066/2977/2706 3100/2976/2705 3101/3017/2746 3069/3018/2747
f 3069/3018/2747 3101/3017/2746 3102/3019/2748 3071/3020/2749
f 3071/3020/2749 3102/3019/2748 3103/3021/2750 3073/3022/2751
f 3073/3022/2751 3103/3021/2750 3104/3023/2752 3075/3024/2753
f 3075/3024/2753 3104/3023/2752 3105/3025/2754 3077/3026/2755
f 3077/3026/2755 3105/3025/2754 3106/3027/2756 3079/3028/2757
f 3079/3028/2757 3106/3027/2756 3107/3029/2758 3081/3030/2759
f 3081/3030/2759 3107/3029/2758 3108/3031/2760 3083/3032/2761
f 3083/3032/2761 3108/3031/2760 3109/3033/2762 3085/3034/2763
f 3123/3016/2745 3111/3000/2729 3087/2999/2728 3124/3035/2764
f 3121/3012/2741 3098/2998/2727 3084/2997/2726 3125/3036/2765
f 3100/2976/2705 3112/3003/2732 3113/3004/2733 3101/3017/2746
f 3101/3017/2746 3113/3004/2733 3114/3005/2734 3102/3019/2748
f 3102/3019/2748 3114/3005/2734 3115/3006/2735 3103/3021/2750
f 3103/3021/2750 3115/3006/2735 3116/3007/2736 3104/3023/2752
f 3104/3023/2752 3116/3007/2736 3117/3008/2737 3105/3025/2754
f 3105/3025/2754 3117/3008/2737 3118/3009/2738 3106/3027/2756
f 3106/3027/2756 3118/3009/2738 3119/3010/2739 3107/3029/2758
f 3107/3029/2758 3119/3010/2739 3120/3011/2740 3108/3031/2760
f 3108/3031/2760 3120/3011/2740 3121/3012/2741 3109/3033/2762
f 3089/3002/2731 3088/2979/2708 3112/3003/2732 3122/3015/2744
f 3089/3002/2731 3122/3015/2744 3123/3016/2745 3099/3013/2742
f 3099/3013/2742 3123/3016/2745 3124/3035/2764 3086/3014/2743
f 3109/3033/2762 3121/3012/2741 3125/3036/2765 3085/3034/2763
f 3172/3037/2766 3129/3038/2767 3128/3039/2768 3162/3040/2769
f 3150/3041/2770 3152/3042/2771 3130/3043/2772 3126/3044/2773
f 3152/3042/2771 3153/3045/2774 3132/3046/2775 3130/3043/2772
f 3153/3045/2774 3154/3047/2776 3134/3048/2777 3132/3046/2775
f 3154/3047/2776 3155/3049/2778 3136/3050/2779 3134/3048/2777
f 3155/3049/2778 3156/3051/2780 3138/3052/2781 3136/3050/2779
f 3156/3051/2780 3157/3053/2782 3140/3054/2783 3138/3052/2781
f 3157/3053/2782 3158/3055/2784 3142/3056/2785 3140/3054/2783
f 3158/3055/2784 3159/3057/2786 3144/3058/2787 3142/3056/2785
f 3159/3057/2786 3160/3059/2788 3146/3060/2789 3144/3058/2787
f 3172/3037/2766 3173/3061/2790 3149/3062/2791 3129/3038/2767
f 3127/3063/2792 3151/3064/2793 3150/3041/2770 3126/3044/2773
f 3174/3065/2794 3175/3066/2795 3152/3042/2771 3150/3041/2770
f 3175/3066/2795 3176/3067/2796 3153/3045/2774 3152/3042/2771
f 3176/3067/2796 3177/3068/2797 3154/3047/2776 3153/3045/2774
f 3177/3068/2797 3178/3069/2798 3155/3049/2778 3154/3047/2776
f 3178/3069/2798 3179/3070/2799 3156/3051/2780 3155/3049/2778
f 3179/3070/2799 3180/3071/2800 3157/3053/2782 3156/3051/2780
f 3180/3071/2800 3181/3072/2801 3158/3055/2784 3157/3053/2782
f 3181/3072/2801 3182/3073/2802 3159/3057/2786 3158/3055/2784
f 3182/3073/2802 3183/3074/2803 3160/3059/2788 3159/3057/2786
f 3127/3063/2792 3148/3075/2804 3161/3076/2805 3151/3064/2793
f 3184/3077/2806 3172/3037/2766 3162/3040/2769 3174/3065/2794
f 3184/3077/2806 3185/3078/2807 3173/3061/2790 3172/3037/2766
f 3128/3039/2768 3131/3079/2808 3163/3080/2809 3162/3040/2769
f 3131/3079/2808 3133/3081/2810 3164/3082/2811 3163/3080/2809
f 3133/3081/2810 3135/3083/2812 3165/3084/2813 3164/3082/2811
f 3135/3083/2812 3137/3085/2814 3166/3086/2815 3165/3084/2813
f 3137/3085/2814 3139/3087/2816 3167/3088/2817 3166/3086/2815
f 3139/3087/2816 3141/3089/2818 3168/3090/2819 3167/3088/2817
f 3141/3089/2818 3143/3091/2820 3169/3092/2821 3168/3090/2819
f 3143/3091/2820 3145/3093/2822 3170/3094/2823 3169/3092/2821
f 3145/3093/2822 3147/3095/2824 3171/3096/2825 3170/3094/2823
f 3185/3078/2807 3186/3097/2826 3149/3062/2791 3173/3061/2790
f 3183/3074/2803 3187/3098/2827 3146/3060/2789 3160/3059/2788
f 3162/3040/2769 3163/3080/2809 3175/3066/2795 3174/3065/2794
f 3163/3080/2809 3164/3082/2811 3176/3067/2796 3175/3066/2795
f 3164/3082/2811 3165/3084/2813 3177/3068/2797 3176/3067/2796
f 3165/3084/2813 3166/3086/2815 3178/3069/2798 3177/3068/2797
f 3166/3086/2815 3167/3088/2817 3179/3070/2799 3178/3069/2798
f 3167/3088/2817 3168/3090/2819 3180/3071/2800 3179/3070/2799
f 3168/3090/2819 3169/3092/2821 3181/3072/2801 3180/3071/2800
f 3169/3092/2821 3170/3094/2823 3182/3073/2802 3181/3072/2801
f 3170/3094/2823 3171/3096/2825 3183/3074/2803 3182/3073/2802
f 3151/3064/2793 3184/3077/2806 3174/3065/2794 3150/3041/2770
f 3151/3064/2793 3161/3076/2805 3185/3078/2807 3184/3077/2806
f 3161/3076/2805 3148/3075/2804 3186/3097/2826 3185/3078/2807
f 3171/3096/2825 3147/3095/2824 3187/3098/2827 3183/3074/2803
usemtl EyesBalls
f 3196/3099/2828 3190/3100/2829 3189/3101/2830 3195/3102/2831
f 3195/3102/2831 3189/3101/2830 3188/3103/2832 3194/3104/2833
f 3220/3105/2834 3226/3106/2835 3227/3107/2836 3221/3108/2837
f 3221/3108/2837 3227/3107/2836 3228/3109/2838 3222/3110/2839
f 3227/3107/2836 3233/3111/2840 3234/3112/2841 3228/3109/2838
f 3226/3106/2835 3232/3113/2842 3233/3111/2840 3227/3107/2836
f 3225/3114/2843 3231/3115/2844 3232/3113/2842 3226/3106/2835
f 3224/3116/2845 3230/3117/2846 3231/3115/2844 3225/3114/2843
f 3206/3118/2847 3212/3119/2848 3213/3120/2849 3207/3121/2850
f 3214/3122/2851 3208/3123/2852 3207/3121/2850 3213/3120/2849
f 3214/3122/2851 3215/3124/2853 3209/3125/2854 3208/3123/2852
f 3215/3124/2853 3216/3126/2855 3210/3127/2856 3209/3125/2854
f 3221/3108/2837 3222/3110/2839 3216/3126/2855 3215/3124/2853
f 3220/3105/2834 3221/3108/2837 3215/3124/2853 3214/3122/2851
f 3194/3104/2833 3200/3128/2857 3201/3129/2858 3195/3102/2831
f 3202/3130/2859 3196/3099/2828 3195/3102/2831 3201/3129/2858
f 3219/3131/2860 3220/3105/2834 3214/3122/2851 3213/3120/2849
f 3219/3131/2860 3213/3120/2849 3212/3119/2848 3218/3132/2861
f 3203/3133/2862 3197/3134/2863 3196/3099/2828 3202/3130/2859
f 3197/3134/2863 3203/3133/2862 3204/3135/2864 3198/3136/2865
f 3189/3101/2830 3231/3115/2844 3230/3117/2846 3188/3103/2832
f 3190/3100/2829 3232/3113/2842 3231/3115/2844 3189/3101/2830
f 3203/3133/2862 3209/3125/2854 3210/3127/2856 3204/3135/2864
f 3209/3125/2854 3203/3133/2862 3202/3130/2859 3208/3123/2852
f 3233/3111/2840 3232/3113/2842 3190/3100/2829 3191/3137/2866
f 3234/3112/2841 3233/3111/2840 3191/3137/2866 3192/3138/2867
f 3208/3123/2852 3202/3130/2859 3201/3129/2858 3207/3121/2850
f 3200/3128/2857 3206/3118/2847 3207/3121/2850 3201/3129/2858
f 3197/3134/2863 3198/3136/2865 3192/3138/2867 3191/3137/2866
f 3196/3099/2828 3197/3134/2863 3191/3137/2866 3190/3100/2829
f 3218/3132/2861 3224/3116/2845 3225/3114/2843 3219/3131/2860
f 3219/3131/2860 3225/3114/2843 3226/3106/2835 3220/3105/2834
f 3244/3139/2868 3243/3140/2869 3237/3141/2870 3238/3142/2871
f 3243/3140/2869 3242/3143/2872 3236/3144/2873 3237/3141/2870
f 3268/3145/2874 3269/3146/2875 3275/3147/2876 3274/3148/2877
f 3269/3146/2875 3270/3149/2878 3276/3150/2879 3275/3147/2876
f 3275/3147/2876 3276/3150/2879 3282/3151/2880 3281/3152/2881
f 3274/3148/2877 3275/3147/2876 3281/3152/2881 3280/3153/2882
f 3273/3154/2883 3274/3148/2877 3280/3153/2882 3279/3155/2884
f 3272/3156/2885 3273/3154/2883 3279/3155/2884 3278/3157/2886
f 3254/3158/2887 3255/3159/2888 3261/3160/2889 3260/3161/2890
f 3262/3162/2891 3261/3160/2889 3255/3159/2888 3256/3163/2892
f 3262/3162/2891 3256/3163/2892 3257/3164/2893 3263/3165/2894
f 3263/3165/2894 3257/3164/2893 3258/3166/2895 3264/3167/2896
f 3269/3146/2875 3263/3165/2894 3264/3167/2896 3270/3149/2878
f 3268/3145/2874 3262/3162/2891 3263/3165/2894 3269/3146/2875
f 3242/3143/2872 3243/3140/2869 3249/3168/2897 3248/3169/2898
f 3250/3170/2899 3249/3168/2897 3243/3140/2869 3244/3139/2868
f 3267/3171/2900 3261/3160/2889 3262/3162/2891 3268/3145/2874
f 3267/3171/2900 3266/3172/2901 3260/3161/2890 3261/3160/2889
f 3251/3173/2902 3250/3170/2899 3244/3139/2868 3245/3174/2903
f 3245/3174/2903 3246/3175/2904 3252/3176/2905 3251/3173/2902
f 3237/3141/2870 3236/3144/2873 3278/3157/2886 3279/3155/2884
f 3238/3142/2871 3237/3141/2870 3279/3155/2884 3280/3153/2882
f 3251/3173/2902 3252/3176/2905 3258/3166/2895 3257/3164/2893
f 3257/3164/2893 3256/3163/2892 3250/3170/2899 3251/3173/2902
f 3281/3152/2881 3239/3177/2906 3238/3142/2871 3280/3153/2882
f 3282/3151/2880 3240/3178/2907 3239/3177/2906 3281/3152/2881
f 3256/3163/2892 3255/3159/2888 3249/3168/2897 3250/3170/2899
f 3248/3169/2898 3249/3168/2897 3255/3159/2888 3254/3158/2887
f 3245/3174/2903 3239/3177/2906 3240/3178/2907 3246/3175/2904
f 3244/3139/2868 3238/3142/2871 3239/3177/2906 3245/3174/2903
f 3266/3172/2901 3267/3171/2900 3273/3154/2883 3272/3156/2885
f 3267/3171/2900 3268/3145/2874 3274/3148/2877 3273/3154/2883
usemtl EyesRound
f 3223/3179/2908 3217/3180/2909 3216/3126/2855 3222/3110/2839
f 3229/3181/2910 3223/3179/2908 3222/3110/2839 3228/3109/2838
f 3216/3126/2855 3217/3180/2909 3211/3182/2911 3210/3127/2856
f 3210/3127/2856 3211/3182/2911 3205/3183/2912 3204/3135/2864
f 3204/3135/2864 3205/3183/2912 3199/3184/2913 3198/3136/2865
f 3198/3136/2865 3199/3184/2913 3193/3185/2914 3192/3138/2867
f 3193/3185/2914 3235/3186/2915 3234/3112/2841 3192/3138/2867
f 3235/3186/2915 3229/3181/2910 3228/3109/2838 3234/3112/2841
f 3271/3187/2916 3270/3149/2878 3264/3167/2896 3265/3188/2917
f 3277/3189/2918 3276/3150/2879 3270/3149/2878 3271/3187/2916
f 3264/3167/2896 3258/3166/2895 3259/3190/2919 3265/3188/2917
f 3258/3166/2895 3252/3176/2905 3253/3191/2920 3259/3190/2919
f 3252/3176/2905 3246/3175/2904 3247/3192/2921 3253/3191/2920
f 3246/3175/2904 3240/3178/2907 3241/3193/2922 3247/3192/2921
f 3241/3193/2922 3240/3178/2907 3282/3151/2880 3283/3194/2923
f 3283/3194/2923 3282/3151/2880 3276/3150/2879 3277/3189/2918
usemtl EyesSmall
f 3229/3181/2910 3235/3186/2915 3217/3180/2909 3223/3179/2908
f 3235/3186/2915 3193/3185/2914 3211/3182/2911 3217/3180/2909
f 3193/3185/2914 3199/3184/2913 3205/3183/2912 3211/3182/2911
f 3277/3189/2918 3271/3187/2916 3265/3188/2917 3283/3194/2923
f 3283/3194/2923 3265/3188/2917 3259/3190/2919 3241/3193/2922
f 3241/3193/2922 3259/3190/2919 3253/3191/2920 3247/3192/2921
usemtl Hair
f 5983/3195/2924 3284/3196/2924 3286/3197/2924 5984/3198/2924
f 5984/3198/2925 3286/3197/2925 3288/3199/2925 5985/3200/2925
f 5985/3200/2926 3288/3199/2926 3290/3201/2926 5986/3202/2926
f 5986/3202/2927 3290/3201/2927 3292/3203/2927 5987/3204/2927
f 5987/3204/2928 3292/3203/2928 3294/3205/2928 5988/3206/2928
f 5988/3206/2929 3294/3205/2929 3296/3207/2929 5989/3208/2929
f 5976/3209/2930 5977/3210/2930 3300/3211/2930 3298/3212/2930
f 5977/3210/2931 5978/3213/2931 3302/3214/2931 3300/3211/2931
f 5978/3213/2932 5979/3215/2932 3304/3216/2932 3302/3214/2932
f 5979/3215/2933 5980/3217/2933 3306/3218/2933 3304/3216/2933
f 5980/3217/2934 5981/3219/2934 3308/3220/2934 3306/3218/2934
f 5981/3219/2935 5982/3221/2935 3310/3222/2935 3308/3220/2935
f 4212/3223/2936 3773/3224/2936 3503/3225/2936 3648/3226/2936
f 4213/3227/2937 3651/3228/2937 3314/3229/2937 3649/3230/2937
f 4214/3231/2938 3654/3232/2938 3317/3233/2938 3652/3234/2938
f 4215/3235/2939 3657/3236/2939 3319/3237/2939 3655/3238/2939
f 4216/3239/2940 3657/3236/2940 3317/3233/2940 3654/3232/2940
f 4217/3240/2941 3662/3241/2941 3321/3242/2941 3660/3243/2941
f 4218/3244/2942 3665/3245/2942 3323/3246/2942 3663/3247/2942
f 4219/3248/2943 3668/3249/2943 3325/3250/2943 3666/3251/2943
f 4220/3252/2944 3671/3253/2944 3327/3254/2944 3669/3255/2944
f 4221/3256/2945 3674/3257/2945 3329/3258/2945 3672/3259/2945
f 4222/3260/2946 3677/3261/2946 3331/3262/2946 3675/3263/2946
f 4223/3264/2947 3680/3265/2947 3333/3266/2947 3678/3267/2947
f 4224/3268/2948 3683/3269/2948 3335/3270/2948 3681/3271/2948
f 4225/3272/2949 3686/3273/2949 3337/3274/2949 3684/3275/2949
f 4226/3276/2950 3689/3277/2950 3339/3278/2950 3687/3279/2950
f 4227/3280/2951 3692/3281/2951 3341/3282/2951 3690/3283/2951
f 4228/3284/2952 3695/3285/2952 3343/3286/2952 3693/3287/2952
f 4229/3288/2953 3698/3289/2953 3345/3290/2953 3696/3291/2953
f 4230/3292/2954 3701/3293/2954 3347/3294/2954 3699/3295/2954
f 4231/3296/2955 3705/3297/2955 3351/3298/2955 3703/3299/2955
f 4232/3300/2956 3708/3301/2956 3353/3302/2956 3706/3303/2956
f 4233/3304/2957 3711/3305/2957 3355/3306/2957 3709/3307/2957
f 4234/3308/2958 3714/3309/2958 3357/3310/2958 3712/3311/2958
f 4235/3312/2959 3717/3313/2959 3359/3314/2959 3715/3315/2959
f 4236/3316/2960 3720/3317/2960 3361/3318/2960 3718/3319/2960
f 4237/3320/2961 3725/3321/2961 3321/3242/2961 3662/3241/2961
f 4238/3322/2962 3723/3323/2962 3363/3324/2962 3726/3325/2962
f 3522/3326/2963 3779/3327/2963 3872/3328/2963 3571/3329/2963
f 4239/3330/2964 3728/3331/2964 3363/3324/2964 3723/3323/2964
f 4240/3332/2965 3791/3333/2965 3365/3334/2965 3729/3335/2965
f 4241/3336/2966 3725/3321/2966 3365/3334/2966 3730/3337/2966
f 4242/3338/2967 3740/3339/2967 3366/3340/2967 3731/3341/2967
f 4243/3342/2968 3741/3343/2968 3367/3344/2968 3732/3345/2968
f 4244/3346/2969 3742/3347/2969 3368/3348/2969 3733/3349/2969
f 4245/3350/2970 3743/3351/2970 3369/3352/2970 3734/3353/2970
f 4246/3354/2971 3744/3355/2971 3370/3356/2971 4195/3357/2971
f 4247/3358/2972 3745/3359/2972 3371/3360/2972 4157/3361/2972
f 4248/3362/2973 3746/3363/2973 3372/3364/2973 4176/3365/2973
f 4249/3366/2974 3747/3367/2974 3373/3368/2974 3738/3369/2974
f 4250/3370/2975 3748/3371/2975 3374/3372/2975 3739/3373/2975
f 4251/3374/2976 3730/3337/2976 3365/3334/2976 3791/3333/2976
f 4252/3375/2977 3731/3341/2977 3366/3340/2977 3750/3376/2977
f 4253/3377/2978 3732/3345/2978 3367/3344/2978 3751/3378/2978
f 4254/3379/2979 3733/3349/2979 3368/3348/2979 3752/3380/2979
f 4255/3381/2980 3754/3382/2980 3507/3383/2980 3780/3384/2980
f 4256/3385/2981 3781/3386/2981 3507/3383/2981 3754/3382/2981
f 4257/3387/2982 3782/3388/2982 3508/3389/2982 3755/3390/2982
f 4258/3391/2983 3783/3392/2983 3509/3393/2983 3756/3394/2983
f 4259/3395/2984 3774/3396/2984 3510/3397/2984 3757/3398/2984
f 4260/3399/2985 3775/3400/2985 3511/3401/2985 3758/3402/2985
f 4261/3403/2986 4196/3404/2986 3512/3405/2986 3759/3406/2986
f 4262/3407/2987 4158/3408/2987 3513/3409/2987 3760/3410/2987
f 4263/3411/2988 4177/3412/2988 3514/3413/2988 3761/3414/2988
f 4264/3415/2989 3784/3416/2989 3515/3417/2989 3762/3418/2989
f 4265/3419/2990 3785/3420/2990 3516/3421/2990 3763/3422/2990
f 4266/3423/2991 3786/3424/2991 3517/3425/2991 3764/3426/2991
f 4267/3427/2992 3787/3428/2992 3518/3429/2992 3765/3430/2992
f 4268/3431/2993 3788/3432/2994 3519/3433/2993 3766/3434/2994
f 3767/3435/2995 3346/3436/2995 3348/3437/2995 3768/3438/2995
f 3841/3439/2996 3842/3440/2996 3409/3441/2996 3410/3442/2996
f 4269/3443/2997 3772/3444/2997 3506/3445/2997 3727/3446/2997
f 3874/3447/2998 3798/3448/2998 3376/3449/2998 3427/3450/2998
f 3377/3451/2999 3798/3448/2999 3874/3447/2999 3428/3452/2999
f 3834/3453/3000 3800/3454/3000 3378/3455/3000 3401/3456/3000
f 3380/3457/3001 3800/3454/3001 3834/3453/3001 3403/3458/3001
f 3381/3459/3002 3801/3460/3002 3835/3461/3002 3404/3462/3002
f 3382/3463/3003 3802/3464/3003 3836/3465/3003 3405/3466/3003
f 3383/3467/3004 3803/3468/3004 3837/3469/3004 3406/3470/3004
f 4270/3471/3005 3830/3472/3005 3505/3473/3005 3770/3474/3005
f 4271/3475/3006 3771/3476/3006 3504/3477/3006 3658/3478/3006
f 3431/3479/3007 3432/3480/3007 3414/3481/3007 3415/3482/3007
f 4272/3483/3008 3816/3484/3008 3390/3485/3008 3790/3486/3008
f 4273/3487/3009 3869/3488/3009 3391/3489/3009 3817/3490/3009
f 4274/3491/3010 3818/3492/3010 3391/3489/3010 3869/3488/3010
f 4275/3493/3011 3819/3494/3011 3385/3495/3011 3863/3496/3011
f 4276/3497/3012 3820/3498/3012 3386/3499/3012 3864/3500/3012
f 4277/3501/3013 3821/3502/3013 3387/3503/3013 3865/3504/3013
f 4278/3505/3014 3789/3506/3014 3389/3507/3014 3822/3508/3014
f 4279/3509/3015 3823/3510/3015 3389/3507/3015 3789/3506/3015
f 4280/3511/3016 3811/3512/3016 3394/3513/3016 3824/3514/3016
f 4281/3515/3017 3812/3516/3017 3395/3517/3017 3825/3518/3017
f 4282/3519/3018 3813/3520/3018 3396/3521/3018 4178/3522/3018
f 4283/3523/3019 3814/3524/3019 3397/3525/3019 4159/3526/3019
f 4284/3527/3020 3815/3528/3021 3398/3529/3022 4197/3530/3022
f 4285/3531/3023 3753/3532/3023 3388/3533/3023 3829/3534/3023
f 3798/3448/3024 3832/3535/3024 3399/3536/3024 3376/3449/3024
f 3377/3451/3025 3400/3537/3025 3832/3535/3025 3798/3448/3025
f 4286/3538/3026 3721/3539/3026 3401/3456/3026 3833/3540/3026
f 4287/3541/3027 3834/3453/3027 3401/3456/3027 3721/3539/3027
f 4288/3542/3028 3835/3461/3028 3403/3458/3028 3793/3543/3028
f 4289/3544/3029 3836/3465/3029 3404/3462/3029 3794/3545/3029
f 4290/3546/3030 3837/3469/3030 3405/3466/3030 3795/3547/3030
f 3349/3548/3031 3347/3294/3031 3842/3440/3031 3841/3439/3031
f 4291/3549/3032 3843/3550/3032 3408/3551/3032 3840/3552/3032
f 4292/3553/3033 3844/3554/3033 3407/3555/3033 3839/3556/3033
f 4293/3557/3034 3749/3558/3034 3375/3559/3034 3845/3560/3034
f 3850/3561/3035 3871/3562/3035 3432/3480/3035 3431/3479/3035
f 3410/3442/3036 3409/3441/3036 3848/3563/3036 3847/3564/3036
f 4294/3565/3037 3849/3566/3037 3411/3567/3037 3846/3568/3037
f 3415/3482/3038 3414/3481/3038 3419/3569/3038 3420/3570/3038
f 3379/3571/3039 3799/3572/3039 3880/3573/3039 3430/3574/3039
f 4296/3575/3040 3855/3576/3040 3416/3577/3040 3851/3578/3040
f 4297/3579/3041 3855/3576/3041 3407/3555/3041 3845/3560/3041
f 4298/3580/3042 3872/3328/3042 3428/3452/3042 3868/3581/3042
f 4299/3582/3043 3867/3583/3043 3427/3450/3043 3873/3584/3043
f 4300/3585/3044 3874/3447/3044 3427/3450/3044 3867/3583/3044
f 4301/3586/3045 3862/3587/3046 3422/3588/3046 3875/3589/3047
f 4302/3590/3048 3866/3591/3048 3426/3592/3048 3879/3593/3048
f 3800/3454/3049 3881/3594/3049 3429/3595/3049 3378/3455/3049
f 3380/3457/3050 3423/3596/3050 3881/3594/3050 3800/3454/3050
f 3381/3459/3051 3424/3597/3051 3882/3598/3051 3801/3460/3051
f 3382/3463/3052 3425/3599/3052 3883/3600/3052 3802/3464/3052
f 3383/3467/3053 3426/3592/3053 3884/3601/3053 3803/3468/3053
f 3960/3602/3054 3963/3603/3054 3475/3604/3054 3473/3605/3054
f 3413/3606/3055 3412/3607/3056 3871/3562/3057 3850/3561/3057
f 3571/3608/3058 4113/3609/3058 4032/3610/3058 3522/3611/3058
f 4075/3612/3059 4043/3613/3059 3525/3614/3059 3549/3615/3059
f 4303/3616/3060 3891/3617/3060 3406/3470/3060 3796/3618/3060
f 4304/3619/3061 3890/3620/3061 3436/3621/3061 3892/3622/3061
f 4305/3623/3062 4143/3624/3062 3437/3625/3062 3893/3626/3062
f 4306/3627/3063 3901/3628/3064 3592/3629/3064 3899/3630/3065
f 4307/3631/3066 3900/3632/3066 3594/3633/3066 4145/3634/3066
f 4308/3635/3067 3903/3636/3067 3591/3637/3067 3897/3638/3067
f 4309/3639/3068 3904/3640/3069 3590/3641/3069 3896/3642/3070
f 4310/3643/3071 3905/3644/3071 3589/3645/3071 3895/3646/3071
f 4311/3647/3072 3906/3648/3072 3588/3649/3072 3894/3650/3072
f 4312/3651/3073 3906/3648/3073 3351/3298/3073 3705/3297/3073
f 4313/3652/3074 3909/3653/3074 3503/3654/3074 3773/3655/3074
f 4314/3656/3075 3910/3657/3075 3440/3658/3075 3912/3659/3075
f 4315/3660/3076 3913/3661/3076 3443/3662/3076 3915/3663/3076
f 4316/3664/3077 3916/3665/3077 3445/3666/3077 3918/3667/3077
f 4317/3668/3078 3915/3663/3078 3443/3662/3078 3918/3667/3078
f 4318/3669/3079 3921/3670/3079 3447/3671/3079 3923/3672/3079
f 4319/3673/3080 3924/3674/3080 3449/3675/3080 3926/3676/3080
f 4320/3677/3081 3927/3678/3081 3451/3679/3081 3929/3680/3081
f 4321/3681/3082 3930/3682/3082 3453/3683/3082 3932/3684/3082
f 4322/3685/3083 3933/3686/3083 3455/3687/3083 3935/3688/3083
f 4323/3689/3084 3936/3690/3084 3457/3691/3084 3938/3692/3084
f 4324/3693/3085 3939/3694/3085 3459/3695/3085 3941/3696/3085
f 4325/3697/3086 3942/3698/3086 3461/3699/3086 3944/3700/3086
f 4326/3701/3087 3945/3702/3087 3463/3703/3087 3947/3704/3087
f 4327/3705/3088 3948/3706/3088 3465/3707/3088 3950/3708/3088
f 4328/3709/3089 3951/3710/3089 3467/3711/3089 3953/3712/3089
f 4329/3713/3090 3954/3714/3090 3469/3715/3090 3956/3716/3090
f 4330/3717/3091 3957/3718/3091 3471/3719/3091 3959/3720/3091
f 4331/3721/3092 3960/3602/3092 3473/3605/3092 3962/3722/3092
f 3520/3723/3093 3521/3724/3093 4029/3725/3093 4028/3726/3093
f 3472/3727/3094 3474/3728/3094 3963/3603/3094 3960/3602/3094
f 4332/3729/3095 3964/3730/3095 3477/3731/3095 3966/3732/3095
f 4333/3733/3096 3967/3734/3096 3479/3735/3096 3969/3736/3096
f 4334/3737/3097 3970/3738/3097 3481/3739/3097 3972/3740/3097
f 4335/3741/3098 3973/3742/3098 3483/3743/3098 3975/3744/3098
f 4336/3745/3099 3976/3746/3099 3485/3747/3099 3978/3748/3099
f 4337/3749/3100 3979/3750/3100 3487/3751/3100 3981/3752/3100
f 4338/3753/3101 3923/3672/3101 3447/3671/3101 3986/3754/3101
f 4339/3755/3102 3987/3756/3102 3489/3757/3102 3984/3758/3102
f 4114/3759/3103 4041/3760/3103 3523/3761/3103 3577/3762/3103
f 4340/3763/3104 3984/3758/3104 3489/3757/3104 3989/3764/3104
f 4341/3765/3105 3990/3766/3105 3491/3767/3105 4035/3768/3105
f 4342/3769/3106 3991/3770/3106 3491/3767/3106 3986/3754/3106
f 4343/3771/3107 3992/3772/3107 3492/3773/3107 4001/3774/3107
f 4344/3775/3108 3993/3776/3108 3493/3777/3108 4002/3778/3108
f 4345/3779/3109 3994/3780/3109 3494/3781/3109 4003/3782/3109
f 4346/3783/3110 3995/3784/3110 3495/3785/3110 4004/3786/3110
f 4347/3787/3111 4200/3788/3111 3496/3789/3111 4005/3790/3111
f 4348/3791/3112 4162/3792/3112 3497/3793/3112 4006/3794/3112
f 4349/3795/3113 4181/3796/3113 3498/3797/3113 4007/3798/3113
f 4350/3799/3114 3999/3800/3114 3499/3801/3114 4008/3802/3114
f 4351/3803/3115 4000/3804/3115 3500/3805/3115 4009/3806/3115
f 4352/3807/3116 4035/3768/3116 3491/3767/3116 3991/3770/3116
f 4353/3808/3117 4011/3809/3117 3492/3773/3117 3992/3772/3117
f 4354/3810/3118 4012/3811/3118 3493/3777/3118 3993/3776/3118
f 4355/3812/3119 4013/3813/3119 3494/3781/3119 3994/3780/3119
f 4356/3814/3120 3780/3815/3120 3507/3816/3120 4015/3817/3120
f 4357/3818/3121 4015/3817/3121 3507/3816/3121 3781/3819/3121
f 4358/3820/3122 4016/3821/3122 3508/3822/3122 3782/3823/3122
f 4359/3824/3123 4017/3825/3123 3509/3826/3123 3783/3827/3123
f 4360/3828/3124 4018/3829/3124 3510/3830/3124 3774/3831/3124
f 4361/3832/3125 4019/3833/3125 3511/3834/3125 3775/3835/3125
f 4362/3836/3126 4020/3837/3126 3512/3838/3126 4196/3839/3126
f 4363/3840/3127 4021/3841/3127 3513/3842/3127 4158/3843/3127
f 4364/3844/3128 4022/3845/3128 3514/3846/3128 4177/3847/3128
f 4365/3848/3129 4023/3849/3129 3515/3850/3129 3784/3851/3129
f 4366/3852/3130 4024/3853/3130 3516/3854/3130 3785/3855/3130
f 4367/3856/3131 4025/3857/3132 3517/3858/3133 3786/3859/3131
f 4368/3860/3134 4026/3861/3134 3518/3862/3134 3787/3863/3134
f 4369/3864/3135 4027/3865/3135 3519/3866/3135 3788/3867/3135
f 4370/3868/3136 3988/3869/3136 3506/3870/3136 3772/3871/3136
f 3526/3872/3137 4041/3760/3137 4114/3759/3137 3580/3873/3137
f 4116/3874/3138 4051/3875/3138 3531/3876/3139 3572/3877/3140
f 3526/3872/3141 4043/3613/3141 4075/3612/3141 3550/3878/3141
f 3553/3879/3142 4077/3880/3142 4045/3881/3142 3528/3882/3142
f 3554/3883/3143 4078/3884/3143 4046/3885/3143 3529/3886/3143
f 3555/3887/3144 4079/3888/3144 4047/3889/3144 3530/3890/3144
f 4041/3760/3145 4073/3891/3145 3547/3892/3145 3523/3761/3145
f 4371/3893/3146 4031/3894/3146 3505/3895/3146 3830/3896/3146
f 4372/3897/3147 3919/3898/3147 3504/3899/3147 3771/3900/3147
f 4373/3901/3148 4034/3902/3148 3538/3903/3148 4059/3904/3148
f 4374/3905/3149 4060/3906/3149 3539/3907/3149 4110/3908/3149
f 4375/3909/3150 4110/3908/3150 3539/3907/3150 4061/3910/3150
f 4376/3911/3151 4104/3912/3151 3532/3913/3151 4062/3914/3151
f 4377/3915/3152 4105/3916/3152 3533/3917/3152 4063/3918/3152
f 4378/3919/3153 4106/3920/3153 3534/3921/3153 4064/3922/3153
f 4379/3923/3154 4065/3924/3154 3537/3925/3154 4033/3926/3154
f 4380/3927/3155 4033/3926/3155 3537/3925/3155 4066/3928/3155
f 4381/3929/3156 4067/3930/3156 3542/3931/3156 4054/3932/3156
f 4382/3933/3157 4068/3934/3157 3543/3935/3157 4055/3936/3157
f 4383/3937/3158 4182/3938/3158 3544/3939/3158 4056/3940/3158
f 4384/3941/3159 4163/3942/3159 3545/3943/3159 4057/3944/3159
f 4385/3945/3160 4201/3946/3160 3546/3947/3160 4058/3948/3160
f 4386/3949/3161 4072/3950/3161 3535/3951/3161 4014/3952/3161
f 3526/3872/3162 3550/3878/3162 4073/3891/3162 4041/3760/3162
f 4032/3610/3163 4080/3953/3163 3551/3954/3163 3522/3611/3163
f 4387/3955/3164 4075/3612/3164 3549/3615/3164 3982/3956/3164
f 4388/3957/3165 3982/3956/3165 3549/3615/3165 4076/3958/3165
f 4389/3959/3166 4037/3960/3166 3552/3961/3166 4077/3880/3166
f 4390/3962/3167 4038/3963/3167 3553/3879/3167 4078/3884/3167
f 4391/3964/3168 4039/3965/3168 3554/3883/3168 4079/3888/3168
f 3524/3966/3169 3548/3967/3169 4080/3953/3169 4032/3610/3169
f 3559/3968/3170 4089/3969/3170 4090/3970/3170 3558/3971/3170
f 4392/3972/3171 4082/3973/3171 3557/3974/3171 4085/3975/3171
f 4393/3976/3172 4081/3977/3172 3556/3978/3172 4086/3979/3172
f 4394/3980/3173 4087/3981/3173 3501/3982/3173 4010/3983/3173
f 4395/3984/3174 4088/3985/3174 3560/3986/3174 4091/3987/3174
f 3564/3988/3175 3563/3989/3175 3582/3990/3175 3581/3991/3175
f 3564/3988/3176 3569/3992/3176 3568/3993/3176 3563/3989/3176
f 4397/3994/3177 4093/3995/3177 3565/3996/3177 4097/3997/3177
f 4398/3998/3178 4087/3981/3178 3556/3978/3178 4097/3997/3178
f 3562/3999/3179 4092/4000/3179 4112/4001/3179 3561/4002/3179
f 4399/4003/3180 4109/4004/3180 3578/4005/3180 4113/3609/3180
f 4400/4006/3181 4114/3759/3181 3577/3762/3181 4108/4007/3181
f 4401/4008/3182 4108/4007/3182 3577/3762/3182 4115/4009/3182
f 4402/4010/3183 4116/3874/3183 3572/3877/3183 4103/4011/3183
f 4403/4012/3184 4120/4013/3184 3576/4014/3184 4107/4015/3184
f 3526/3872/3185 3580/3873/3185 4121/4016/3185 4043/3613/3185
f 3528/3882/3186 4045/3881/3186 4123/4017/3186 3574/4018/3186
f 3529/3886/3187 4046/3885/3187 4124/4019/3187 3575/4020/3187
f 3530/3890/3188 4047/3889/3188 4125/4021/3188 3576/4014/3188
f 3566/4022/3189 3583/4023/3189 4126/4024/3189 4094/4025/3189
f 4404/4026/3190 4040/4027/3190 3555/3887/3190 4132/4028/3190
f 4405/4029/3191 4133/4030/3191 3586/4031/3191 4131/4032/3191
f 4406/4033/3192 4134/4034/3192 3587/4035/3192 4147/4036/3192
f 4407/4037/3193 3899/4038/3193 3592/4039/3193 4136/4040/3193
f 4408/4041/3194 4145/4042/3194 3594/4043/3194 4135/4044/3194
f 4409/4045/3195 3897/4046/3195 3591/4047/3195 4138/4048/3195
f 4410/4049/3196 3896/4050/3196 3590/4051/3196 4139/4052/3196
f 4411/4053/3197 3895/4054/3197 3589/4055/3197 4140/4056/3197
f 4412/4057/3198 3894/4058/3198 3588/4059/3198 4141/4060/3198
f 4413/4061/3199 3966/3732/3199 3477/3731/3199 4141/4060/3199
f 4414/4062/3200 4142/4063/3200 3595/4064/3200 4149/4065/3200
f 4415/4066/3201 3887/4067/3201 3596/4068/3201 4150/4069/3201
f 4416/4070/3202 4151/4071/3202 3598/4072/3202 3898/4073/3202
f 4417/4074/3203 4152/4075/3203 3599/4076/3203 4146/4077/3203
f 4418/4078/3204 4153/4079/3204 3600/4080/3204 4128/4081/3204
f 4419/4082/3205 3898/4083/3205 3598/4084/3205 4154/4085/3205
f 4420/4086/3206 4156/4087/3206 3603/4088/3206 4164/4089/3206
f 4421/4090/3207 4165/4091/3207 3604/4092/3207 3736/4093/3207
f 4422/4094/3208 3777/4095/3208 3605/4096/3208 4166/4097/3208
f 4118/4098/3209 4049/4099/3209 3613/4100/3209 3616/4101/3209
f 4423/4102/3210 4167/4103/3210 3607/4104/3210 3827/4105/3210
f 4049/4099/3211 4099/4106/3211 3615/4107/3211 3613/4100/3211
f 4424/4108/3212 4168/4109/3212 3609/4110/3212 3877/4111/3212
f 4425/4112/3213 4169/4113/3213 3611/4114/3213 4161/4115/3213
f 4426/4116/3214 3997/4117/3214 3612/4118/3214 4170/4119/3214
f 4427/4120/3215 4171/4121/3215 3605/4122/3215 3777/4123/3215
f 4428/4124/3216 4070/4125/3216 3614/4126/3216 4172/4127/3216
f 4429/4128/3217 4118/4098/3217 3616/4101/3217 4173/4129/3217
f 4430/4130/3218 4175/4131/3218 3618/4132/3218 4183/4133/3218
f 4431/4134/3219 4184/4135/3219 3619/4136/3219 3737/4137/3219
f 4432/4138/3220 3778/4139/3220 3620/4140/3220 4185/4141/3220
f 4117/4142/3221 4050/4143/3221 3628/4144/3221 3631/4145/3221
f 4433/4146/3222 4186/4147/3223 3622/4148/3223 3826/4149/3224
f 4050/4143/3225 4100/4150/3225 3630/4151/3225 3628/4144/3225
f 4434/4152/3226 4187/4153/3226 3624/4154/3226 3876/4155/3226
f 4435/4156/3227 4188/4157/3227 3626/4158/3227 4180/4159/3227
f 4436/4160/3228 3998/4161/3228 3627/4162/3228 4189/4163/3228
f 4437/4164/3229 4190/4165/3229 3620/4166/3229 3778/4167/3229
f 4438/4168/3230 4069/4169/3230 3629/4170/3230 4191/4171/3230
f 4439/4172/3231 4117/4142/3231 3631/4145/3231 4192/4173/3231
f 4440/4174/3232 4194/4175/3232 3633/4176/3232 4202/4177/3232
f 4441/4178/3233 4203/4179/3233 3634/4180/3233 3735/4181/3233
f 4442/4182/3234 3776/4183/3234 3635/4184/3234 4204/4185/3234
f 4119/4186/3235 4048/4187/3235 3643/4188/3235 3646/4189/3235
f 4443/4190/3236 4205/4191/3236 3637/4192/3236 3828/4193/3236
f 4048/4187/3237 4098/4194/3237 3645/4195/3237 3643/4188/3237
f 4444/4196/3238 4206/4197/3238 3639/4198/3238 3878/4199/3238
f 4445/4200/3239 4207/4201/3239 3641/4202/3239 4199/4203/3239
f 4446/4204/3240 3996/4205/3240 3642/4206/3240 4208/4207/3240
f 4447/4208/3241 4209/4209/3241 3635/4210/3241 3776/4211/3241
f 4448/4212/3242 4071/4213/3242 3644/4214/3242 4210/4215/3242
f 4449/4216/3243 4119/4186/3243 3646/4189/3243 4211/4217/3243
f 3647/4218/3244 4212/3223/3244 3648/3226/3244 3313/4219/3244
f 3312/4220/3245 3769/4221/3245 4212/3223/3245 3647/4218/3245
f 3769/4221/3246 3502/4222/3246 3773/3224/3246 4212/3223/3246
f 3647/4218/3247 4213/3227/3247 3649/3230/3247 3312/4220/3247
f 3313/4219/3248 3650/4223/3248 4213/3227/3248 3647/4218/3248
f 3650/4223/3249 3315/4224/3249 3651/3228/3249 4213/3227/3249
f 3722/4225/3250 4214/3231/3250 3652/3234/3250 3316/4226/3250
f 3402/4227/3251 3831/4228/3251 4214/3231/3251 3722/4225/3251
f 3831/4228/3252 3399/3536/3252 3654/3232/3252 4214/3231/3252
f 3656/4229/3253 4215/3235/3253 3655/3238/3253 3318/4230/3253
f 3316/4226/3254 3652/3234/3254 4215/3235/3254 3656/4229/3254
f 3652/3234/3255 3317/3233/3255 3657/3236/3255 4215/3235/3255
f 3832/3535/3256 4216/3239/3256 3654/3232/3256 3399/3536/3256
f 3400/3537/3257 3659/4231/3257 4216/3239/3257 3832/3535/3257
f 3659/4231/3258 3319/3237/3258 3657/3236/3258 4216/3239/3258
f 3661/4232/3259 4217/3240/3259 3660/3243/3259 3320/4233/3259
f 3312/4220/3260 3649/3230/3260 4217/3240/3260 3661/4232/3260
f 3649/3230/3261 3314/3229/3261 3662/3241/3261 4217/3240/3261
f 3664/4234/3262 4218/3244/3262 3663/3247/3262 3322/4235/3262
f 3320/4233/3263 3660/3243/3263 4218/3244/3263 3664/4234/3263
f 3660/3243/3264 3321/3242/3264 3665/3245/3264 4218/3244/3264
f 3667/4236/3265 4219/3248/3265 3666/3251/3265 3324/4237/3265
f 3322/4235/3266 3663/3247/3266 4219/3248/3266 3667/4236/3266
f 3663/3247/3267 3323/3246/3267 3668/3249/3267 4219/3248/3267
f 3670/4238/3268 4220/3252/3268 3669/3255/3268 3326/4239/3268
f 3324/4237/3269 3666/3251/3269 4220/3252/3269 3670/4238/3269
f 3666/3251/3270 3325/3250/3270 3671/3253/3270 4220/3252/3270
f 3673/4240/3271 4221/3256/3271 3672/3259/3271 3328/4241/3271
f 3326/4239/3272 3669/3255/3272 4221/3256/3272 3673/4240/3272
f 3669/3255/3273 3327/3254/3273 3674/3257/3273 4221/3256/3273
f 3676/4242/3274 4222/3260/3274 3675/3263/3274 3330/4243/3274
f 3328/4241/3275 3672/3259/3275 4222/3260/3275 3676/4242/3275
f 3672/3259/3276 3329/3258/3276 3677/3261/3276 4222/3260/3276
f 4193/4244/3277 4223/3264/3277 3678/3267/3277 3332/4245/3277
f 3632/4246/3278 4202/4177/3278 4223/3264/3278 4193/4244/3278
f 4202/4177/3279 3633/4176/3279 3680/3265/3279 4223/3264/3279
f 4155/4247/3280 4224/3268/3280 3681/3271/3280 3334/4248/3280
f 3602/4249/3281 4164/4089/3281 4224/3268/3281 4155/4247/3281
f 4164/4089/3282 3603/4088/3282 3683/3269/3282 4224/3268/3282
f 4174/4250/3283 4225/3272/3283 3684/3275/3283 3336/4251/3283
f 3617/4252/3284 4183/4133/3284 4225/3272/3284 4174/4250/3284
f 4183/4133/3285 3618/4132/3285 3686/3273/3285 4225/3272/3285
f 3688/4253/3286 4226/3276/3286 3687/3279/3286 3338/4254/3286
f 3336/4251/3287 3684/3275/3287 4226/3276/3287 3688/4253/3287
f 3684/3275/3288 3337/3274/3288 3689/3277/3288 4226/3276/3288
f 3691/4255/3289 4227/3280/3289 3690/3283/3289 3340/4256/3289
f 3338/4254/3290 3687/3279/3290 4227/3280/3290 3691/4255/3290
f 3687/3279/3291 3339/3278/3291 3692/3281/3291 4227/3280/3291
f 3694/4257/3292 4228/3284/3292 3693/3287/3292 3342/4258/3292
f 3340/4256/3293 3690/3283/3293 4228/3284/3293 3694/4257/3293
f 3690/3283/3294 3341/3282/3294 3695/3285/3294 4228/3284/3294
f 3697/4259/3295 4229/3288/3295 3696/3291/3295 3344/4260/3295
f 3342/4258/3296 3693/3287/3296 4229/3288/3296 3697/4259/3296
f 3693/3287/3297 3343/3286/3297 3698/3289/3297 4229/3288/3297
f 3700/4261/3298 4230/3292/3298 3699/3295/3298 3346/3436/3298
f 3344/4260/3299 3696/3291/3299 4230/3292/3299 3700/4261/3299
f 3696/3291/3300 3345/3290/3300 3701/3293/3300 4230/3292/3300
f 3699/3295/3301 3702/4262/3301 3348/3437/3301 3346/3436/3301
f 3347/3294/3302 3349/3548/3302 3702/4262/3302 3699/3295/3302
f 3704/4263/3303 4231/3296/3303 3703/3299/3303 3350/4264/3303
f 3316/4226/3304 3656/4229/3304 4231/3296/3304 3704/4263/3304
f 3656/4229/3305 3318/4230/3305 3705/3297/3305 4231/3296/3305
f 3707/4265/3306 4232/3300/3306 3706/3303/3306 3352/4266/3306
f 3350/4264/3307 3703/3299/3307 4232/3300/3307 3707/4265/3307
f 3703/3299/3308 3351/3298/3308 3708/3301/3308 4232/3300/3308
f 3710/4267/3309 4233/3304/3309 3709/3307/3309 3354/4268/3309
f 3352/4266/3310 3706/3303/3310 4233/3304/3310 3710/4267/3310
f 3706/3303/3311 3353/3302/3311 3711/3305/3311 4233/3304/3311
f 3713/4269/3312 4234/3308/3312 3712/3311/3312 3356/4270/3312
f 3354/4268/3313 3709/3307/3313 4234/3308/3313 3713/4269/3313
f 3709/3307/3314 3355/3306/3314 3714/3309/3314 4234/3308/3314
f 3716/4271/3315 4235/3312/3316 3715/3315/3317 3358/4272/3317
f 3356/4270/3318 3712/3311/3318 4235/3312/3316 3716/4271/3315
f 3712/3311/3319 3357/3310/3319 3717/3313/3319 4235/3312/3319
f 3889/4273/3320 4236/3316/3320 3718/3319/3320 3360/4274/3320
f 3597/4275/3321 4149/4065/3321 4236/3316/3321 3889/4273/3321
f 4149/4065/3322 3595/4064/3322 3720/3317/3322 4236/3316/3322
f 3653/4276/3323 4237/3320/3323 3662/3241/3323 3314/3229/3323
f 3362/4277/3324 3729/3335/3324 4237/3320/3324 3653/4276/3324
f 3729/3335/3325 3365/3334/3325 3725/3321/3325 4237/3320/3325
f 3653/4276/3326 4238/3322/3326 3726/3325/3326 3362/4277/3326
f 3314/3229/3327 3651/3228/3327 4238/3322/3327 3653/4276/3327
f 3651/3228/3328 3315/4224/3328 3723/3323/3328 4238/3322/3328
f 3430/3574/3329 3873/3584/3329 3797/4278/3329 3379/3571/3329
f 3650/4223/3330 4239/3330/3330 3723/3323/3330 3315/4224/3330
f 3313/4219/3331 3724/4279/3331 4239/3330/3331 3650/4223/3331
f 3724/4279/3332 3364/4280/3332 3728/3331/3332 4239/3330/3332
f 3792/4281/3333 4240/3332/3333 3729/3335/3333 3362/4277/3333
f 3392/4282/3334 3817/3490/3334 4240/3332/3334 3792/4281/3334
f 3817/3490/3335 3391/3489/3335 3791/3333/3335 4240/3332/3335
f 3740/3339/3336 4241/3336/3336 3730/3337/3336 3366/3340/3336
f 3323/3246/3337 3665/3245/3337 4241/3336/3337 3740/3339/3337
f 3665/3245/3338 3321/3242/3338 3725/3321/3338 4241/3336/3338
f 3741/3343/3339 4242/3338/3339 3731/3341/3339 3367/3344/3339
f 3325/3250/3340 3668/3249/3340 4242/3338/3340 3741/3343/3340
f 3668/3249/3341 3323/3246/3341 3740/3339/3341 4242/3338/3341
f 3742/3347/3342 4243/3342/3342 3732/3345/3342 3368/3348/3342
f 3327/3254/3343 3671/3253/3343 4243/3342/3343 3742/3347/3343
f 3671/3253/3344 3325/3250/3344 3741/3343/3344 4243/3342/3344
f 3743/3351/3345 4244/3346/3345 3733/3349/3345 3369/3352/3345
f 3329/3258/3346 3674/3257/3346 4244/3346/3346 3743/3351/3346
f 3674/3257/3347 3327/3254/3347 3742/3347/3347 4244/3346/3347
f 3744/3355/3348 4245/3350/3348 3734/3353/3348 3370/3356/3348
f 3331/3262/3349 3677/3261/3349 4245/3350/3349 3744/3355/3349
f 3677/3261/3350 3329/3258/3350 3743/3351/3350 4245/3350/3350
f 4203/4179/3351 4246/3354/3351 4195/3357/3351 3634/4180/3351
f 3633/4176/3352 4194/4175/3352 4246/3354/3352 4203/4179/3352
f 4194/4175/3353 3331/3262/3353 3744/3355/3353 4246/3354/3353
f 4165/4091/3354 4247/3358/3354 4157/3361/3354 3604/4092/3354
f 3603/4088/3355 4156/4087/3355 4247/3358/3355 4165/4091/3355
f 4156/4087/3356 3333/3266/3356 3745/3359/3356 4247/3358/3356
f 4184/4135/3357 4248/3362/3357 4176/3365/3357 3619/4136/3357
f 3618/4132/3358 4175/4131/3358 4248/3362/3358 4184/4135/3358
f 4175/4131/3359 3335/3270/3359 3746/3363/3359 4248/3362/3359
f 3748/3371/3360 4249/3366/3360 3738/3369/3360 3374/3372/3360
f 3339/3278/3361 3689/3277/3361 4249/3366/3361 3748/3371/3361
f 3689/3277/3362 3337/3274/3362 3747/3367/3362 4249/3366/3362
f 3749/3558/3363 4250/3370/3363 3739/3373/3363 3375/3559/3363
f 3341/3282/3364 3692/3281/3364 4250/3370/3364 3749/3558/3364
f 3692/3281/3365 3339/3278/3365 3748/3371/3365 4250/3370/3365
f 3818/3492/3366 4251/3374/3366 3791/3333/3366 3391/3489/3366
f 3385/3495/3367 3750/3376/3367 4251/3374/3367 3818/3492/3367
f 3750/3376/3368 3366/3340/3368 3730/3337/3368 4251/3374/3368
f 3819/3494/3369 4252/3375/3369 3750/3376/3369 3385/3495/3369
f 3386/3499/3370 3751/3378/3370 4252/3375/3370 3819/3494/3370
f 3751/3378/3371 3367/3344/3371 3731/3341/3371 4252/3375/3371
f 3820/3498/3372 4253/3377/3372 3751/3378/3372 3386/3499/3372
f 3387/3503/3373 3752/3380/3373 4253/3377/3373 3820/3498/3373
f 3752/3380/3374 3368/3348/3374 3732/3345/3374 4253/3377/3374
f 3821/3502/3375 4254/3379/3375 3752/3380/3375 3387/3503/3375
f 3388/3533/3376 3753/3532/3376 4254/3379/3376 3821/3502/3376
f 3753/3532/3377 3369/3352/3377 3733/3349/3377 4254/3379/3377
f 3769/4221/3378 4255/3381/3378 3780/3384/3378 3502/4222/3378
f 3312/4220/3379 3661/4232/3379 4255/3381/3379 3769/4221/3379
f 3661/4232/3380 3320/4233/3380 3754/3382/3380 4255/3381/3380
f 3664/4234/3381 4256/3385/3381 3754/3382/3381 3320/4233/3381
f 3322/4235/3382 3755/3390/3382 4256/3385/3382 3664/4234/3382
f 3755/3390/3383 3508/3389/3383 3781/3386/3383 4256/3385/3383
f 3667/4236/3384 4257/3387/3384 3755/3390/3384 3322/4235/3384
f 3324/4237/3385 3756/3394/3385 4257/3387/3385 3667/4236/3385
f 3756/3394/3386 3509/3393/3386 3782/3388/3386 4257/3387/3386
f 3670/4238/3387 4258/3391/3387 3756/3394/3387 3324/4237/3387
f 3326/4239/3388 3757/3398/3388 4258/3391/3388 3670/4238/3388
f 3757/3398/3389 3510/3397/3389 3783/3392/3389 4258/3391/3389
f 3673/4240/3390 4259/3395/3390 3757/3398/3390 3326/4239/3390
f 3328/4241/3391 3758/3402/3391 4259/3395/3391 3673/4240/3391
f 3758/3402/3392 3511/3401/3392 3774/3396/3392 4259/3395/3392
f 3676/4242/3393 4260/3399/3393 3758/3402/3393 3328/4241/3393
f 3330/4243/3394 3759/3406/3394 4260/3399/3394 3676/4242/3394
f 3759/3406/3395 3512/3405/3395 3775/3400/3395 4260/3399/3395
f 3679/4283/3396 4261/3403/3396 3759/3406/3396 3330/4243/3396
f 3632/4246/3397 4204/4185/3397 4261/3403/3397 3679/4283/3397
f 4204/4185/3398 3635/4184/3398 4196/3404/3398 4261/3403/3398
f 3682/4284/3399 4262/3407/3399 3760/3410/3399 3332/4245/3399
f 3602/4249/3400 4166/4097/3400 4262/3407/3400 3682/4284/3400
f 4166/4097/3401 3605/4096/3401 4158/3408/3401 4262/3407/3401
f 3685/4285/3402 4263/3411/3402 3761/3414/3402 3334/4248/3402
f 3617/4252/3403 4185/4141/3403 4263/3411/3403 3685/4285/3403
f 4185/4141/3404 3620/4140/3404 4177/3412/3404 4263/3411/3404
f 3688/4253/3405 4264/3415/3405 3762/3418/3405 3336/4251/3405
f 3338/4254/3406 3763/3422/3406 4264/3415/3406 3688/4253/3406
f 3763/3422/3407 3516/3421/3407 3784/3416/3407 4264/3415/3407
f 3691/4255/3408 4265/3419/3408 3763/3422/3408 3338/4254/3408
f 3340/4256/3409 3764/3426/3409 4265/3419/3409 3691/4255/3409
f 3764/3426/3410 3517/3425/3410 3785/3420/3410 4265/3419/3410
f 3694/4257/3411 4266/3423/3411 3764/3426/3411 3340/4256/3411
f 3342/4258/3412 3765/3430/3412 4266/3423/3412 3694/4257/3412
f 3765/3430/3413 3518/3429/3413 3786/3424/3413 4266/3423/3413
f 3697/4259/3414 4267/3427/3414 3765/3430/3414 3342/4258/3414
f 3344/4260/3415 3766/3434/3415 4267/3427/3415 3697/4259/3415
f 3766/3434/3416 3519/3433/3416 3787/3428/3416 4267/3427/3416
f 3700/4261/3417 4268/3431/3417 3766/3434/3417 3344/4260/3417
f 3346/3436/3418 3767/3435/3418 4268/3431/3418 3700/4261/3418
f 3767/3435/3419 3520/4286/3419 3788/3432/3419 4268/3431/3419
f 3767/3435/3420 3768/3438/3420 3521/4287/3420 3520/4286/3420
f 3724/4279/3421 4269/3443/3421 3727/3446/3421 3364/4280/3421
f 3313/4219/3422 3648/3226/3422 4269/3443/3422 3724/4279/3422
f 3648/3226/3423 3503/3225/3423 3772/3444/3423 4269/3443/3423
f 3873/3584/3424 3427/3450/3424 3376/3449/3424 3797/4278/3424
f 3833/3540/3425 3401/3456/3425 3378/3455/3425 3799/3572/3425
f 3835/3461/3426 3801/3460/3426 3380/3457/3426 3403/3458/3426
f 3836/3465/3427 3802/3464/3427 3381/3459/3427 3404/3462/3427
f 3837/3469/3428 3803/3468/3428 3382/3463/3428 3405/3466/3428
f 3379/3571/3429 3797/4278/3429 3831/4228/3429 3402/4227/3429
f 3659/4231/3430 4270/3471/3430 3770/3474/3430 3319/3237/3430
f 3400/3537/3431 3838/4288/3431 4270/3471/3431 3659/4231/3431
f 3838/4288/3432 3551/4289/3432 3830/3472/3432 4270/3471/3432
f 3655/3238/3433 4271/3475/3433 3658/3478/3433 3318/4230/3433
f 3319/3237/3434 3770/3474/3434 4271/3475/3434 3655/3238/3434
f 3770/3474/3435 3505/3473/3435 3771/3476/3435 4271/3475/3435
f 3875/3589/3436 3422/3588/3436 3384/4290/3436 3807/4291/3436
f 3879/3593/3437 3426/3592/3437 3383/3467/3437 3809/4292/3437
f 3727/3446/3438 4272/3483/3438 3790/3486/3438 3364/4280/3438
f 3506/3445/3439 3810/4293/3439 4272/3483/3439 3727/3446/3439
f 3810/4293/3440 3536/4294/3440 3816/3484/3440 4272/3483/3440
f 3870/4295/3441 4273/3487/3441 3817/3490/3441 3392/4282/3441
f 3430/3574/3442 3880/3573/3442 4273/3487/3442 3870/4295/3442
f 3880/3573/3443 3429/3595/3443 3869/3488/3443 4273/3487/3443
f 3881/3594/3444 4274/3491/3444 3869/3488/3444 3429/3595/3444
f 3423/3596/3445 3863/3496/3445 4274/3491/3445 3881/3594/3445
f 3863/3496/3446 3385/3495/3446 3818/3492/3446 4274/3491/3446
f 3882/3598/3447 4275/3493/3447 3863/3496/3447 3423/3596/3447
f 3424/3597/3448 3864/3500/3448 4275/3493/3448 3882/3598/3448
f 3864/3500/3449 3386/3499/3449 3819/3494/3449 4275/3493/3449
f 3883/3600/3450 4276/3497/3450 3864/3500/3450 3424/3597/3450
f 3425/3599/3451 3865/3504/3451 4276/3497/3451 3883/3600/3451
f 3865/3504/3452 3387/3503/3452 3820/3498/3452 4276/3497/3452
f 3884/3601/3453 4277/3501/3453 3865/3504/3453 3425/3599/3453
f 3426/3592/3454 3866/3591/3454 4277/3501/3454 3884/3601/3454
f 3866/3591/3455 3388/3533/3455 3821/3502/3455 4277/3501/3455
f 3792/4281/3456 4278/3505/3456 3822/3508/3456 3392/4282/3456
f 3362/4277/3457 3726/3325/3457 4278/3505/3457 3792/4281/3457
f 3726/3325/3458 3363/3324/3458 3789/3506/3458 4278/3505/3458
f 3728/3331/3459 4279/3509/3459 3789/3506/3459 3363/3324/3459
f 3364/4280/3460 3790/3486/3460 4279/3509/3460 3728/3331/3460
f 3790/3486/3461 3390/3485/3462 3823/3510/3463 4279/3509/3461
f 3808/4296/3464 4280/3511/3464 3824/3514/3464 3393/4297/3464
f 3375/3559/3465 3739/3373/3465 4280/3511/3465 3808/4296/3465
f 3739/3373/3466 3374/3372/3466 3811/3512/3466 4280/3511/3466
f 3811/3512/3467 4281/3515/3467 3825/3518/3467 3394/3513/3467
f 3374/3372/3468 3738/3369/3468 4281/3515/3468 3811/3512/3468
f 3738/3369/3469 3373/3368/3469 3812/3516/3469 4281/3515/3469
f 4186/4147/3470 4282/3519/3470 4178/3522/3470 3622/4148/3470
f 3619/4136/3471 4176/3365/3471 4282/3519/3471 4186/4147/3471
f 4176/3365/3472 3372/3364/3472 3813/3520/3472 4282/3519/3472
f 4167/4103/3473 4283/3523/3473 4159/3526/3473 3607/4104/3473
f 3604/4092/3474 4157/3361/3474 4283/3523/3474 4167/4103/3474
f 4157/3361/3475 3371/3360/3475 3814/3524/3475 4283/3523/3475
f 4205/4191/3476 4284/3527/3476 4197/3530/3476 3637/4192/3476
f 3634/4180/3477 4195/3357/3477 4284/3527/3477 4205/4191/3477
f 4195/3357/3478 3370/3356/3478 3815/3528/3021 4284/3527/3020
f 3815/3528/3479 4285/3531/3479 3829/3534/3479 3398/3529/3479
f 3370/3356/3480 3734/3353/3480 4285/3531/3480 3815/3528/3480
f 3734/3353/3481 3369/3352/3481 3753/3532/3481 4285/3531/3481
f 3797/4278/3482 3376/3449/3482 3399/3536/3482 3831/4228/3482
f 3377/3451/3483 3779/3327/3483 3838/4288/3483 3400/3537/3483
f 3722/4225/3484 4286/3538/3484 3833/3540/3484 3402/4227/3484
f 3316/4226/3485 3704/4263/3485 4286/3538/3485 3722/4225/3485
f 3704/4263/3486 3350/4264/3486 3721/3539/3486 4286/3538/3486
f 3707/4265/3487 4287/3541/3487 3721/3539/3487 3350/4264/3487
f 3352/4266/3488 3793/3543/3488 4287/3541/3488 3707/4265/3488
f 3793/3543/3489 3403/3458/3489 3834/3453/3489 4287/3541/3489
f 3710/4267/3490 4288/3542/3490 3793/3543/3490 3352/4266/3490
f 3354/4268/3491 3794/3545/3491 4288/3542/3491 3710/4267/3491
f 3794/3545/3492 3404/3462/3492 3835/3461/3492 4288/3542/3492
f 3713/4269/3493 4289/3544/3493 3794/3545/3493 3354/4268/3493
f 3356/4270/3494 3795/3547/3494 4289/3544/3494 3713/4269/3494
f 3795/3547/3495 3405/3466/3495 3836/3465/3495 4289/3544/3495
f 3716/4271/3496 4290/3546/3496 3795/3547/3496 3356/4270/3496
f 3358/4272/3497 3796/3618/3497 4290/3546/3497 3716/4271/3497
f 3796/3618/3498 3406/3470/3498 3837/3469/3498 4290/3546/3498
f 3779/3327/3499 3522/3326/3499 3551/4289/3499 3838/4288/3499
f 3847/3564/3500 3848/3563/3500 3412/3607/3056 3413/3606/3055
f 3842/3440/3501 4291/3549/3501 3840/3552/3501 3409/3441/3501
f 3347/3294/3502 3701/3293/3502 4291/3549/3502 3842/3440/3502
f 3701/3293/3503 3345/3290/3503 3843/3550/3503 4291/3549/3503
f 3843/3550/3504 4292/3553/3504 3839/3556/3504 3408/3551/3504
f 3345/3290/3505 3698/3289/3505 4292/3553/3505 3843/3550/3505
f 3698/3289/3506 3343/3286/3506 3844/3554/3506 4292/3553/3506
f 3844/3554/3507 4293/3557/3507 3845/3560/3507 3407/3555/3507
f 3343/3286/3508 3695/3285/3508 4293/3557/3508 3844/3554/3508
f 3695/3285/3509 3341/3282/3509 3749/3558/3509 4293/3557/3509
f 3848/3563/3510 4294/3565/3510 3846/3568/3510 3412/3607/3510
f 3409/3441/3511 3840/3552/3511 4294/3565/3511 3848/3563/3511
f 3840/3552/3512 3408/3551/3512 3849/3566/3512 4294/3565/3512
f 3854/4298/3513 4295/4299/3513 3851/3578/3513 3416/3577/3513
f 3433/4300/3514 3885/4301/3514 4295/4299/3514 3854/4298/3514
f 3849/3566/3515 4296/3575/3515 3851/3578/3515 3411/3567/3515
f 3408/3551/3516 3839/3556/3516 4296/3575/3516 3849/3566/3516
f 3839/3556/3517 3407/3555/3517 3855/3576/3517 4296/3575/3517
f 3808/4296/3518 4297/3579/3518 3845/3560/3518 3375/3559/3518
f 3393/4297/3519 3853/4302/3519 4297/3579/3519 3808/4296/3519
f 3853/4302/3520 3416/3577/3520 3855/3576/3520 4297/3579/3520
f 3852/4303/3521 3417/4304/3521 3421/4305/3521 3860/4306/3521
f 3807/4291/3522 3384/4290/3522 3418/4307/3522 3859/4308/3522
f 3816/3484/3523 4298/3580/3523 3868/3581/3523 3390/3485/3523
f 3536/4294/3524 3861/4309/3524 4298/3580/3524 3816/3484/3524
f 3861/4309/3525 3571/3329/3525 3872/3328/3525 4298/3580/3525
f 3870/4295/3526 4299/3582/3526 3873/3584/3526 3430/3574/3526
f 3392/4282/3527 3822/3508/3527 4299/3582/3527 3870/4295/3527
f 3822/3508/3528 3389/3507/3528 3867/3583/3528 4299/3582/3528
f 3823/3510/3529 4300/3585/3529 3867/3583/3529 3389/3507/3529
f 3390/3485/3462 3868/3581/3530 4300/3585/3530 3823/3510/3463
f 3868/3581/3531 3428/3452/3531 3874/3447/3531 4300/3585/3531
f 3824/3514/3532 3394/3513/3532 3862/3587/3532 4301/3586/3532
f 3829/3534/3533 3388/3533/3533 3866/3591/3533 4302/3590/3533
f 3799/3572/3534 3378/3455/3534 3429/3595/3534 3880/3573/3534
f 3801/3460/3535 3882/3598/3535 3423/3596/3535 3380/3457/3535
f 3802/3464/3536 3883/3600/3536 3424/3597/3536 3381/3459/3536
f 3803/3468/3537 3884/3601/3537 3425/3599/3537 3382/3463/3537
f 3417/4304/3538 3852/4303/3538 3885/4301/3538 3433/4300/3538
f 3809/4292/3539 3383/3467/3539 3406/3470/3539 3886/4310/3539
f 3719/4311/3540 4303/3616/3540 3796/3618/3540 3358/4272/3540
f 3435/4312/3541 3893/3626/3541 4303/3616/3541 3719/4311/3541
f 3893/3626/3542 3437/3625/3542 3891/3617/3542 4303/3616/3542
f 3719/4311/3543 4304/3619/3543 3892/3622/3543 3435/4312/3543
f 3358/4272/3544 3715/3315/3544 4304/3619/3544 3719/4311/3544
f 3715/3315/3545 3359/3314/3545 3890/3620/3545 4304/3619/3545
f 4144/4313/3546 4305/3623/3546 3893/3626/3546 3435/4312/3546
f 3597/4275/3547 4150/4069/3547 4305/3623/3547 4144/4313/3547
f 4150/4069/3548 3596/4068/3548 4143/3624/3548 4305/3623/3548
f 3900/3632/3549 4306/3627/3063 3899/3630/3065 3594/3633/3549
f 3436/3621/3550 3890/3620/3550 4306/3627/3550 3900/3632/3550
f 3890/3620/3551 3359/3314/3551 3901/3628/3551 4306/3627/3551
f 4151/4071/3552 4307/3631/3552 4145/3634/3552 3598/4072/3552
f 3595/4064/3553 4142/4063/3553 4307/3631/3553 4151/4071/3553
f 4142/4063/3554 3436/3621/3554 3900/3632/3554 4307/3631/3554
f 3901/3628/3555 4308/3635/3555 3897/3638/3555 3592/3629/3555
f 3359/3314/3556 3717/3313/3556 4308/3635/3556 3901/3628/3556
f 3717/3313/3557 3357/3310/3557 3903/3636/3557 4308/3635/3557
f 3903/3636/3558 4309/3639/3068 3896/3642/3070 3591/3637/3558
f 3357/3310/3559 3714/3309/3559 4309/3639/3559 3903/3636/3559
f 3714/3309/3560 3355/3306/3560 3904/3640/3560 4309/3639/3560
f 3904/3640/3561 4310/3643/3561 3895/3646/3561 3590/3641/3561
f 3355/3306/3562 3711/3305/3562 4310/3643/3562 3904/3640/3562
f 3711/3305/3563 3353/3302/3563 3905/3644/3563 4310/3643/3563
f 3905/3644/3564 4311/3647/3564 3894/3650/3564 3589/3645/3564
f 3353/3302/3565 3708/3301/3565 4311/3647/3565 3905/3644/3565
f 3708/3301/3566 3351/3298/3566 3906/3648/3566 4311/3647/3566
f 3658/3478/3567 4312/3651/3567 3705/3297/3567 3318/4230/3567
f 3504/3477/3568 3907/4314/3568 4312/3651/3568 3658/3478/3568
f 3907/4314/3569 3588/3649/3569 3906/3648/3569 4312/3651/3569
f 4030/4315/3570 4313/3652/3570 3773/3655/3570 3502/4316/3570
f 3438/4317/3571 3908/4318/3571 4313/3652/3571 4030/4315/3571
f 3908/4318/3572 3439/4319/3572 3909/3653/3572 4313/3652/3572
f 3911/4320/3573 4314/3656/3573 3912/3659/3573 3441/4321/3573
f 3439/4319/3574 3908/4318/3574 4314/3656/3574 3911/4320/3574
f 3908/4318/3575 3438/4317/3575 3910/3657/3575 4314/3656/3575
f 4073/3891/3576 4315/3660/3576 3915/3663/3576 3547/3892/3576
f 3550/3878/3577 3983/4322/3577 4315/3660/3577 4073/3891/3577
f 3983/4322/3578 3442/4323/3578 3913/3661/3578 4315/3660/3578
f 3913/3661/3579 4316/3664/3579 3918/3667/3579 3443/3662/3579
f 3442/4323/3580 3917/4324/3580 4316/3664/3580 3913/3661/3580
f 3917/4324/3581 3444/4325/3581 3916/3665/3581 4316/3664/3581
f 3920/4326/3582 4317/3668/3582 3918/3667/3582 3445/3666/3582
f 3548/3967/3583 4074/4327/3583 4317/3668/3583 3920/4326/3583
f 4074/4327/3584 3547/3892/3584 3915/3663/3584 4317/3668/3584
f 3910/3657/3585 4318/3669/3585 3923/3672/3585 3440/3658/3585
f 3438/4317/3586 3922/4328/3586 4318/3669/3586 3910/3657/3586
f 3922/4328/3587 3446/4329/3587 3921/3670/3587 4318/3669/3587
f 3921/3670/3588 4319/3673/3588 3926/3676/3588 3447/3671/3588
f 3446/4329/3589 3925/4330/3589 4319/3673/3589 3921/3670/3589
f 3925/4330/3590 3448/4331/3590 3924/3674/3590 4319/3673/3590
f 3924/3674/3591 4320/3677/3591 3929/3680/3591 3449/3675/3591
f 3448/4331/3592 3928/4332/3592 4320/3677/3592 3924/3674/3592
f 3928/4332/3593 3450/4333/3593 3927/3678/3593 4320/3677/3593
f 3927/3678/3594 4321/3681/3594 3932/3684/3594 3451/3679/3594
f 3450/4333/3595 3931/4334/3595 4321/3681/3595 3927/3678/3595
f 3931/4334/3596 3452/4335/3596 3930/3682/3596 4321/3681/3596
f 3930/3682/3597 4322/3685/3597 3935/3688/3597 3453/3683/3597
f 3452/4335/3598 3934/4336/3598 4322/3685/3598 3930/3682/3598
f 3934/4336/3599 3454/4337/3599 3933/3686/3599 4322/3685/3599
f 3933/3686/3600 4323/3689/3600 3938/3692/3600 3455/3687/3600
f 3454/4337/3601 3937/4338/3601 4323/3689/3601 3933/3686/3601
f 3937/4338/3602 3456/4339/3602 3936/3690/3602 4323/3689/3602
f 4207/4201/3603 4324/3693/3603 3941/3696/3603 3641/4202/3603
f 3640/4340/3604 4198/4341/3604 4324/3693/3604 4207/4201/3604
f 4198/4341/3605 3458/4342/3605 3939/3694/3605 4324/3693/3605
f 4169/4113/3606 4325/3697/3606 3944/3700/3606 3611/4114/3606
f 3610/4343/3607 4160/4344/3608 4325/3697/3608 4169/4113/3609
f 4160/4344/3610 3460/4345/3610 3942/3698/3610 4325/3697/3610
f 4188/4157/3611 4326/3701/3611 3947/3704/3611 3626/4158/3611
f 3625/4346/3612 4179/4347/3612 4326/3701/3612 4188/4157/3612
f 4179/4347/3613 3462/4348/3613 3945/3702/3613 4326/3701/3613
f 3945/3702/3614 4327/3705/3614 3950/3708/3614 3463/3703/3614
f 3462/4348/3615 3949/4349/3615 4327/3705/3615 3945/3702/3615
f 3949/4349/3616 3464/4350/3616 3948/3706/3616 4327/3705/3616
f 3948/3706/3617 4328/3709/3617 3953/3712/3617 3465/3707/3617
f 3464/4350/3618 3952/4351/3618 4328/3709/3618 3948/3706/3618
f 3952/4351/3619 3466/4352/3619 3951/3710/3619 4328/3709/3619
f 3951/3710/3620 4329/3713/3620 3956/3716/3620 3467/3711/3620
f 3466/4352/3621 3955/4353/3621 4329/3713/3621 3951/3710/3621
f 3955/4353/3622 3468/4354/3622 3954/3714/3622 4329/3713/3622
f 3954/3714/3623 4330/3717/3623 3959/3720/3623 3469/3715/3623
f 3468/4354/3624 3958/4355/3624 4330/3717/3624 3954/3714/3624
f 3958/4355/3625 3470/4356/3625 3957/3718/3625 4330/3717/3625
f 3957/3718/3626 4331/3721/3626 3962/3722/3626 3471/3719/3626
f 3470/4356/3627 3961/4357/3627 4331/3721/3627 3957/3718/3627
f 3961/4357/3628 3472/3727/3628 3960/3602/3628 4331/3721/3628
f 3917/4324/3629 4332/3729/3629 3966/3732/3629 3444/4325/3629
f 3442/4323/3630 3965/4358/3630 4332/3729/3630 3917/4324/3630
f 3965/4358/3631 3476/4359/3631 3964/3730/3631 4332/3729/3631
f 3964/3730/3632 4333/3733/3632 3969/3736/3632 3477/3731/3632
f 3476/4359/3633 3968/4360/3633 4333/3733/3633 3964/3730/3633
f 3968/4360/3634 3478/4361/3634 3967/3734/3634 4333/3733/3634
f 3967/3734/3635 4334/3737/3635 3972/3740/3635 3479/3735/3635
f 3478/4361/3636 3971/4362/3636 4334/3737/3636 3967/3734/3636
f 3971/4362/3637 3480/4363/3637 3970/3738/3637 4334/3737/3637
f 3970/3738/3638 4335/3741/3638 3975/3744/3638 3481/3739/3638
f 3480/4363/3639 3974/4364/3639 4335/3741/3639 3970/3738/3639
f 3974/4364/3640 3482/4365/3640 3973/3742/3640 4335/3741/3640
f 3973/3742/3641 4336/3745/3641 3978/3748/3641 3483/3743/3641
f 3482/4365/3642 3977/4366/3642 4336/3745/3642 3973/3742/3642
f 3977/4366/3643 3484/4367/3643 3976/3746/3643 4336/3745/3643
f 4152/4075/3644 4337/3749/3644 3981/3752/3644 3599/4076/3644
f 3601/4368/3645 4130/4369/3645 4337/3749/3645 4152/4075/3645
f 4130/4369/3646 3486/4370/3646 3979/3750/3646 4337/3749/3646
f 3990/3766/3647 4338/3753/3647 3986/3754/3647 3491/3767/3647
f 3488/4371/3648 3914/4372/3648 4338/3753/3648 3990/3766/3648
f 3914/4372/3649 3440/3658/3649 3923/3672/3649 4338/3753/3649
f 3912/3659/3650 4339/3755/3650 3984/3758/3650 3441/4321/3650
f 3440/3658/3651 3914/4372/3651 4339/3755/3651 3912/3659/3651
f 3914/4372/3652 3488/4371/3652 3987/3756/3652 4339/3755/3652
f 4113/3609/3653 3578/4005/3653 3524/3966/3653 4032/3610/3653
f 3985/4373/3654 4340/3763/3654 3989/3764/3654 3490/4374/3654
f 3439/4319/3655 3911/4320/3655 4340/3763/3655 3985/4373/3655
f 3911/4320/3656 3441/4321/3656 3984/3758/3656 4340/3763/3656
f 4060/3906/3657 4341/3765/3657 4035/3768/3657 3539/3907/3657
f 3540/4375/3658 4036/4376/3658 4341/3765/3658 4060/3906/3658
f 4036/4376/3659 3488/4371/3659 3990/3766/3659 4341/3765/3659
f 3926/3676/3660 4342/3769/3660 3986/3754/3660 3447/3671/3660
f 3449/3675/3661 4001/3774/3661 4342/3769/3661 3926/3676/3661
f 4001/3774/3662 3492/3773/3662 3991/3770/3662 4342/3769/3662
f 3929/3680/3663 4343/3771/3663 4001/3774/3663 3449/3675/3663
f 3451/3679/3664 4002/3778/3664 4343/3771/3664 3929/3680/3664
f 4002/3778/3665 3493/3777/3665 3992/3772/3665 4343/3771/3665
f 3932/3684/3666 4344/3775/3666 4002/3778/3666 3451/3679/3666
f 3453/3683/3667 4003/3782/3667 4344/3775/3667 3932/3684/3667
f 4003/3782/3668 3494/3781/3668 3993/3776/3668 4344/3775/3668
f 3935/3688/3669 4345/3779/3669 4003/3782/3669 3453/3683/3669
f 3455/3687/3670 4004/3786/3670 4345/3779/3670 3935/3688/3670
f 4004/3786/3671 3495/3785/3671 3994/3780/3671 4345/3779/3671
f 3938/3692/3672 4346/3783/3672 4004/3786/3672 3455/3687/3672
f 3457/3691/3673 4005/3790/3673 4346/3783/3673 3938/3692/3673
f 4005/3790/3674 3496/3789/3674 3995/3784/3674 4346/3783/3674
f 4199/4203/3675 4347/3787/3675 4005/3790/3675 3457/3691/3675
f 3641/4202/3676 4208/4207/3676 4347/3787/3676 4199/4203/3676
f 4208/4207/3677 3642/4206/3677 4200/3788/3677 4347/3787/3677
f 4161/4115/3678 4348/3791/3678 4006/3794/3678 3459/3695/3678
f 3611/4114/3679 4170/4119/3679 4348/3791/3679 4161/4115/3679
f 4170/4119/3680 3612/4118/3680 4162/3792/3680 4348/3791/3680
f 4180/4159/3681 4349/3795/3681 4007/3798/3681 3461/3699/3681
f 3626/4158/3682 4189/4163/3682 4349/3795/3682 4180/4159/3682
f 4189/4163/3683 3627/4162/3683 4181/3796/3683 4349/3795/3683
f 3950/3708/3684 4350/3799/3684 4008/3802/3684 3463/3703/3684
f 3465/3707/3685 4009/3806/3685 4350/3799/3685 3950/3708/3685
f 4009/3806/3686 3500/3805/3686 3999/3800/3686 4350/3799/3686
f 3953/3712/3687 4351/3803/3687 4009/3806/3687 3465/3707/3687
f 3467/3711/3688 4010/3983/3688 4351/3803/3688 3953/3712/3688
f 4010/3983/3689 3501/3982/3689 4000/3804/3689 4351/3803/3689
f 4011/3809/3690 4352/3807/3690 3991/3770/3690 3492/3773/3690
f 3532/3913/3691 4061/3910/3691 4352/3807/3691 4011/3809/3691
f 4061/3910/3692 3539/3907/3692 4035/3768/3692 4352/3807/3692
f 4012/3811/3693 4353/3808/3693 3992/3772/3693 3493/3777/3693
f 3533/3917/3694 4062/3914/3694 4353/3808/3694 4012/3811/3694
f 4062/3914/3695 3532/3913/3695 4011/3809/3695 4353/3808/3695
f 4013/3813/3696 4354/3810/3696 3993/3776/3696 3494/3781/3696
f 3534/3921/3697 4063/3918/3697 4354/3810/3697 4013/3813/3697
f 4063/3918/3698 3533/3917/3698 4012/3811/3698 4354/3810/3698
f 4014/3952/3699 4355/3812/3699 3994/3780/3699 3495/3785/3699
f 3535/3951/3700 4064/3922/3700 4355/3812/3700 4014/3952/3700
f 4064/3922/3701 3534/3921/3701 4013/3813/3701 4355/3812/3701
f 3922/4328/3702 4356/3814/3702 4015/3817/3702 3446/4329/3702
f 3438/4317/3703 4030/4315/3703 4356/3814/3703 3922/4328/3703
f 4030/4315/3704 3502/4316/3704 3780/3815/3704 4356/3814/3704
f 4016/3821/3705 4357/3818/3705 3781/3819/3705 3508/3822/3705
f 3448/4331/3706 3925/4330/3706 4357/3818/3706 4016/3821/3706
f 3925/4330/3707 3446/4329/3707 4015/3817/3707 4357/3818/3707
f 4017/3825/3708 4358/3820/3708 3782/3823/3708 3509/3826/3708
f 3450/4333/3709 3928/4332/3709 4358/3820/3709 4017/3825/3709
f 3928/4332/3710 3448/4331/3710 4016/3821/3710 4358/3820/3710
f 4018/3829/3711 4359/3824/3711 3783/3827/3711 3510/3830/3711
f 3452/4335/3712 3931/4334/3712 4359/3824/3712 4018/3829/3712
f 3931/4334/3713 3450/4333/3713 4017/3825/3713 4359/3824/3713
f 4019/3833/3714 4360/3828/3714 3774/3831/3714 3511/3834/3714
f 3454/4337/3715 3934/4336/3715 4360/3828/3715 4019/3833/3715
f 3934/4336/3716 3452/4335/3716 4018/3829/3716 4360/3828/3716
f 4020/3837/3717 4361/3832/3717 3775/3835/3717 3512/3838/3717
f 3456/4339/3718 3937/4338/3718 4361/3832/3718 4020/3837/3718
f 3937/4338/3719 3454/4337/3719 4019/3833/3719 4361/3832/3719
f 4209/4209/3720 4362/3836/3720 4196/3839/3720 3635/4210/3720
f 3640/4340/3721 3940/4377/3721 4362/3836/3721 4209/4209/3721
f 3940/4377/3722 3456/4339/3722 4020/3837/3722 4362/3836/3722
f 4171/4121/3723 4363/3840/3723 4158/3843/3723 3605/4122/3723
f 3610/4343/3724 3943/4378/3724 4363/3840/3724 4171/4121/3724
f 3943/4378/3725 3458/4342/3725 4021/3841/3725 4363/3840/3725
f 4190/4165/3726 4364/3844/3726 4177/3847/3726 3620/4166/3726
f 3625/4346/3727 3946/4379/3727 4364/3844/3727 4190/4165/3727
f 3946/4379/3728 3460/4345/3728 4022/3845/3728 4364/3844/3728
f 4024/3853/3729 4365/3848/3729 3784/3851/3729 3516/3854/3729
f 3464/4350/3730 3949/4349/3730 4365/3848/3730 4024/3853/3730
f 3949/4349/3731 3462/4348/3731 4023/3849/3731 4365/3848/3731
f 4025/3857/3132 4366/3852/3732 3785/3855/3732 3517/3858/3133
f 3466/4352/3733 3952/4351/3733 4366/3852/3733 4025/3857/3733
f 3952/4351/3734 3464/4350/3734 4024/3853/3734 4366/3852/3734
f 4026/3861/3735 4367/3856/3735 3786/3859/3735 3518/3862/3735
f 3468/4354/3736 3955/4353/3736 4367/3856/3736 4026/3861/3736
f 3955/4353/3737 3466/4352/3737 4025/3857/3737 4367/3856/3737
f 4027/3865/3738 4368/3860/3738 3787/3863/3738 3519/3866/3738
f 3470/4356/3739 3958/4355/3739 4368/3860/3739 4027/3865/3739
f 3958/4355/3740 3468/4354/3740 4026/3861/3740 4368/3860/3740
f 4028/3726/3741 4369/3864/3741 3788/3867/3741 3520/3723/3741
f 3472/3727/3742 3961/4357/3742 4369/3864/3742 4028/3726/3742
f 3961/4357/3743 3470/4356/3743 4027/3865/3743 4369/3864/3743
f 3475/3604/3744 4083/4380/3744 4084/4381/3744 3473/3605/3744
f 3472/3727/3745 4028/3726/3745 4029/3725/3745 3474/3728/3745
f 3909/3653/3746 4370/3868/3746 3772/3871/3746 3503/3654/3746
f 3439/4319/3747 3985/4373/3747 4370/3868/3747 3909/3653/3747
f 3985/4373/3748 3490/4374/3748 3988/3869/3748 4370/3868/3748
f 3578/4005/3749 4115/4009/3749 4042/4382/3749 3524/3966/3749
f 4115/4009/3750 3577/3762/3750 3523/3761/3750 4042/4382/3750
f 3552/3961/3751 4076/3958/3751 4044/4383/3751 3527/4384/3751
f 4076/3958/3752 3549/3615/3752 3525/3614/3752 4044/4383/3752
f 4077/3880/3753 3552/3961/3753 3527/4384/3753 4045/3881/3753
f 4078/3884/3754 3553/3879/3754 3528/3882/3754 4046/3885/3754
f 4079/3888/3755 3554/3883/3755 3529/3886/3755 4047/3889/3755
f 4080/3953/3756 4371/3893/3756 3830/3896/3756 3551/3954/3756
f 3548/3967/3757 3920/4326/3757 4371/3893/3757 4080/3953/3757
f 3920/4326/3758 3445/3666/3758 4031/3894/3758 4371/3893/3758
f 4031/3894/3759 4372/3897/3759 3771/3900/3759 3505/3895/3759
f 3445/3666/3760 3916/3665/3760 4372/3897/3760 4031/3894/3760
f 3916/3665/3761 3444/4325/3761 3919/3898/3761 4372/3897/3761
f 4120/4013/3762 4053/4385/3762 3530/3890/3762 3576/4014/3762
f 3810/4386/3763 4373/3901/3763 4059/3904/3763 3536/4387/3763
f 3506/3870/3764 3988/3869/3764 4373/3901/3764 3810/4386/3764
f 3988/3869/3765 3490/4374/3765 4034/3902/3765 4373/3901/3765
f 4121/4016/3766 4374/3905/3766 4110/3908/3766 3579/4388/3766
f 3580/3873/3767 4111/4389/3767 4374/3905/3767 4121/4016/3767
f 4111/4389/3768 3540/4375/3768 4060/3906/3768 4374/3905/3768
f 4104/3912/3769 4375/3909/3769 4061/3910/3769 3532/3913/3769
f 3573/4390/3770 4122/4391/3770 4375/3909/3770 4104/3912/3770
f 4122/4391/3771 3579/4388/3771 4110/3908/3771 4375/3909/3771
f 4105/3916/3772 4376/3911/3772 4062/3914/3772 3533/3917/3772
f 3574/4018/3773 4123/4017/3773 4376/3911/3773 4105/3916/3773
f 4123/4017/3774 3573/4390/3774 4104/3912/3774 4376/3911/3774
f 4106/3920/3775 4377/3915/3775 4063/3918/3775 3534/3921/3775
f 3575/4020/3776 4124/4019/3776 4377/3915/3776 4106/3920/3776
f 4124/4019/3777 3574/4018/3777 4105/3916/3777 4377/3915/3777
f 4107/4015/3778 4378/3919/3778 4064/3922/3778 3535/3951/3778
f 3576/4014/3779 4125/4021/3779 4378/3919/3779 4107/4015/3779
f 4125/4021/3780 3575/4020/3780 4106/3920/3780 4378/3919/3780
f 3987/3756/3781 4379/3923/3781 4033/3926/3781 3489/3757/3781
f 3488/4371/3782 4036/4376/3782 4379/3923/3782 3987/3756/3782
f 4036/4376/3783 3540/4375/3783 4065/3924/3783 4379/3923/3783
f 4034/3902/3784 4380/3927/3784 4066/3928/3784 3538/3903/3784
f 3490/4374/3785 3989/3764/3785 4380/3927/3785 4034/3902/3785
f 3989/3764/3786 3489/3757/3786 4033/3926/3786 4380/3927/3786
f 4000/3804/3787 4381/3929/3787 4054/3932/3787 3500/3805/3787
f 3501/3982/3788 4052/4392/3788 4381/3929/3788 4000/3804/3788
f 4052/4392/3789 3541/4393/3789 4067/3930/3789 4381/3929/3789
f 3999/3800/3790 4382/3933/3790 4055/3936/3790 3499/3801/3790
f 3500/3805/3791 4054/3932/3791 4382/3933/3791 3999/3800/3791
f 4054/3932/3792 3542/3931/3792 4068/3934/3792 4382/3933/3792
f 4181/3796/3793 4383/3937/3793 4056/3940/3793 3498/3797/3793
f 3627/4162/3794 4191/4171/3794 4383/3937/3794 4181/3796/3794
f 4191/4171/3795 3629/4170/3795 4182/3938/3795 4383/3937/3795
f 4162/3792/3796 4384/3941/3796 4057/3944/3796 3497/3793/3796
f 3612/4118/3797 4172/4127/3797 4384/3941/3797 4162/3792/3797
f 4172/4127/3798 3614/4126/3798 4163/3942/3798 4384/3941/3798
f 4200/3788/3799 4385/3945/3799 4058/3948/3799 3496/3789/3799
f 3642/4206/3800 4210/4215/3800 4385/3945/3800 4200/3788/3800
f 4210/4215/3801 3644/4214/3801 4201/3946/3801 4385/3945/3801
f 3995/3784/3802 4386/3949/3802 4014/3952/3802 3495/3785/3802
f 3496/3789/3803 4058/3948/3803 4386/3949/3803 3995/3784/3803
f 4058/3948/3804 3546/3947/3804 4072/3950/3804 4386/3949/3804
f 3524/3966/3805 4042/4382/3805 4074/4327/3805 3548/3967/3805
f 4042/4382/3806 3523/3761/3806 3547/3892/3806 4074/4327/3806
f 3965/4358/3807 4387/3955/3807 3982/3956/3807 3476/4359/3807
f 3442/4323/3808 3983/4322/3808 4387/3955/3808 3965/4358/3808
f 3983/4322/3809 3550/3878/3809 4075/3612/3809 4387/3955/3809
f 4037/3960/3810 4388/3957/3810 4076/3958/3810 3552/3961/3810
f 3478/4361/3811 3968/4360/3811 4388/3957/3811 4037/3960/3811
f 3968/4360/3812 3476/4359/3812 3982/3956/3812 4388/3957/3812
f 4038/3963/3813 4389/3959/3813 4077/3880/3813 3553/3879/3813
f 3480/4363/3814 3971/4362/3814 4389/3959/3814 4038/3963/3814
f 3971/4362/3815 3478/4361/3815 4037/3960/3815 4389/3959/3815
f 4039/3965/3816 4390/3962/3816 4078/3884/3816 3554/3883/3816
f 3482/4365/3817 3974/4364/3818 4390/3962/3818 4039/3965/3819
f 3974/4364/3820 3480/4363/3820 4038/3963/3820 4390/3962/3820
f 4040/4027/3821 4391/3964/3821 4079/3888/3821 3555/3887/3821
f 3484/4367/3822 3977/4366/3822 4391/3964/3822 4040/4027/3822
f 3977/4366/3823 3482/4365/3817 4039/3965/3819 4391/3964/3823
f 4083/4380/3824 3559/3968/3824 3558/3971/3824 4084/4381/3824
f 3962/3722/3825 4392/3972/3825 4085/3975/3825 3471/3719/3825
f 3473/3605/3826 4084/4381/3826 4392/3972/3826 3962/3722/3826
f 4084/4381/3827 3558/3971/3827 4082/3973/3827 4392/3972/3827
f 3959/3720/3828 4393/3976/3828 4086/3979/3828 3469/3715/3828
f 3471/3719/3829 4085/3975/3829 4393/3976/3829 3959/3720/3829
f 4085/3975/3830 3557/3974/3830 4081/3977/3830 4393/3976/3830
f 3956/3716/3831 4394/3980/3831 4010/3983/3831 3467/3711/3831
f 3469/3715/3832 4086/3979/3832 4394/3980/3832 3956/3716/3832
f 4086/3979/3833 3556/3978/3833 4087/3981/3833 4394/3980/3833
f 4089/3969/3834 3562/3999/3834 3561/4002/3834 4090/3970/3834
f 4082/3973/3835 4395/3984/3835 4091/3987/3835 3557/3974/3835
f 3558/3971/3836 4090/3970/3836 4395/3984/3836 4082/3973/3836
f 4090/3970/3837 3561/4002/3837 4088/3985/3837 4395/3984/3837
f 4043/3613/3838 4121/4016/3838 3579/4388/3838 3525/3614/3838
f 3583/4023/3839 4096/4394/3840 4396/4395/3841 4126/4024/3841
f 4096/4394/3842 3565/3996/3843 4093/3995/3844 4396/4395/3844
f 4081/3977/3845 4397/3994/3845 4097/3997/3845 3556/3978/3845
f 3557/3974/3846 4091/3987/3846 4397/3994/3846 4081/3977/3846
f 4091/3987/3847 3560/3986/3847 4093/3995/3847 4397/3994/3847
f 4095/4396/3848 4398/3998/3848 4097/3997/3848 3565/3996/3848
f 3541/4393/3849 4052/4392/3849 4398/3998/3849 4095/4396/3849
f 4052/4392/3850 3501/3982/3850 4087/3981/3850 4398/3998/3850
f 4094/4025/3851 4102/4397/3851 3570/4398/3851 3566/4022/3851
f 4051/3875/3852 4101/4399/3852 3567/4400/3852 3531/3876/3852
f 4053/4385/3853 4127/4401/3853 3555/3887/3853 3530/3890/3853
f 3861/4402/3854 4399/4003/3854 4113/3609/3854 3571/3608/3854
f 3536/4387/3855 4059/3904/3855 4399/4003/3855 3861/4402/3855
f 4059/3904/3856 3538/3903/3856 4109/4004/3856 4399/4003/3856
f 4065/3924/3857 4400/4006/3857 4108/4007/3857 3537/3925/3857
f 3540/4375/3858 4111/4389/3858 4400/4006/3858 4065/3924/3858
f 4111/4389/3859 3580/3873/3859 4114/3759/3859 4400/4006/3859
f 4109/4004/3860 4401/4008/3860 4115/4009/3861 3578/4005/3861
f 3538/3903/3862 4066/3928/3862 4401/4008/3860 4109/4004/3860
f 4066/3928/3863 3537/3925/3863 4108/4007/3863 4401/4008/3863
f 4067/3930/3864 4402/4010/3864 4103/4011/3864 3542/3931/3864
f 4072/3950/3865 4403/4012/3865 4107/4015/3865 3535/3951/3865
f 3527/4384/3866 4044/4383/3866 4122/4391/3866 3573/4390/3866
f 4044/4383/3867 3525/3614/3867 3579/4388/3867 4122/4391/3867
f 4045/3881/3868 3527/4384/3868 3573/4390/3868 4123/4017/3868
f 4046/3885/3869 3528/3882/3869 3574/4018/3869 4124/4019/3869
f 4047/3889/3870 3529/3886/3870 3575/4020/3870 4125/4021/3870
f 4092/4000/3871 3581/3991/3871 3582/3990/3871 4112/4001/3871
f 4134/4034/3872 4404/4026/3872 4132/4028/3872 3587/4035/3872
f 3585/4403/3873 3980/4404/3873 4404/4026/3873 4134/4034/3873
f 3980/4404/3874 3484/4367/3874 4040/4027/3874 4404/4026/3874
f 3976/3746/3875 4405/4029/3875 4131/4032/3875 3485/3747/3875
f 3484/4367/3876 3980/4404/3876 4405/4029/3876 3976/3746/3876
f 3980/4404/3877 3585/4403/3877 4133/4030/3877 4405/4029/3877
f 4153/4079/3878 4406/4033/3878 4147/4036/3878 3600/4080/3878
f 3601/4368/3879 4148/4405/3879 4406/4033/3879 4153/4079/3879
f 4148/4405/3880 3585/4403/3880 4134/4034/3880 4406/4033/3880
f 4131/4032/3881 4407/4037/3881 4136/4040/3881 3485/3747/3881
f 3586/4031/3882 4135/4044/3882 4407/4037/3882 4131/4032/3882
f 4135/4044/3883 3594/4043/3883 3899/4038/3883 4407/4037/3883
f 4146/4077/3884 4408/4041/3884 4135/4044/3884 3586/4031/3884
f 3599/4076/3885 4154/4085/3885 4408/4041/3885 4146/4077/3885
f 4154/4085/3886 3598/4084/3886 4145/4042/3886 4408/4041/3886
f 3978/3748/3887 4409/4045/3887 4138/4048/3887 3483/3743/3887
f 3485/3747/3888 4136/4040/3888 4409/4045/3888 3978/3748/3888
f 4136/4040/3889 3592/4039/3889 3897/4046/3889 4409/4045/3889
f 3975/3744/3890 4410/4049/3890 4139/4052/3890 3481/3739/3890
f 3483/3743/3891 4138/4048/3891 4410/4049/3891 3975/3744/3891
f 4138/4048/3892 3591/4047/3892 3896/4050/3892 4410/4049/3892
f 3972/3740/3893 4411/4053/3893 4140/4056/3893 3479/3735/3893
f 3481/3739/3894 4139/4052/3894 4411/4053/3894 3972/3740/3894
f 4139/4052/3895 3590/4051/3895 3895/4054/3895 4411/4053/3895
f 3969/3736/3896 4412/4057/3896 4141/4060/3896 3477/3731/3896
f 3479/3735/3897 4140/4056/3897 4412/4057/3897 3969/3736/3897
f 4140/4056/3898 3589/4055/3898 3894/4058/3898 4412/4057/3898
f 3907/4406/3899 4413/4061/3899 4141/4060/3899 3588/4059/3899
f 3504/3899/3900 3919/3898/3900 4413/4061/3900 3907/4406/3900
f 3919/3898/3901 3444/4325/3901 3966/3732/3901 4413/4061/3901
f 4144/4313/3902 4414/4062/3902 4149/4065/3902 3597/4275/3902
f 3435/4312/3903 3892/3622/3903 4414/4062/3903 4144/4313/3903
f 3892/3622/3904 3436/3621/3904 4142/4063/3904 4414/4062/3904
f 3889/4273/3905 4415/4066/3905 4150/4069/3905 3597/4275/3905
f 3360/4274/3906 3888/4407/3906 4415/4066/3906 3889/4273/3906
f 3888/4407/3907 3434/4408/3907 3887/4067/3907 4415/4066/3907
f 3902/4409/3908 4416/4070/3908 3898/4073/3908 3593/4410/3908
f 3361/3318/3909 3720/3317/3909 4416/4070/3909 3902/4409/3909
f 3720/3317/3910 3595/4064/3910 4151/4071/3910 4416/4070/3910
f 4133/4030/3911 4417/4074/3911 4146/4077/3911 3586/4031/3911
f 3585/4403/3912 4148/4405/3912 4417/4074/3912 4133/4030/3912
f 4148/4405/3913 3601/4368/3913 4152/4075/3913 4417/4074/3913
f 4129/4411/3914 4418/4078/3914 4128/4081/3914 3584/4412/3914
f 3486/4370/3915 4130/4369/3915 4418/4078/3915 4129/4411/3915
f 4130/4369/3916 3601/4368/3916 4153/4079/3916 4418/4078/3916
f 3981/3752/3917 4419/4082/3917 4154/4085/3917 3599/4076/3917
f 3487/3751/3918 4137/4413/3918 4419/4082/3918 3981/3752/3918
f 4137/4413/3919 3593/4414/3919 3898/4083/3919 4419/4082/3919
f 3682/4284/3920 4420/4086/3920 4164/4089/3920 3602/4249/3920
f 3332/4245/3921 3678/3267/3921 4420/4086/3921 3682/4284/3921
f 3678/3267/3922 3333/3266/3922 4156/4087/3922 4420/4086/3922
f 3746/3363/3923 4421/4090/3923 3736/4093/3923 3372/3364/3923
f 3335/3270/3924 3683/3269/3924 4421/4090/3924 3746/3363/3924
f 3683/3269/3925 3603/4088/3925 4165/4091/3925 4421/4090/3925
f 4155/4247/3926 4422/4094/3926 4166/4097/3926 3602/4249/3926
f 3334/4248/3927 3761/3414/3927 4422/4094/3927 4155/4247/3927
f 3761/3414/3928 3514/3413/3928 3777/4095/3928 4422/4094/3928
f 3877/4111/3929 3609/4110/3929 3606/4415/3929 3805/4416/3929
f 3813/3520/3930 4423/4102/3930 3827/4105/3930 3396/3521/3930
f 3372/3364/3931 3736/4093/3931 4423/4102/3931 3813/3520/3931
f 3736/4093/3932 3604/4092/3932 4167/4103/3932 4423/4102/3932
f 3805/4416/3933 3606/4415/3933 3608/4417/3933 3857/4418/3933
f 3827/4105/3934 3607/4104/3934 4168/4109/3934 4424/4108/3934
f 3939/3694/3935 4425/4112/3935 4161/4115/3935 3459/3695/3935
f 3458/4342/3936 3943/4378/3936 4425/4112/3936 3939/3694/3936
f 3943/4378/3937 3610/4343/3937 4169/4113/3937 4425/4112/3937
f 3944/3700/3938 4426/4116/3938 4170/4119/3938 3611/4114/3938
f 3461/3699/3939 4007/3798/3939 4426/4116/3939 3944/3700/3939
f 4007/3798/3940 3498/3797/3940 3997/4117/3940 4426/4116/3940
f 4022/3845/3941 4427/4120/3941 3777/4123/3941 3514/3846/3941
f 3460/4345/3942 4160/4344/3942 4427/4120/3942 4022/3845/3942
f 4160/4344/3943 3610/4343/3943 4171/4121/3943 4427/4120/3943
f 3997/4117/3944 4428/4124/3944 4172/4127/3944 3612/4118/3944
f 3498/3797/3945 4056/3940/3945 4428/4124/3945 3997/4117/3945
f 4056/3940/3946 3544/3939/3946 4070/4125/3946 4428/4124/3946
f 4070/4125/3947 4429/4128/3947 4173/4129/3947 3614/4126/3947
f 3685/4285/3948 4430/4130/3948 4183/4133/3948 3617/4252/3948
f 3334/4248/3949 3681/3271/3949 4430/4130/3949 3685/4285/3949
f 3681/3271/3950 3335/3270/3950 4175/4131/3950 4430/4130/3950
f 3747/3367/3951 4431/4134/3951 3737/4137/3951 3373/3368/3951
f 3337/3274/3952 3686/3273/3952 4431/4134/3952 3747/3367/3952
f 3686/3273/3953 3618/4132/3953 4184/4135/3953 4431/4134/3953
f 4174/4250/3954 4432/4138/3954 4185/4141/3954 3617/4252/3954
f 3336/4251/3955 3762/3418/3955 4432/4138/3955 4174/4250/3955
f 3762/3418/3956 3515/3417/3956 3778/4139/3956 4432/4138/3956
f 3876/4155/3957 3624/4154/3957 3621/4419/3957 3806/4420/3957
f 3812/3516/3958 4433/4146/3222 3826/4149/3224 3395/3517/3958
f 3373/3368/3959 3737/4137/3959 4433/4146/3959 3812/3516/3959
f 3737/4137/3960 3619/4136/3960 4186/4147/3960 4433/4146/3960
f 3806/4420/3961 3621/4419/3962 3623/4421/3961 3858/4422/3962
f 3826/4149/3963 3622/4148/3963 4187/4153/3963 4434/4152/3963
f 3942/3698/3964 4435/4156/3964 4180/4159/3964 3461/3699/3964
f 3460/4345/3965 3946/4379/3965 4435/4156/3965 3942/3698/3965
f 3946/4379/3966 3625/4346/3966 4188/4157/3966 4435/4156/3966
f 3947/3704/3967 4436/4160/3967 4189/4163/3967 3626/4158/3967
f 3463/3703/3968 4008/3802/3968 4436/4160/3968 3947/3704/3968
f 4008/3802/3969 3499/3801/3969 3998/4161/3969 4436/4160/3969
f 4023/3849/3970 4437/4164/3970 3778/4167/3970 3515/3850/3970
f 3462/4348/3971 4179/4347/3971 4437/4164/3971 4023/3849/3971
f 4179/4347/3972 3625/4346/3972 4190/4165/3972 4437/4164/3972
f 3998/4161/3973 4438/4168/3973 4191/4171/3973 3627/4162/3973
f 3499/3801/3974 4055/3936/3974 4438/4168/3974 3998/4161/3974
f 4055/3936/3975 3543/3935/3975 4069/4169/3975 4438/4168/3975
f 4069/4169/3976 4439/4172/3976 4192/4173/3976 3629/4170/3976
f 3679/4283/3977 4440/4174/3977 4202/4177/3977 3632/4246/3977
f 3330/4243/3978 3675/3263/3978 4440/4174/3978 3679/4283/3978
f 3675/3263/3979 3331/3262/3979 4194/4175/3979 4440/4174/3979
f 3745/3359/3980 4441/4178/3980 3735/4181/3980 3371/3360/3980
f 3333/3266/3981 3680/3265/3981 4441/4178/3981 3745/3359/3981
f 3680/3265/3982 3633/4176/3982 4203/4179/3982 4441/4178/3982
f 4193/4244/3983 4442/4182/3983 4204/4185/3983 3632/4246/3983
f 3332/4245/3984 3760/3410/3984 4442/4182/3984 4193/4244/3984
f 3760/3410/3985 3513/3409/3985 3776/4183/3985 4442/4182/3985
f 3878/4199/3986 3639/4198/3986 3636/4423/3986 3804/4424/3986
f 3814/3524/3987 4443/4190/3987 3828/4193/3987 3397/3525/3987
f 3371/3360/3988 3735/4181/3988 4443/4190/3988 3814/3524/3988
f 3735/4181/3989 3634/4180/3989 4205/4191/3989 4443/4190/3989
f 3804/4424/3990 3636/4423/3990 3638/4425/3990 3856/4426/3990
f 3828/4193/3991 3637/4192/3991 4206/4197/3991 4444/4196/3991
f 3936/3690/3992 4445/4200/3992 4199/4203/3992 3457/3691/3992
f 3456/4339/3993 3940/4377/3993 4445/4200/3993 3936/3690/3993
f 3940/4377/3994 3640/4340/3994 4207/4201/3994 4445/4200/3994
f 3941/3696/3995 4446/4204/3995 4208/4207/3995 3641/4202/3995
f 3459/3695/3996 4006/3794/3996 4446/4204/3996 3941/3696/3996
f 4006/3794/3997 3497/3793/3997 3996/4205/3997 4446/4204/3997
f 4021/3841/3998 4447/4208/3998 3776/4211/3998 3513/3842/3998
f 3458/4342/3999 4198/4341/3999 4447/4208/3999 4021/3841/3999
f 4198/4341/4000 3640/4340/4000 4209/4209/4000 4447/4208/4000
f 3402/4227/4001 3833/3540/4001 3799/3572/4001 3379/3571/4001
f 3996/4205/4002 4448/4212/4003 4210/4215/4004 3642/4206/4004
f 3497/3793/4005 4057/3944/4005 4448/4212/4003 3996/4205/4002
f 4057/3944/4006 3545/3943/4006 4071/4213/4006 4448/4212/4006
f 4071/4213/4007 4449/4216/4007 4211/4217/4007 3644/4214/4007
f 3872/3328/4008 3779/3327/4008 3377/3451/4008 3428/3452/4008
f 4072/3950/4009 3546/3947/4009 4201/3946/4009 3644/4214/4009
f 3644/4214/4010 4211/4217/4010 4403/4012/4010 4072/3950/4010
f 4211/4217/4011 3646/4189/4011 4120/4013/4011 4403/4012/4011
f 3646/4189/4012 3643/4188/4012 4053/4385/4012 4120/4013/4012
f 3643/4188/4013 3645/4195/4013 4127/4401/4013 4053/4385/4013
f 4071/4213/4014 3545/3943/4014 4163/3942/4014 3614/4126/4014
f 3614/4126/4015 4173/4129/4015 4449/4216/4015 4071/4213/4015
f 4173/4129/4016 3616/4101/4016 4119/4186/4016 4449/4216/4016
f 3616/4101/4017 3613/4100/4017 4048/4187/4017 4119/4186/4017
f 3613/4100/4018 3615/4107/4018 4098/4194/4018 4048/4187/4018
f 3629/4170/4019 4192/4173/4019 4429/4128/4019 4070/4125/4019
f 4070/4125/4020 3544/3939/4020 4182/3938/4020 3629/4170/4020
f 4192/4173/4021 3631/4145/4021 4118/4098/4021 4429/4128/4021
f 3631/4145/4022 3628/4144/4022 4049/4099/4022 4118/4098/4022
f 3628/4144/4023 3630/4151/4023 4099/4106/4023 4049/4099/4023
f 4068/3934/4024 3542/3931/4024 4069/4169/4024 3543/3935/4024
f 3542/3931/4025 4103/4011/4025 4439/4172/4025 4069/4169/4025
f 4103/4011/4026 3572/3877/4026 4117/4142/4026 4439/4172/4026
f 3572/3877/3140 3531/3876/3139 4050/4143/4027 4117/4142/4027
f 3531/3876/4028 3567/4400/4028 4100/4150/4028 4050/4143/4028
f 3565/3996/3843 4096/4394/3842 4402/4010/4029 4067/3930/4029
f 4067/3930/4030 3541/4393/4030 4095/4396/4030 3565/3996/4030
f 4096/4394/3840 3583/4023/3839 4116/3874/4031 4402/4010/4031
f 3583/4023/4032 3566/4022/4032 4051/3875/4032 4116/3874/4032
f 3566/4022/4033 3570/4398/4033 4101/4399/4033 4051/3875/4033
f 3563/3989/4034 3568/3993/4034 4102/4397/4034 4094/4025/4034
f 3563/3989/4035 4094/4025/4035 4126/4024/4035 3582/3990/4035
f 3582/3990/4036 4126/4024/4036 4396/4395/4036 4112/4001/4036
f 4112/4001/4037 4396/4395/4037 4093/3995/4037 3561/4002/4037
f 4088/3985/4038 3561/4002/4038 4093/3995/4038 3560/3986/4038
f 3846/3568/4039 3411/3567/4039 3851/3578/4039 3412/3607/4039
f 3824/3514/4040 3416/3577/4040 3853/4302/4040 3393/4297/4040
f 3825/3518/4041 3395/3517/4041 3826/4149/4041 3394/3513/4041
f 3827/4105/4042 3622/4148/4042 4178/3522/4042 3396/3521/4042
f 3828/4193/4043 3607/4104/4043 4159/3526/4043 3397/3525/4043
f 3829/3534/4044 3637/4192/4044 4197/3530/4044 3398/3529/4044
f 3637/4192/4045 3829/3534/4045 4302/3590/4045 4206/4197/4045
f 3639/4198/4046 4206/4197/4046 4302/3590/4046 3879/3593/4046
f 3639/4198/4047 3879/3593/4047 3809/4292/4047 3636/4423/4047
f 3636/4423/4048 3809/4292/4048 3886/4310/4048 3638/4425/4048
f 3607/4104/4049 3828/4193/4049 4444/4196/4049 4168/4109/4049
f 3609/4110/4050 4168/4109/4050 4444/4196/4050 3878/4199/4050
f 3609/4110/4051 3878/4199/4051 3804/4424/4051 3606/4415/4051
f 3606/4415/4052 3804/4424/4052 3856/4426/4052 3608/4417/4052
f 3621/4419/4053 3805/4416/4053 3857/4418/4053 3623/4421/4053
f 3624/4154/4054 3877/4111/4054 3805/4416/4054 3621/4419/4054
f 3624/4154/4055 4187/4153/4055 4424/4108/4055 3877/4111/4055
f 3622/4148/4056 3827/4105/4056 4424/4108/4056 4187/4153/4056
f 3394/3513/4057 3826/4149/4057 4434/4152/4057 3862/3587/4057
f 3422/3588/4058 3862/3587/4058 4434/4152/4058 3876/4155/4058
f 3422/3588/4059 3876/4155/4059 3806/4420/4059 3384/4290/4059
f 3384/4290/4060 3806/4420/4060 3858/4422/4060 3418/4307/4060
f 3417/4304/4061 3807/4291/4061 3859/4308/4061 3421/4305/4061
f 3852/4303/4062 3860/4306/4062 3419/3569/4062 3414/3481/4062
f 3885/4301/4063 3852/4303/4063 3414/3481/4063 3432/3480/4063
f 3433/4300/4064 3875/3589/4064 3807/4291/4064 3417/4304/4064
f 3433/4300/4065 3854/4298/4065 4301/3586/3045 3875/3589/3047
f 3885/4301/4066 3432/3480/4066 3871/3562/4066 4295/4299/4066
f 3412/3607/4067 3851/3578/4067 4295/4299/4067 3871/3562/4067
f 3416/3577/4068 3824/3514/4068 4301/3586/4068 3854/4298/4068
f 4450/4427/4069 4451/4428/4069 4453/4429/4069 4452/4430/4069
f 4450/4427/4070 4452/4430/4070 4455/4431/4070 4454/4432/4070
f 4454/4432/4071 4455/4431/4071 4457/4433/4071 4456/4434/4071
f 4458/4435/4072 4459/4436/4072 4461/4437/4072 4460/4438/4072
f 4458/4435/4073 4460/4438/4073 4463/4439/4073 4462/4440/4073
f 4462/4440/4074 4463/4439/4074 4465/4441/4074 4464/4442/4074
f 4468/4443/4075 4467/4444/4075 4689/4445/4075 4466/4446/4075
f 4472/4447/4076 4470/4448/4076 4467/4444/4076 4468/4443/4076
f 4472/4447/4077 4471/4449/4077 4469/4450/4077 4470/4448/4077
f 4473/4451/4078 4474/4452/4078 4476/4453/4078 4475/4454/4078
f 4473/4451/4079 4475/4454/4079 4478/4455/4079 4477/4456/4079
f 4477/4456/4080 4478/4455/4080 4480/4457/4080 4479/4458/4080
f 4481/4459/4081 4482/4460/4081 4484/4461/4081 4483/4462/4081
f 4481/4459/4082 4483/4462/4082 4486/4463/4082 4485/4464/4082
f 4485/4464/4083 4486/4463/4083 4488/4465/4083 4487/4466/4083
f 4489/4467/4084 4490/4468/4084 4492/4469/4084 4491/4470/4084
f 4489/4467/4085 4491/4470/4085 4494/4471/4085 4493/4472/4085
f 4493/4472/4086 4494/4471/4086 4496/4473/4086 4495/4474/4086
f 4500/4475/4087 4499/4476/4087 4497/4477/4087 4498/4478/4087
f 4504/4479/4088 4502/4480/4088 4499/4476/4088 4500/4475/4088
f 4504/4479/4089 4503/4481/4089 4501/4482/4089 4502/4480/4089
f 4753/4483/4090 4752/4484/4090 4750/4485/4090 4751/4486/4090
f 4753/4483/4091 4751/4486/4091 4748/4487/4091 4749/4488/4091
f 4749/4488/4092 4748/4487/4092 4746/4489/4092 4747/4490/4092
f 4513/4491/4093 4514/4492/4093 4516/4493/4093 4515/4494/4093
f 4513/4491/4094 4515/4494/4094 4518/4495/4094 4517/4496/4094
f 4517/4496/4095 4518/4495/4095 4520/4497/4095 4519/4498/4095
f 4521/4499/4096 4522/4500/4096 4524/4501/4096 4523/4502/4096
f 4521/4499/4097 4523/4502/4097 4526/4503/4097 4525/4504/4097
f 4525/4504/4098 4526/4503/4098 4528/4505/4098 4527/4506/4098
f 4527/4506/4099 4528/4505/4099 4530/4507/4099 4529/4508/4099
f 4534/4509/4100 4533/4510/4100 4531/4511/4100 4532/4512/4100
f 4536/4513/4101 4535/4514/4101 4533/4510/4101 4534/4509/4101
f 4540/4515/4102 4538/4516/4102 4535/4514/4102 4536/4513/4102
f 4540/4515/4103 4539/4517/4103 4537/4518/4103 4538/4516/4103
f 4544/4519/4104 4543/4520/4104 4541/4521/4104 4542/4522/4104
f 4546/4523/4105 4545/4524/4105 4543/4520/4105 4544/4519/4105
f 4550/4525/4106 4548/4526/4106 4545/4524/4107 4546/4523/4106
f 4550/4525/4108 4549/4527/4108 4547/4528/4108 4548/4526/4108
f 4725/4529/4109 4724/4530/4109 4552/4531/4109 4551/4532/4109
f 4553/4533/4110 4554/4534/4110 4556/4535/4110 4555/4536/4110
f 4553/4533/4111 4555/4536/4111 4558/4537/4111 4557/4538/4111
f 4557/4538/4112 4558/4537/4112 4560/4539/4112 4559/4540/4112
f 4561/4541/4113 4562/4542/4113 4564/4543/4113 4563/4544/4113
f 4561/4541/4114 4563/4544/4114 4566/4545/4114 4565/4546/4114
f 4565/4546/4115 4566/4545/4115 4568/4547/4115 4567/4548/4115
f 4569/4549/4116 4570/4550/4116 4572/4551/4116 4571/4552/4116
f 4569/4549/4117 4571/4552/4117 4574/4553/4117 4573/4554/4117
f 4573/4554/4118 4574/4553/4118 4576/4555/4118 4575/4556/4118
f 4577/4557/4119 4578/4558/4119 4580/4559/4119 4579/4560/4119
f 4577/4557/4120 4579/4560/4120 4582/4561/4120 4581/4562/4120
f 4581/4562/4121 4582/4561/4121 4584/4563/4121 4583/4564/4121
f 4585/4565/4122 4586/4566/4122 4588/4567/4122 4587/4568/4122
f 4585/4565/4123 4587/4568/4123 4590/4569/4123 4589/4570/4123
f 4589/4570/4124 4590/4569/4124 4592/4571/4124 4591/4572/4124
f 4593/4573/4125 4594/4574/4125 4596/4575/4125 4595/4576/4125
f 4593/4573/4126 4595/4576/4126 4598/4577/4126 4597/4578/4126
f 4597/4578/4127 4598/4577/4127 4600/4579/4127 4599/4580/4127
f 4601/4581/4128 4602/4582/4128 4604/4583/4128 4603/4584/4128
f 4601/4581/4129 4603/4584/4129 4606/4585/4129 4605/4586/4129
f 4605/4586/4130 4606/4585/4130 4608/4587/4130 4607/4588/4130
f 4609/4589/4131 4610/4590/4131 4612/4591/4131 4611/4592/4131
f 4609/4589/4132 4611/4592/4132 4614/4593/4132 4613/4594/4132
f 4613/4594/4133 4614/4593/4133 4616/4595/4133 4615/4596/4133
f 4617/4597/4134 4618/4598/4134 4620/4599/4134 4619/4600/4134
f 4617/4597/4135 4619/4600/4135 4622/4601/4135 4621/4602/4135
f 4621/4602/4136 4622/4601/4136 4624/4603/4136 4623/4604/4136
f 4625/4605/4137 4626/4606/4137 4628/4607/4137 4627/4608/4137
f 4625/4605/4138 4627/4608/4138 4630/4609/4138 4629/4610/4138
f 4629/4610/4139 4630/4609/4140 4632/4611/4139 4631/4612/4139
f 4633/4613/4141 4634/4614/4141 4636/4615/4141 4635/4616/4141
f 4633/4613/4142 4635/4616/4142 4638/4617/4142 4637/4618/4142
f 4637/4618/4143 4638/4617/4143 4640/4619/4143 4639/4620/4143
f 4641/4621/4144 4642/4622/4144 4644/4623/4144 4643/4624/4144
f 4641/4621/4145 4643/4624/4145 4646/4625/4145 4645/4626/4145
f 4645/4626/4146 4646/4625/4146 4648/4627/4146 4647/4628/4146
f 4649/4629/4147 4650/4630/4147 4652/4631/4147 4651/4632/4147
f 4649/4629/4148 4651/4632/4148 4654/4633/4148 4653/4634/4148
f 4653/4634/4149 4654/4633/4149 4656/4635/4149 4655/4636/4149
f 4660/4637/4150 4659/4638/4150 4657/4639/4150 4658/4640/4150
f 4664/4641/4151 4662/4642/4151 4659/4638/4151 4660/4637/4151
f 4664/4641/4152 4663/4643/4152 4661/4644/4152 4662/4642/4152
f 4668/4645/4153 4667/4646/4153 4665/4647/4153 4666/4648/4153
f 4672/4649/4154 4670/4650/4154 4667/4646/4154 4668/4645/4154
f 4672/4649/4155 4671/4651/4155 4669/4652/4155 4670/4650/4155
f 4676/4653/4156 4675/4654/4156 4673/4655/4156 4674/4656/4156
f 4680/4657/4157 4678/4658/4157 4675/4654/4157 4676/4653/4157
f 4680/4657/4158 4679/4659/4158 4677/4660/4158 4678/4658/4158
f 4684/4661/4159 4683/4662/4159 4681/4663/4159 4682/4664/4159
f 4688/4665/4160 4686/4666/4160 4683/4662/4160 4684/4661/4160
f 4688/4665/4161 4687/4667/4161 4685/4668/4161 4686/4666/4161
f 4692/4669/4162 4691/4670/4163 4697/4671/4162 4690/4672/4163
f 4696/4673/4164 4694/4674/4164 4691/4670/4164 4692/4669/4164
f 4696/4673/4165 4695/4675/4165 4693/4676/4165 4694/4674/4165
f 4698/4677/4166 4699/4678/4166 4701/4679/4166 4700/4680/4166
f 4698/4677/4167 4700/4680/4167 4703/4681/4167 4702/4682/4167
f 4706/4683/4168 4707/4684/4168 4705/4685/4168 4704/4686/4168
f 4702/4682/4169 4703/4681/4169 4707/4684/4169 4706/4683/4169
f 4711/4687/4170 4710/4688/4170 4708/4689/4170 4709/4690/4170
f 4715/4691/4171 4713/4692/4171 4710/4688/4171 4711/4687/4171
f 4715/4691/4172 4714/4693/4172 4712/4694/4172 4713/4692/4172
f 4719/4695/4173 4718/4696/4173 4716/4697/4173 4717/4698/4173
f 4723/4699/4174 4721/4700/4174 4718/4696/4174 4719/4695/4174
f 4723/4699/4175 4722/4701/4175 4720/4702/4175 4721/4700/4175
f 4729/4703/4176 4727/4704/4177 4724/4530/4176 4725/4529/4177
f 4729/4703/4178 4728/4705/4178 4726/4706/4178 4727/4704/4178
f 4733/4707/4179 4732/4708/4179 4730/4709/4179 4731/4710/4179
f 4737/4711/4180 4735/4712/4180 4732/4708/4180 4733/4707/4180
f 4737/4711/4181 4736/4713/4181 4734/4714/4181 4735/4712/4181
f 4741/4715/4182 4740/4716/4182 4738/4717/4182 4739/4718/4182
f 4745/4719/4183 4743/4720/4184 4740/4716/4183 4741/4715/4184
f 4745/4719/4185 4744/4721/4185 4742/4722/4185 4743/4720/4185
f 4761/4723/4186 4760/4724/4186 4758/4725/4186 4759/4726/4186
f 4761/4723/4187 4759/4726/4187 4756/4727/4187 4757/4728/4187
f 4757/4728/4188 4756/4727/4188 4754/4729/4188 4755/4730/4188
f 4505/4731/4189 4506/4732/4189 4508/4733/4189 4507/4734/4189
f 4505/4731/4190 4507/4734/4190 4510/4735/4190 4509/4736/4190
f 4509/4736/4191 4510/4735/4191 4512/4737/4191 4511/4738/4191
f 4762/4739/4192 4763/4740/4192 4765/4741/4192 4764/4742/4192
f 4762/4739/4193 4764/4742/4193 4767/4743/4193 4766/4744/4193
f 4766/4744/4194 4767/4743/4194 4769/4745/4194 4768/4746/4194
f 4770/4747/4195 4771/4748/4195 4773/4749/4195 4772/4750/4195
f 4770/4747/4196 4772/4750/4196 4775/4751/4196 4774/4752/4196
f 4774/4752/4197 4775/4751/4197 4777/4753/4197 4776/4754/4197
f 4785/4755/4198 4784/4756/4198 4782/4757/4198 4783/4758/4198
f 4785/4755/4199 4783/4758/4199 4780/4759/4199 4781/4760/4199
f 4781/4760/4200 4780/4759/4200 4778/4761/4200 4779/4762/4200
f 4793/4763/4201 4792/4764/4201 4790/4765/4201 4791/4766/4201
f 4793/4763/4202 4791/4766/4202 4788/4767/4202 4789/4768/4202
f 4789/4768/4203 4788/4767/4203 4786/4769/4203 4787/4770/4203
f 4801/4771/4204 4800/4772/4204 4798/4773/4204 4799/4774/4204
f 4801/4771/4205 4799/4774/4205 4796/4775/4205 4797/4776/4205
f 4797/4776/4206 4796/4775/4206 4794/4777/4206 4795/4778/4206
f 4809/4779/4207 4808/4780/4207 4806/4781/4207 4807/4782/4207
f 4809/4779/4208 4807/4782/4208 4804/4783/4208 4805/4784/4208
f 4805/4784/4209 4804/4783/4209 4802/4785/4209 4803/4786/4209
f 4817/4787/4210 4816/4788/4210 4814/4789/4210 4815/4790/4210
f 4817/4787/4211 4815/4790/4212 4812/4791/4211 4813/4792/4212
f 4813/4792/4213 4812/4791/4213 4810/4793/4213 4811/4794/4213
f 4818/4795/4214 4819/4796/4214 4821/4797/4214 4820/4798/4214
f 4818/4795/4215 4820/4798/4215 4823/4799/4215 4822/4800/4215
f 4822/4800/4216 4823/4799/4216 4825/4801/4216 4824/4802/4216
f 4826/4803/4217 4827/4804/4218 4829/4805/4217 4828/4806/4218
f 4826/4803/4219 4828/4806/4219 4831/4807/4219 4830/4808/4219
f 4830/4808/4220 4831/4807/4220 4833/4809/4220 4832/4810/4220
f 4834/4811/4221 4835/4812/4221 4837/4813/4221 4836/4814/4221
f 4834/4811/4222 4836/4814/4222 4839/4815/4222 4838/4816/4222
f 4838/4816/4223 4839/4815/4223 4841/4817/4223 4840/4818/4223
f 4842/4819/4224 4843/4820/4224 4845/4821/4224 4844/4822/4224
f 4842/4819/4225 4844/4822/4225 4847/4823/4225 4846/4824/4225
f 4846/4824/4226 4847/4823/4226 4849/4825/4226 4848/4826/4226
f 4850/4827/4227 4851/4828/4227 4853/4829/4227 4852/4830/4227
f 4850/4827/4228 4852/4830/4228 4855/4831/4228 4854/4832/4228
f 4854/4832/4229 4855/4831/4229 4857/4833/4229 4856/4834/4229
f 4861/4835/4230 4860/4836/4230 4858/4837/4230 4859/4838/4230
f 4865/4839/4231 4863/4840/4231 4860/4836/4231 4861/4835/4231
f 4865/4839/4232 4864/4841/4232 4862/4842/4232 4863/4840/4232
f 4869/4843/4233 4868/4844/4233 4866/4845/4233 4867/4846/4233
f 4873/4847/4234 4871/4848/4234 4868/4844/4234 4869/4843/4234
f 4873/4847/4235 4872/4849/4235 4870/4850/4235 4871/4848/4235
f 4874/4851/4236 4875/4852/4236 4877/4853/4236 4876/4854/4236
f 4874/4851/4237 4876/4854/4237 4879/4855/4237 4878/4856/4237
f 4878/4856/4238 4879/4855/4238 4881/4857/4238 4880/4858/4238
f 4877/4853/4239 4875/4852/4239 4882/4859/4239 4883/4860/4239
f 4884/4861/4240 4885/4862/4240 4887/4863/4241 4886/4864/4240
f 4884/4861/4242 4886/4864/4242 4889/4865/4242 4888/4866/4242
f 4888/4866/4243 4889/4865/4243 4891/4867/4243 4890/4868/4243
f 4887/4863/4244 4885/4862/4244 4892/4869/4244 4893/4870/4244
f 4894/4871/4245 4895/4872/4245 4897/4873/4245 4896/4874/4245
f 4894/4871/4246 4896/4874/4246 4899/4875/4246 4898/4876/4246
f 4898/4876/4247 4899/4875/4247 4901/4877/4247 4900/4878/4247
f 4902/4879/4248 4903/4880/4248 4905/4881/4248 4904/4882/4248
f 4902/4879/4249 4904/4882/4249 4907/4883/4249 4906/4884/4249
f 4906/4884/4250 4907/4883/4250 4909/4885/4250 4908/4886/4250
f 4905/4881/4251 4903/4880/4252 4910/4887/4251 4911/4888/4251
f 4912/4889/4253 4913/4890/4253 4915/4891/4253 4914/4892/4253
f 4912/4889/4254 4914/4892/4254 4917/4893/4254 4916/4894/4254
f 4916/4894/4255 4917/4893/4255 4919/4895/4255 4918/4896/4255
f 4915/4891/4256 4913/4890/4256 4920/4897/4256 4921/4898/4256
f 4922/4899/4257 4923/4900/4257 4925/4901/4257 4924/4902/4257
f 4922/4899/4258 4924/4902/4258 4927/4903/4258 4926/4904/4258
f 4926/4904/4259 4927/4903/4259 4929/4905/4259 4928/4906/4259
f 4925/4901/4260 4923/4900/4260 4930/4907/4260 4931/4908/4260
f 4932/4909/4261 4933/4910/4261 4935/4911/4261 4934/4912/4261
f 4932/4909/4262 4934/4912/4262 4937/4913/4262 4936/4914/4262
f 4936/4914/4263 4937/4913/4263 4939/4915/4263 4938/4916/4263
f 4935/4911/4264 4933/4910/4264 4940/4917/4264 4941/4918/4264
f 4942/4919/4265 4943/4920/4265 4945/4921/4265 4944/4922/4265
f 4942/4919/4266 4944/4922/4266 4947/4923/4266 4946/4924/4266
f 4946/4924/4267 4947/4923/4267 4949/4925/4267 4948/4926/4267
f 4945/4921/4268 4943/4920/4268 4950/4927/4268 4951/4928/4268
f 4952/4929/4269 4953/4930/4269 4955/4931/4269 4954/4932/4269
f 4952/4929/4270 4954/4932/4270 4957/4933/4270 4956/4934/4270
f 4956/4934/4271 4957/4933/4271 4959/4935/4271 4958/4936/4271
f 4955/4931/4272 4953/4930/4272 4960/4937/4272 4961/4938/4272
f 4962/4939/4273 4963/4940/4273 4965/4941/4273 4964/4942/4273
f 4962/4939/4274 4964/4942/4274 4967/4943/4274 4966/4944/4274
f 4966/4944/4275 4967/4943/4275 4969/4945/4275 4968/4946/4275
f 4965/4941/4276 4963/4940/4276 4970/4947/4276 4971/4948/4276
f 4972/4949/4277 4973/4950/4277 4975/4951/4277 4974/4952/4277
f 4972/4949/4278 4974/4952/4278 4977/4953/4278 4976/4954/4278
f 4976/4954/4279 4977/4953/4279 4979/4955/4279 4978/4956/4279
f 4975/4951/4280 4973/4950/4280 4980/4957/4280 4981/4958/4280
f 4982/4959/4281 4983/4960/4281 4985/4961/4281 4984/4962/4281
f 4982/4959/4282 4984/4962/4283 4987/4963/4283 4986/4964/4282
f 4986/4964/4284 4987/4963/4284 4989/4965/4284 4988/4966/4284
f 4985/4961/4285 4983/4960/4285 4990/4967/4285 4991/4968/4285
f 4992/4969/4286 4993/4970/4287 4995/4971/4286 4994/4972/4287
f 4992/4969/4288 4994/4972/4288 4997/4973/4288 4996/4974/4288
f 4996/4974/4289 4997/4973/4289 4999/4975/4289 4998/4976/4289
f 4995/4971/4290 4993/4970/4290 5000/4977/4290 5001/4978/4290
f 5002/4979/4291 5003/4980/4291 5005/4981/4291 5004/4982/4291
f 5002/4979/4292 5004/4982/4292 5007/4983/4292 5006/4984/4292
f 5006/4984/4293 5007/4983/4293 5009/4985/4293 5008/4986/4293
f 5005/4981/4294 5003/4980/4294 5010/4987/4294 5011/4988/4294
f 5012/4989/4295 5013/4990/4295 5015/4991/4295 5014/4992/4295
f 5012/4989/4296 5014/4992/4296 5017/4993/4296 5016/4994/4296
f 5016/4994/4297 5017/4993/4297 5019/4995/4297 5018/4996/4297
f 5015/4991/4298 5013/4990/4298 5020/4997/4298 5021/4998/4298
f 5022/4999/4299 5023/5000/4299 5025/5001/4299 5024/5002/4299
f 5022/4999/4300 5024/5002/4300 5027/5003/4300 5026/5004/4300
f 5026/5004/4301 5027/5003/4301 5029/5005/4301 5028/5006/4301
f 5028/5006/4302 5029/5005/4302 5031/5007/4302 5030/5008/4302
f 5032/5009/4303 5033/5010/4304 5035/5011/4303 5034/5012/4304
f 5032/5009/4305 5034/5012/4305 5037/5013/4305 5036/5014/4305
f 5036/5014/4306 5037/5013/4306 5039/5015/4306 5038/5016/4306
f 5038/5016/4307 5039/5015/4307 5041/5017/4307 5040/5018/4307
f 5042/5019/4308 5043/5020/4308 5045/5021/4308 5044/5022/4308
f 5042/5019/4309 5044/5022/4309 5047/5023/4309 5046/5024/4309
f 5046/5024/4310 5047/5023/4310 5049/5025/4310 5048/5026/4310
f 5048/5026/4311 5049/5025/4311 5051/5027/4311 5050/5028/4311
f 5052/5029/4312 5053/5030/4312 5055/5031/4312 5054/5032/4312
f 5052/5029/4313 5054/5032/4314 5057/5033/4314 5056/5034/4314
f 5056/5034/4315 5057/5033/4315 5059/5035/4315 5058/5036/4315
f 5058/5036/4316 5059/5035/4316 5061/5037/4316 5060/5038/4316
f 5062/5039/4317 5063/5040/4317 5065/5041/4317 5064/5042/4317
f 5062/5039/4318 5064/5042/4318 5067/5043/4318 5066/5044/4318
f 5066/5044/4319 5067/5043/4319 5069/5045/4319 5068/5046/4319
f 5068/5046/4320 5069/5045/4320 5071/5047/4320 5070/5048/4320
f 5072/5049/4321 5073/5050/4321 5075/5051/4321 5074/5052/4321
f 5072/5049/4322 5074/5052/4322 5077/5053/4322 5076/5054/4322
f 5076/5054/4323 5077/5053/4323 5079/5055/4323 5078/5056/4323
f 5078/5056/4324 5079/5055/4324 5081/5057/4324 5080/5058/4324
f 5082/5059/4325 5083/5060/4325 5085/5061/4325 5084/5062/4325
f 5082/5059/4326 5084/5062/4326 5087/5063/4326 5086/5064/4326
f 5086/5064/4327 5087/5063/4327 5089/5065/4327 5088/5066/4327
f 5088/5066/4328 5089/5065/4328 5091/5067/4328 5090/5068/4328
f 5092/5069/4329 5093/5070/4329 5095/5071/4329 5094/5072/4329
f 5092/5069/4330 5094/5072/4330 5097/5073/4330 5096/5074/4330
f 5096/5074/4331 5097/5073/4331 5099/5075/4331 5098/5076/4331
f 5098/5076/4332 5099/5075/4332 5101/5077/4332 5100/5078/4332
f 5102/5079/4333 5103/5080/4333 5105/5081/4333 5104/5082/4333
f 5102/5079/4334 5104/5082/4334 5107/5083/4334 5106/5084/4334
f 5106/5084/4335 5107/5083/4335 5109/5085/4335 5108/5086/4335
f 5108/5086/4336 5109/5085/4337 5111/5087/4336 5110/5088/4337
f 5115/5089/4338 5114/5090/4338 5112/5091/4338 5113/5092/4338
f 5117/5093/4339 5116/5094/4339 5114/5090/4339 5115/5089/4339
f 5121/5095/4340 5119/5096/4340 5116/5094/4340 5117/5093/4340
f 5121/5095/4341 5120/5097/4341 5118/5098/4342 5119/5096/4341
f 5125/5099/4343 5124/5100/4343 5122/5101/4343 5123/5102/4343
f 5127/5103/4344 5126/5104/4344 5124/5100/4344 5125/5099/4344
f 5131/5105/4345 5129/5106/4345 5126/5104/4345 5127/5103/4345
f 5131/5105/4346 5130/5107/4346 5128/5108/4346 5129/5106/4346
f 5135/5109/4347 5134/5110/4347 5132/5111/4347 5133/5112/4347
f 5137/5113/4348 5136/5114/4348 5134/5110/4348 5135/5109/4348
f 5141/5115/4349 5139/5116/4349 5136/5114/4349 5137/5113/4349
f 5141/5115/4350 5140/5117/4350 5138/5118/4350 5139/5116/4350
f 5145/5119/4351 5144/5120/4351 5142/5121/4351 5143/5122/4351
f 5147/5123/4352 5146/5124/4352 5144/5120/4352 5145/5119/4352
f 5151/5125/4353 5149/5126/4353 5146/5124/4353 5147/5123/4353
f 5151/5125/4354 5150/5127/4354 5148/5128/4354 5149/5126/4354
f 5155/5129/4355 5154/5130/4355 5152/5131/4355 5153/5132/4355
f 5157/5133/4356 5156/5134/4356 5154/5130/4356 5155/5129/4356
f 5161/5135/4357 5159/5136/4357 5156/5134/4357 5157/5133/4357
f 5161/5135/4358 5160/5137/4358 5158/5138/4358 5159/5136/4358
f 5165/5139/4359 5164/5140/4359 5162/5141/4359 5163/5142/4359
f 5167/5143/4360 5166/5144/4360 5164/5140/4360 5165/5139/4360
f 5171/5145/4361 5169/5146/4361 5166/5144/4361 5167/5143/4361
f 5171/5145/4362 5170/5147/4362 5168/5148/4362 5169/5146/4362
f 5175/5149/4363 5174/5150/4363 5172/5151/4363 5173/5152/4363
f 5177/5153/4364 5176/5154/4364 5174/5150/4364 5175/5149/4364
f 5181/5155/4365 5179/5156/4365 5176/5154/4365 5177/5153/4365
f 5181/5155/4366 5180/5157/4366 5178/5158/4366 5179/5156/4366
f 5185/5159/4367 5184/5160/4367 5182/5161/4367 5183/5162/4367
f 5187/5163/4368 5186/5164/4368 5184/5160/4368 5185/5159/4368
f 5191/5165/4369 5189/5166/4369 5186/5164/4369 5187/5163/4369
f 5191/5165/4370 5190/5167/4370 5188/5168/4370 5189/5166/4370
f 5195/5169/4371 5194/5170/4371 5192/5171/4371 5193/5172/4371
f 5197/5173/4372 5196/5174/4372 5194/5170/4372 5195/5169/4372
f 5201/5175/4373 5199/5176/4373 5196/5174/4373 5197/5173/4373
f 5201/5175/4374 5200/5177/4375 5198/5178/4375 5199/5176/4375
f 5205/5179/4376 5204/5180/4376 5202/5181/4376 5203/5182/4376
f 5207/5183/4377 5206/5184/4377 5204/5180/4377 5205/5179/4377
f 5211/5185/4378 5209/5186/4378 5206/5184/4378 5207/5183/4378
f 5211/5185/4379 5210/5187/4379 5208/5188/4379 5209/5186/4379
f 5215/5189/4380 5214/5190/4380 5212/5191/4380 5213/5192/4380
f 5217/5193/4381 5216/5194/4381 5214/5190/4381 5215/5189/4381
f 5221/5195/4382 5219/5196/4382 5216/5194/4382 5217/5193/4382
f 5221/5195/4383 5220/5197/4383 5218/5198/4383 5219/5196/4383
f 5222/5199/4384 5223/5200/4384 5225/5201/4384 5224/5202/4384
f 5222/5199/4385 5224/5202/4385 5227/5203/4385 5226/5204/4385
f 5226/5204/4386 5227/5203/4386 5229/5205/4386 5228/5206/4386
f 5228/5206/4387 5229/5205/4387 5231/5207/4387 5230/5208/4387
f 5232/5209/4388 5233/5210/4388 5235/5211/4388 5234/5212/4388
f 5232/5209/4389 5234/5212/4389 5237/5213/4389 5236/5214/4389
f 5236/5214/4390 5237/5213/4390 5239/5215/4390 5238/5216/4390
f 5238/5216/4391 5239/5215/4391 5241/5217/4391 5240/5218/4391
f 5242/5219/4392 5243/5220/4392 5245/5221/4392 5244/5222/4392
f 5242/5219/4393 5244/5222/4393 5247/5223/4393 5246/5224/4393
f 5246/5224/4394 5247/5223/4394 5249/5225/4394 5248/5226/4394
f 5248/5226/4395 5249/5225/4395 5251/5227/4395 5250/5228/4395
f 5252/5229/4396 5253/5230/4396 5255/5231/4396 5254/5232/4396
f 5252/5229/4397 5254/5232/4397 5257/5233/4397 5256/5234/4397
f 5256/5234/4398 5257/5233/4398 5259/5235/4398 5258/5236/4398
f 5258/5236/4399 5259/5235/4399 5261/5237/4399 5260/5238/4399
f 5262/5239/4400 5263/5240/4400 5265/5241/4400 5264/5242/4400
f 5262/5239/4401 5264/5242/4401 5267/5243/4401 5266/5244/4401
f 5266/5244/4402 5267/5243/4402 5269/5245/4402 5268/5246/4402
f 5268/5246/4403 5269/5245/4403 5271/5247/4403 5270/5248/4403
f 5272/5249/4404 5273/5250/4405 5275/5251/4404 5274/5252/4405
f 5272/5249/4406 5274/5252/4406 5277/5253/4406 5276/5254/4406
f 5276/5254/4407 5277/5253/4407 5279/5255/4407 5278/5256/4407
f 5278/5256/4408 5279/5255/4408 5281/5257/4408 5280/5258/4408
f 5282/5259/4409 5283/5260/4409 5285/5261/4409 5284/5262/4409
f 5282/5259/4410 5284/5262/4410 5287/5263/4410 5286/5264/4410
f 5286/5264/4411 5287/5263/4411 5289/5265/4411 5288/5266/4411
f 5288/5266/4412 5289/5265/4412 5291/5267/4412 5290/5268/4412
f 5292/5269/4413 5293/5270/4413 5295/5271/4413 5294/5272/4413
f 5292/5269/4414 5294/5272/4414 5297/5273/4414 5296/5274/4414
f 5296/5274/4415 5297/5273/4415 5299/5275/4415 5298/5276/4415
f 5298/5276/4416 5299/5275/4416 5301/5277/4416 5300/5278/4416
f 5302/5279/4417 5303/5280/4417 5305/5281/4417 5304/5282/4417
f 5302/5279/4418 5304/5282/4418 5307/5283/4418 5306/5284/4418
f 5306/5284/4419 5307/5283/4419 5309/5285/4419 5308/5286/4419
f 5308/5286/4420 5309/5285/4420 5311/5287/4420 5310/5288/4420
f 5312/5289/4421 5313/5290/4422 5315/5291/4421 5314/5292/4421
f 5312/5289/4423 5314/5292/4423 5317/5293/4423 5316/5294/4423
f 5316/5294/4424 5317/5293/4424 5319/5295/4424 5318/5296/4424
f 5318/5296/4425 5319/5295/4425 5321/5297/4425 5320/5298/4425
f 5322/5299/4426 5323/5300/4426 5325/5301/4426 5324/5302/4426
f 5322/5299/4427 5324/5302/4427 5327/5303/4427 5326/5304/4427
f 5326/5304/4428 5327/5303/4428 5329/5305/4428 5328/5306/4428
f 5328/5306/4429 5329/5305/4429 5331/5307/4429 5330/5308/4429
f 5332/5309/4430 5333/5310/4430 5335/5311/4430 5334/5312/4430
f 5332/5309/4431 5334/5312/4431 5337/5313/4431 5336/5314/4431
f 5336/5314/4432 5337/5313/4432 5339/5315/4432 5338/5316/4432
f 5338/5316/4433 5339/5315/4433 5341/5317/4433 5340/5318/4433
f 5342/5319/4434 5343/5320/4434 5345/5321/4434 5344/5322/4434
f 5342/5319/4435 5344/5322/4435 5347/5323/4435 5346/5324/4435
f 5346/5324/4436 5347/5323/4436 5349/5325/4436 5348/5326/4436
f 5348/5326/4437 5349/5325/4437 5351/5327/4437 5350/5328/4437
f 5352/5329/4438 5353/5330/4438 5355/5331/4438 5354/5332/4438
f 5352/5329/4439 5354/5332/4439 5357/5333/4439 5356/5334/4439
f 5356/5334/4440 5357/5333/4440 5359/5335/4440 5358/5336/4440
f 5360/5337/4441 5361/5338/4441 5363/5339/4441 5362/5340/4441
f 5360/5337/4442 5362/5340/4443 5365/5341/4442 5364/5342/4443
f 5364/5342/4444 5365/5341/4444 5367/5343/4444 5366/5344/4444
f 5368/5345/4445 5369/5346/4445 5371/5347/4445 5370/5348/4445
f 5368/5345/4446 5370/5348/4446 5373/5349/4446 5372/5350/4446
f 5372/5350/4447 5373/5349/4447 5375/5351/4447 5374/5352/4447
f 5376/5353/4448 5377/5354/4448 5379/5355/4448 5378/5356/4448
f 5376/5353/4449 5378/5356/4449 5381/5357/4449 5380/5358/4449
f 5380/5358/4450 5381/5357/4451 5383/5359/4451 5382/5360/4451
f 5384/5361/4452 5385/5362/4452 5387/5363/4452 5386/5364/4452
f 5384/5361/4453 5386/5364/4453 5389/5365/4453 5388/5366/4453
f 5388/5366/4454 5389/5365/4454 5391/5367/4454 5390/5368/4454
f 5392/5369/4455 5393/5370/4455 5395/5371/4455 5394/5372/4455
f 5392/5369/4456 5394/5372/4456 5397/5373/4456 5396/5374/4456
f 5396/5374/4457 5397/5373/4457 5399/5375/4457 5398/5376/4457
f 5400/5377/4458 5401/5378/4458 5403/5379/4458 5402/5380/4458
f 5400/5377/4459 5402/5380/4459 5405/5381/4459 5404/5382/4459
f 5404/5382/4460 5405/5381/4460 5407/5383/4460 5406/5384/4460
f 5406/5384/4461 5407/5383/4461 5409/5385/4461 5408/5386/4461
f 5410/5387/4462 5411/5388/4463 5413/5389/4462 5412/5390/4462
f 5410/5387/4464 5412/5390/4465 5415/5391/4464 5414/5392/4465
f 5414/5392/4466 5415/5391/4466 5417/5393/4466 5416/5394/4466
f 5416/5394/4467 5417/5393/4467 5419/5395/4467 5418/5396/4467
f 5420/5397/4468 5421/5398/4468 5423/5399/4468 5422/5400/4468
f 5420/5397/4469 5422/5400/4470 5425/5401/4470 5424/5402/4469
f 5424/5402/4471 5425/5401/4471 5427/5403/4471 5426/5404/4471
f 5426/5404/4472 5427/5403/4472 5429/5405/4472 5428/5406/4472
f 5430/5407/4473 5431/5408/4473 5433/5409/4473 5432/5410/4473
f 5430/5407/4474 5432/5410/4474 5435/5411/4474 5434/5412/4474
f 5434/5412/4475 5435/5411/4475 5437/5413/4475 5436/5414/4475
f 5436/5414/4476 5437/5413/4476 5439/5415/4476 5438/5416/4476
f 5440/5417/4477 5441/5418/4477 5443/5419/4477 5442/5420/4477
f 5440/5417/4478 5442/5420/4478 5445/5421/4478 5444/5422/4478
f 5444/5422/4479 5445/5421/4479 5447/5423/4479 5446/5424/4479
f 5446/5424/4480 5447/5423/4480 5449/5425/4480 5448/5426/4480
f 5450/5427/4481 5451/5428/4481 5453/5429/4481 5452/5430/4481
f 5450/5427/4482 5452/5430/4482 5455/5431/4482 5454/5432/4482
f 5454/5432/4483 5455/5431/4483 5457/5433/4483 5456/5434/4483
f 5456/5434/4484 5457/5433/4484 5459/5435/4484 5458/5436/4484
f 5460/5437/4485 5461/5438/4485 5463/5439/4485 5462/5440/4485
f 5460/5437/4486 5462/5440/4486 5465/5441/4486 5464/5442/4486
f 5464/5442/4487 5465/5441/4487 5467/5443/4487 5466/5444/4487
f 5466/5444/4488 5467/5443/4488 5469/5445/4488 5468/5446/4488
f 5473/5447/4489 5472/5448/4489 5470/5449/4489 5471/5450/4489
f 5477/5451/4490 5475/5452/4490 5472/5448/4490 5473/5447/4490
f 5477/5451/4491 5476/5453/4491 5474/5454/4491 5475/5452/4491
f 5481/5455/4492 5480/5456/4492 5478/5457/4492 5479/5458/4493
f 5485/5459/4494 5483/5460/4494 5480/5456/4494 5481/5455/4494
f 5485/5459/4495 5484/5461/4495 5482/5462/4495 5483/5460/4495
f 5489/5463/4496 5488/5464/4496 5486/5465/4496 5487/5466/4496
f 5493/5467/4497 5491/5468/4497 5488/5464/4497 5489/5463/4497
f 5493/5467/4498 5492/5469/4498 5490/5470/4498 5491/5468/4498
f 5497/5471/4499 5496/5472/4499 5494/5473/4499 5495/5474/4499
f 5501/5475/4500 5499/5476/4500 5496/5472/4500 5497/5471/4500
f 5501/5475/4501 5500/5477/4501 5498/5478/4501 5499/5476/4501
f 5505/5479/4502 5504/5480/4502 5502/5481/4502 5503/5482/4503
f 5509/5483/4504 5507/5484/4504 5504/5480/4504 5505/5479/4504
f 5509/5483/4505 5508/5485/4505 5506/5486/4505 5507/5484/4505
f 5513/5487/4506 5512/5488/4506 5510/5489/4506 5511/5490/4506
f 5517/5491/4507 5515/5492/4507 5512/5488/4507 5513/5487/4507
f 5517/5491/4508 5516/5493/4508 5514/5494/4508 5515/5492/4508
f 5518/5495/4509 5519/5496/4509 5521/5497/4509 5520/5498/4509
f 5518/5495/4510 5520/5498/4510 5523/5499/4510 5522/5500/4510
f 5522/5500/4511 5523/5499/4511 5525/5501/4511 5524/5502/4511
f 5526/5503/4512 5527/5504/4512 5529/5505/4512 5528/5506/4512
f 5526/5503/4513 5528/5506/4513 5531/5507/4513 5530/5508/4513
f 5530/5508/4514 5531/5507/4514 5533/5509/4514 5532/5510/4514
f 5534/5511/4515 5535/5512/4515 5537/5513/4515 5536/5514/4515
f 5534/5511/4516 5536/5514/4516 5539/5515/4516 5538/5516/4516
f 5538/5516/4517 5539/5515/4518 5541/5517/4517 5540/5518/4518
f 5542/5519/4519 5543/5520/4519 5545/5521/4519 5544/5522/4519
f 5542/5519/4520 5544/5522/4520 5547/5523/4520 5546/5524/4520
f 5546/5524/4521 5547/5523/4521 5549/5525/4521 5548/5526/4521
f 5550/5527/4522 5551/5528/4522 5553/5529/4522 5552/5530/4522
f 5550/5527/4523 5552/5530/4523 5555/5531/4523 5554/5532/4523
f 5554/5532/4524 5555/5531/4524 5557/5533/4524 5556/5534/4524
f 5558/5535/4525 5559/5536/4525 5561/5537/4525 5560/5538/4525
f 5558/5535/4526 5560/5538/4526 5563/5539/4526 5562/5540/4526
f 5562/5540/4527 5563/5539/4527 5565/5541/4527 5564/5542/4527
f 5566/5543/4528 5567/5544/4528 5569/5545/4528 5568/5546/4528
f 5566/5543/4529 5568/5546/4529 5571/5547/4529 5570/5548/4529
f 5570/5548/4530 5571/5547/4530 5573/5549/4530 5572/5550/4530
f 5574/5551/4531 5575/5552/4531 5577/5553/4531 5576/5554/4531
f 5574/5551/4532 5576/5554/4532 5579/5555/4532 5578/5556/4532
f 5578/5556/4533 5579/5555/4533 5581/5557/4533 5580/5558/4533
f 5582/5559/4534 5583/5560/4534 5585/5561/4534 5584/5562/4534
f 5582/5559/4535 5584/5562/4535 5587/5563/4535 5586/5564/4535
f 5586/5564/4536 5587/5563/4536 5589/5565/4536 5588/5566/4536
f 5590/5567/4537 5591/5568/4537 5593/5569/4537 5592/5570/4537
f 5590/5567/4538 5592/5570/4538 5595/5571/4538 5594/5572/4538
f 5594/5572/4539 5595/5571/4539 5597/5573/4539 5596/5574/4539
f 5605/5575/4540 5604/5576/4540 5602/5577/4540 5603/5578/4540
f 5605/5575/4541 5603/5578/4541 5600/5579/4541 5601/5580/4541
f 5601/5580/4542 5600/5579/4542 5598/5581/4542 5599/5582/4542
f 5613/5583/4543 5612/5584/4543 5610/5585/4543 5611/5586/4543
f 5613/5583/4544 5611/5586/4544 5608/5587/4544 5609/5588/4544
f 5609/5588/4545 5608/5587/4545 5606/5589/4545 5607/5590/4545
f 5621/5591/4546 5620/5592/4546 5618/5593/4546 5619/5594/4546
f 5621/5591/4547 5619/5594/4547 5616/5595/4547 5617/5596/4547
f 5617/5596/4548 5616/5595/4548 5614/5597/4548 5615/5598/4548
f 5629/5599/4549 5628/5600/4549 5626/5601/4549 5627/5602/4549
f 5629/5599/4550 5627/5602/4550 5624/5603/4550 5625/5604/4550
f 5625/5604/4551 5624/5603/4551 5622/5605/4551 5623/5606/4551
f 5637/5607/4552 5636/5608/4552 5634/5609/4552 5635/5610/4552
f 5637/5607/4553 5635/5610/4553 5632/5611/4553 5633/5612/4553
f 5633/5612/4554 5632/5611/4554 5630/5613/4554 5631/5614/4554
f 5645/5615/4555 5644/5616/4555 5642/5617/4555 5643/5618/4555
f 5645/5615/4556 5643/5618/4556 5640/5619/4556 5641/5620/4556
f 5641/5620/4557 5640/5619/4557 5638/5621/4557 5639/5622/4557
f 5646/5623/4558 5647/5624/4558 5649/5625/4558 5648/5626/4558
f 5646/5623/4559 5648/5626/4559 5651/5627/4559 5650/5628/4559
f 5650/5628/4560 5651/5627/4560 5653/5629/4560 5652/5630/4560
f 5661/5631/4561 5660/5632/4562 5658/5633/4561 5659/5634/4562
f 5661/5631/4563 5659/5634/4564 5656/5635/4563 5657/5636/4564
f 5657/5636/4565 5656/5635/4565 5654/5637/4565 5655/5638/4565
f 5669/5639/4566 5668/5640/4566 5666/5641/4566 5667/5642/4566
f 5669/5639/4567 5667/5642/4567 5664/5643/4567 5665/5644/4567
f 5665/5644/4568 5664/5643/4568 5662/5645/4568 5663/5646/4568
f 5677/5647/4569 5676/5648/4570 5674/5649/4569 5675/5650/4569
f 5677/5647/4571 5675/5650/4571 5672/5651/4571 5673/5652/4571
f 5673/5652/4572 5672/5651/4572 5670/5653/4572 5671/5654/4572
f 5678/5655/4573 5679/5656/4573 5681/5657/4573 5680/5658/4573
f 5678/5655/4574 5680/5658/4574 5683/5659/4574 5682/5660/4574
f 5682/5660/4575 5683/5659/4575 5685/5661/4575 5684/5662/4575
f 5686/5663/4576 5687/5664/4576 5689/5665/4576 5688/5666/4576
f 5686/5663/4577 5688/5666/4577 5691/5667/4577 5690/5668/4577
f 5690/5668/4578 5691/5667/4578 5693/5669/4578 5692/5670/4578
f 5694/5671/4579 5695/5672/4579 5697/5673/4579 5696/5674/4579
f 5694/5671/4580 5696/5674/4580 5699/5675/4580 5698/5676/4580
f 5698/5676/4581 5699/5675/4581 5701/5677/4581 5700/5678/4581
f 5702/5679/4582 5703/5680/4582 5705/5681/4582 5704/5682/4582
f 5702/5679/4583 5704/5682/4583 5707/5683/4583 5706/5684/4583
f 5706/5684/4584 5707/5683/4584 5709/5685/4584 5708/5686/4584
f 5731/5687/4585 5730/5688/4585 5710/5689/4585 5711/5690/4585
f 5715/5691/4586 5714/5692/4586 5712/5693/4586 5713/5694/4586
f 5719/5695/4587 5717/5696/4587 5714/5692/4587 5715/5691/4587
f 5719/5695/4588 5718/5697/4588 5716/5698/4588 5717/5696/4588
f 5733/5699/4589 5732/5700/4589 5720/5701/4589 5721/5702/4589
f 5725/5703/4590 5724/5704/4590 5722/5705/4590 5723/5706/4590
f 5729/5707/4591 5727/5708/4591 5724/5704/4591 5725/5703/4591
f 5729/5707/4592 5728/5709/4592 5726/5710/4592 5727/5708/4592
f 5713/5694/4593 5712/5693/4593 5730/5688/4593 5731/5687/4593
f 5723/5706/4594 5722/5705/4594 5732/5700/4594 5733/5699/4594
f 5745/5711/4595 5744/5712/4595 5734/5713/4595 5735/5714/4595
f 5739/5715/4596 5738/5716/4596 5736/5717/4596 5737/5718/4596
f 5743/5719/4597 5741/5720/4597 5738/5716/4597 5739/5715/4597
f 5743/5719/4598 5742/5721/4598 5740/5722/4598 5741/5720/4598
f 5737/5718/4599 5736/5717/4599 5744/5712/4599 5745/5711/4599
f 5757/5723/4600 5756/5724/4600 5746/5725/4600 5747/5726/4600
f 5751/5727/4601 5750/5728/4601 5748/5729/4601 5749/5730/4601
f 5755/5731/4602 5753/5732/4602 5750/5728/4602 5751/5727/4602
f 5755/5731/4603 5754/5733/4603 5752/5734/4603 5753/5732/4603
f 5749/5730/4604 5748/5729/4604 5756/5724/4604 5757/5723/4604
f 5967/5735/4605 5768/5736/4605 5758/5737/4605 5962/5738/4605
f 5969/5739/4606 5772/5740/4606 5760/5741/4606 5963/5742/4606
f 5965/5743/4607 5765/5744/4607 5762/5745/4607 5964/5746/4607
f 5965/5743/4608 5966/5747/4608 5764/5748/4608 5765/5744/4608
f 5968/5749/4609 5771/5750/4609 5768/5736/4609 5967/5735/4609
f 5963/5742/4610 5760/5741/4610 5771/5750/4610 5968/5749/4610
f 5964/5746/4611 5762/5745/4611 5772/5740/4611 5969/5739/4611
f 5785/5751/4612 5784/5752/4612 5774/5753/4612 5775/5754/4612
f 5779/5755/4613 5778/5756/4613 5776/5757/4613 5777/5758/4613
f 5783/5759/4614 5781/5760/4614 5778/5756/4614 5779/5755/4614
f 5783/5759/4615 5782/5761/4615 5780/5762/4615 5781/5760/4615
f 5777/5758/4616 5776/5757/4616 5784/5752/4616 5785/5751/4616
f 5793/5763/4617 5792/5764/4617 5790/5765/4617 5791/5766/4617
f 5793/5763/4618 5791/5766/4618 5788/5767/4618 5789/5768/4618
f 5789/5768/4619 5788/5767/4619 5786/5769/4619 5787/5770/4619
f 5794/5771/4620 5795/5772/4620 5797/5773/4620 5796/5774/4620
f 5794/5771/4621 5796/5774/4621 5799/5775/4621 5798/5776/4621
f 5798/5776/4622 5799/5775/4622 5801/5777/4622 5800/5778/4622
f 5802/5779/4623 5803/5780/4623 5805/5781/4623 5804/5782/4623
f 5802/5779/4624 5804/5782/4624 5807/5783/4624 5806/5784/4624
f 5806/5784/4625 5807/5783/4625 5809/5785/4625 5808/5786/4625
f 5817/5787/4626 5816/5788/4626 5814/5789/4626 5815/5790/4626
f 5817/5787/4627 5815/5790/4627 5812/5791/4627 5813/5792/4627
f 5813/5792/4628 5812/5791/4628 5810/5793/4628 5811/5794/4628
f 5825/5795/4629 5824/5796/4629 5822/5797/4629 5823/5798/4629
f 5825/5795/4630 5823/5798/4630 5820/5799/4630 5821/5800/4630
f 5821/5800/4631 5820/5799/4631 5818/5801/4631 5819/5802/4631
f 5833/5803/4632 5832/5804/4632 5830/5805/4632 5831/5806/4632
f 5833/5803/4633 5831/5806/4633 5828/5807/4633 5829/5808/4633
f 5829/5808/4634 5828/5807/4634 5826/5809/4634 5827/5810/4634
f 5842/5811/4635 5835/5812/4635 5837/5813/4635 5843/5814/4635
f 5834/5815/4636 5836/5816/4636 5839/5817/4636 5838/5818/4636
f 5838/5818/4637 5839/5817/4637 5841/5819/4637 5840/5820/4637
f 5834/5815/4638 5842/5811/4638 5843/5814/4638 5836/5816/4638
f 5852/5821/4639 5845/5822/4639 5847/5823/4639 5853/5824/4639
f 5844/5825/4640 5846/5826/4640 5849/5827/4640 5848/5828/4640
f 5848/5828/4641 5849/5827/4641 5851/5829/4641 5850/5830/4641
f 5844/5825/4642 5852/5821/4642 5853/5824/4642 5846/5826/4642
f 5854/5831/4643 5855/5832/4643 5857/5833/4643 5856/3125/4643
f 5854/5831/4644 5856/3125/4644 5859/5834/4644 5858/5835/4644
f 5858/5835/4645 5859/5834/4645 5861/5836/4645 5860/5837/4645
f 5867/5838/4646 5866/5839/4646 5864/5840/4646 5865/5841/4646
f 5871/5842/4647 5869/5843/4647 5866/5839/4647 5867/5838/4647
f 5873/5844/4648 5872/5845/4648 5862/5846/4648 5863/5847/4648
f 5871/5842/4649 5870/5848/4649 5868/5849/4649 5869/5843/4649
f 5865/5841/4650 5864/5840/4650 5872/5845/4650 5873/5844/4650
f 5882/5850/4651 5875/5851/4651 5877/5852/4651 5883/5853/4651
f 5874/5854/4652 5876/5855/4652 5879/5856/4652 5878/5857/4652
f 5878/5857/4653 5879/5856/4653 5881/5858/4653 5880/5859/4653
f 5874/5854/4654 5882/5850/4654 5883/5853/4654 5876/5855/4654
f 5891/5860/4655 5890/5861/4655 5888/5862/4655 5889/5863/4655
f 5891/5860/4656 5889/5863/4656 5886/5864/4656 5887/5865/4656
f 5887/5865/4657 5886/5864/4657 5884/5866/4657 5885/5867/4657
f 5900/5868/4658 5893/5869/4658 5895/5870/4658 5901/5871/4658
f 5892/5872/4659 5894/5873/4659 5897/5874/4659 5896/5875/4659
f 5896/5875/4660 5897/5874/4660 5899/5876/4660 5898/5877/4660
f 5892/5872/4661 5900/5868/4661 5901/5871/4661 5894/5873/4661
f 5913/5687/4662 5912/5688/4662 5902/5689/4662 5903/5690/4662
f 5907/5691/4663 5906/5692/4663 5904/5693/4663 5905/5694/4663
f 5911/5695/4664 5909/5696/4664 5906/5692/4664 5907/5691/4664
f 5911/5695/4665 5910/5697/4665 5908/5698/4665 5909/5696/4665
f 5905/5694/4666 5904/5693/4666 5912/5688/4666 5913/5687/4666
f 5925/5687/4667 5924/5688/4667 5914/5689/4667 5915/5690/4667
f 5919/5691/4668 5918/5692/4668 5916/5693/4668 5917/5694/4668
f 5923/5695/4669 5921/5696/4669 5918/5692/4669 5919/5691/4669
f 5923/5695/4670 5922/5697/4670 5920/5698/4670 5921/5696/4670
f 5917/5694/4671 5916/5693/4671 5924/5688/4671 5925/5687/4671
f 5974/5878/4672 5936/5712/4672 5926/5713/4672 5970/5879/4672
f 5972/5880/4673 5930/5716/4673 5928/5717/4673 5971/5881/4673
f 5973/5882/4674 5933/5720/4674 5930/5716/4674 5972/5880/4674
f 5973/5882/4675 5975/5883/4675 5932/5722/4675 5933/5720/4675
f 5971/5881/4676 5928/5717/4676 5936/5712/4676 5974/5878/4676
f 5945/4483/4677 5944/4484/4677 5942/4485/4677 5943/4486/4677
f 5945/4483/4678 5943/4486/4678 5940/4487/4678 5941/4488/4678
f 5941/4488/4679 5940/4487/4679 5938/4489/4679 5939/4490/4679
f 5953/4483/4680 5952/4484/4680 5950/4485/4680 5951/4486/4680
f 5953/4483/4681 5951/4486/4681 5948/4487/4681 5949/4488/4681
f 5949/4488/4682 5948/4487/4682 5946/4489/4682 5947/4490/4682
f 5961/4483/4683 5960/4484/4683 5958/4485/4683 5959/4486/4683
f 5961/4483/4684 5959/4486/4684 5956/4487/4684 5957/4488/4684
f 5957/4488/4685 5956/4487/4685 5954/4489/4685 5955/4490/4685
f 5769/5884/4686 5967/5735/4686 5962/5738/4686 5759/5885/4686
f 5773/5886/4687 5969/5739/4687 5963/5742/4687 5761/5887/4687
f 5767/5888/4688 5965/5743/4688 5964/5746/4688 5763/5889/4688
f 5767/5888/4689 5766/5890/4689 5966/5747/4689 5965/5743/4689
f 5770/5891/4690 5968/5749/4690 5967/5735/4690 5769/5884/4690
f 5761/5887/4691 5963/5742/4691 5968/5749/4691 5770/5891/4691
f 5763/5889/4692 5964/5746/4692 5969/5739/4692 5773/5886/4692
f 5937/5711/4693 5974/5878/4693 5970/5879/4693 5927/5714/4693
f 5931/5715/4694 5972/5880/4694 5971/5881/4694 5929/5718/4694
f 5935/5719/4695 5973/5882/4695 5972/5880/4695 5931/5715/4695
f 5935/5719/4696 5934/5721/4696 5975/5883/4696 5973/5882/4696
f 5929/5718/4697 5971/5881/4697 5974/5878/4697 5937/5711/4697
f 6003/5892/4698 5997/5893/4698 5977/3210/4698 5976/3209/4698
f 5997/5893/4699 5998/5894/4699 5978/3213/4699 5977/3210/4699
f 5998/5894/4700 5999/5895/4700 5979/3215/4700 5978/3213/4700
f 5999/5895/4701 6000/5896/4701 5980/3217/4701 5979/3215/4701
f 6000/5896/4702 6001/5897/4702 5981/3219/4702 5980/3217/4702
f 6001/5897/4703 6002/5898/4703 5982/3221/4703 5981/3219/4703
f 5996/5899/4704 5983/3195/4704 5984/3198/4704 5990/5900/4704
f 5990/5900/4705 5984/3198/4705 5985/3200/4705 5991/5901/4705
f 5991/5901/4706 5985/3200/4706 5986/3202/4706 5992/5902/4706
f 5992/5902/4707 5986/3202/4707 5987/3204/4707 5993/5903/4707
f 5993/5903/4708 5987/3204/4708 5988/3206/4708 5994/5904/4708
f 5994/5904/4709 5988/3206/4709 5989/3208/4709 5995/5905/4709
f 3285/5906/4710 5996/5899/4710 5990/5900/4710 3287/5907/4710
f 3287/5907/4711 5990/5900/4711 5991/5901/4711 3289/5908/4711
f 3289/5908/4712 5991/5901/4712 5992/5902/4713 3291/5909/4714
f 3291/5909/4714 5992/5902/4713 5993/5903/4715 3293/5910/4715
f 3293/5910/4716 5993/5903/4716 5994/5904/4716 3295/5911/4716
f 3295/5911/4717 5994/5904/4717 5995/5905/4717 3297/5912/4717
f 3299/5913/4718 3301/5914/4718 5997/5893/4718 6003/5892/4718
f 3301/5914/4719 3303/5915/4719 5998/5894/4719 5997/5893/4719
f 3303/5915/4720 3305/5916/4720 5999/5895/4720 5998/5894/4720
f 3305/5916/4721 3307/5917/4721 6000/5896/4721 5999/5895/4721
f 3307/5917/4722 3309/5918/4722 6001/5897/4722 6000/5896/4722
f 3309/5918/4723 3311/5919/4723 6002/5898/4723 6001/5897/4723
f 6012/5920/4724 6005/5921/4724 6007/5922/4724 6013/5923/4724
f 6004/5924/4725 6006/5925/4725 6009/5926/4725 6008/5927/4725
f 6008/5927/4726 6009/5926/4726 6011/5928/4726 6010/5929/4726
f 6004/5924/4727 6012/5920/4727 6013/5923/4727 6006/5925/4727
f 6022/5930/4728 6015/5931/4729 6017/5932/4728 6023/5933/4729
f 6014/5934/4730 6016/5935/4730 6019/5936/4730 6018/5937/4730
f 6018/5937/4731 6019/5936/4731 6021/5938/4731 6020/5939/4731
f 6014/5934/4732 6022/5930/4732 6023/5933/4732 6016/5935/4732
f 6032/5940/4733 6025/5941/4733 6027/5942/4733 6033/5943/4733
f 6024/5944/4734 6026/5945/4734 6029/5946/4734 6028/5947/4734
f 6028/5947/4735 6029/5946/4735 6031/5948/4735 6030/5949/4735
f 6024/5944/4736 6032/5940/4736 6033/5943/4736 6026/5945/4736
f 6042/5950/4737 6035/5951/4737 6037/5952/4737 6043/5953/4737
f 6034/5954/4738 6036/5955/4738 6039/5956/4738 6038/5957/4738
f 6038/5957/4739 6039/5956/4739 6041/5958/4739 6040/5959/4739
f 6034/5954/4740 6042/5950/4740 6043/5953/4740 6036/5955/4740
f 6052/5960/4741 6045/5961/4741 6047/5962/4741 6053/5963/4741
f 6044/5964/4742 6046/5965/4742 6049/5966/4742 6048/5967/4742
f 6048/5967/4743 6049/5966/4743 6051/5968/4743 6050/5969/4743
f 6044/5964/4744 6052/5960/4744 6053/5963/4744 6046/5965/4744
f 6062/5970/4745 6055/5971/4745 6057/5972/4745 6063/5973/4745
f 6054/5974/4746 6056/5975/4746 6059/5976/4746 6058/5977/4746
f 6058/5977/4747 6059/5976/4747 6061/5978/4747 6060/5979/4747
f 6054/5974/4748 6062/5970/4749 6063/5973/4748 6056/5975/4749
f 6072/5980/4750 6065/5981/4751 6067/5982/4750 6073/5983/4751
f 6064/5984/4752 6066/5985/4752 6069/5986/4752 6068/5987/4752
f 6068/5987/4753 6069/5986/4753 6071/5988/4753 6070/5989/4753
f 6064/5984/4754 6072/5980/4754 6073/5983/4754 6066/5985/4754
f 6082/5868/4755 6075/5869/4755 6077/5870/4755 6083/5871/4755
f 6074/5872/4756 6076/5873/4756 6079/5874/4756 6078/5875/4756
f 6078/5875/4757 6079/5874/4757 6081/5876/4757 6080/5877/4757
f 6074/5872/4758 6082/5868/4758 6083/5871/4758 6076/5873/4758
f 6092/5990/4759 6085/5991/4759 6087/5992/4759 6093/5993/4759
f 6084/5994/4760 6086/5995/4760 6089/5996/4760 6088/5997/4760
f 6088/5997/4761 6089/5996/4761 6091/5998/4761 6090/5999/4761
f 6084/5994/4762 6092/5990/4762 6093/5993/4762 6086/5995/4762
f 6102/6000/4763 6095/6001/4763 6097/6002/4763 6103/6003/4763
f 6094/6004/4764 6096/6005/4764 6099/6006/4764 6098/6007/4764
f 6098/6007/4765 6099/6006/4765 6101/6008/4765 6100/6009/4765
f 6094/6004/4766 6102/6000/4766 6103/6003/4766 6096/6005/4766
f 6104/6010/4767 6105/6011/4767 6107/6012/4767 6106/6013/4767
f 6104/6010/4768 6106/6013/4768 6109/6014/4768 6108/6015/4768
f 6108/6015/4769 6109/6014/4769 6111/6016/4769 6110/6017/4769
f 6112/6018/4770 6113/6019/4770 6115/6020/4770 6114/6021/4770
f 6112/6018/4771 6114/6021/4771 6117/6022/4771 6116/6023/4771
f 6116/6023/4772 6117/6022/4772 6119/6024/4772 6118/6025/4772
f 6120/6026/4773 6121/6027/4773 6123/6028/4773 6122/6029/4773
f 6120/6026/4774 6122/6029/4774 6125/6030/4774 6124/6031/4774
f 6124/6031/4775 6125/6030/4775 6127/6032/4775 6126/6033/4775
f 6128/6034/4776 6129/6035/4776 6131/6036/4776 6130/6037/4776
f 6128/6034/4777 6130/6037/4777 6133/6038/4777 6132/6039/4777
f 6132/6039/4778 6133/6038/4778 6135/6040/4778 6134/6041/4778
f 6136/6042/4779 6137/6043/4779 6139/6044/4779 6138/6045/4779
f 6136/6042/4780 6138/6045/4780 6141/6046/4780 6140/6047/4780
f 6140/6047/4781 6141/6046/4781 6143/6048/4781 6142/6049/4781
f 6144/6050/4782 6145/6051/4782 6147/6052/4782 6146/6053/4782
f 6144/6050/4783 6146/6053/4783 6149/6054/4783 6148/6055/4783
f 6148/6055/4784 6149/6054/4784 6151/6056/4784 6150/6057/4784
f 6152/6058/4785 6153/6059/4785 6155/6060/4785 6154/6061/4785
f 6152/6058/4786 6154/6061/4786 6157/6062/4786 6156/6063/4786
f 6156/6063/4787 6157/6062/4787 6159/6064/4787 6158/6065/4787
f 6168/6066/4788 6161/6067/4788 6163/6068/4788 6169/6069/4788
f 6160/6070/4789 6162/6071/4789 6165/6072/4789 6164/6073/4789
f 6164/6073/4790 6165/6072/4790 6167/6074/4790 6166/6075/4790
f 6160/6070/4791 6168/6066/4791 6169/6069/4791 6162/6071/4791
f 6170/6076/4792 6171/6077/4792 6173/6078/4792 6172/6079/4792
f 6170/6076/4793 6172/6079/4793 6175/6080/4793 6174/6081/4793
f 6174/6081/4794 6175/6080/4794 6177/6082/4794 6176/6083/4794
f 6178/6084/4795 6179/6085/4795 6181/6086/4795 6180/6087/4795
f 6178/6084/4796 6180/6087/4796 6183/6088/4796 6182/6089/4796
f 6182/6089/4797 6183/6088/4797 6185/6090/4797 6184/6091/4797
f 6186/6042/4798 6187/6043/4798 6189/6044/4798 6188/6045/4798
f 6186/6042/4799 6188/6045/4799 6191/6046/4799 6190/6047/4799
f 6190/6047/4800 6191/6046/4800 6193/6048/4800 6192/6049/4800
f 6194/6050/4801 6195/6051/4801 6197/6052/4801 6196/6053/4801
f 6194/6050/4802 6196/6053/4802 6199/6054/4802 6198/6055/4802
f 6198/6055/4803 6199/6054/4803 6201/6056/4803 6200/6057/4803
f 6202/6058/4804 6203/6059/4804 6205/6060/4804 6204/6061/4804
f 6202/6058/4805 6204/6061/4805 6207/6062/4805 6206/6063/4805
f 6206/6063/4806 6207/6062/4806 6209/6064/4806 6208/6065/4806
f 6210/6084/4807 6211/6085/4807 6213/6086/4807 6212/6087/4807
f 6210/6084/4808 6212/6087/4808 6215/6088/4808 6214/6089/4808
f 6214/6089/4809 6215/6088/4809 6217/6090/4809 6216/6091/4809
f 6226/5960/4810 6219/5961/4810 6221/5962/4810 6227/5963/4810
f 6218/5964/4811 6220/5965/4811 6223/5966/4811 6222/5967/4811
f 6222/5967/4812 6223/5966/4812 6225/5968/4812 6224/5969/4812
f 6218/5964/4813 6226/5960/4813 6227/5963/4813 6220/5965/4813
f 6236/5970/4814 6229/5971/4814 6231/5972/4814 6237/5973/4814
f 6228/5974/4815 6230/5975/4815 6233/5976/4815 6232/5977/4815
f 6232/5977/4816 6233/5976/4816 6235/5978/4816 6234/5979/4816
f 6228/5974/4817 6236/5970/4817 6237/5973/4817 6230/5975/4817
f 6246/5980/4818 6239/5981/4818 6241/5982/4818 6247/5983/4818
f 6238/5984/4819 6240/5985/4819 6243/5986/4819 6242/5987/4819
f 6242/5987/4820 6243/5986/4820 6245/5988/4820 6244/5989/4820
f 6238/5984/4821 6246/5980/4821 6247/5983/4821 6240/5985/4821
f 6256/5990/4822 6249/5991/4822 6251/5992/4822 6257/5993/4822
f 6248/5994/4823 6250/5995/4823 6253/5996/4823 6252/5997/4823
f 6252/5997/4824 6253/5996/4824 6255/5998/4824 6254/5999/4824
f 6248/5994/4825 6256/5990/4825 6257/5993/4825 6250/5995/4825
f 6266/6000/4826 6259/6001/4826 6261/6002/4826 6267/6003/4826
f 6258/6004/4827 6260/6005/4827 6263/6006/4827 6262/6007/4827
f 6262/6007/4828 6263/6006/4828 6265/6008/4828 6264/6009/4828
f 6258/6004/4829 6266/6000/4829 6267/6003/4829 6260/6005/4829
usemtl Skin
f 6268/6092/4830 6270/6093/4830 6309/6094/4830 6308/6095/4830
f 6270/6093/4831 6268/6092/4831 6269/6096/4831 6271/6097/4831
f 6272/6098/4832 6270/6093/4832 6271/6097/4832 6273/6099/4832
f 6272/6098/4833 6273/6099/4833 6275/6100/4833 6274/6101/4833
f 6273/6099/4834 6271/6097/4834 6276/6102/4834 6277/6103/4834
f 6273/6099/4835 6277/6103/4835 6278/6104/4835 6275/6100/4835
f 6278/6104/4836 6277/6103/4837 6279/6105/4837 6280/6106/4838
f 6276/6102/4839 6281/6107/4839 6279/6105/4839 6277/6103/4839
f 6271/6097/4840 6269/6096/4840 6282/6108/4840 6276/6102/4840
f 6280/6106/4841 6290/6109/4841 6318/6110/4841 6313/6111/4841
f 6296/6112/4842 6310/6113/4842 6313/6111/4842 6318/6110/4842
f 6286/6114/4843 6285/6115/4843 6287/6116/4843 6288/6117/4843
f 6280/6106/4844 6279/6105/4844 6289/6118/4844 6290/6109/4844
f 6292/6119/4845 6289/6118/4845 6293/6120/4845 6294/6121/4845
f 6289/6118/4846 6292/6119/4846 6291/6122/4846 6290/6109/4846
f 6317/6123/4847 6295/6124/4847 6310/6113/4847 6296/6112/4847
f 6289/6118/4848 6279/6105/4848 6281/6107/4848 6297/6125/4848
f 6301/6126/4849 6306/6127/4849 6340/6128/4849 6300/6129/4849
f 6300/6129/4850 6340/6128/4850 6337/6130/4850 6299/6131/4850
f 6338/6132/4851 6339/6133/4851 6302/6134/4851 6335/6135/4851
f 6337/6130/4852 6338/6132/4852 6335/6135/4852 6333/6136/4852
f 6284/6137/4853 6307/6138/4853 6287/6116/4853 6285/6115/4853
f 6309/6094/4854 6287/6116/4854 6307/6138/4854 6308/6095/4854
f 6312/6139/4855 6314/6140/4855 6297/6125/4855 6298/6141/4855
f 6298/6141/4856 6286/6114/4856 6300/6129/4856 6299/6131/4856
f 6281/6107/4857 6286/6114/4857 6298/6141/4857 6297/6125/4857
f 6276/6102/4858 6285/6115/4858 6286/6114/4858 6281/6107/4858
f 6285/6115/4859 6276/6102/4859 6282/6108/4859 6284/6137/4859
f 6289/6118/4860 6297/6125/4860 6314/6140/4860 6293/6120/4860
f 6293/6120/4861 6315/6142/4861 6316/6143/4861 6294/6121/4861
f 6317/6123/4862 6292/6119/4862 6294/6121/4862 6316/6143/4862
f 6292/6119/4863 6317/6123/4863 6296/6112/4863 6291/6122/4863
f 6318/6110/4864 6290/6109/4864 6291/6122/4864 6296/6112/4864
f 6295/6124/4865 6317/6123/4865 6316/6143/4865 6283/6144/4865
f 6315/6142/4866 6319/6145/4866 6283/6144/4866 6316/6143/4866
f 6313/6111/4867 6310/6113/4867 6320/6146/4867 6321/6147/4867
f 6321/6147/4868 6320/6146/4868 6322/6148/4868 6323/6149/4868
f 6323/6149/4869 6322/6148/4869 6324/6150/4869 6325/6151/4869
f 6280/6106/4838 6313/6111/4870 6326/6152/4870 6278/6104/4836
f 6315/6142/4871 6293/6120/4871 6314/6140/4871 6327/6153/4871
f 6312/6139/4872 6328/6154/4872 6327/6153/4872 6314/6140/4872
f 6311/6155/4873 6329/6156/4873 6328/6154/4873 6312/6139/4873
f 6311/6155/4874 6312/6139/4874 6298/6141/4874 6299/6131/4874
f 6332/6157/4875 6330/6158/4875 6311/6155/4875 6299/6131/4875
f 6337/6130/4876 6333/6136/4876 6332/6157/4876 6299/6131/4876
f 6311/6155/4877 6330/6158/4877 6304/6159/4877 6305/6160/4877
f 6363/6161/4878 6361/6162/4878 6366/6163/4878 6367/6164/4878
f 6283/6144/4879 6319/6145/4879 6365/6165/4879 6303/6166/4879
f 6340/6128/4880 6341/6167/4880 6338/6132/4880 6337/6130/4880
f 6306/6127/4881 6334/6168/4881 6341/6167/4881 6340/6128/4881
f 6344/6169/4882 6343/6170/4882 6334/6168/4882 6306/6127/4882
f 6301/6126/4883 6288/6117/4883 6345/6171/4883 6346/6172/4883
f 6346/6172/4884 6344/6169/4884 6306/6127/4884 6301/6126/4884
f 6287/6116/4885 6309/6094/4885 6345/6171/4885 6288/6117/4885
f 6288/6117/4886 6301/6126/4886 6300/6129/4886 6286/6114/4886
f 6270/6093/4887 6272/6098/4887 6349/6173/4887 6309/6094/4887
f 6309/6094/4888 6349/6173/4888 6348/6174/4888 6345/6171/4888
f 6345/6171/4889 6348/6174/4889 6347/6175/4889 6346/6172/4889
f 6343/6170/4890 6344/6169/4890 6346/6172/4890 6347/6175/4890
f 6351/6176/4891 6329/6156/4891 6311/6155/4891 6305/6160/4891
f 6353/6177/4892 6354/6178/4892 6331/6179/4892 6352/6180/4892
f 6327/6153/4893 6328/6154/4893 6354/6181/4893 6353/6182/4893
f 6315/6142/4894 6327/6153/4894 6353/6182/4894 6319/6145/4894
f 6351/6176/4895 6356/6183/4895 6355/6184/4895 6329/6156/4895
f 6354/6181/4896 6328/6154/4896 6329/6156/4896 6355/6184/4896
f 6356/6183/4897 6351/6176/4897 6357/6185/4897 6358/6186/4897
f 6354/6181/4898 6355/6184/4898 6356/6183/4898 6359/6187/4898
f 6336/6188/4899 6357/6185/4899 6351/6176/4899 6305/6160/4899
f 6295/6124/4900 6283/6144/4900 6361/6162/4900 6362/6189/4900
f 6362/6189/4901 6361/6162/4901 6363/6161/4901 6364/6190/4901
f 6354/6178/4902 6359/6191/4902 6360/6192/4902 6331/6179/4902
f 6319/6193/4903 6353/6177/4903 6352/6180/4903 6365/6194/4903
f 6303/6166/4904 6366/6163/4904 6361/6162/4904 6283/6144/4904
f 6295/6124/4905 6362/6189/4905 6320/6146/4905 6310/6113/4905
f 6320/6146/4906 6362/6189/4906 6364/6190/4906 6322/6148/4906
f 6369/6195/4907 6275/6100/4907 6278/6104/4907 6326/6152/4907
f 6367/6164/4908 6372/6196/4908 6371/6197/4908 6363/6161/4908
f 6370/6198/4909 6364/6190/4909 6363/6161/4909 6371/6197/4909
f 6322/6148/4910 6364/6190/4910 6370/6198/4910 6324/6150/4910
f 6371/6197/4911 6372/6196/4911 6375/6199/4911 6374/6200/4911
f 6352/6180/4912 6331/6179/4912 6376/6201/4912 6377/6202/4912
f 6331/6179/4913 6360/6192/4913 6378/6203/4913 6376/6201/4913
f 6366/6204/4914 6303/6205/4914 6379/6206/4914 6381/6207/4914
f 6303/6205/4915 6365/6194/4915 6380/6208/4915 6379/6206/4915
f 6375/6209/4916 6372/6210/4916 6383/6211/4916 6384/6212/4916
f 6372/6210/4917 6367/6213/4917 6382/6214/4917 6383/6211/4917
f 6366/6204/4918 6381/6207/4918 6382/6214/4918 6367/6213/4918
f 6380/6208/4919 6365/6194/4919 6352/6180/4919 6377/6202/4919
f 6376/6201/4920 6378/6203/4920 6387/6215/4920 6385/6216/4920
f 6380/6208/4921 6377/6202/4921 6388/6217/4921 6390/6218/4921
f 6379/6206/4922 6380/6208/4922 6390/6218/4922 6389/6219/4922
f 6382/6214/4923 6381/6207/4923 6391/6220/4923 6392/6221/4923
f 6383/6211/4924 6382/6214/4924 6392/6221/4924 6393/6222/4924
f 6388/6217/4925 6377/6202/4925 6376/6201/4925 6385/6216/4925
f 6389/6219/4926 6390/6218/4926 6395/6223/4926 6394/6224/4926
f 6379/6206/4927 6389/6219/4927 6391/6220/4927 6381/6207/4927
f 6394/6224/4928 6396/6225/4928 6391/6220/4928 6389/6219/4928
f 6393/6222/4929 6392/6221/4929 6397/6226/4929 6398/6227/4929
f 6391/6220/4930 6396/6225/4930 6397/6226/4930 6392/6221/4930
f 6330/6158/4931 6409/6228/4931 6408/6229/4931 6304/6159/4931
f 6333/6136/4932 6411/6230/4932 6410/6231/4932 6332/6157/4932
f 6332/6157/4933 6410/6231/4933 6409/6228/4933 6330/6158/4933
f 6335/6135/4934 6412/6232/4934 6411/6230/4934 6333/6136/4934
f 6409/6228/4935 6415/6233/4935 6414/6234/4935 6408/6229/4935
f 6412/6232/4936 6418/6235/4936 6417/6236/4936 6411/6230/4936
f 6411/6230/4937 6417/6236/4937 6416/6237/4937 6410/6231/4937
f 6410/6231/4938 6416/6237/4938 6415/6233/4938 6409/6228/4938
f 6307/6138/4939 6284/6137/4939 6422/6238/4939 6423/6239/4939
f 6308/6095/4940 6307/6138/4940 6423/6240/4940 6424/6241/4940
f 6269/6096/4941 6268/6092/4941 6419/6242/4941 6420/6243/4941
f 6282/6108/4942 6269/6096/4942 6420/6244/4942 6421/6245/4942
f 6284/6137/4943 6282/6108/4943 6421/6246/4943 6422/6247/4943
f 6268/6092/4944 6308/6095/4944 6424/6248/4944 6419/6242/4944
f 6429/6249/4945 6469/6250/4945 6470/6251/4945 6431/6252/4945
f 6431/6252/4946 6432/6253/4946 6430/6254/4946 6429/6249/4946
f 6433/6255/4947 6434/6256/4947 6432/6253/4947 6431/6252/4947
f 6433/6255/4948 6435/6257/4948 6436/6258/4948 6434/6256/4948
f 6434/6256/4949 6438/6259/4949 6437/6260/4949 6432/6253/4949
f 6434/6256/4950 6436/6258/4950 6439/6261/4950 6438/6259/4950
f 6439/6261/4951 6441/6262/4952 6440/6263/4953 6438/6259/4953
f 6437/6260/4954 6438/6259/4954 6440/6263/4954 6442/6264/4954
f 6432/6253/4955 6437/6260/4955 6443/6265/4955 6430/6254/4955
f 6441/6262/4956 6474/6266/4956 6479/6267/4956 6451/6268/4956
f 6457/6269/4957 6479/6267/4957 6474/6266/4957 6471/6270/4957
f 6447/6271/4958 6449/6272/4958 6448/6273/4958 6446/6274/4958
f 6441/6262/4959 6451/6268/4959 6450/6275/4959 6440/6263/4959
f 6453/6276/4960 6455/6277/4960 6454/6278/4960 6450/6275/4960
f 6450/6275/4961 6451/6268/4961 6452/6279/4961 6453/6276/4961
f 6478/6280/4962 6457/6269/4962 6471/6270/4962 6456/6281/4962
f 6450/6275/4963 6458/6282/4963 6442/6264/4963 6440/6263/4963
f 6462/6283/4964 6461/6284/4964 6499/6285/4964 6467/6286/4964
f 6461/6284/4965 6460/6287/4965 6497/6288/4965 6499/6285/4965
f 6497/6288/4966 6494/6289/4966 6496/6290/4966 6498/6291/4966
f 6445/6292/4967 6446/6274/4967 6448/6273/4967 6468/6293/4967
f 6470/6251/4968 6469/6250/4968 6468/6293/4968 6448/6273/4968
f 6473/6294/4969 6459/6295/4969 6458/6282/4969 6475/6296/4969
f 6459/6295/4970 6460/6287/4970 6461/6284/4970 6447/6271/4970
f 6442/6264/4971 6458/6282/4971 6459/6295/4971 6447/6271/4971
f 6437/6260/4972 6442/6264/4972 6447/6271/4972 6446/6274/4972
f 6446/6274/4973 6445/6292/4973 6443/6265/4973 6437/6260/4973
f 6450/6275/4974 6454/6278/4974 6475/6296/4974 6458/6282/4974
f 6454/6278/4975 6455/6277/4975 6477/6297/4975 6476/6298/4975
f 6478/6280/4976 6477/6297/4976 6455/6277/4976 6453/6276/4976
f 6453/6276/4977 6452/6279/4977 6457/6269/4977 6478/6280/4977
f 6479/6267/4978 6457/6269/4978 6452/6279/4978 6451/6268/4978
f 6456/6281/4979 6444/6299/4979 6477/6297/4979 6478/6280/4979
f 6476/6298/4980 6477/6297/4980 6444/6299/4980 6480/6300/4980
f 6474/6266/4981 6482/6301/4981 6481/6302/4981 6471/6270/4981
f 6482/6301/4982 6484/6303/4982 6483/6304/4982 6481/6302/4982
f 6484/6303/4983 6486/6305/4983 6485/6306/4983 6483/6304/4983
f 6441/6262/4952 6439/6261/4951 6487/6307/4984 6474/6266/4984
f 6476/6298/4985 6488/6308/4985 6475/6296/4985 6454/6278/4985
f 6473/6294/4986 6475/6296/4986 6488/6308/4986 6489/6309/4986
f 6472/6310/4987 6473/6294/4987 6489/6309/4987 6490/6311/4987
f 6472/6310/4988 6460/6287/4988 6459/6295/4988 6473/6294/4988
f 6493/6312/4989 6460/6287/4989 6472/6310/4989 6491/6313/4989
f 6497/6288/4990 6460/6287/4990 6493/6312/4990 6494/6289/4990
f 6472/6310/4991 6466/6314/4991 6465/6315/4991 6491/6313/4991
f 6525/6316/4992 6529/6317/4992 6528/6318/4992 6523/6319/4992
f 6444/6299/4993 6464/6320/4993 6527/6321/4993 6480/6300/4993
f 6499/6285/4994 6497/6288/4994 6498/6291/4994 6500/6322/4994
f 6467/6286/4995 6499/6285/4995 6500/6322/4995 6495/6323/4995
f 6503/6324/4996 6467/6286/4996 6495/6323/4996 6502/6325/4996
f 6462/6283/4997 6505/6326/4997 6504/6327/4997 6449/6272/4997
f 6505/6326/4998 6462/6283/4998 6467/6286/4998 6503/6324/4998
f 6448/6273/4999 6449/6272/4999 6504/6327/4999 6470/6251/4999
f 6449/6272/5000 6447/6271/5000 6461/6284/5000 6462/6283/5000
f 6431/6252/5001 6470/6251/5001 6509/6328/5001 6433/6255/5001
f 6470/6251/5002 6504/6327/5002 6508/6329/5002 6509/6328/5002
f 6504/6327/5003 6505/6326/5003 6507/6330/5003 6508/6329/5003
f 6502/6325/5004 6507/6330/5004 6505/6326/5004 6503/6324/5004
f 6507/6330/5005 6510/6331/5005 6511/6332/5005 6508/6329/5005
f 6507/6330/5006 6502/6325/5006 6506/6333/5006 6510/6331/5006
f 6511/6332/5007 6512/6334/5007 6509/6328/5007 6508/6329/5007
f 6513/6335/5008 6466/6314/5008 6472/6310/5008 6490/6311/5008
f 6515/6336/5009 6514/6337/5009 6492/6338/5009 6516/6339/5009
f 6488/6308/5010 6515/6340/5010 6516/6341/5010 6489/6309/5010
f 6476/6298/5011 6480/6300/5011 6515/6340/5011 6488/6308/5011
f 6513/6335/5012 6490/6311/5012 6517/6342/5012 6518/6343/5012
f 6516/6341/5013 6517/6342/5013 6490/6311/5013 6489/6309/5013
f 6522/6344/5014 6520/6345/5014 6521/6346/5014 6519/6347/5014
f 6516/6341/5015 6520/6348/5015 6518/6343/5015 6517/6342/5015
f 6456/6281/5016 6524/6349/5016 6523/6319/5016 6444/6299/5016
f 6524/6349/5017 6526/6350/5017 6525/6316/5017 6523/6319/5017
f 6516/6339/5018 6492/6338/5018 6521/6346/5018 6520/6345/5018
f 6480/6351/5019 6527/6352/5019 6514/6337/5019 6515/6336/5019
f 6464/6320/5020 6444/6299/5020 6523/6319/5020 6528/6318/5020
f 6456/6281/5021 6471/6270/5021 6481/6302/5021 6524/6349/5021
f 6481/6302/5022 6483/6304/5022 6526/6350/5022 6524/6349/5022
f 6530/6353/5023 6532/6354/5023 6531/6355/5023 6435/6257/5023
f 6533/6356/5024 6487/6307/5024 6439/6261/5024 6436/6258/5024
f 6529/6317/5025 6525/6316/5025 6535/6357/5025 6536/6358/5025
f 6534/6359/5026 6535/6357/5026 6525/6316/5026 6526/6350/5026
f 6483/6304/5027 6485/6306/5027 6534/6359/5027 6526/6350/5027
f 6514/6337/5028 6540/6360/5028 6539/6361/5028 6492/6338/5028
f 6519/6347/5029 6521/6346/5029 6542/6362/5029 6541/6363/5029
f 6492/6338/5030 6539/6361/5030 6542/6362/5030 6521/6346/5030
f 6528/6364/5031 6545/6365/5031 6543/6366/5031 6464/6367/5031
f 6464/6367/5032 6543/6366/5032 6544/6368/5032 6527/6352/5032
f 6536/6369/5033 6547/6370/5033 6546/6371/5033 6529/6372/5033
f 6528/6364/5034 6529/6372/5034 6546/6371/5034 6545/6365/5034
f 6544/6368/5035 6540/6360/5035 6514/6337/5035 6527/6352/5035
f 6539/6361/5036 6548/6373/5036 6549/6374/5036 6542/6362/5036
f 6544/6368/5037 6552/6375/5037 6550/6376/5037 6540/6360/5037
f 6543/6366/5038 6551/6377/5038 6552/6375/5038 6544/6368/5038
f 6546/6371/5039 6554/6378/5039 6553/6379/5039 6545/6365/5039
f 6547/6370/5040 6555/6380/5040 6554/6378/5040 6546/6371/5040
f 6550/6376/5041 6548/6373/5041 6539/6361/5041 6540/6360/5041
f 6551/6377/5042 6557/6381/5042 6558/6382/5042 6552/6375/5042
f 6543/6366/5043 6545/6365/5043 6553/6379/5043 6551/6377/5043
f 6557/6381/5044 6551/6377/5044 6553/6379/5044 6559/6383/5044
f 6555/6380/5045 6561/6384/5045 6560/6385/5045 6554/6378/5045
f 6556/6386/5046 6562/6387/5046 6561/6384/5046 6555/6380/5046
f 6553/6379/5047 6554/6378/5047 6560/6385/5047 6559/6383/5047
f 6575/6388/5048 6568/6389/5048 6615/6390/5048 6576/6391/5048
f 6568/6389/5049 6565/6392/5049 6618/6393/5049 6615/6390/5049
f 6563/6394/5050 6609/6395/5050 6613/6396/5050 6614/6397/5050
f 6612/6398/5051 6578/6399/5051 6586/6400/5051 6584/6401/5051
f 6608/6402/5052 6612/6398/5052 6584/6401/5052 6583/6403/5052
f 6570/6404/5053 6563/6394/5053 6614/6397/5053 6571/6405/5053
f 6607/6406/5054 6608/6402/5054 6583/6403/5054 6582/6407/5054
f 6609/6395/5055 6607/6406/5055 6582/6407/5055 6581/6408/5055
f 6491/6313/5056 6465/6315/5056 6590/6409/5056 6591/6410/5056
f 6494/6289/5057 6493/6312/5057 6592/6411/5057 6593/6412/5057
f 6465/6315/5058 6463/6413/5058 6589/6414/5058 6590/6409/5058
f 6493/6312/5059 6491/6313/5059 6591/6410/5060 6592/6411/5060
f 6496/6290/5061 6494/6289/5061 6593/6412/5061 6594/6415/5061
f 6591/6416/5062 6590/6417/5062 6596/6410/5062 6597/6409/5062
f 6594/6415/5063 6593/6412/5063 6599/6418/5063 6600/6419/5063
f 6588/6419/5064 6594/6415/5064 6600/6420/5064 6595/6421/5064
f 6593/6412/5065 6592/6411/5065 6598/6422/5065 6599/6418/5065
f 6592/6411/5066 6591/6422/5066 6597/6417/5066 6598/6410/5066
f 6468/6293/5067 6605/6423/5067 6604/6424/5067 6445/6292/5067
f 6469/6250/5068 6606/6425/5068 6605/6423/5068 6468/6293/5068
f 6430/6254/5069 6602/6426/5069 6601/6427/5069 6429/6249/5069
f 6443/6265/5070 6603/6428/5070 6602/6426/5070 6430/6254/5070
f 6445/6292/5071 6604/6424/5071 6603/6428/5071 6443/6265/5071
f 6429/6249/5072 6601/6427/5072 6606/6425/5072 6469/6250/5072
f 6579/6429/5073 6608/6402/5073 6607/6406/5073 6564/6430/5073
f 6564/6430/5074 6607/6406/5074 6609/6395/5074 6563/6394/5074
f 6614/6397/5075 6611/6431/5075 6572/6432/5075 6571/6405/5075
f 6573/6433/5076 6612/6398/5076 6608/6402/5076 6579/6429/5076
f 6613/6396/5077 6609/6395/5077 6581/6408/5077 6580/6434/5077
f 6573/6433/5078 6567/6435/5078 6578/6399/5078 6612/6398/5078
f 6576/6391/5079 6615/6390/5079 6569/6436/5079 6610/6437/5079
f 6614/6397/5080 6613/6396/5080 6577/6438/5080 6611/6431/5080
f 6580/6434/5081 6585/6439/5081 6577/6438/5081 6613/6396/5081
f 6573/6433/5082 6576/6391/5082 6610/6437/5082 6567/6435/5082
f 6615/6390/5083 6618/6393/5083 6619/6440/5083 6569/6436/5083
f 6565/6392/5084 6566/6441/5084 6619/6440/5084 6618/6393/5084
f 6342/6442/5085 6501/6443/5085 6341/6167/5085 6334/6168/5085
f 6341/6167/5086 6501/6443/5086 6339/6133/5086 6338/6132/5086
f 6343/6170/5087 6506/6333/5087 6342/6442/5087 6334/6168/5087
f 6347/6175/5088 6348/6174/5088 6511/6332/5088 6510/6331/5088
f 6349/6173/5089 6272/6098/5089 6350/6444/5089 6512/6334/5089
f 6347/6175/5090 6510/6331/5090 6506/6333/5090 6343/6170/5090
f 6511/6332/5091 6348/6174/5091 6349/6173/5091 6512/6334/5091
f 6522/6344/5092 6519/6347/5092 6360/6192/5092 6359/6191/5092
f 6356/6183/5093 6358/6186/5093 6522/6445/5093 6359/6187/5093
f 6305/6160/5094 6304/6159/5094 6463/6413/5094 6336/6188/5094
f 6274/6101/5095 6530/6353/5095 6350/6444/5095 6272/6098/5095
f 6530/6353/5096 6274/6101/5096 6368/6446/5096 6532/6354/5096
f 6370/6198/5097 6371/6197/5097 6374/6200/5097 6538/6447/5097
f 6325/6151/5098 6324/6150/5098 6373/6448/5098 6537/6449/5098
f 6324/6150/5099 6370/6198/5099 6538/6447/5099 6373/6448/5099
f 6519/6347/5100 6541/6363/5100 6378/6203/5100 6360/6192/5100
f 6541/6363/5101 6386/6450/5101 6387/6215/5101 6378/6203/5101
f 6384/6212/5102 6383/6211/5102 6393/6222/5102 6556/6451/5102
f 6556/6451/5103 6393/6222/5103 6398/6227/5103 6562/6452/5103
f 6426/6453/5104 6400/6454/5104 6427/6455/5104 6617/6456/5104
f 6304/6159/5105 6408/6229/5105 6589/6414/5105 6463/6413/5105
f 6302/6134/5106 6588/6420/5106 6412/6232/5106 6335/6135/5106
f 6408/6229/5107 6414/6234/5107 6413/6457/5107 6589/6414/5107
f 6588/6420/5108 6595/6421/5108 6418/6235/5108 6412/6232/5108
f 6616/6458/5109 6406/6459/5109 6404/6460/5109 6407/6461/5109
f 6406/6462/5110 6616/6463/5110 6425/6464/5110 6405/6465/5110
f 6402/6466/5111 6426/6453/5111 6617/6456/5111 6401/6467/5111
f 6498/6291/5112 6496/6290/5112 6302/6134/5112 6339/6133/5112
f 6342/6442/5113 6495/6323/5113 6500/6322/5113 6501/6443/5113
f 6500/6322/5114 6498/6291/5114 6339/6133/5114 6501/6443/5114
f 6502/6325/5115 6495/6323/5115 6342/6442/5115 6506/6333/5115
f 6509/6328/5116 6512/6334/5116 6350/6444/5116 6433/6255/5116
f 6518/6343/5117 6520/6348/5117 6522/6445/5117 6358/6186/5117
f 6518/6343/5118 6358/6186/5118 6357/6185/5118 6513/6335/5118
f 6336/6188/5119 6466/6314/5119 6513/6335/5119 6357/6185/5119
f 6466/6314/5120 6336/6188/5120 6463/6413/5120 6465/6315/5120
f 6435/6257/5121 6433/6255/5121 6350/6444/5121 6530/6353/5121
f 6535/6357/5122 6374/6468/5122 6375/6469/5122 6536/6358/5122
f 6534/6359/5123 6538/6470/5123 6374/6468/5123 6535/6357/5123
f 6486/6305/5124 6537/6471/5124 6373/6472/5124 6485/6306/5124
f 6485/6306/5125 6373/6472/5125 6538/6470/5125 6534/6359/5125
f 6375/6473/5126 6384/6474/5126 6547/6370/5126 6536/6369/5126
f 6541/6363/5127 6542/6362/5127 6549/6374/5127 6386/6450/5127
f 6384/6474/5128 6556/6386/5128 6555/6380/5128 6547/6370/5128
f 6610/6437/5129 6617/6475/5129 6427/6476/5129 6567/6435/5129
f 6302/6134/5130 6496/6290/5130 6594/6415/5130 6588/6420/5130
f 6590/6457/5131 6589/6414/5131 6413/6409/5131 6596/6416/5131
f 6611/6431/5132 6403/6477/5132 6574/6478/5132 6572/6432/5132
f 6616/6458/5133 6407/6461/5133 6577/6438/5133 6587/6479/5133
f 6587/6480/5134 6578/6399/5134 6425/6481/5134 6616/6482/5134
f 6569/6436/5135 6401/6483/5135 6617/6475/5135 6610/6437/5135
f 6577/6438/5136 6407/6461/5136 6403/6477/5136 6611/6431/5136
f 6566/6441/5137 6399/6484/5137 6428/6485/5137 6619/6440/5137
f 6619/6440/5138 6428/6485/5138 6401/6483/5138 6569/6436/5138
l 2587 2598
l 2587 2588
l 2595 2596
l 2588 2595
l 2589 2599
l 2589 2593
l 2590 2591
l 2590 2597
l 2583 2600
l 2583 2598
l 2591 2592
l 2584 2600
l 2592 2593
l 2584 2585
l 2585 2586
l 2586 2599
l 2594 2596
l 2594 2597
o Worker.001
v -0.137588 0.456986 -0.136720
v -0.086637 0.732512 -0.001795
v -0.084521 0.686040 -0.039982
v 0.036274 0.067210 -0.235156
v 0.014061 0.009377 -0.235735
v 0.077349 0.023695 -0.179025
v 0.042913 0.077893 -0.070864
v 0.003209 0.067128 -0.245177
v 0.082581 0.072505 -0.172551
v 0.089354 0.069155 -0.134889
v 0.055239 0.079868 -0.081635
v 0.029531 0.071533 -0.068990
v 0.064639 0.081781 -0.094592
v 0.078941 0.077386 -0.107936
v 0.055922 0.030117 -0.061791
v 0.085673 0.027284 -0.142562
v 0.075953 0.043137 -0.077862
v 0.037815 0.031720 -0.067007
v 0.079686 0.044057 -0.096435
v 0.022882 0.027108 -0.074407
v 0.079861 0.035608 -0.119574
v -0.026557 0.022671 -0.119977
v 0.008278 0.019642 -0.080827
v -0.012525 0.005559 -0.239789
v -0.052546 0.010781 -0.204743
v -0.050477 0.018309 -0.180535
v -0.031092 0.005627 -0.230875
v -0.037108 0.023313 -0.150049
v 0.050834 0.019608 -0.219510
v -0.026593 0.072329 -0.096784
v -0.008684 0.018628 -0.091963
v 0.068372 0.286059 -0.213419
v 0.048435 0.163713 -0.230037
v 0.054671 0.890983 -0.161817
v 0.065436 0.638368 -0.146399
v 0.055519 0.794613 -0.180617
v 0.054940 0.856007 -0.167846
v 0.052282 0.824930 -0.174361
v 0.063885 0.550852 -0.163317
v 0.068145 0.719403 -0.166636
v 0.084980 0.483242 -0.166481
v 0.085487 0.406098 -0.180752
v 0.005542 0.889154 -0.187763
v -0.022337 0.887572 -0.193895
v -0.047615 0.890519 -0.192530
v -0.068088 0.892622 -0.187939
v 0.077721 0.893061 -0.134651
v 0.029159 0.889389 -0.177246
v -0.001825 0.849962 -0.190338
v -0.030955 0.848565 -0.194019
v -0.056411 0.853720 -0.190783
v -0.078762 0.859444 -0.182603
v 0.080834 0.858987 -0.142893
v -0.010044 0.815517 -0.192561
v -0.045777 0.809342 -0.188446
v -0.069635 0.827037 -0.178673
v -0.089414 0.836075 -0.167588
v 0.027474 0.854776 -0.182841
v 0.083367 0.826545 -0.147650
v -0.093003 0.813633 -0.149491
v 0.027391 0.822056 -0.190141
v 0.087731 0.892411 -0.089947
v 0.095487 0.889660 -0.043088
v 0.084711 0.885276 -0.012277
v 0.093315 0.859748 -0.094537
v 0.096738 0.855732 -0.045486
v 0.085870 0.851372 -0.012982
v 0.098300 0.827388 -0.096860
v 0.095807 0.823876 -0.046562
v 0.017422 0.798605 0.042088
v 0.068962 0.880958 0.011211
v -0.024963 0.868900 0.060679
v -0.001374 0.865675 0.053245
v 0.047142 0.876221 0.026849
v 0.024257 0.870428 0.041719
v -0.039004 0.837357 0.052712
v 0.067845 0.845420 0.009907
v -0.021630 0.818556 0.045074
v 0.045922 0.839369 0.027567
v 0.018611 0.831513 0.042731
v -0.068039 0.810872 0.037997
v 0.044536 0.804452 0.028490
v -0.021623 0.791004 0.042726
v 0.066615 0.810095 0.012207
v 0.084163 0.818275 -0.011556
v -0.060453 0.802779 0.036363
v -0.076529 0.777988 0.028238
v -0.094527 0.798040 -0.128612
v -0.053409 0.781745 0.028456
v -0.076796 0.767431 0.021605
v -0.093035 0.779647 -0.126337
v -0.086229 0.805410 -0.156368
v -0.080121 0.791613 -0.163917
v -0.014719 0.786639 -0.200586
v -0.046702 0.781891 -0.190297
v 0.014982 0.767962 0.042016
v 0.086976 0.792957 -0.146781
v 0.026729 0.790606 -0.193761
v 0.102426 0.794082 -0.095425
v 0.098889 0.790365 -0.044754
v 0.045229 0.773709 0.029095
v -0.023440 0.761646 0.036877
v 0.066242 0.779787 0.013342
v 0.086169 0.785799 -0.010331
v -0.053781 0.755978 0.018564
v -0.083222 0.746099 0.008340
v -0.094119 0.753981 -0.128312
v -0.080855 0.764240 -0.163637
v 0.008392 0.624987 -0.185643
v -0.040948 0.613550 -0.175302
v 0.013172 0.618462 0.023812
v 0.085725 0.642846 -0.124134
v 0.035808 0.631419 -0.176026
v 0.100585 0.641129 -0.077973
v 0.095311 0.636859 -0.044231
v 0.041713 0.623901 0.017653
v -0.012915 0.614160 0.011259
v 0.062147 0.628565 0.001462
v 0.082064 0.632949 -0.019111
v -0.032122 0.612619 -0.006965
v -0.048023 0.609992 -0.028381
v -0.076588 0.601926 -0.076559
v -0.073411 0.603726 -0.111694
v -0.066715 0.606683 -0.144051
v 0.002501 0.535630 -0.193264
v -0.041835 0.522569 -0.179438
v 0.020007 0.526477 0.001144
v 0.093357 0.555526 -0.123493
v 0.048011 0.547584 -0.178280
v 0.091392 0.547470 -0.091356
v 0.082850 0.539549 -0.058510
v 0.036439 0.527574 -0.003083
v 0.000001 0.523438 -0.008081
v 0.051682 0.531266 -0.015783
v 0.067597 0.534234 -0.034463
v -0.016677 0.522372 -0.020883
v -0.027459 0.521297 -0.042706
v -0.059253 0.514027 -0.085251
v -0.067140 0.512569 -0.116689
v -0.062161 0.515361 -0.150690
v 0.005272 0.469550 -0.200906
v -0.038346 0.455828 -0.181114
v 0.020442 0.450275 -0.023104
v 0.098579 0.480926 -0.135696
v 0.049852 0.478775 -0.187484
v 0.086190 0.473894 -0.104635
v 0.073181 0.465683 -0.077047
v 0.028942 0.451422 -0.025519
v 0.008697 0.449385 -0.028516
v 0.046377 0.456996 -0.037736
v 0.058000 0.459540 -0.053485
v -0.003190 0.448930 -0.046059
v -0.017152 0.447751 -0.061238
v -0.046725 0.442891 -0.098358
v -0.052994 0.445084 -0.124807
v -0.050108 0.449520 -0.154496
v 0.011352 0.394764 -0.217731
v -0.025243 0.384537 -0.200389
v 0.034816 0.364723 -0.053596
v 0.098506 0.401713 -0.151476
v 0.054619 0.402168 -0.207918
v 0.097720 0.394609 -0.121125
v 0.088476 0.386481 -0.091699
v 0.049510 0.368322 -0.053973
v 0.021527 0.363472 -0.060897
v 0.065032 0.372644 -0.055934
v 0.076594 0.378239 -0.067852
v 0.008240 0.365126 -0.078207
v -0.010417 0.366884 -0.094852
v -0.044157 0.367960 -0.121528
v -0.044772 0.372075 -0.144227
v -0.041527 0.377101 -0.173048
v 0.011404 0.282884 -0.231568
v -0.017097 0.278499 -0.220503
v 0.032499 0.261126 -0.078348
v 0.083326 0.284404 -0.188466
v 0.040503 0.285490 -0.227752
v 0.090347 0.278416 -0.155395
v 0.086459 0.273236 -0.122252
v 0.047380 0.257569 -0.073759
v 0.018942 0.268375 -0.089129
v 0.062023 0.257807 -0.076872
v 0.073553 0.263474 -0.093148
v 0.005217 0.272139 -0.104514
v -0.021463 0.257879 -0.118974
v -0.045641 0.267000 -0.141942
v -0.042301 0.270991 -0.169697
v -0.034487 0.273587 -0.199914
v 0.002869 0.167157 -0.237369
v -0.017844 0.168491 -0.226800
v 0.041413 0.159060 -0.110019
v 0.068238 0.157395 -0.208176
v 0.025654 0.164510 -0.238207
v 0.082385 0.154737 -0.178663
v 0.085973 0.155182 -0.135903
v 0.055043 0.155813 -0.100918
v 0.002750 0.152586 -0.111663
v 0.063254 0.154458 -0.097588
v 0.077907 0.153476 -0.105179
v -0.021592 0.149422 -0.106667
v -0.029229 0.151873 -0.108668
v -0.038973 0.159422 -0.144175
v -0.037153 0.164882 -0.178580
v -0.028840 0.168718 -0.204774
v -0.016194 0.070716 -0.245745
v -0.032749 0.072950 -0.232829
v 0.063181 0.069651 -0.207825
v 0.011476 0.072960 -0.072313
v -0.006896 0.069558 -0.079169
v -0.038594 0.079041 -0.137216
v -0.036823 0.079837 -0.172158
v -0.038285 0.078637 -0.205798
v -0.061661 0.607117 -0.049786
v -0.041990 0.518991 -0.063861
v -0.029944 0.446345 -0.077311
v -0.027131 0.367071 -0.106775
v -0.036774 0.263101 -0.122790
v -0.038983 0.154437 -0.116741
v -0.021316 0.690611 0.026142
v -0.047924 0.688171 0.006956
v -0.071878 0.684986 -0.009334
v -0.086707 0.689143 -0.115582
v -0.072988 0.692897 -0.154196
v -0.046395 0.698338 -0.183347
v 0.000211 0.704306 -0.194681
v 0.033182 0.711186 -0.187567
v 0.086376 0.722142 -0.124445
v 0.100626 0.722343 -0.082863
v 0.097803 0.716967 -0.039745
v 0.083874 0.711999 -0.011692
v 0.065663 0.706922 0.009714
v 0.042561 0.701148 0.024198
v 0.012872 0.695317 0.033809
v 0.063636 0.021989 -0.070554
v 0.068900 0.021637 -0.073733
v 0.062768 0.023230 -0.071738
v 0.068166 0.022992 -0.075087
v 0.074370 0.020438 -0.077167
v 0.073812 0.021834 -0.078747
v 0.079427 0.018370 -0.081166
v 0.078827 0.019890 -0.082708
v 0.083946 0.015681 -0.085406
v 0.087493 0.012103 -0.089910
v 0.086707 0.013447 -0.091217
v 0.057432 0.022537 -0.067508
v 0.056553 0.023799 -0.068636
v 0.051103 0.021989 -0.064617
v 0.050245 0.023158 -0.065834
v 0.045891 0.020789 -0.062616
v 0.044991 0.021927 -0.063853
v 0.061341 0.021400 -0.073029
v 0.055622 0.021855 -0.070201
v 0.049676 0.021069 -0.067543
v 0.044640 0.019869 -0.065592
v 0.063099 0.019476 -0.071453
v 0.068000 0.019135 -0.074309
v 0.073243 0.017966 -0.077586
v 0.078021 0.016084 -0.081389
v 0.082064 0.013809 -0.085329
v 0.085394 0.010490 -0.089371
v 0.057318 0.019962 -0.068648
v 0.051320 0.019497 -0.065858
v 0.046325 0.018359 -0.063864
v 0.041300 0.018701 -0.062006
v 0.040617 0.019735 -0.063368
v 0.063481 0.023271 -0.070830
v 0.068993 0.023064 -0.074110
v 0.074670 0.021917 -0.077699
v 0.079851 0.019869 -0.081798
v 0.084567 0.016994 -0.086262
v 0.088083 0.012796 -0.091258
v 0.057142 0.023819 -0.067694
v 0.050710 0.023220 -0.064830
v 0.045219 0.021968 -0.062762
v 0.040255 0.019486 -0.062185
v 0.039790 0.017377 -0.063695
v 0.075342 0.034853 -0.112273
v 0.076718 0.034161 -0.112253
v 0.068352 0.034915 -0.091200
v 0.073336 0.032837 -0.095151
v 0.072788 0.034481 -0.096763
v 0.077783 0.030138 -0.099340
v 0.081237 0.026570 -0.103796
v 0.080482 0.027987 -0.105156
v 0.067163 0.032413 -0.091560
v 0.071868 0.030520 -0.095324
v 0.075859 0.028235 -0.099230
v 0.035240 0.031441 -0.077717
v 0.068693 0.036446 -0.091782
v 0.073802 0.034409 -0.095830
v 0.078434 0.031524 -0.100235
v 0.081836 0.027294 -0.105171
v 0.033740 0.030551 -0.079079
v 0.061434 0.029155 -0.077731
v 0.066697 0.028804 -0.080910
v 0.065994 0.030210 -0.082288
v 0.072147 0.027604 -0.084334
v 0.071630 0.029052 -0.085938
v 0.077183 0.025526 -0.088315
v 0.076604 0.027108 -0.089881
v 0.081671 0.022837 -0.092532
v 0.081082 0.024274 -0.094146
v 0.085177 0.019269 -0.097014
v 0.084412 0.020634 -0.098338
v 0.055239 0.029714 -0.074688
v 0.048869 0.029166 -0.071780
v 0.048032 0.030386 -0.073021
v 0.043637 0.027956 -0.069762
v 0.042758 0.029145 -0.071023
v 0.047432 0.028307 -0.074706
v 0.042375 0.027098 -0.072739
v 0.060855 0.026632 -0.078600
v 0.065756 0.026281 -0.081459
v 0.070989 0.025102 -0.084727
v 0.075746 0.023230 -0.088516
v 0.079768 0.020955 -0.092441
v 0.083057 0.017625 -0.096464
v 0.055084 0.027118 -0.075795
v 0.049045 0.026653 -0.072989
v 0.044030 0.025515 -0.070975
v 0.039035 0.025877 -0.069120
v 0.038394 0.026963 -0.070510
v 0.039045 0.023871 -0.070506
v 0.061310 0.030458 -0.078027
v 0.066811 0.030272 -0.081308
v 0.072468 0.029114 -0.084885
v 0.077628 0.027077 -0.088964
v 0.082302 0.024202 -0.093404
v 0.085777 0.019972 -0.098371
v 0.054981 0.031027 -0.074893
v 0.048497 0.030417 -0.072013
v 0.042985 0.029166 -0.069927
v 0.038011 0.026694 -0.069314
v 0.037515 0.024585 -0.070802
v 0.109240 -0.011247 -0.071274
v 0.095952 0.001772 -0.097521
v 0.119540 -0.023088 -0.077850
v 0.102994 -0.016800 -0.103653
v 0.030721 0.006994 -0.055534
v 0.040317 -0.006118 -0.028729
v 0.026140 -0.010068 -0.051071
v 0.034009 -0.016500 -0.022926
v 0.115621 -0.010134 -0.020392
v 0.115238 -0.014505 -0.041860
v 0.124824 -0.020148 -0.019461
v 0.125590 -0.024753 -0.047376
v 0.057246 -0.009966 -0.003643
v 0.070937 -0.007593 0.008066
v 0.054257 -0.018975 0.002848
v 0.072323 -0.016617 0.016756
v 0.041548 0.011481 -0.201992
v -0.024414 0.018570 -0.158612
v 0.083760 0.015660 -0.123473
v 0.084256 -0.007722 -0.126937
v 0.067256 0.000655 -0.159025
v 0.017867 0.023116 -0.084787
v -0.004894 0.010125 -0.113400
v 0.013172 0.000036 -0.082087
v 0.042840 0.024833 -0.201775
v 0.068486 0.021036 -0.157422
v -0.018741 0.036621 -0.164185
v -0.002890 0.031192 -0.115510
v 0.000623 0.038773 -0.118002
v -0.014521 0.041823 -0.165964
v 0.065767 0.030645 -0.155933
v 0.042892 0.030531 -0.198094
v 0.114907 -0.009337 -0.012587
v 0.123821 -0.019565 -0.007956
v 0.031248 0.032857 -0.213812
v 0.026781 0.015323 -0.214960
v 0.076345 -0.007308 0.010653
v 0.080833 -0.016841 0.020608
v -0.020179 0.040903 -0.182530
v -0.029143 0.021727 -0.176067
v 0.089779 0.009301 -0.110143
v 0.093429 -0.012484 -0.115324
v 0.025436 0.015247 -0.070401
v 0.020493 -0.005725 -0.066263
v 0.100533 -0.010120 0.008674
v 0.108289 -0.021128 0.016379
v -0.005305 0.042557 -0.209252
v -0.016014 0.020983 -0.210100
v 0.113304 -0.014163 -0.056386
v 0.123532 -0.025280 -0.062478
v 0.048011 -0.009003 -0.014924
v 0.043575 -0.018848 -0.008598
v 0.104318 -0.067775 -0.112573
v 0.122373 -0.069066 -0.084551
v 0.019015 -0.061208 -0.054549
v 0.025105 -0.061930 -0.022571
v 0.089934 0.010510 -0.093462
v 0.101143 -0.005580 -0.067331
v 0.035147 0.013923 -0.059611
v 0.045002 -0.001930 -0.034472
v 0.059841 -0.064371 -0.081515
v 0.076449 -0.065943 -0.052246
v 0.072881 0.005505 -0.054009
v 0.060100 0.026425 -0.076487
v 0.124204 -0.049178 -0.083386
v 0.105063 -0.047590 -0.112542
v 0.019769 -0.041450 -0.054704
v 0.026067 -0.042208 -0.020895
v 0.102581 -0.006408 -0.084785
v 0.112467 -0.020409 -0.091539
v 0.035033 -0.001371 -0.042128
v 0.028487 -0.013595 -0.036749
v 0.127689 -0.061525 -0.017692
v 0.127327 -0.065436 -0.047812
v 0.075332 -0.059814 0.027275
v 0.050906 -0.060741 0.007630
v 0.108941 -0.007009 -0.019440
v 0.106324 -0.009500 -0.037975
v 0.071589 -0.005215 0.003360
v 0.059583 -0.006229 -0.009591
v 0.105001 -0.060293 0.010180
v 0.087597 -0.064604 -0.017038
v 0.081444 -0.002342 -0.026564
v 0.089996 -0.003650 -0.005492
v 0.129075 -0.042285 -0.018292
v 0.128682 -0.046169 -0.048504
v 0.075839 -0.044483 0.026816
v 0.051382 -0.041893 0.007973
v 0.115631 -0.012060 -0.029703
v 0.125734 -0.022068 -0.033132
v 0.065198 -0.008826 0.003669
v 0.063667 -0.017554 0.010828
v 0.033451 -0.064632 -0.204598
v -0.031553 -0.064632 -0.157122
v -0.005554 -0.063543 -0.185085
v 0.036263 -0.032152 -0.205974
v -0.032426 -0.024117 -0.157733
v 0.052985 0.005116 -0.183792
v -0.016857 0.013691 -0.138850
v 0.077586 -0.067555 -0.139718
v 0.059076 -0.058788 -0.165674
v 0.012479 -0.062669 -0.096481
v -0.006683 -0.054216 -0.120577
v 0.080937 0.026549 -0.120753
v 0.022582 0.031503 -0.086355
v 0.041548 -0.062175 -0.115096
v 0.020431 -0.054727 -0.149594
v 0.078372 -0.045571 -0.139770
v 0.063316 -0.038439 -0.165850
v 0.011031 -0.040018 -0.095568
v -0.007494 -0.031180 -0.117919
v 0.076769 0.020510 -0.139325
v 0.074918 -0.003239 -0.141342
v 0.008878 0.029631 -0.099490
v 0.004738 0.005910 -0.098041
v 0.110326 -0.010542 0.000448
v 0.117958 -0.021333 0.007082
v 0.005287 0.019105 -0.219717
v 0.015137 0.041275 -0.216108
v 0.100161 -0.067556 -0.068395
v 0.081981 -0.066270 -0.096859
v 0.087121 0.001917 -0.060992
v 0.077928 0.021524 -0.086055
v 0.116396 -0.060930 -0.000417
v 0.107245 -0.063882 -0.030248
v 0.099665 -0.004394 -0.011371
v 0.092664 -0.004227 -0.031500
v 0.014589 -0.064632 -0.196987
v 0.059210 -0.064922 -0.126813
v 0.039635 -0.057023 -0.159428
v 0.088569 -0.008884 0.012196
v 0.095663 -0.019328 0.021157
v -0.025348 0.021412 -0.195715
v -0.013924 0.042164 -0.200844
v 0.050503 -0.064040 -0.037031
v 0.039200 -0.062771 -0.067700
v 0.058145 0.004058 -0.044389
v 0.045043 0.023664 -0.067730
v 0.089479 -0.059960 0.020106
v 0.068507 -0.063487 -0.004478
v 0.079479 -0.003745 -0.000966
v 0.069675 -0.002294 -0.018873
v -0.023210 -0.063543 -0.170069
v 0.025871 -0.062380 -0.105220
v 0.003426 -0.053466 -0.131859
v 0.043089 0.027646 -0.200162
v 0.054391 0.018344 -0.183285
v 0.068104 0.027687 -0.157226
v -0.016727 0.040138 -0.165488
v -0.015055 0.031616 -0.142810
v -0.001176 0.036405 -0.116575
v 0.012862 0.043333 -0.105777
v -0.012063 0.036994 -0.145334
v -0.014715 0.046735 -0.184009
v 0.052561 0.024647 -0.181445
v 0.068166 0.038752 -0.142397
v -0.000350 0.049755 -0.206708
v 0.117823 -0.046035 -0.081018
v 0.098765 -0.043975 -0.107993
v 0.026222 -0.038776 -0.057971
v 0.030628 -0.039809 -0.026315
v 0.122694 -0.039605 -0.017583
v 0.122632 -0.042829 -0.047715
v 0.052747 -0.039277 0.001757
v 0.075187 -0.041293 0.020826
v 0.034464 -0.028660 -0.198724
v -0.026460 -0.021926 -0.156564
v 0.057576 -0.034631 -0.162324
v 0.071785 -0.041298 -0.134600
v -0.003923 -0.028359 -0.121673
v 0.016264 -0.036957 -0.097764
v 0.021569 -0.064632 -0.215767
v 0.127906 -0.058489 -0.006840
v 0.087431 -0.056894 0.034018
v -0.039238 -0.064632 -0.171683
v 0.031103 0.036312 -0.212695
v 0.110337 -0.007236 -0.014091
v 0.075363 -0.005532 0.006731
v -0.017225 0.044760 -0.184371
v 0.092312 -0.068074 -0.123348
v 0.019273 -0.062391 -0.073820
v 0.085239 0.019187 -0.106460
v 0.029542 0.022847 -0.072946
v 0.118713 -0.056935 0.023678
v -0.026695 -0.064632 -0.210193
v 0.095445 -0.005638 0.002413
v -0.002159 0.047831 -0.208404
v 0.052447 -0.063308 -0.096075
v 0.129509 -0.042576 -0.006188
v 0.022810 -0.030346 -0.219024
v 0.088155 -0.044893 0.033558
v -0.039306 -0.022818 -0.173461
v 0.091981 -0.047209 -0.125303
v 0.018105 -0.041725 -0.075754
v 0.118206 -0.043331 0.022265
v -0.023751 -0.022644 -0.209324
v 0.125848 -0.068124 -0.066189
v 0.037277 -0.061486 -0.006721
v 0.104835 -0.008683 -0.052508
v 0.051672 -0.004960 -0.021077
v 0.082230 -0.064917 -0.034526
v 0.077907 0.000304 -0.039869
v 0.127296 -0.048299 -0.065342
v 0.038177 -0.041619 -0.005390
v 0.114814 -0.068487 -0.100423
v 0.019252 -0.061382 -0.037872
v 0.095104 0.000511 -0.080820
v 0.039418 0.004037 -0.047140
v 0.068197 -0.065322 -0.067927
v 0.065942 0.014967 -0.066112
v 0.116676 -0.048661 -0.099600
v 0.020007 -0.041784 -0.036564
v 0.127503 -0.062248 -0.031223
v 0.063026 -0.060939 0.018656
v 0.107524 -0.007977 -0.026726
v 0.066635 -0.005859 -0.001612
v 0.095249 -0.062079 -0.002193
v 0.085197 -0.003651 -0.014969
v 0.129023 -0.043266 -0.032940
v 0.063316 -0.043051 0.018279
v 0.057173 -0.064632 -0.165581
v -0.006498 -0.064632 -0.121797
v 0.018684 -0.064632 -0.151900
v 0.047308 -0.034512 -0.189790
v -0.023184 -0.026676 -0.140690
v 0.063088 -0.060831 -0.156771
v 0.000787 -0.055569 -0.114869
v 0.074391 0.034533 -0.140153
v 0.013999 0.039424 -0.100087
v 0.028828 -0.057313 -0.132045
v 0.066914 -0.042269 -0.156450
v -0.000621 -0.035550 -0.111363
v 0.126251 -0.056453 0.011376
v -0.001991 -0.064632 -0.222261
v 0.104814 -0.006241 -0.004668
v 0.014568 0.046177 -0.213833
v 0.072157 -0.066019 -0.109551
v 0.074681 0.031162 -0.097410
v 0.127337 -0.041675 0.011577
v 0.000913 -0.026441 -0.222499
v 0.105187 -0.066439 -0.049913
v 0.090709 -0.002354 -0.045784
v 0.091361 -0.066987 -0.083889
v 0.081816 0.010231 -0.074451
v 0.110419 -0.063022 -0.013173
v 0.095549 -0.004471 -0.020053
v 0.037484 -0.064632 -0.161631
v 0.047442 -0.059502 -0.144692
v 0.103677 -0.058547 0.033728
v -0.038056 -0.064632 -0.192644
v 0.084122 -0.005092 0.006093
v -0.010271 0.046973 -0.202147
v 0.034702 -0.062836 -0.084538
v 0.103511 -0.044636 0.032077
v -0.036551 -0.022066 -0.192572
v 0.058952 -0.063248 -0.020400
v 0.064040 -0.000058 -0.030587
v 0.043875 -0.063461 -0.052440
v 0.050948 0.012434 -0.056633
v 0.078217 -0.061006 0.008699
v 0.074825 -0.003644 -0.009104
v 0.001913 -0.064632 -0.133896
v 0.012572 -0.057007 -0.121570
v 0.054153 0.022142 -0.182448
v -0.013844 0.035195 -0.143969
v 0.122911 -0.040023 -0.005906
v 0.022562 -0.027190 -0.210627
v 0.085497 -0.042105 0.026505
v -0.033440 -0.020686 -0.170742
v 0.085487 -0.043190 -0.120070
v 0.024444 -0.038556 -0.078043
v 0.113191 -0.041697 0.019330
v -0.020410 -0.020161 -0.205219
v 0.121071 -0.045114 -0.064062
v 0.040627 -0.039334 -0.011782
v 0.110367 -0.045321 -0.096010
v 0.025974 -0.039240 -0.040858
v 0.122839 -0.040164 -0.032211
v 0.064122 -0.040323 0.012415
v 0.045281 -0.030847 -0.182799
v -0.017793 -0.024029 -0.140763
v 0.060896 -0.038088 -0.151497
v 0.004372 -0.032713 -0.113773
v 0.120233 -0.040941 0.009042
v 0.001825 -0.024071 -0.216046
v 0.100513 -0.042628 0.027011
v -0.031356 -0.019206 -0.189407
v 0.028580 -0.064632 -0.176977
v 0.043099 -0.064632 -0.187846
v -0.020247 -0.064632 -0.139294
v 0.010669 -0.063543 -0.164061
v -0.008952 -0.063543 -0.149956
v 0.022468 -0.055223 -0.215942
v -0.031058 -0.051422 -0.156523
v -0.038795 -0.049533 -0.171517
v -0.025673 -0.047960 -0.209562
v -0.037096 -0.047806 -0.192024
v 0.034702 -0.057436 -0.204257
v -0.000848 -0.050832 -0.221713
v 0.045219 -0.058570 -0.188508
v -0.021191 -0.053298 -0.139925
v -0.118181 -0.060103 0.134651
vn 0.8873 -0.0428 -0.4593
vn -0.9493 -0.1316 -0.2855
vn -0.9601 -0.0310 -0.2780
vn -0.2229 -0.1012 -0.9696
vn -0.6259 -0.2348 0.7437
vn -0.7833 -0.2389 0.5739
vn 0.9946 -0.0154 0.1028
vn 0.9868 0.0029 -0.1621
vn -0.1379 -0.1987 0.9703
vn 0.2352 -0.1136 -0.9653
vn 0.9455 -0.0314 -0.3241
vn -0.9986 0.0071 -0.0528
vn 0.9919 -0.0621 -0.1103
vn -0.5260 -0.1645 0.8344
vn -0.1532 -0.1292 0.9797
vn 0.5754 -0.0607 0.8157
vn 0.7674 -0.0368 0.6402
vn -0.3719 -0.2853 0.8833
vn 0.7927 -0.1403 0.5932
vn 0.3098 0.0040 -0.9508
vn -0.7694 -0.2466 0.5893
vn 0.9528 0.0227 0.3027
vn -0.4202 0.1242 -0.8989
vn -0.8860 -0.0117 -0.4635
vn 0.9778 -0.0651 -0.1989
vn -0.9123 -0.1739 0.3709
vn -0.9896 -0.0569 0.1324
vn -0.6940 -0.2541 0.6736
vn 0.8535 0.0873 0.5137
vn 0.1731 -0.2928 0.9404
vn -0.7875 -0.2893 0.5442
vn -0.9986 -0.0085 -0.0525
vn 0.5745 -0.0916 -0.8133
vn -0.3951 -0.3709 0.8405
vn 0.9490 -0.0143 -0.3151
vn -0.3817 -0.2461 0.8909
vn -0.6852 -0.3073 0.6604
vn 0.9342 -0.1093 0.3397
vn 0.0051 0.0778 -0.9970
vn -0.3022 -0.0707 0.9506
vn 0.2707 -0.2935 0.9168
vn 0.7713 0.0855 -0.6307
vn -0.9738 -0.1788 -0.1405
vn -0.4583 0.1008 0.8831
vn -0.1984 -0.1178 -0.9730
vn 0.7595 0.0432 0.6491
vn 0.9764 -0.0365 0.2130
vn 0.8316 0.2095 -0.5143
vn -0.8540 -0.0789 -0.5142
vn 0.9447 -0.0208 0.3272
vn 0.9141 -0.1155 0.3887
vn -0.7377 -0.1212 -0.6642
vn 0.9977 -0.0118 0.0665
vn -0.9487 -0.2177 0.2292
vn 0.2494 -0.2155 0.9441
vn 0.9426 -0.1585 0.2938
vn -0.6014 -0.2402 0.7620
vn 0.9204 -0.0115 0.3908
vn 0.8892 0.0132 -0.4572
vn 0.8006 -0.0252 -0.5987
vn -0.9829 0.0014 -0.1839
vn -0.7880 -0.2683 0.5542
vn -0.3693 0.0477 -0.9281
vn -0.6450 0.0920 0.7586
vn -0.6470 -0.3125 0.6955
vn 0.8645 -0.1891 0.4656
vn -0.4532 0.1573 -0.8774
vn 0.8561 -0.0579 -0.5136
vn 0.6311 -0.2685 0.7278
vn 0.9146 0.0788 -0.3966
vn -0.5776 -0.1970 0.7922
vn -0.8151 -0.2468 0.5241
vn -0.3200 0.2553 0.9124
vn -0.9722 0.2025 -0.1180
vn -0.7196 -0.0378 -0.6933
vn 0.8440 -0.2317 0.4837
vn -0.5247 -0.1716 0.8338
vn -0.9947 -0.0503 -0.0902
vn 0.1894 -0.1786 0.9655
vn -0.3334 -0.1291 0.9339
vn 0.0572 0.0628 -0.9964
vn 0.9994 -0.0352 0.0018
vn -0.0204 -0.2281 0.9734
vn 0.8595 -0.0827 -0.5044
vn 0.6798 -0.0938 0.7274
vn 0.6310 -0.1507 -0.7610
vn 0.6803 0.1231 -0.7225
vn -0.9831 -0.0470 -0.1770
vn -0.1193 0.0957 0.9882
vn -0.7741 -0.1549 0.6139
vn 0.9364 0.1330 0.3248
vn 0.8928 -0.0575 0.4467
vn -0.9896 -0.0837 -0.1172
vn 0.5883 -0.0929 0.8033
vn 0.4902 0.1643 -0.8560
vn -0.3061 -0.1231 -0.9440
vn -0.0014 -0.0450 -0.9990
vn 0.6602 0.1300 -0.7397
vn -0.2885 -0.0166 -0.9573
vn -0.0904 -0.0006 -0.9959
vn 0.1697 -0.0007 -0.9855
vn 0.3159 0.0660 -0.9465
vn 0.4881 0.1341 -0.8624
vn 0.7090 0.1759 -0.6829
vn 0.1252 0.1241 -0.9843
vn 0.4700 -0.0142 0.8826
vn 0.0506 -0.0503 0.9975
vn 0.7954 -0.0011 0.6061
vn 0.6084 0.0137 0.7935
vn 0.0576 -0.4072 0.9115
vn -0.6059 -0.1464 -0.7820
vn 0.8356 -0.0668 -0.5452
vn 0.9491 -0.0899 -0.3020
vn -0.9166 -0.1623 -0.3653
vn 0.1907 -0.0481 -0.9805
vn -0.3800 -0.2528 0.8898
vn 0.9205 0.0807 0.3824
vn -0.4044 0.0881 0.9103
vn -0.5161 0.1545 -0.8425
vn 0.4719 0.1356 0.8712
vn -0.7974 -0.0634 0.6001
vn 0.2706 0.1284 -0.9541
vn 0.7223 -0.0497 -0.6898
vn 0.9761 0.0267 0.2156
vn -0.9339 0.1351 -0.3310
vn 0.2036 0.2477 -0.9472
vn 0.4280 -0.1481 0.8915
vn -0.7735 -0.3188 0.5477
vn -0.7951 0.0198 -0.6062
vn 0.7420 -0.2008 0.6397
vn -0.9864 -0.1077 0.1243
vn 0.5102 0.3247 0.7964
vn -0.2669 0.0727 -0.9610
vn -0.6259 -0.3206 0.7110
vn -0.2637 -0.0522 0.9632
vn -0.9829 -0.0170 0.1836
vn 0.5512 0.1668 -0.8175
vn -0.1030 0.4336 0.8952
vn 0.5872 0.0108 0.8094
vn 0.4058 0.0436 -0.9129
vn 0.5684 0.1060 -0.8159
vn 0.7767 -0.2381 0.5831
vn -0.9883 -0.1356 0.0692
vn 0.9878 0.1126 -0.1072
vn 0.9980 0.0632 -0.0045
vn -0.2255 -0.2324 0.9461
vn -0.4543 -0.1222 0.8824
vn -0.2906 -0.1693 0.9417
vn -0.2286 -0.2279 0.9465
vn -0.9612 0.1855 0.2044
vn 0.0772 0.3483 0.9342
vn 0.4789 -0.0552 -0.8761
vn -0.9237 -0.1611 -0.3476
vn 0.9916 0.1102 0.0671
vn -0.2516 -0.0977 -0.9629
vn 0.1655 0.1338 -0.9771
vn -0.9850 -0.0500 0.1654
vn -0.8244 0.0663 -0.5621
vn 0.8291 0.4081 0.3820
vn 0.6444 -0.1973 0.7388
vn 0.7473 -0.0908 0.6583
vn 0.2867 -0.1037 -0.9524
vn 0.9747 -0.1362 0.1773
vn 0.5608 0.2006 -0.8033
vn 0.9918 0.0157 -0.1272
vn 0.8100 -0.0165 0.5862
vn 0.6096 -0.0261 0.7923
vn 0.5187 -0.0275 0.8545
vn 0.2428 -0.1528 0.9580
vn -0.4713 -0.2358 -0.8499
vn -0.6641 -0.3168 -0.6773
vn -0.0760 -0.3873 0.9188
vn 0.1962 -0.2784 0.9402
vn 0.9453 0.0187 0.3257
vn 0.9496 -0.0369 0.3112
vn -0.7326 -0.2427 0.6359
vn -0.9926 0.0482 -0.1115
vn -0.6130 -0.1722 0.7711
vn 0.2786 -0.1035 0.9548
vn 0.3664 -0.0956 0.9255
vn 0.9538 0.1397 -0.2660
vn 0.9579 0.1694 -0.2317
vn -0.6597 -0.3403 0.6700
vn -0.0407 -0.0953 0.9946
vn 0.4203 -0.0041 0.9074
vn 0.5918 0.0261 0.8056
vn 0.7775 0.0438 0.6273
vn 0.9359 0.0878 0.3413
vn 0.9531 0.1004 -0.2854
vn 0.6893 0.1339 -0.7120
vn 0.4524 0.1592 -0.8775
vn 0.0907 0.1810 -0.9793
vn -0.2335 0.1904 -0.9535
vn -0.6117 0.0411 -0.7900
vn -0.9444 0.0428 -0.3261
vn -0.0944 -0.4282 0.8987
vn -0.4063 -0.2359 0.8828
vn -0.4690 -0.2799 0.8377
vn -0.8327 0.0098 -0.5536
vn 0.3041 0.0653 -0.9504
vn -0.4050 0.0655 -0.9120
vn 0.0171 0.4445 0.8956
vn 0.9783 -0.0925 0.1856
vn -0.6483 -0.1139 -0.7528
vn 0.0029 0.9981 -0.0622
vn 0.5512 0.1803 0.8147
vn 0.6476 0.1356 0.7498
vn 0.7140 0.1013 0.6928
vn 0.8342 0.0941 0.5434
vn 0.0533 0.9960 -0.0712
vn -0.0934 0.9956 0.0082
vn -0.2166 0.9760 0.0233
vn -0.4019 0.6365 -0.6583
vn -0.3673 0.6648 -0.6505
vn -0.2768 0.6838 -0.6751
vn 0.4108 -0.3676 0.8344
vn 0.4127 -0.3805 0.8276
vn 0.3777 -0.3857 0.8418
vn 0.4969 -0.4349 0.7509
vn 0.4910 -0.4152 0.7659
vn 0.4842 -0.3650 0.7952
vn 0.4421 -0.3457 0.8277
vn 0.4558 -0.3688 0.8101
vn -0.4419 0.8954 0.0555
vn 0.5105 0.2125 0.8332
vn 0.0991 0.9825 -0.1576
vn 0.1988 0.9547 -0.2214
vn 0.4462 0.2332 0.8640
vn 0.3802 0.2450 0.8919
vn 0.2891 0.2648 0.9200
vn 0.0312 0.1897 0.9814
vn 0.6488 0.1356 0.7488
vn 0.7152 0.0981 0.6920
vn 0.8372 0.0853 0.5403
vn 0.4944 -0.4089 0.7671
vn 0.4879 -0.3571 0.7965
vn 0.5517 0.1796 0.8145
vn 0.6471 0.1329 0.7507
vn 0.7143 0.0979 0.6930
vn 0.8348 0.0888 0.5434
vn -0.2088 0.9769 0.0445
vn -0.4032 0.6374 -0.6567
vn 0.4118 -0.3619 0.8363
vn 0.4129 -0.3746 0.8302
vn 0.3791 -0.3800 0.8437
vn 0.4993 -0.4333 0.7503
vn 0.4919 -0.4134 0.7662
vn 0.4858 -0.3613 0.7959
vn 0.4435 -0.3407 0.8290
vn 0.4566 -0.3655 0.8111
vn 0.2782 -0.4657 0.8401
vn -0.4386 0.8962 0.0672
vn 0.5107 0.2106 0.8336
vn 0.1073 0.9832 -0.1474
vn 0.2078 0.9550 -0.2114
vn 0.2719 0.9106 -0.3113
vn 0.3552 0.8230 -0.4433
vn 0.4470 0.2308 0.8642
vn 0.3795 0.2456 0.8920
vn 0.2893 0.2690 0.9187
vn 0.0330 0.2007 0.9791
vn -0.4343 -0.4807 0.7618
vn -0.8142 0.2020 0.5443
vn 0.6332 0.7738 0.0155
vn 0.5646 0.8252 0.0198
vn 0.7264 0.6622 -0.1837
vn 0.7425 0.6696 0.0182
vn 0.8610 0.5067 -0.0447
vn 0.7761 0.6246 0.0866
vn -0.3534 0.7052 0.6146
vn -0.5611 0.5928 0.5777
vn 0.8567 0.3365 -0.3909
vn -0.3350 0.8683 0.3658
vn -0.3148 0.8245 0.4702
vn -0.3924 0.8916 0.2260
vn -0.2882 0.8476 0.4455
vn 0.5997 0.7960 0.0817
vn 0.0542 -0.9947 0.0871
vn -0.3338 0.6134 0.7157
vn 0.6597 0.7351 -0.1563
vn 0.3889 0.9014 -0.1901
vn 0.4230 0.9041 -0.0611
vn -0.8025 0.1559 0.5760
vn 0.9116 -0.0300 -0.4100
vn 0.5080 0.8610 -0.0255
vn 0.4060 0.8960 -0.1796
vn 0.7115 0.6971 -0.0882
vn -0.4379 0.8290 0.3478
vn -0.4389 0.8286 0.3476
vn -0.4473 0.8243 0.3470
vn -0.3725 0.8536 0.3642
vn -0.5836 0.5834 0.5649
vn -0.2733 0.8626 0.4257
vn -0.4486 0.8236 0.3470
vn -0.0091 -0.9996 0.0284
vn 0.4197 -0.3128 0.8520
vn -0.2223 0.8735 0.4332
vn -0.5678 0.0343 0.8224
vn -0.8751 0.4211 0.2383
vn -0.6124 0.6197 0.4910
vn -0.0392 -0.9991 -0.0155
vn 0.6817 -0.0810 -0.7272
vn -0.8860 0.0168 0.4634
vn -0.0000 -1.0000 -0.0000
vn 0.9352 0.2165 -0.2803
vn 0.9147 0.3725 -0.1567
vn -0.6125 0.4963 0.6152
vn -0.6550 0.4285 0.6223
vn -0.8150 0.2588 0.5185
vn 0.3480 0.9072 -0.2362
vn -0.8378 -0.1114 0.5345
vn 0.1904 0.9731 -0.1296
vn 0.3739 0.8950 -0.2432
vn 0.8092 0.0086 0.5875
vn -0.8943 0.1528 0.4206
vn 0.2984 -0.9376 0.1784
vn 0.4329 0.2689 0.8604
vn 0.4435 0.8809 -0.1652
vn 0.4428 0.8828 -0.1568
vn 0.4432 0.8826 -0.1571
vn 0.1680 -0.9750 0.1455
vn -0.0677 -0.9977 -0.0032
vn -0.0673 -0.9977 -0.0024
vn -0.0681 -0.9977 -0.0016
vn -0.1999 0.8705 0.4497
vn -0.1701 0.9706 0.1705
vn 0.0623 0.9933 0.0977
vn -0.1606 -0.9843 -0.0738
vn -0.0832 -0.9965 -0.0070
vn -0.7417 0.3287 -0.5847
vn 0.1071 -0.9909 0.0810
vn -0.0843 -0.9964 -0.0022
vn -0.0760 -0.9971 -0.0015
vn -0.0702 -0.9975 0.0007
vn -0.0763 -0.9971 -0.0023
vn -0.0594 0.7306 0.6802
vn 0.2278 0.9731 0.0343
vn -0.1569 0.9350 0.3181
vn -0.8118 0.5296 -0.2461
vn 0.5828 0.7928 0.1784
vn -0.0234 -0.9976 0.0656
vn -0.0331 -0.9973 0.0654
vn -0.0425 -0.9971 0.0639
vn -0.0321 -0.9973 0.0661
vn 0.4787 0.7073 0.5202
vn -0.0687 -0.9952 0.0693
vn 0.2227 0.9104 -0.3487
vn 0.7783 -0.1403 0.6120
vn 0.9585 0.0605 0.2784
vn 0.0690 -0.9975 -0.0126
vn 0.7680 0.6065 0.2057
vn -0.0538 0.9153 -0.3990
vn 0.0197 0.9328 0.3599
vn 0.8734 0.1677 -0.4572
vn 0.3049 0.3804 -0.8731
vn 0.6835 -0.0411 -0.7288
vn -0.4869 0.0512 0.8720
vn 0.2552 0.7310 0.6328
vn 0.9972 -0.0751 -0.0018
vn 0.9971 -0.0756 -0.0028
vn 0.9971 -0.0755 -0.0028
vn 0.2011 0.8787 0.4329
vn 0.0596 0.9977 -0.0336
vn 0.0390 -0.9876 0.1523
vn -0.0011 1.0000 0.0063
vn 0.0210 -0.9948 0.1000
vn -0.0878 -0.9960 -0.0167
vn -0.0891 -0.9959 -0.0132
vn -0.0890 -0.9959 -0.0135
vn -0.0530 0.9786 0.1989
vn -0.1712 0.9545 0.2442
vn -0.9967 0.0455 -0.0674
vn -0.4353 0.0657 -0.8979
vn -0.2700 0.3443 -0.8992
vn 0.4755 0.8741 0.0994
vn 0.0505 0.7020 0.7104
vn 0.0925 0.9831 0.1579
vn -0.0982 -0.9946 0.0330
vn -0.1288 -0.9914 0.0237
vn 0.1847 -0.0848 -0.9791
vn -0.1465 -0.9825 -0.1147
vn -0.0994 -0.9949 0.0148
vn -0.8925 0.3900 -0.2266
vn -0.0052 -0.9767 0.2145
vn 0.7768 0.2406 -0.5820
vn 0.8600 0.1764 -0.4789
vn 0.8653 0.0999 -0.4912
vn 0.9112 0.1095 -0.3972
vn -0.7769 0.6020 0.1844
vn -0.8501 0.4693 0.2390
vn -0.8454 0.3770 0.3784
vn -0.7173 0.3906 0.5770
vn -0.6409 0.7231 0.2574
vn -0.6530 0.5971 0.4659
vn -0.5963 0.7745 0.2110
vn -0.5675 0.7834 0.2535
vn 0.5934 0.6439 -0.4830
vn 0.6100 0.6369 -0.4714
vn 0.8178 0.4648 -0.3394
vn 0.0291 -0.9970 0.0712
vn 0.0096 -0.9992 -0.0395
vn 0.0277 -0.9993 0.0247
vn 0.2628 0.9646 0.0233
vn 0.2525 -0.0067 -0.9676
vn 0.3345 0.8707 0.3605
vn 0.8295 -0.1360 -0.5417
vn 0.9896 -0.0898 0.1126
vn 0.0852 -0.9902 0.1106
vn 0.4275 0.8815 0.2007
vn 0.4275 0.8814 0.2007
vn 0.9962 -0.0847 -0.0181
vn 0.7545 0.0193 -0.6560
vn 0.0272 0.8801 0.4741
vn -0.5871 0.0552 0.8076
vn 0.4693 0.8713 -0.1433
vn 0.5427 0.7999 -0.2562
vn -0.7905 -0.0093 0.6125
vn -0.9372 0.0602 0.3436
vn 0.8006 -0.1874 -0.5691
vn -0.4035 0.9144 0.0326
vn -0.8682 -0.0661 0.4918
vn -0.4442 0.1105 0.8891
vn -0.1492 -0.9782 -0.1443
vn -0.3387 0.2516 -0.9066
vn -0.6676 0.0249 0.7441
vn -0.9088 -0.2289 0.3489
vn -0.8528 -0.2263 0.4707
vn 0.9968 -0.0725 0.0343
vn -0.8262 0.0350 0.5623
vn -0.9971 0.0303 0.0704
vn 0.3031 0.7066 0.6394
vn -0.3373 0.8443 0.4164
vn 0.5303 0.8252 -0.1947
vn -0.1658 0.9828 0.0808
vn -0.4061 0.8753 0.2625
vn -0.2360 0.9037 0.3573
vn 0.9024 -0.0626 -0.4264
vn 0.8921 0.0010 -0.4518
vn 0.7486 -0.0346 -0.6621
vn 0.1369 0.9902 0.0273
vn 0.8089 -0.3052 -0.5025
vn 0.8250 -0.2223 -0.5196
vn -0.8521 -0.0149 0.5232
vn -0.7929 -0.0576 0.6066
vn -0.5869 0.6004 0.5432
vn -0.6730 0.5980 0.4353
vn -0.8101 -0.1801 0.5580
vn -0.0430 -0.9969 0.0652
vn -0.2299 -0.9598 -0.1608
vn 0.0322 -0.9905 0.1336
vn -0.5355 0.5649 0.6278
vn -0.0599 -0.9982 -0.0091
vn 0.0931 -0.9925 0.0788
vn -0.9032 -0.0064 0.4291
vn 0.3750 0.9269 0.0174
vn -0.0386 -0.9988 0.0284
vn 0.8090 -0.1665 -0.5637
vn 0.8055 0.5263 -0.2723
vn -0.3110 0.9399 0.1412
vn -0.1031 0.8000 0.5910
vn 0.7000 -0.2465 0.6703
vn 0.4132 0.9095 -0.0465
vn -0.8442 0.3102 0.4370
vn 0.7220 0.6876 -0.0761
vn 0.8834 0.0290 -0.4678
vn 0.8342 -0.0698 -0.5471
vn -0.9096 0.2722 0.3140
vn 0.6898 0.7174 -0.0974
vn -0.0668 -0.9978 -0.0011
vn -0.0255 -0.9993 -0.0273
vn -0.2815 0.9201 0.2725
vn -0.0502 -0.9984 0.0246
vn 0.8712 -0.0376 -0.4894
vn 0.9971 -0.0760 -0.0038
vn 0.3919 0.9073 -0.1524
vn 0.4169 0.9007 -0.1218
vn 0.2067 0.8426 0.4973
vn -0.9937 -0.0047 -0.1120
vn -0.1495 -0.9812 -0.1218
vn 0.4002 0.9156 0.0376
vn 0.4942 0.6936 0.5241
vn 0.2158 -0.1100 -0.9702
vn 0.0819 0.9831 0.1639
vn -0.1771 -0.9599 -0.2173
vn 0.5452 0.1059 0.8316
vn 0.1203 0.9434 0.3089
vn -0.4301 -0.0513 -0.9013
vn -0.0427 -0.9979 -0.0484
vn -0.2196 -0.9668 -0.1310
vn 0.0611 -0.9973 -0.0412
vn 0.1985 0.0457 -0.9790
vn -0.8365 0.0698 -0.5435
vn -0.4529 0.0237 -0.8912
vn 0.2367 -0.2198 0.9464
vn -0.0269 -0.9977 0.0626
vn -0.0232 -0.9976 0.0655
vn -0.9838 0.1014 -0.1479
vn -0.8134 0.4378 0.3831
vn -0.0669 -0.9978 -0.0016
vn -0.0066 -1.0000 -0.0017
vn 0.6635 -0.0909 -0.7426
vn 0.0593 0.0798 0.9950
vn -0.8710 -0.0363 0.4900
vn -0.9331 0.0135 0.3594
vn 0.3130 0.9269 0.2073
vn -0.9992 0.0379 0.0142
vn 0.4191 0.8271 0.3744
vn 0.6555 0.6857 0.3165
vn -0.1291 -0.9717 -0.1978
vn -0.0499 -0.9976 0.0485
vn -0.3262 0.9027 -0.2804
vn -0.0784 0.8460 0.5273
vn 0.7408 0.2103 0.6380
vn 0.2744 0.9560 -0.1033
vn -0.6233 0.3897 -0.6779
vn -0.0274 -0.9977 0.0621
vn -0.8159 0.0359 -0.5771
vn 0.2332 0.9660 0.1118
vn -0.0308 -0.9988 0.0381
vn -0.0878 -0.9960 -0.0170
vn -0.0109 0.2332 0.9724
vn -0.4118 0.9113 0.0011
vn -0.0138 -0.9942 0.1062
vn -0.9993 -0.0084 0.0352
vn -0.3034 0.9337 0.1902
vn 0.8859 -0.1820 -0.4267
vn -0.9281 0.1028 0.3578
vn -0.9499 -0.0501 0.3085
vn 0.9856 -0.1357 -0.1013
vn -0.8149 -0.0680 0.5755
vn -0.3963 0.8539 0.3373
vn 0.9949 -0.0711 -0.0712
vn 0.4433 0.8809 -0.1657
vn -0.7386 0.0101 0.6741
vn 0.3153 0.9029 -0.2923
vn 0.9822 -0.0723 -0.1736
vn 0.8202 -0.0950 -0.5642
vn -0.9744 -0.1214 0.1895
vn 0.1192 0.9549 0.2718
vn 0.7352 -0.1042 -0.6698
vn 0.9871 -0.1594 0.0170
vn -0.0847 -0.9964 -0.0021
vn 0.0331 -0.9971 0.0691
vn 0.6978 0.6470 0.3075
vn -0.8292 0.0291 -0.5582
vn 0.0433 -0.9911 0.1259
vn 0.8888 -0.2236 -0.4000
vn 0.9728 -0.0705 -0.2206
vn -0.9066 0.0353 0.4205
vn 0.7157 -0.0410 -0.6972
vn 0.9905 -0.1289 0.0482
vn -0.7184 -0.0045 0.6956
vn 0.6827 -0.0952 -0.7245
vn -0.3764 0.9262 0.0208
vn -0.6750 -0.1385 0.7247
vn 0.1039 0.9758 0.1923
vn 0.6565 -0.1576 -0.7377
vn 0.7775 -0.0843 -0.6233
vn 0.8321 -0.1861 -0.5225
vn 0.4149 0.8557 -0.3093
vn -0.6630 0.0145 0.7485
vn 0.7344 -0.0395 -0.6776
vn 0.1631 0.9769 0.1381
vt 0.581400 0.071300
vt 0.600200 0.070900
vt 0.598000 0.111500
vt 0.580700 0.109400
vt 0.707500 0.312300
vt 0.692500 0.323400
vt 0.688900 0.287000
vt 0.701700 0.281800
vt 0.684600 0.118500
vt 0.689800 0.161500
vt 0.673300 0.160900
vt 0.667500 0.119200
vt 0.644000 0.072300
vt 0.628500 0.069500
vt 0.632200 0.046000
vt 0.643300 0.046000
vt 0.281200 0.343800
vt 0.295300 0.309200
vt 0.302900 0.313700
vt 0.290200 0.351100
vt 0.254300 0.322000
vt 0.267100 0.293400
vt 0.277300 0.298800
vt 0.264400 0.330000
vt 0.344800 0.416300
vt 0.349500 0.379100
vt 0.367700 0.381700
vt 0.368100 0.420300
vt 0.573800 0.283700
vt 0.593100 0.283300
vt 0.599600 0.325900
vt 0.570800 0.330100
vt 0.327900 0.178500
vt 0.336600 0.177100
vt 0.337100 0.238100
vt 0.329100 0.236000
vt 0.616400 0.070200
vt 0.620000 0.045900
vt 0.590900 0.161900
vt 0.575100 0.159600
vt 0.705600 0.203300
vt 0.696600 0.203500
vt 0.704500 0.161600
vt 0.570200 0.209100
vt 0.585800 0.212000
vt 0.276600 0.384200
vt 0.258800 0.422200
vt 0.241900 0.407900
vt 0.264600 0.374100
vt 0.291000 0.394300
vt 0.279000 0.433600
vt 0.295400 0.440300
vt 0.304400 0.401700
vt 0.316300 0.407200
vt 0.308300 0.445900
vt 0.329100 0.411800
vt 0.324500 0.451200
vt 0.311400 0.282500
vt 0.318300 0.285500
vt 0.312100 0.319200
vt 0.345500 0.240300
vt 0.345800 0.176800
vt 0.357700 0.178100
vt 0.354200 0.242100
vt 0.626400 0.115300
vt 0.613000 0.114600
vt 0.285300 0.270200
vt 0.294200 0.273800
vt 0.286500 0.304000
vt 0.344700 0.074800
vt 0.360900 0.071200
vt 0.371700 0.116900
vt 0.354300 0.118600
vt 0.669600 0.205500
vt 0.648900 0.208000
vt 0.641500 0.162900
vt 0.658200 0.161900
vt 0.683900 0.204100
vt 0.687800 0.235100
vt 0.675600 0.237000
vt 0.382100 0.070500
vt 0.355300 0.045000
vt 0.374300 0.045000
vt 0.273000 0.076800
vt 0.254200 0.086600
vt 0.248000 0.045000
vt 0.268700 0.045000
vt 0.704100 0.077000
vt 0.685600 0.077300
vt 0.687700 0.046200
vt 0.700800 0.046200
vt 0.275900 0.227000
vt 0.286800 0.228500
vt 0.274000 0.266000
vt 0.344900 0.290200
vt 0.368700 0.244800
vt 0.360600 0.293100
vt 0.322700 0.286700
vt 0.303100 0.277800
vt 0.704400 0.117200
vt 0.604500 0.045900
vt 0.321000 0.234200
vt 0.571300 0.372400
vt 0.597000 0.370200
vt 0.301200 0.359500
vt 0.341800 0.045000
vt 0.638900 0.117000
vt 0.298000 0.045000
vt 0.300600 0.066200
vt 0.292000 0.069200
vt 0.288700 0.045000
vt 0.319600 0.322900
vt 0.619100 0.277600
vt 0.616100 0.320800
vt 0.698900 0.233600
vt 0.699200 0.255000
vt 0.686700 0.257900
vt 0.285800 0.120200
vt 0.290500 0.118500
vt 0.306800 0.180600
vt 0.290500 0.172400
vt 0.673100 0.294200
vt 0.677700 0.334000
vt 0.657700 0.347600
vt 0.650800 0.306100
vt 0.334200 0.288500
vt 0.574100 0.249000
vt 0.591800 0.250200
vt 0.607500 0.248800
vt 0.672800 0.261500
vt 0.376500 0.180700
vt 0.371200 0.459000
vt 0.344100 0.455500
vt 0.707000 0.232600
vt 0.709700 0.252500
vt 0.312800 0.366800
vt 0.373500 0.335100
vt 0.354600 0.332700
vt 0.380300 0.296600
vt 0.607300 0.163000
vt 0.601600 0.212700
vt 0.272600 0.336800
vt 0.652600 0.267800
vt 0.653000 0.240900
vt 0.278900 0.122500
vt 0.284300 0.072000
vt 0.297100 0.230200
vt 0.340500 0.328900
vt 0.336100 0.375700
vt 0.582400 0.045900
vt 0.329000 0.325700
vt 0.318100 0.180600
vt 0.668700 0.077000
vt 0.654000 0.073300
vt 0.660600 0.046100
vt 0.673800 0.046100
vt 0.309800 0.232500
vt 0.280600 0.045000
vt 0.625000 0.163500
vt 0.394900 0.113900
vt 0.396600 0.180600
vt 0.337400 0.120700
vt 0.342800 0.120100
vt 0.621400 0.366000
vt 0.637200 0.312800
vt 0.641500 0.356800
vt 0.629700 0.274900
vt 0.308500 0.045000
vt 0.311200 0.069300
vt 0.334400 0.076300
vt 0.328300 0.045000
vt 0.323800 0.371300
vt 0.654700 0.453800
vt 0.630700 0.456100
vt 0.632800 0.432400
vt 0.652900 0.428600
vt 0.718700 0.452600
vt 0.699700 0.448800
vt 0.702100 0.414200
vt 0.725500 0.426100
vt 0.677800 0.449600
vt 0.678100 0.422000
vt 0.604500 0.460500
vt 0.606100 0.436300
vt 0.714500 0.481700
vt 0.737100 0.455900
vt 0.729800 0.483200
vt 0.696600 0.479700
vt 0.675700 0.480700
vt 0.655200 0.481500
vt 0.630700 0.484300
vt 0.602600 0.488500
vt 0.275300 0.452000
vt 0.291300 0.458800
vt 0.288500 0.479400
vt 0.271200 0.471400
vt 0.247700 0.457500
vt 0.253100 0.440600
vt 0.320500 0.489700
vt 0.304100 0.485000
vt 0.305600 0.464400
vt 0.321600 0.470500
vt 0.223600 0.406800
vt 0.233800 0.425500
vt 0.224000 0.439100
vt 0.218100 0.414800
vt 0.737100 0.391000
vt 0.724400 0.379500
vt 0.631400 0.410900
vt 0.605500 0.414300
vt 0.572500 0.418500
vt 0.722500 0.343200
vt 0.711200 0.361700
vt 0.674600 0.397800
vt 0.649400 0.404600
vt 0.254700 0.365000
vt 0.232200 0.391200
vt 0.385900 0.247600
vt 0.282200 0.174400
vt 0.652900 0.118100
vt 0.320900 0.071600
vt 0.271300 0.176900
vt 0.628500 0.245300
vt 0.624600 0.211000
vt 0.319900 0.045000
vt 0.305200 0.120000
vt 0.264800 0.128400
vt 0.327200 0.122800
vt 0.713600 0.276200
vt 0.337500 0.512500
vt 0.339500 0.493100
vt 0.366900 0.495900
vt 0.363500 0.515500
vt 0.341700 0.474600
vt 0.369500 0.477100
vt 0.746700 0.366100
vt 0.736100 0.354800
vt 0.693300 0.385500
vt 0.319000 0.508400
vt 0.302800 0.504200
vt 0.287200 0.499800
vt 0.271200 0.494000
vt 0.254000 0.487900
vt 0.746500 0.431400
vt 0.750300 0.402700
vt 0.232000 0.465800
vt 0.216900 0.442700
vt 0.237600 0.487200
vt 0.569000 0.466600
vt 0.570700 0.441600
vt 0.568600 0.493800
vt 0.054800 0.083300
vt 0.061900 0.083500
vt 0.061900 0.085500
vt 0.054600 0.085200
vt 0.061900 0.081500
vt 0.069100 0.081200
vt 0.069200 0.083400
vt 0.076700 0.081100
vt 0.076700 0.083300
vt 0.084300 0.081300
vt 0.084300 0.083300
vt 0.090600 0.081900
vt 0.090600 0.083200
vt 0.046600 0.085300
vt 0.046800 0.083600
vt 0.039000 0.085300
vt 0.039200 0.083600
vt 0.033000 0.085000
vt 0.033200 0.083600
vt 0.038400 0.089400
vt 0.031400 0.088600
vt 0.046400 0.089400
vt 0.054100 0.089400
vt 0.039200 0.081900
vt 0.033300 0.082100
vt 0.032300 0.078400
vt 0.039200 0.077800
vt 0.047000 0.081800
vt 0.047300 0.077700
vt 0.054900 0.081400
vt 0.055100 0.077400
vt 0.085100 0.077800
vt 0.093300 0.079900
vt 0.077400 0.077300
vt 0.069500 0.077300
vt 0.061900 0.077500
vt 0.028400 0.084900
vt 0.028500 0.083700
vt 0.069400 0.085500
vt 0.076800 0.085400
vt 0.028600 0.082400
vt 0.069200 0.107800
vt 0.069100 0.105600
vt 0.076700 0.105500
vt 0.076700 0.107700
vt 0.084300 0.105700
vt 0.084300 0.107700
vt 0.090700 0.106300
vt 0.090600 0.107700
vt 0.077400 0.101700
vt 0.085100 0.102200
vt 0.069500 0.101700
vt 0.061900 0.095700
vt 0.061900 0.093700
vt 0.069100 0.093400
vt 0.069200 0.095600
vt 0.076700 0.093300
vt 0.076700 0.095500
vt 0.084300 0.093500
vt 0.084300 0.095500
vt 0.090600 0.094100
vt 0.090600 0.095400
vt 0.039200 0.095900
vt 0.039000 0.097500
vt 0.033000 0.097200
vt 0.033200 0.095800
vt 0.038400 0.101600
vt 0.031400 0.100800
vt 0.039200 0.094100
vt 0.033300 0.094300
vt 0.032300 0.090600
vt 0.039200 0.090000
vt 0.047000 0.094000
vt 0.047300 0.089900
vt 0.054900 0.093600
vt 0.055100 0.089600
vt 0.085100 0.090000
vt 0.093300 0.092100
vt 0.077400 0.089500
vt 0.069500 0.089500
vt 0.061900 0.089700
vt 0.028600 0.094700
vt 0.025700 0.093100
vt 0.028400 0.097100
vt 0.028500 0.095900
vt 0.054800 0.095500
vt 0.061900 0.097700
vt 0.069400 0.097700
vt 0.076800 0.097600
vt 0.084500 0.097400
vt 0.090500 0.096600
vt 0.046800 0.095800
vt 0.025000 0.095900
vt 0.298000 0.510100
vt 0.345800 0.507000
vt 0.354100 0.542500
vt 0.313100 0.550000
vt 0.405900 0.226700
vt 0.438100 0.239100
vt 0.435500 0.258200
vt 0.402800 0.244200
vt 0.370600 0.236500
vt 0.374300 0.218900
vt 0.412400 0.197900
vt 0.443700 0.206000
vt 0.301500 0.199700
vt 0.305100 0.221500
vt 0.291600 0.223800
vt 0.282300 0.204600
vt 0.470500 0.256300
vt 0.502100 0.271900
vt 0.499000 0.293300
vt 0.467700 0.277000
vt 0.300600 0.435900
vt 0.275400 0.405600
vt 0.291200 0.409000
vt 0.316700 0.438700
vt 0.340800 0.471500
vt 0.325300 0.471100
vt 0.475900 0.216100
vt 0.508400 0.226700
vt 0.258200 0.375400
vt 0.244800 0.343900
vt 0.260300 0.347400
vt 0.273700 0.378400
vt 0.154400 0.522600
vt 0.140800 0.473000
vt 0.155900 0.471100
vt 0.167200 0.522000
vt 0.173800 0.565300
vt 0.161500 0.564200
vt 0.597800 0.110200
vt 0.599800 0.093900
vt 0.621100 0.096100
vt 0.621200 0.110300
vt 0.531700 0.656200
vt 0.503100 0.640500
vt 0.525400 0.613400
vt 0.560200 0.634300
vt 0.223800 0.272500
vt 0.226600 0.258600
vt 0.240300 0.273000
vt 0.238900 0.282400
vt 0.352200 0.190800
vt 0.345500 0.216600
vt 0.322300 0.219000
vt 0.325800 0.194400
vt 0.319200 0.234000
vt 0.305000 0.233100
vt 0.295100 0.231200
vt 0.358300 0.584700
vt 0.322500 0.589600
vt 0.612500 0.297000
vt 0.570400 0.294700
vt 0.576200 0.249700
vt 0.614500 0.259600
vt 0.341400 0.234000
vt 0.238100 0.315800
vt 0.238000 0.295200
vt 0.248000 0.299400
vt 0.251300 0.319900
vt 0.217600 0.312900
vt 0.220500 0.290000
vt 0.245200 0.278100
vt 0.246400 0.286500
vt 0.813100 0.755500
vt 0.774700 0.784300
vt 0.729400 0.742500
vt 0.759700 0.714300
vt 0.128300 0.097500
vt 0.155000 0.071500
vt 0.171200 0.088400
vt 0.144300 0.113800
vt 0.161800 0.262900
vt 0.172600 0.237400
vt 0.183800 0.247400
vt 0.175500 0.271100
vt 0.128900 0.249400
vt 0.139400 0.222400
vt 0.369900 0.681000
vt 0.380300 0.714300
vt 0.348300 0.714900
vt 0.340000 0.681000
vt 0.231600 0.376100
vt 0.220400 0.342900
vt 0.697200 0.658300
vt 0.718500 0.679200
vt 0.692600 0.708800
vt 0.668300 0.681900
vt 0.711400 0.056500
vt 0.712800 0.038700
vt 0.746900 0.042200
vt 0.745500 0.059700
vt 0.114300 0.675000
vt 0.121900 0.711200
vt 0.103500 0.711400
vt 0.096900 0.674900
vt 0.672300 0.733200
vt 0.634700 0.694900
vt 0.534200 0.284700
vt 0.565900 0.319800
vt 0.531000 0.306900
vt 0.360600 0.501400
vt 0.371000 0.532000
vt 0.279700 0.471800
vt 0.437400 0.076700
vt 0.473000 0.077200
vt 0.474200 0.092100
vt 0.439300 0.090200
vt 0.120200 0.564400
vt 0.111600 0.518000
vt 0.309900 0.254900
vt 0.292100 0.248400
vt 0.511900 0.080400
vt 0.555400 0.087500
vt 0.554900 0.104200
vt 0.512100 0.096900
vt 0.226700 0.153100
vt 0.210800 0.168600
vt 0.195300 0.146900
vt 0.218100 0.127300
vt 0.361300 0.640300
vt 0.330400 0.642000
vt 0.495900 0.708600
vt 0.512400 0.678800
vt 0.550200 0.681600
vt 0.531100 0.692600
vt 0.244100 0.224100
vt 0.233600 0.239300
vt 0.212600 0.219100
vt 0.231000 0.201200
vt 0.334900 0.100200
vt 0.367100 0.089400
vt 0.370900 0.101500
vt 0.339300 0.112100
vt 0.467900 0.708000
vt 0.486300 0.669000
vt 0.659900 0.528500
vt 0.700500 0.551800
vt 0.686000 0.580900
vt 0.643300 0.556500
vt 0.183400 0.214100
vt 0.194000 0.224600
vt 0.267400 0.297500
vt 0.276700 0.318000
vt 0.286000 0.290100
vt 0.298700 0.311500
vt 0.689900 0.404300
vt 0.714600 0.373100
vt 0.743300 0.396400
vt 0.722300 0.423600
vt 0.602700 0.533000
vt 0.620900 0.506000
vt 0.353800 0.751700
vt 0.390700 0.748500
vt 0.399300 0.768200
vt 0.361100 0.781900
vt 0.573900 0.668200
vt 0.561600 0.506800
vt 0.580600 0.561600
vt 0.538900 0.532300
vt 0.318400 0.410000
vt 0.343100 0.441000
vt 0.235200 0.163800
vt 0.256000 0.135400
vt 0.261400 0.147800
vt 0.287200 0.344200
vt 0.300100 0.376600
vt 0.399900 0.747900
vt 0.388000 0.715300
vt 0.430800 0.288200
vt 0.397200 0.272200
vt 0.553300 0.587900
vt 0.514500 0.561800
vt 0.461100 0.306800
vt 0.447300 0.335700
vt 0.419400 0.315400
vt 0.458200 0.572800
vt 0.474500 0.534500
vt 0.491500 0.592500
vt 0.747900 0.097400
vt 0.780300 0.106600
vt 0.775800 0.117900
vt 0.737700 0.109100
vt 0.115100 0.145000
vt 0.095200 0.163500
vt 0.080200 0.149400
vt 0.098100 0.129400
vt 0.275800 0.174600
vt 0.259000 0.212400
vt 0.249300 0.187400
vt 0.824200 0.718800
vt 0.783900 0.680500
vt 0.792500 0.653300
vt 0.814600 0.678600
vt 0.487700 0.323200
vt 0.818500 0.129400
vt 0.811700 0.138300
vt 0.196900 0.191500
vt 0.205500 0.199000
vt 0.540200 0.238500
vt 0.785700 0.328200
vt 0.758500 0.320100
vt 0.756400 0.313200
vt 0.785900 0.320300
vt 0.503900 0.045900
vt 0.470600 0.044500
vt 0.152600 0.196700
vt 0.343300 0.400400
vt 0.366600 0.430100
vt 0.305800 0.112400
vt 0.296300 0.082900
vt 0.327500 0.069800
vt 0.252800 0.267100
vt 0.245800 0.255900
vt 0.255900 0.241100
vt 0.265900 0.253200
vt 0.302700 0.272500
vt 0.282200 0.264100
vt 0.473000 0.621300
vt 0.259600 0.280800
vt 0.275600 0.270600
vt 0.746800 0.646600
vt 0.458600 0.651300
vt 0.519800 0.477800
vt 0.549000 0.462100
vt 0.584900 0.484400
vt 0.120900 0.756100
vt 0.137700 0.752700
vt 0.846100 0.075400
vt 0.838400 0.091900
vt 0.791700 0.072000
vt 0.797300 0.055400
vt 0.811000 0.332500
vt 0.807800 0.337100
vt 0.363300 0.263200
vt 0.311800 0.337200
vt 0.698000 0.460900
vt 0.731600 0.480100
vt 0.711900 0.521300
vt 0.675800 0.499800
vt 0.641300 0.479400
vt 0.668000 0.442400
vt 0.766000 0.423000
vt 0.753100 0.438400
vt 0.439900 0.690900
vt 0.429900 0.661200
vt 0.436500 0.632900
vt 0.719700 0.306100
vt 0.719600 0.310300
vt 0.675700 0.306000
vt 0.675000 0.297500
vt 0.612100 0.310800
vt 0.377100 0.681300
vt 0.368500 0.640100
vt 0.367900 0.582900
vt 0.373200 0.582800
vt 0.373700 0.640400
vt 0.379100 0.541500
vt 0.382000 0.680600
vt 0.392800 0.713200
vt 0.613400 0.317900
vt 0.576400 0.330400
vt 0.676600 0.311500
vt 0.719800 0.317800
vt 0.593200 0.612000
vt 0.726500 0.594200
vt 0.761700 0.623000
vt 0.717700 0.619600
vt 0.279300 0.239500
vt 0.270400 0.229100
vt 0.618300 0.063100
vt 0.672500 0.057200
vt 0.675900 0.096800
vt 0.250500 0.104000
vt 0.602900 0.651800
vt 0.270900 0.094400
vt 0.278500 0.125000
vt 0.489700 0.164000
vt 0.455800 0.159100
vt 0.183700 0.291100
vt 0.189300 0.264300
vt 0.667300 0.109500
vt 0.714100 0.096700
vt 0.705500 0.108800
vt 0.140700 0.323100
vt 0.134100 0.360600
vt 0.097800 0.359200
vt 0.106100 0.317700
vt 0.189400 0.393600
vt 0.244900 0.405700
vt 0.197300 0.424200
vt 0.712600 0.214000
vt 0.714100 0.275900
vt 0.670500 0.268000
vt 0.673700 0.210700
vt 0.135500 0.427700
vt 0.151100 0.430300
vt 0.262400 0.603100
vt 0.272100 0.649300
vt 0.196900 0.242900
vt 0.662100 0.386700
vt 0.643200 0.372100
vt 0.647500 0.353700
vt 0.673900 0.360600
vt 0.790400 0.286300
vt 0.825000 0.295200
vt 0.181600 0.322000
vt 0.219600 0.498900
vt 0.236500 0.541700
vt 0.700000 0.761500
vt 0.252700 0.581100
vt 0.297600 0.167500
vt 0.183700 0.358300
vt 0.261700 0.435800
vt 0.206800 0.458300
vt 0.177700 0.639300
vt 0.165000 0.642700
vt 0.164000 0.589600
vt 0.175700 0.592300
vt 0.177900 0.706500
vt 0.166200 0.709200
vt 0.163400 0.682400
vt 0.176400 0.680600
vt 0.151700 0.289700
vt 0.165400 0.296100
vt 0.437100 0.045200
vt 0.402000 0.080500
vt 0.400500 0.048700
vt 0.421700 0.155300
vt 0.333400 0.259000
vt 0.327100 0.278400
vt 0.672100 0.036500
vt 0.617400 0.038300
vt 0.097300 0.631100
vt 0.113700 0.635800
vt 0.096600 0.579600
vt 0.119800 0.583300
vt 0.495300 0.499800
vt 0.633800 0.631800
vt 0.611200 0.460600
vt 0.283300 0.137500
vt 0.566000 0.183500
vt 0.605800 0.195800
vt 0.132600 0.391400
vt 0.150100 0.365400
vt 0.148700 0.392600
vt 0.310400 0.124500
vt 0.381300 0.191700
vt 0.622000 0.586000
vt 0.642000 0.425500
vt 0.155100 0.329400
vt 0.404700 0.093200
vt 0.324700 0.368400
vt 0.176600 0.743600
vt 0.788800 0.221300
vt 0.750300 0.280500
vt 0.746600 0.216400
vt 0.618600 0.411000
vt 0.169300 0.170200
vt 0.216900 0.181100
vt 0.832900 0.224600
vt 0.140500 0.798400
vt 0.152800 0.792300
vt 0.182500 0.048200
vt 0.198900 0.066200
vt 0.289500 0.754800
vt 0.282600 0.718100
vt 0.663300 0.608600
vt 0.582800 0.444400
vt 0.094100 0.391700
vt 0.355800 0.285300
vt 0.388200 0.296700
vt 0.096300 0.427400
vt 0.727800 0.779800
vt 0.185300 0.737500
vt 0.201900 0.766000
vt 0.192100 0.775000
vt 0.408600 0.763100
vt 0.445200 0.603700
vt 0.103500 0.468000
vt 0.597900 0.061000
vt 0.277900 0.685600
vt 0.355400 0.156800
vt 0.387600 0.154500
vt 0.363100 0.057200
vt 0.525900 0.171500
vt 0.325500 0.161200
vt 0.292900 0.789600
vt 0.627100 0.204000
vt 0.119000 0.280400
vt 0.550200 0.053000
s 1
usemtl BodySuit
f 6628/6486/5139 6826/6487/5139 6811/6488/5139 6813/6489/5139
f 6841/6490/5140 6842/6491/5140 6743/6492/5140 6742/6493/5140
f 6822/6494/5141 6806/6495/5141 6807/6496/5141 6823/6497/5141
f 6824/6498/5142 6627/6499/5142 6643/6500/5142 6646/6501/5142
f 6739/6502/5143 6755/6503/5143 6752/6504/5143 6736/6505/5143
f 6741/6506/5144 6757/6507/5144 6833/6508/5144 6832/6509/5144
f 6848/6510/5145 6734/6511/5145 6733/6512/5145 6847/6513/5145
f 6749/6514/5146 6747/6515/5146 6731/6516/5146 6733/6517/5146
f 6794/6518/5147 6799/6519/5147 6783/6520/5147 6778/6521/5147
f 6623/6522/5148 6624/6523/5148 6643/6500/5148 6627/6499/5148
f 6813/6489/5149 6811/6488/5149 6795/6524/5149 6797/6525/5149
f 6789/6526/5150 6790/6527/5150 6806/6495/5150 6805/6528/5150
f 6781/6529/5151 6797/6525/5151 6795/6524/5151 6779/6530/5151
f 6838/6531/5152 6721/6532/5152 6724/6533/5152 6839/6534/5152
f 6852/6535/5153 6715/6536/5153 6721/6532/5153 6838/6531/5153
f 6720/6537/5154 6851/6538/5154 6850/6539/5154 6722/6540/5154
f 6849/6541/5155 6723/6542/5155 6722/6540/5155 6850/6539/5155
f 6752/6504/5156 6768/6543/5156 6762/6544/5156 6746/6545/5156
f 6785/6546/5157 6801/6547/5157 6802/6548/5157 6786/6549/5157
f 6623/6522/5158 6627/6499/5158 6812/6550/5158 6652/6551/5158
f 6834/6552/5159 6772/6553/5159 6756/6554/5159 6833/6508/5159
f 6633/6555/5160 6629/6556/5160 6814/6557/5160 6818/6558/5160
f 6777/6559/5161 6776/6560/5161 6792/6561/5161 6793/6562/5161
f 6777/6559/5162 6791/6563/5162 6775/6564/5162 6761/6565/5162
f 6628/6566/5163 6629/6556/5163 6635/6567/5163 6625/6568/5163
f 6649/6569/5164 6829/6570/5164 6641/6571/5164 6650/6572/5164
f 6829/6573/5165 6830/6574/5165 6647/6575/5165 6641/6576/5165
f 6789/6577/5166 6835/6578/5166 6834/6552/5166 6773/6579/5166
f 6770/6580/5167 6786/6549/5167 6782/6581/5167 6766/6582/5167
f 6778/6521/5168 6783/6520/5168 6767/6583/5168 6762/6544/5168
f 6772/6553/5169 6771/6584/5169 6755/6503/5169 6756/6554/5169
f 6821/6585/5170 6822/6494/5170 6830/6574/5170 6829/6573/5170
f 6623/6522/5171 6826/6487/5171 6648/6586/5171 6624/6523/5171
f 6768/6543/5172 6784/6587/5172 6778/6521/5172 6762/6544/5172
f 6847/6588/5173 6733/6517/5173 6731/6516/5173 6846/6589/5173
f 6746/6545/5174 6730/6590/5174 6736/6505/5174 6752/6504/5174
f 6752/6504/5175 6755/6503/5175 6771/6584/5175 6768/6543/5175
f 6633/6555/5176 6640/6591/5176 6635/6567/5176 6629/6556/5176
f 6824/6498/5177 6808/6592/5177 6812/6550/5177 6627/6499/5177
f 6637/6593/5178 6631/6594/5178 6827/6595/5178 6639/6596/5178
f 6762/6544/5179 6767/6583/5179 6751/6597/5179 6746/6545/5179
f 6747/6515/5180 6658/6598/5180 6654/6599/5180 6731/6516/5180
f 6774/6600/5181 6758/6601/5181 6759/6602/5181 6775/6564/5181
f 6820/6603/5182 6819/6604/5182 6803/6605/5182 6804/6606/5182
f 6729/6607/5183 6843/6608/5183 6844/6609/5183 6728/6610/5183
f 6769/6611/5184 6785/6546/5184 6786/6549/5184 6770/6580/5184
f 6747/6515/5185 6749/6514/5185 6765/6612/5185 6763/6613/5185
f 6747/6515/5186 6763/6613/5186 6660/6614/5186 6658/6598/5186
f 6745/6615/5187 6761/6565/5187 6775/6564/5187 6759/6602/5187
f 6818/6558/5188 6814/6557/5188 6798/6616/5188 6802/6548/5188
f 6786/6549/5189 6802/6548/5189 6798/6616/5189 6782/6581/5189
f 6842/6491/5190 6843/6608/5190 6729/6607/5190 6743/6492/5190
f 6847/6513/5191 6718/6617/5191 6719/6618/5191 6848/6510/5191
f 6773/6619/5192 6757/6620/5192 6758/6601/5192 6774/6600/5192
f 6730/6590/5193 6746/6545/5193 6751/6597/5193 6735/6621/5193
f 6749/6622/5194 6750/6623/5194 6766/6582/5194 6765/6624/5194
f 6736/6505/5195 6838/6531/5195 6839/6534/5195 6739/6502/5195
f 6848/6510/5196 6719/6618/5196 6723/6542/5196 6849/6541/5196
f 6795/6524/5197 6651/6625/5197 6661/6626/5197 6779/6530/5197
f 6651/6625/5198 6795/6524/5198 6811/6488/5198 6652/6551/5198
f 6791/6563/5199 6807/6496/5199 6806/6495/5199 6790/6527/5199
f 6832/6509/5200 6833/6508/5200 6756/6554/5200 6740/6627/5200
f 6744/6628/5201 6760/6629/5201 6761/6565/5201 6745/6615/5201
f 6837/6630/5202 6649/6569/5202 6828/6631/5202 6820/6603/5202
f 6835/6578/5203 6788/6632/5203 6772/6553/5203 6834/6552/5203
f 6754/6633/5204 6750/6623/5204 6734/6511/5204 6738/6634/5204
f 6776/6560/5205 6777/6559/5205 6761/6565/5205 6760/6629/5205
f 6826/6487/5206 6628/6486/5206 6625/6635/5206 6648/6586/5206
f 6767/6583/5207 6769/6611/5207 6753/6636/5207 6751/6597/5207
f 6661/6626/5208 6660/6614/5208 6763/6613/5208 6779/6530/5208
f 6784/6587/5209 6800/6637/5209 6794/6518/5209 6778/6521/5209
f 6740/6627/5210 6756/6554/5210 6755/6503/5210 6739/6502/5210
f 6828/6631/5211 6827/6595/5211 6819/6604/5211 6820/6603/5211
f 6831/6638/5212 6825/6639/5212 6644/6640/5212 6645/6641/5212
f 6825/6639/5213 6824/6498/5213 6646/6501/5213 6644/6640/5213
f 6754/6633/5214 6770/6580/5214 6766/6582/5214 6750/6623/5214
f 6804/6606/5215 6803/6605/5215 6787/6642/5215 6788/6632/5215
f 6805/6528/5216 6806/6495/5216 6822/6494/5216 6821/6585/5216
f 6799/6519/5217 6801/6547/5217 6785/6546/5217 6783/6520/5217
f 6639/6596/5218 6827/6595/5218 6828/6631/5218 6642/6643/5218
f 6812/6550/5219 6808/6592/5219 6792/6561/5219 6796/6644/5219
f 6813/6645/5220 6797/6646/5220 6798/6616/5220 6814/6557/5220
f 6815/6647/5221 6817/6648/5221 6801/6547/5221 6799/6519/5221
f 6846/6589/5222 6731/6516/5222 6654/6599/5222 6659/6649/5222
f 6817/6648/5223 6818/6558/5223 6802/6548/5223 6801/6547/5223
f 6659/6649/5224 6654/6599/5224 6732/6650/5224 6845/6651/5224
f 6658/6598/5225 6748/6652/5225 6732/6650/5225 6654/6599/5225
f 6759/6602/5226 6758/6601/5226 6742/6493/5226 6743/6492/5226
f 6637/6593/5227 6634/6653/5227 6626/6654/5227 6631/6594/5227
f 6787/6642/5228 6803/6605/5228 6800/6637/5228 6784/6587/5228
f 6632/6655/5229 6638/6656/5229 6640/6591/5229 6633/6555/5229
f 6738/6634/5230 6734/6511/5230 6848/6510/5230 6849/6541/5230
f 6790/6527/5231 6774/6600/5231 6775/6564/5231 6791/6563/5231
f 6735/6621/5232 6737/6657/5232 6850/6539/5232 6851/6538/5232
f 6677/6658/5233 6656/6659/5233 6657/6660/5233 6680/6661/5233
f 6670/6662/5234 6669/6663/5234 6674/6664/5234 6675/6665/5234
f 6669/6663/5235 6668/6666/5235 6673/6667/5235 6674/6664/5235
f 6656/6659/5236 6672/6668/5236 6678/6669/5236 6657/6660/5236
f 6664/6670/5237 6670/6662/5237 6671/6671/5237 6665/6672/5237
f 6664/6670/5238 6663/6673/5238 6669/6663/5238 6670/6662/5238
f 6663/6673/5239 6662/6674/5239 6668/6666/5239 6669/6663/5239
f 6667/6675/5240 6677/6658/5240 6668/6666/5240 6662/6674/5240
f 6656/6659/5241 6677/6658/5241 6667/6675/5241 6653/6676/5241
f 6653/6676/5242 6666/6677/5242 6672/6668/5242 6656/6659/5242
f 6680/6661/5243 6673/6667/5243 6668/6666/5243 6677/6658/5243
f 6689/6678/5244 6701/6679/5244 6698/6680/5244 6699/6681/5244
f 6699/6681/5245 6697/6682/5245 6702/6683/5245 6689/6678/5245
f 6686/6684/5246 6696/6685/5246 6703/6686/5246 6704/6687/5246
f 6701/6679/5247 6703/6686/5247 6696/6685/5247 6698/6680/5247
f 6709/6688/5248 6708/6689/5248 6705/6690/5248 6706/6691/5248
f 6711/6692/5249 6675/6665/5249 6674/6664/5249 6712/6693/5249
f 6659/6649/5250 6655/6694/5250 6716/6695/5250 6846/6589/5250
f 6846/6589/5251 6716/6695/5251 6718/6696/5251 6847/6588/5251
f 6842/6491/5252 6841/6490/5252 6726/6697/5252 6727/6698/5252
f 6844/6609/5253 6713/6699/5253 6717/6700/5253 6845/6651/5253
f 6840/6701/5254 6839/6534/5254 6724/6533/5254 6725/6702/5254
f 6766/6582/5255 6782/6581/5255 6781/6703/5255 6765/6624/5255
f 6837/6630/5256 6820/6603/5256 6804/6606/5256 6836/6704/5256
f 6825/6639/5257 6809/6705/5257 6808/6592/5257 6824/6498/5257
f 6630/6706/5258 6632/6655/5258 6817/6648/5258 6815/6647/5258
f 6789/6577/5259 6805/6707/5259 6836/6704/5259 6835/6578/5259
f 6748/6652/5260 6764/6708/5260 6760/6629/5260 6744/6628/5260
f 6811/6488/5261 6826/6487/5261 6623/6522/5261 6652/6551/5261
f 6765/6612/5262 6781/6529/5262 6779/6530/5262 6763/6613/5262
f 6831/6638/5263 6823/6497/5263 6809/6705/5263 6825/6639/5263
f 6764/6708/5264 6780/6709/5264 6776/6560/5264 6760/6629/5264
f 6783/6520/5265 6785/6546/5265 6769/6611/5265 6767/6583/5265
f 6768/6543/5266 6771/6584/5266 6787/6642/5266 6784/6587/5266
f 6745/6615/5267 6759/6602/5267 6743/6492/5267 6729/6607/5267
f 6753/6636/5268 6754/6633/5268 6738/6634/5268 6737/6657/5268
f 6773/6619/5269 6774/6600/5269 6790/6527/5269 6789/6526/5269
f 6634/6653/5270 6636/6710/5270 6630/6706/5270 6626/6654/5270
f 6744/6628/5271 6745/6615/5271 6729/6607/5271 6728/6610/5271
f 6840/6701/5272 6740/6627/5272 6739/6502/5272 6839/6534/5272
f 6800/6637/5273 6803/6605/5273 6819/6604/5273 6816/6711/5273
f 6836/6704/5274 6805/6707/5274 6821/6712/5274 6837/6630/5274
f 6660/6614/5275 6764/6708/5275 6748/6652/5275 6658/6598/5275
f 6626/6654/5276 6810/6713/5276 6816/6711/5276 6631/6594/5276
f 6633/6555/5277 6818/6558/5277 6817/6648/5277 6632/6655/5277
f 6652/6551/5278 6812/6550/5278 6796/6644/5278 6651/6625/5278
f 6651/6625/5279 6796/6644/5279 6780/6709/5279 6661/6626/5279
f 6753/6636/5280 6769/6611/5280 6770/6580/5280 6754/6633/5280
f 6741/6714/5281 6742/6493/5281 6758/6601/5281 6757/6620/5281
f 6682/6715/5282 6685/6716/5282 6684/6717/5282 6681/6718/5282
f 6685/6716/5283 6688/6719/5283 6687/6720/5283 6684/6717/5283
f 6697/6682/5284 6705/6690/5284 6708/6689/5284 6702/6683/5284
f 6788/6632/5285 6835/6578/5285 6836/6704/5285 6804/6606/5285
f 6730/6590/5286 6852/6535/5286 6838/6531/5286 6736/6505/5286
f 6816/6711/5287 6810/6713/5287 6794/6518/5287 6800/6637/5287
f 6830/6574/5288 6831/6638/5288 6645/6641/5288 6647/6575/5288
f 6626/6654/5289 6630/6706/5289 6815/6647/5289 6810/6713/5289
f 6659/6649/5290 6845/6651/5290 6717/6700/5290 6655/6694/5290
f 6707/6721/5291 6711/6692/5291 6712/6693/5291 6710/6722/5291
f 6719/6618/5292 6718/6617/5292 6687/6720/5292 6688/6719/5292
f 6843/6608/5293 6714/6723/5293 6713/6699/5293 6844/6609/5293
f 6776/6560/5294 6780/6709/5294 6796/6644/5294 6792/6561/5294
f 6829/6570/5295 6649/6569/5295 6837/6630/5295 6821/6712/5295
f 6791/6563/5296 6777/6559/5296 6793/6562/5296 6807/6496/5296
f 6636/6710/5297 6638/6656/5297 6632/6655/5297 6630/6706/5297
f 6737/6657/5298 6735/6621/5298 6751/6597/5298 6753/6636/5298
f 6738/6634/5299 6849/6541/5299 6850/6539/5299 6737/6657/5299
f 6728/6610/5300 6844/6609/5300 6845/6651/5300 6732/6650/5300
f 6750/6623/5301 6749/6622/5301 6733/6512/5301 6734/6511/5301
f 6661/6626/5302 6780/6709/5302 6764/6708/5302 6660/6614/5302
f 6629/6556/5303 6628/6566/5303 6813/6645/5303 6814/6557/5303
f 6683/6724/5304 6690/6725/5304 6696/6685/5304 6686/6684/5304
f 6698/6680/5305 6696/6685/5305 6690/6725/5305 6693/6726/5305
f 6699/6681/5306 6698/6680/5306 6693/6726/5306 6694/6727/5306
f 6697/6682/5307 6699/6681/5307 6694/6727/5307 6692/6728/5307
f 6676/6729/5308 6671/6671/5308 6670/6662/5308 6675/6665/5308
f 6679/6730/5309 6676/6729/5309 6675/6665/5309 6711/6692/5309
f 6695/6731/5310 6700/6732/5310 6705/6690/5310 6697/6682/5310
f 6695/6731/5311 6697/6682/5311 6692/6728/5311 6691/6733/5311
f 6683/6724/5312 6686/6684/5312 6685/6716/5312 6682/6715/5312
f 6686/6684/5313 6704/6687/5313 6688/6719/5313 6685/6716/5313
f 6833/6508/5314 6757/6507/5314 6773/6579/5314 6834/6552/5314
f 6830/6574/5315 6822/6494/5315 6823/6497/5315 6831/6638/5315
f 6828/6631/5316 6649/6569/5316 6650/6572/5316 6642/6643/5316
f 6730/6590/5317 6735/6621/5317 6851/6538/5317 6852/6535/5317
f 6715/6536/5318 6852/6535/5318 6851/6538/5318 6720/6537/5318
f 6684/6734/5319 6687/6735/5319 6678/6669/5319 6672/6668/5319
f 6681/6736/5320 6684/6734/5320 6672/6668/5320 6666/6677/5320
f 6788/6632/5321 6787/6642/5321 6771/6584/5321 6772/6553/5321
f 6689/6678/5322 6702/6683/5322 6721/6532/5322 6715/6536/5322
f 6715/6536/5323 6720/6537/5323 6701/6679/5323 6689/6678/5323
f 6720/6537/5324 6722/6540/5324 6703/6686/5324 6701/6679/5324
f 6704/6687/5325 6703/6686/5325 6722/6540/5325 6723/6542/5325
f 6688/6719/5326 6704/6687/5326 6723/6542/5326 6719/6618/5326
f 6678/6669/5327 6687/6735/5327 6718/6696/5327 6716/6695/5327
f 6657/6660/5328 6678/6669/5328 6716/6695/5328 6655/6694/5328
f 6655/6694/5329 6717/6700/5329 6680/6661/5329 6657/6660/5329
f 6673/6667/5330 6680/6661/5330 6717/6700/5330 6713/6699/5330
f 6674/6664/5331 6673/6667/5331 6713/6699/5331 6714/6723/5331
f 6712/6693/5332 6674/6664/5332 6714/6723/5332 6727/6698/5332
f 6710/6722/5333 6712/6693/5333 6727/6698/5333 6726/6697/5333
f 6725/6702/5334 6724/6533/5334 6708/6689/5334 6709/6688/5334
f 6724/6533/5335 6721/6532/5335 6702/6683/5335 6708/6689/5335
f 6810/6713/5336 6815/6647/5336 6799/6519/5336 6794/6518/5336
f 6809/6705/5337 6823/6497/5337 6807/6496/5337 6793/6562/5337
f 6748/6652/5338 6744/6628/5338 6728/6610/5338 6732/6650/5338
f 6808/6592/5339 6809/6705/5339 6793/6562/5339 6792/6561/5339
f 6827/6595/5340 6631/6594/5340 6816/6711/5340 6819/6604/5340
f 6782/6581/5341 6798/6616/5341 6797/6646/5341 6781/6703/5341
f 6842/6491/5342 6727/6698/5342 6714/6723/5342 6843/6608/5342
usemtl Shoes
f 6885/6737/5343 6886/6738/5343 6856/6739/5343 6855/6740/5343
f 6886/6738/5344 6854/6741/5344 6857/6742/5344 6887/6743/5344
f 6887/6743/5345 6857/6742/5345 6859/6744/5345 6888/6745/5345
f 6888/6745/5346 6859/6744/5346 6861/6746/5346 6889/6747/5346
f 6889/6747/5347 6861/6746/5347 6862/6748/5347 6890/6749/5347
f 6885/6737/5348 6855/6740/5348 6865/6750/5348 6891/6751/5348
f 6891/6751/5349 6865/6750/5349 6867/6752/5349 6892/6753/5349
f 6892/6753/5350 6867/6752/5350 6869/6754/5350 6893/6755/5350
f 6869/6754/5351 6867/6752/5351 6872/6756/5351 6873/6757/5351
f 6867/6752/5352 6865/6750/5352 6871/6758/5352 6872/6756/5352
f 6865/6750/5353 6855/6740/5353 6870/6759/5353 6871/6758/5353
f 6866/6760/5354 6868/6761/5354 6882/6762/5354 6881/6763/5354
f 6864/6764/5355 6866/6760/5355 6881/6763/5355 6880/6765/5355
f 6853/6766/5356 6864/6764/5356 6880/6765/5356 6874/6767/5356
f 6862/6748/5357 6861/6746/5357 6878/6768/5357 6879/6769/5357
f 6861/6746/5358 6859/6744/5358 6877/6770/5358 6878/6768/5358
f 6859/6744/5359 6857/6742/5359 6876/6771/5359 6877/6770/5359
f 6857/6742/5360 6854/6741/5360 6875/6772/5360 6876/6771/5360
f 6854/6741/5361 6853/6766/5361 6874/6767/5361 6875/6772/5361
f 6893/6755/5362 6869/6754/5362 6884/6773/5362 6894/6774/5362
f 6853/6766/5363 6854/6741/5363 6886/6738/5363 6885/6737/5363
f 6856/6739/5364 6886/6738/5364 6887/6743/5364 6858/6775/5364
f 6858/6775/5365 6887/6743/5365 6888/6745/5365 6860/6776/5365
f 6853/6766/5366 6885/6737/5366 6891/6751/5366 6864/6764/5366
f 6864/6764/5367 6891/6751/5367 6892/6753/5367 6866/6760/5367
f 6866/6760/5368 6892/6753/5368 6893/6755/5368 6868/6761/5368
f 6868/6761/5369 6893/6755/5369 6894/6774/5369 6883/6777/5369
f 6908/6778/5370 6898/6779/5370 6899/6780/5370 6909/6781/5370
f 6909/6781/5371 6899/6780/5371 6901/6782/5371 6910/6783/5371
f 6910/6783/5372 6901/6782/5372 6902/6784/5372 6911/6785/5372
f 6901/6782/5373 6899/6780/5373 6905/6786/5373 6906/6787/5373
f 6899/6780/5374 6898/6779/5374 6904/6788/5374 6905/6786/5374
f 6944/6789/5375 6914/6790/5375 6916/6791/5375 6945/6792/5375
f 6945/6792/5376 6916/6791/5376 6918/6793/5376 6946/6794/5376
f 6946/6794/5377 6918/6793/5377 6920/6795/5377 6947/6796/5377
f 6947/6796/5378 6920/6795/5378 6922/6797/5378 6948/6798/5378
f 6950/6799/5379 6926/6800/5379 6928/6801/5379 6951/6802/5379
f 6928/6801/5380 6926/6800/5380 6929/6803/5380 6930/6804/5380
f 6925/6805/5381 6927/6806/5381 6939/6807/5381 6938/6808/5381
f 6924/6809/5382 6925/6805/5382 6938/6808/5382 6937/6810/5382
f 6913/6811/5383 6924/6809/5383 6937/6810/5383 6931/6812/5383
f 6922/6797/5384 6920/6795/5384 6935/6813/5384 6936/6814/5384
f 6920/6795/5385 6918/6793/5385 6934/6815/5385 6935/6813/5385
f 6918/6793/5386 6916/6791/5386 6933/6816/5386 6934/6815/5386
f 6916/6791/5387 6914/6790/5387 6932/6817/5387 6933/6816/5387
f 6914/6790/5388 6913/6811/5388 6931/6812/5388 6932/6817/5388
f 6939/6807/5389 6927/6806/5389 6940/6818/5389 6942/6819/5389
f 6951/6802/5390 6928/6801/5390 6941/6820/5390 6952/6821/5390
f 6913/6811/5391 6914/6790/5391 6944/6789/5391 6943/6822/5391
f 6915/6823/5392 6944/6789/5392 6945/6792/5392 6917/6824/5392
f 6917/6824/5393 6945/6792/5393 6946/6794/5393 6919/6825/5393
f 6919/6825/5394 6946/6794/5394 6947/6796/5394 6921/6826/5394
f 6921/6826/5395 6947/6796/5395 6948/6798/5395 6923/6827/5395
f 6913/6811/5396 6943/6822/5396 6949/6828/5396 6924/6809/5396
f 6924/6809/5397 6949/6828/5397 6950/6799/5397 6925/6805/5397
f 6925/6805/5398 6950/6799/5398 6951/6802/5398 6927/6806/5398
f 6927/6806/5399 6951/6802/5399 6952/6821/5399 6940/6818/5399
f 6940/6818/5400 6952/6821/5400 6953/6829/5400 6942/6819/5400
f 6977/6830/5401 6975/6831/5401 7067/6832/5401 7068/6833/5401
f 6954/6834/5402 7022/6835/5402 7160/6836/5402 7011/6837/5402
f 6954/6834/5403 7011/6837/5403 7152/6838/5403 7002/6839/5403
f 6956/6840/5404 7023/6841/5404 7022/6835/5404 6954/6834/5404
f 6964/6842/5405 6962/6843/5405 6986/6844/5405 6987/6845/5405
f 6955/6846/5406 6994/6847/5406 7135/6848/5406 7010/6849/5406
f 6955/6846/5407 7010/6849/5407 7160/6836/5407 7022/6835/5407
f 6958/6850/5408 7024/6851/5408 7161/6852/5408 7012/6853/5408
f 6958/6850/5409 7012/6853/5409 7136/6854/5409 6996/6855/5409
f 6957/6856/5410 6995/6857/5410 6994/6847/5410 6955/6846/5410
f 6959/6858/5411 7004/6859/5411 7153/6860/5411 7013/6861/5411
f 6959/6858/5412 7013/6861/5412 7161/6852/5412 7024/6851/5412
f 7063/6862/5413 7147/6863/5413 7224/6864/5413 7124/6865/5413
f 7236/6866/5414 7185/6867/5414 7063/6862/5414 7124/6865/5414
f 7235/6868/5415 7184/6869/5415 7062/6870/5415 7121/6871/5415
f 7198/6872/5416 7170/6873/5416 7035/6874/5416 7078/6875/5416
f 6969/6876/5417 6991/6877/5417 6990/6878/5417 6967/6879/5417
f 6965/6880/5418 6963/6881/5418 7042/6882/5418 7043/6883/5418
f 6962/6843/5419 7042/6882/5419 7168/6884/5419 7030/6885/5419
f 6962/6843/5420 7030/6885/5420 7130/6886/5420 6986/6844/5420
f 6981/6887/5421 6976/6888/5421 7068/6833/5421 7067/6832/5421
f 6979/6889/5422 7065/6890/5422 7066/6891/5422 6974/6892/5422
f 6963/6881/5423 7002/6839/5423 7152/6838/5423 7031/6893/5423
f 6963/6881/5424 7031/6893/5424 7168/6884/5424 7042/6882/5424
f 6964/6842/5425 7043/6883/5425 7042/6882/5425 6962/6843/5425
f 6966/6894/5426 7044/6895/5427 7169/6896/5428 7033/6897/5426
f 6966/6894/5429 7033/6897/5429 7153/6860/5429 7004/6859/5429
f 6968/6898/5430 7045/6899/5430 7044/6895/5430 6966/6894/5430
f 6967/6879/5431 6990/6878/5431 7131/6900/5431 7032/6901/5431
f 6967/6879/5432 7032/6901/5432 7169/6896/5428 7044/6895/5427
f 7138/6902/5433 7187/6903/5433 7081/6904/5433 7048/6905/5433
f 7176/6906/5434 7200/6907/5434 7083/6908/5434 7060/6909/5434
f 7173/6910/5435 7040/6911/5435 7118/6912/5435 7232/6913/5435
f 7040/6911/5436 7173/6910/5436 7167/6914/5436 7028/6915/5436
f 6980/6916/5437 6992/6917/5437 6993/6918/5437 6971/6919/5437
f 6961/6920/5438 7005/6921/5438 7004/6859/5438 6959/6858/5438
f 7176/6922/5439 7244/6923/5439 7241/6924/5439 7200/6925/5439
f 7251/6926/5440 7046/6927/5440 7125/6928/5440 7246/6929/5440
f 7247/6930/5441 7248/6931/5441 7128/6932/5441 7047/6933/5441
f 7242/6934/5442 7174/6935/5442 7200/6925/5442 7241/6924/5442
f 6972/6936/5443 7065/6890/5443 7181/6937/5443 7057/6938/5443
f 6972/6936/5444 7057/6938/5444 7135/6848/5444 6994/6847/5444
f 6975/6831/5445 6996/6855/5445 7136/6854/5445 7058/6939/5445
f 6975/6831/5446 7058/6939/5446 7182/6940/5446 7067/6832/5446
f 6977/6830/5447 6997/6941/5447 6996/6855/5447 6975/6831/5447
f 7164/6942/5448 7019/6943/5448 7112/6944/5448 7229/6945/5448
f 7063/6862/5449 7185/6867/5449 7180/6946/5449 7055/6947/5449
f 7199/6948/5450 7079/6949/5450 7030/6885/5450 7168/6884/5450
f 7146/6950/5451 7061/6951/5451 7122/6952/5451 7223/6953/5451
f 7192/6954/5452 7148/6955/5452 7137/6956/5452 7186/6957/5452
f 6981/6887/5453 7103/6958/5453 7052/6959/5453 6976/6888/5453
f 7186/6960/5454 7077/6961/5454 7026/6962/5454 7126/6963/5454
f 6999/6964/5455 7085/6965/5455 7239/6966/5455 7225/6967/5455
f 7039/6968/5456 7156/6969/5457 7227/6970/5457 7116/6971/5458
f 7186/6960/5459 7137/6972/5459 7034/6973/5459 7077/6961/5459
f 7074/6974/5460 7006/6975/5460 7158/6976/5461 7196/6977/5462
f 7118/6912/5463 7040/6911/5463 7144/6978/5463 7221/6979/5463
f 7214/6980/5464 7095/6981/5464 7033/6897/5464 7169/6896/5464
f 7214/6980/5465 7171/6982/5465 7036/6983/5465 7095/6981/5465
f 7183/6984/5466 7060/6985/5466 7083/6986/5466 7201/6987/5466
f 7196/6977/5467 7162/6988/5467 7014/6989/5467 7074/6974/5467
f 7086/6990/5468 7087/6991/5468 7000/6992/5468 7001/6993/5468
f 7198/6872/5469 7166/6994/5469 7026/6962/5469 7077/6961/5469
f 7211/6995/5470 7162/6988/5471 7015/6996/5472 7088/6997/5473
f 7212/6998/5474 7091/6999/5474 7012/6853/5474 7161/6852/5474
f 7237/7000/5475 7192/6954/5475 7142/7001/5475 7219/7002/5475
f 7210/7003/5476 7090/7004/5476 7013/6861/5476 7153/6860/5476
f 7205/7005/5477 7087/6991/5477 6992/6917/5477 7132/7006/5477
f 7197/7007/5478 7075/7008/5478 7011/6837/5478 7160/6836/5478
f 7154/7009/5479 7209/7010/5480 7088/6997/5481 7015/6996/5482
f 7197/7007/5483 7076/7011/5483 7017/7012/5483 7163/7013/5483
f 7029/7014/5484 7151/7015/5484 7209/7010/5484 7093/7016/5484
f 7143/7017/5485 7193/7018/5485 7238/7019/5485 7220/7020/5485
f 7098/7021/5486 7056/7022/5486 7175/7023/5486 7215/7024/5486
f 7219/7025/5487 6987/6845/5487 7070/7026/5487 7237/7027/5487
f 7203/7028/5488 7096/7029/5488 7047/7030/5488 7128/7031/5488
f 7135/6848/5489 7191/7032/5489 7076/7011/5489 7010/6849/5489
f 7193/7018/5490 7149/7033/5490 7226/7034/5490 7238/7019/5490
f 7207/7035/5491 7239/7036/5491 7221/6979/5491 7144/6978/5491
f 6973/7037/5492 6972/6936/5492 6994/6847/5492 6995/6857/5492
f 7189/7038/5493 7129/7039/5493 6988/7040/5493 7072/7041/5493
f 7133/7042/5494 7146/6950/5494 7019/6943/5494 7006/7043/5494
f 7127/7044/5495 7144/6978/5495 7040/6911/5495 7028/6915/5495
f 7163/7045/5496 7017/7046/5496 7091/6999/5496 7212/6998/5496
f 7039/6968/5497 7172/7047/5498 7166/7048/5499 7027/7049/5497
f 7204/7050/5500 7084/7051/5500 6998/7052/5500 7139/7053/5500
f 7199/6948/5501 7171/7054/5501 7037/7055/5501 7079/6949/5501
f 7170/6873/5502 7213/7056/5502 7093/7016/5502 7035/6874/5502
f 7214/6980/5503 7094/7057/5503 7037/7058/5503 7171/6982/5503
f 7244/6923/5442 7245/7059/5442 7096/7029/5442 7048/6905/5442
f 7170/6873/5504 7034/6973/5504 7092/7060/5504 7213/7056/5504
f 7211/6995/5505 7159/7061/5506 7008/7062/5506 7089/7063/5507
f 7204/7050/5508 7094/7057/5508 7032/6901/5508 7131/6900/5508
f 7210/7003/5509 7153/6860/5509 7033/6897/5509 7095/6981/5509
f 7203/7064/5510 7128/6932/5510 7248/6931/5510 7250/7065/5510
f 7138/7066/5511 7249/7067/5511 7252/7068/5511 7187/7069/5511
f 7189/7038/5512 7072/7041/5512 7000/7070/5512 7140/7071/5512
f 7152/6838/5513 7011/6837/5513 7075/7008/5513 7195/7072/5513
f 7085/6965/5514 7084/7051/5514 6990/6878/5514 6991/6877/5514
f 7155/7073/5515 7210/7003/5515 7095/6981/5515 7036/6983/5515
f 7082/7074/5516 7053/7075/5516 7133/7076/5516 7190/7077/5516
f 7141/7078/5517 7059/7079/5517 7082/7074/5517 7190/7077/5517
f 7252/7068/5518 7193/7018/5518 7143/7017/5518 7246/6929/5518
f 7083/6986/5519 7054/7080/5519 7179/7081/5519 7201/6987/5519
f 7141/7078/5520 7190/7077/5520 7074/6974/5520 7014/6989/5520
f 7087/6991/5521 7086/6990/5521 6993/6918/5521 6992/6917/5521
f 7202/7082/5522 7127/7083/5522 7028/7084/5522 7092/7060/5522
f 6978/7085/5523 6988/7040/5523 7129/7039/5523 7099/7086/5523
f 6978/7085/5524 7099/7086/5524 7217/7087/5524 7100/7088/5524
f 6979/6889/5525 7100/7088/5525 7217/7087/5525 7101/7089/5525
f 6979/6889/5526 7101/7089/5526 7181/6937/5526 7065/6890/5526
f 6980/6916/5527 7102/7090/5527 7132/7006/5527 6992/6917/5527
f 6980/6916/5528 7103/6958/5528 7218/7091/5528 7102/7090/5528
f 6981/6887/5529 7104/7092/5529 7218/7091/5529 7103/6958/5529
f 6981/6887/5530 7067/6832/5530 7182/6940/5530 7104/7092/5530
f 6982/7093/5531 7106/7094/5531 7218/7091/5531 7104/7092/5531
f 6982/7093/5532 7104/7092/5532 7182/6940/5532 7105/7095/5532
f 6983/7096/5533 7107/7097/5533 7132/7006/5533 7102/7090/5533
f 6983/7096/5534 7102/7090/5534 7218/7091/5534 7106/7094/5534
f 6984/7098/5535 7109/7099/5535 7181/6937/5535 7101/7089/5535
f 6984/7098/5536 7101/7089/5536 7217/7087/5536 7108/7100/5536
f 6985/7101/5537 7108/7100/5537 7217/7087/5537 7099/7086/5537
f 7194/7102/5538 7078/6875/5538 7035/6874/5538 7154/7009/5538
f 7175/7103/5539 7243/7104/5539 7245/7059/5539 7215/7105/5539
f 7138/6902/5540 7048/6905/5540 7096/7029/5540 7203/7028/5540
f 7188/7106/5541 7130/6886/5541 7030/6885/5541 7079/6949/5541
f 7187/7069/5542 7252/7068/5542 7246/6929/5542 7125/6928/5542
f 7188/7106/5543 7139/7053/5543 6998/7052/5543 7069/7107/5543
f 7054/7108/5544 7253/7109/5544 7177/7110/5544 7062/6870/5544
f 7126/7111/5545 7142/7001/5545 7192/6954/5545 7186/6957/5545
f 7027/7112/5546 7166/6994/5546 7198/6872/5546 7078/6875/5546
f 7188/7106/5547 7069/7107/5548 6986/6844/5547 7130/6886/5548
f 7026/7113/5549 7038/7114/5549 7142/7001/5549 7126/7111/5549
f 7112/7115/5550 6957/6856/5550 7023/6841/5550 7229/7116/5550
f 7204/7050/5551 7131/6900/5551 6990/6878/5551 7084/7051/5551
f 6969/6876/5552 7045/6899/5552 7232/7117/5552 7118/7118/5552
f 7235/6868/5553 7122/6952/5553 7061/6951/5553 7184/6869/5553
f 7233/7119/5554 7177/7110/5554 7049/7120/5554 7119/7121/5554
f 7157/7122/5555 7021/7123/5555 7009/7124/5555 7151/7125/5555
f 7114/7126/5556 6961/6920/5556 7025/7127/5556 7230/7128/5556
f 7119/7129/5557 6970/7130/5557 7051/7131/5557 7233/7132/5557
f 7147/6863/5558 7020/7133/5558 7113/7134/5558 7224/6864/5558
f 7123/7135/5559 6976/6888/5559 7052/6959/5559 7234/7136/5559
f 7221/7137/5560 6991/6877/5560 6969/6876/5560 7118/7118/5560
f 7216/7138/5561 7180/7139/5561 7056/7140/5561 7098/7141/5561
f 7000/7070/5562 7072/7041/5562 7071/7142/5562 7001/7143/5562
f 7045/6899/5563 6968/6898/5563 7117/7144/5563 7232/7117/5563
f 7224/7145/5564 6997/6941/5564 6977/6830/5564 7124/7146/5564
f 7046/7147/5442 7242/6934/5442 7241/6924/5442 7081/6904/5442
f 7124/7146/5565 6977/6830/5565 7068/6833/5565 7236/7148/5565
f 7115/7149/5566 6964/6842/5566 6987/6845/5566 7219/7025/5566
f 7005/6921/5567 6961/6920/5567 7114/7126/5567 7228/7150/5567
f 7230/7128/5568 7025/7127/5568 6960/7151/5568 7113/7152/5568
f 7085/6965/5569 6999/6964/5569 6998/7052/5569 7084/7051/5569
f 7234/7153/5570 7178/7154/5570 7064/7155/5570 7123/7156/5570
f 7233/7119/5571 7121/6871/5571 7062/6870/5571 7177/7110/5571
f 7214/6980/5572 7169/6896/5572 7032/6901/5572 7094/7057/5572
f 7222/7157/5573 7145/7158/5573 7050/7159/5573 7120/7160/5573
f 7041/7161/5574 7173/6910/5574 7232/6913/5574 7117/7162/5574
f 7158/7163/5575 7164/6942/5575 7018/7164/5575 7007/7165/5575
f 7229/7116/5576 7023/6841/5576 6956/6840/5576 7111/7166/5576
f 7019/6943/5577 7164/6942/5577 7158/7163/5577 7006/7043/5577
f 7199/6948/5578 7080/7167/5578 7036/7168/5578 7171/7054/5578
f 7242/7169/5579 7253/7109/5579 7054/7108/5579 7174/7170/5579
f 7251/6926/5580 7253/7109/5580 7242/7169/5580 7046/6927/5580
f 7247/6930/5581 7047/6933/5581 7243/7171/5581 7254/7172/5581
f 7243/7171/5582 7175/7173/5582 7056/7174/5582 7254/7172/5582
f 6968/6898/5583 6966/6894/5583 7004/6859/5583 7005/6921/5583
f 6961/6920/5584 6959/6858/5584 7024/6851/5584 7025/7127/5584
f 7068/6833/5585 6976/6888/5585 7123/7135/5585 7236/7148/5585
f 7209/7010/5480 7151/7015/5586 7009/7175/5586 7088/6997/5481
f 7179/7081/5587 7053/7075/5587 7082/7074/5587 7201/6987/5587
f 7150/7176/5588 7027/7112/5588 7078/6875/5588 7194/7102/5588
f 6969/6876/5589 6967/6879/5589 7044/6895/5589 7045/6899/5589
f 7141/7078/5590 7014/6989/5590 7089/7063/5590 7206/7177/5590
f 7137/6972/5591 7202/7082/5591 7092/7060/5591 7034/6973/5591
f 7145/7158/5592 7248/6931/5592 7247/6930/5592 7050/7159/5592
f 7142/7001/5593 7038/7114/5593 7115/7178/5593 7219/7002/5593
f 7048/6905/5594 7081/6904/5594 7241/6924/5594 7244/6923/5594
f 7066/6891/5595 6973/7037/5595 7122/7179/5595 7235/7180/5595
f 6957/6856/5596 6955/6846/5596 7022/6835/5596 7023/6841/5596
f 7165/7181/5597 7021/7123/5597 7114/7182/5597 7230/7183/5597
f 7064/7155/5598 7185/6867/5598 7236/6866/5598 7123/7156/5598
f 7176/6906/5599 7060/6909/5599 7098/7021/5599 7215/7024/5599
f 7038/7114/5600 7172/7047/5600 7231/7184/5600 7115/7178/5600
f 6960/7151/5601 6958/6850/5601 6996/6855/5601 6997/6941/5601
f 6956/6840/5602 6954/6834/5602 7002/6839/5602 7003/7185/5602
f 6973/7037/5603 7066/6891/5603 7065/6890/5603 6972/6936/5603
f 6978/7085/5604 7100/7088/5604 7051/7131/5604 6970/7130/5604
f 6980/6916/5605 6971/6919/5605 7052/6959/5605 7103/6958/5605
f 6965/6880/5606 7003/7185/5606 7002/6839/5606 6963/6881/5606
f 7196/6977/5462 7073/7186/5607 7015/6996/5472 7162/6988/5471
f 7141/7078/5608 7206/7177/5608 7097/7187/5608 7059/7079/5608
f 7228/7188/5609 7157/7122/5609 7041/7161/5609 7117/7162/5609
f 7154/7009/5610 7035/6874/5610 7093/7016/5610 7209/7010/5610
f 6979/6889/5611 6974/6892/5611 7051/7131/5611 7100/7088/5611
f 7166/7048/5499 7172/7047/5498 7038/7114/5612 7026/7113/5612
f 7111/7189/5613 7018/7164/5613 7164/6942/5613 7229/6945/5613
f 7227/6970/5614 7156/6969/5614 7018/7164/5614 7111/7189/5614
f 7163/7045/5615 7212/6998/5615 7090/7004/5615 7016/7190/5615
f 7248/6931/5616 7145/7158/5616 7208/7191/5616 7250/7065/5616
f 7216/7138/5617 7098/7141/5617 7060/6985/5617 7183/6984/5617
f 7152/6838/5618 7195/7072/5618 7080/7167/5618 7031/6893/5618
f 7069/7107/5619 6998/7052/5619 6999/6964/5619 7070/7026/5619
f 7238/7192/5620 7071/7142/5620 6989/7193/5620 7220/7194/5620
f 7204/7050/5621 7139/7053/5621 7037/7058/5621 7094/7057/5621
f 7097/7187/5622 7055/7195/5622 7180/7139/5622 7216/7138/5622
f 7207/7035/5623 7202/7196/5623 7137/6956/5623 7148/6955/5623
f 7239/7036/5624 7207/7035/5624 7148/6955/5624 7225/7197/5624
f 7001/7143/5625 7071/7142/5625 7238/7192/5625 7226/7198/5625
f 7176/6922/5626 7215/7105/5626 7245/7059/5626 7244/6923/5626
f 7183/6984/5627 7201/6987/5627 7082/7074/5627 7059/7079/5627
f 7243/7104/5628 7047/7030/5628 7096/7029/5628 7245/7059/5628
f 7072/7041/5629 6988/7040/5629 6989/7193/5629 7071/7142/5629
f 7138/7199/5630 7203/7064/5630 7250/7065/5630 7249/7200/5630
f 7193/7018/5631 7252/7068/5631 7249/7067/5631 7149/7033/5631
f 7174/7201/5632 7054/7202/5632 7083/6908/5632 7200/6907/5632
f 7194/7102/5633 7154/7009/5479 7015/6996/5482 7073/7186/5634
f 7086/6990/5635 7240/7203/5635 7222/7204/5635 6993/6918/5635
f 6960/7151/5636 7025/7127/5636 7024/6851/5636 6958/6850/5636
f 7196/6977/5462 7158/6976/5461 7007/7205/5637 7073/7186/5607
f 7134/7206/5638 7055/7195/5638 7097/7187/5638 7206/7177/5638
f 6978/7085/5639 6970/7130/5639 6989/7193/5639 6988/7040/5639
f 7207/7035/5640 7144/6978/5640 7127/7044/5640 7202/7196/5640
f 7247/6930/5641 7254/7172/5641 7178/7154/5641 7050/7159/5641
f 7021/7123/5642 7165/7181/5642 7159/7207/5642 7009/7124/5642
f 7155/7208/5643 7195/7072/5643 7075/7008/5643 7016/7209/5643
f 7159/7207/5644 7165/7181/5644 7020/7133/5644 7008/7210/5644
f 7187/6903/5442 7125/7211/5442 7046/7147/5442 7081/6904/5442
f 7197/7007/5645 7163/7013/5645 7016/7209/5645 7075/7008/5645
f 6986/6844/5646 7069/7107/5646 7070/7026/5646 6987/6845/5646
f 7216/7138/5647 7183/6984/5647 7059/7079/5647 7097/7187/5647
f 7133/7076/5648 7006/6975/5648 7074/6974/5648 7190/7077/5648
f 7240/7212/5649 7226/7213/5649 7149/7214/5649 7208/7191/5649
f 7212/6998/5650 7161/6852/5650 7013/6861/5650 7090/7004/5650
f 7237/7027/5651 7070/7026/5651 6999/6964/5651 7225/6967/5651
f 7199/6948/5652 7168/6884/5652 7031/6893/5652 7080/7167/5652
f 7205/7005/5653 7140/7215/5653 7000/6992/5653 7087/6991/5653
f 7007/7205/5654 7150/7176/5654 7194/7102/5633 7073/7186/5634
f 7149/7214/5655 7249/7200/5655 7250/7065/5655 7208/7191/5655
f 7155/7208/5656 7036/7168/5656 7080/7167/5656 7195/7072/5656
f 7089/7063/5657 7008/7062/5657 7134/7206/5657 7206/7177/5657
f 7211/6995/5505 7089/7063/5507 7014/6989/5658 7162/6988/5658
f 7085/6965/5659 6991/6877/5659 7221/7137/5659 7239/6966/5659
f 7240/7212/5660 7208/7191/5660 7145/7158/5660 7222/7157/5660
f 7213/7056/5661 7167/7216/5661 7029/7014/5661 7093/7016/5661
f 7020/7133/5662 7147/6863/5662 7134/7217/5662 7008/7210/5662
f 7114/7182/5663 7021/7123/5663 7157/7122/5663 7228/7188/5663
f 7179/7218/5664 7054/7108/5664 7062/6870/5664 7184/6869/5664
f 7120/7219/5665 6971/6919/5665 6993/6918/5665 7222/7204/5665
f 7134/7217/5666 7147/6863/5666 7063/6862/5666 7055/6947/5666
f 7003/7185/5667 6965/6880/5667 7116/7220/5667 7227/7221/5667
f 7254/7172/5668 7056/7174/5668 7064/7155/5668 7178/7154/5668
f 7050/7159/5669 7178/7154/5669 7234/7153/5669 7120/7160/5669
f 7156/6969/5670 7039/6968/5670 7027/7049/5670 7150/7222/5670
f 7172/7047/5671 7039/6968/5456 7116/6971/5458 7231/7184/5671
f 6968/6898/5672 7005/6921/5672 7228/7150/5672 7117/7144/5672
f 7112/6944/5673 7019/6943/5673 7146/6950/5673 7223/6953/5673
f 7018/7164/5674 7156/6969/5674 7150/7222/5674 7007/7165/5674
f 7177/7110/5675 7253/7109/5675 7251/6926/5675 7049/7120/5675
f 7113/7152/5676 6960/7151/5676 6997/6941/5676 7224/7145/5676
f 7155/7073/5677 7016/7190/5677 7090/7004/5677 7210/7003/5677
f 7122/7179/5678 6973/7037/5678 6995/6857/5678 7223/7223/5678
f 7116/7220/5679 6965/6880/5679 7043/6883/5679 7231/7224/5679
f 7088/6997/5473 7009/7175/5680 7159/7061/5680 7211/6995/5470
f 7028/7084/5681 7167/7216/5681 7213/7056/5681 7092/7060/5681
f 7197/7007/5682 7160/6836/5682 7010/6849/5682 7076/7011/5682
f 7240/7203/5683 7086/6990/5683 7001/6993/5683 7226/7225/5683
f 7198/6872/5684 7077/6961/5684 7034/6973/5684 7170/6873/5684
f 7121/7226/5685 6974/6892/5685 7066/6891/5685 7235/7180/5685
f 6956/6840/5686 7003/7185/5686 7227/7221/5686 7111/7166/5686
f 7052/6959/5687 6971/6919/5687 7120/7219/5687 7234/7136/5687
f 7223/7223/5688 6995/6857/5688 6957/6856/5688 7112/7115/5688
f 7231/7224/5689 7043/6883/5689 6964/6842/5689 7115/7149/5689
f 7041/7161/5690 7157/7122/5690 7151/7125/5690 7029/7227/5690
f 7251/6926/5691 7246/6929/5691 7143/7017/5691 7049/7120/5691
f 7113/7134/5692 7020/7133/5692 7165/7181/5692 7230/7183/5692
f 7180/6946/5693 7185/6867/5693 7064/7155/5693 7056/7174/5693
f 7192/6954/5694 7237/7000/5694 7225/7197/5694 7148/6955/5694
f 7220/7194/5695 6989/7193/5695 6970/7130/5695 7119/7129/5695
f 7053/7228/5696 7179/7218/5696 7184/6869/5696 7061/6951/5696
f 7051/7131/5697 6974/6892/5697 7121/7226/5697 7233/7132/5697
f 7143/7017/5698 7220/7020/5698 7119/7121/5698 7049/7120/5698
f 7167/6914/5699 7173/6910/5699 7041/7161/5699 7029/7227/5699
f 7133/7042/5700 7053/7228/5700 7061/6951/5700 7146/6950/5700
f 7188/7106/5701 7079/6949/5701 7037/7055/5701 7139/7053/5701
l 6863 6890
l 6903 6911
l 6896 6897
l 6900 6909
l 7110 7140
l 6894 6895
o Worker.002
v -0.181340 0.070613 -0.152707
v -0.178430 0.021088 -0.136854
v -0.210361 0.028504 -0.057001
v -0.151948 0.064542 0.038931
v -0.145627 0.078916 -0.166326
v -0.216431 0.066662 -0.071907
v -0.218313 0.063219 -0.021933
v -0.172350 0.065556 0.032683
v -0.135208 0.062950 0.034677
v -0.195773 0.066817 0.015293
v -0.210371 0.061171 0.007028
v -0.147312 0.036195 0.050268
v -0.212625 0.027635 -0.011626
v -0.166564 0.042809 0.048028
v -0.129569 0.033068 0.040846
v -0.189644 0.033292 0.041523
v -0.120041 0.031820 0.032569
v -0.210361 0.027614 0.020068
v -0.099727 0.015714 -0.011684
v -0.115521 0.023271 0.022681
v -0.155942 0.020500 -0.148074
v -0.106292 0.011914 -0.129233
v -0.097562 0.014144 -0.096886
v -0.123650 0.013403 -0.155809
v -0.100313 0.019041 -0.048602
v -0.209244 0.028276 -0.102625
v -0.107004 0.066549 0.014227
v -0.107711 0.021565 0.014321
v -0.206803 0.278634 -0.143265
v -0.186698 0.163817 -0.148353
v -0.242470 0.889324 -0.136223
v -0.217992 0.629010 -0.112459
v -0.225334 0.784721 -0.145861
v -0.240267 0.852335 -0.139625
v -0.233070 0.818778 -0.145034
v -0.230091 0.532610 -0.117433
v -0.217155 0.713650 -0.128095
v -0.231508 0.471091 -0.135158
v -0.221498 0.393698 -0.139801
v -0.197341 0.887795 -0.169490
v -0.170964 0.886465 -0.178839
v -0.145213 0.889380 -0.179625
v -0.124687 0.891761 -0.175922
v -0.256854 0.888998 -0.107019
v -0.222015 0.888385 -0.155995
v -0.187600 0.846707 -0.169863
v -0.156865 0.845413 -0.174433
v -0.133008 0.851741 -0.172520
v -0.113755 0.858413 -0.166750
v -0.258043 0.852633 -0.111694
v -0.173979 0.811503 -0.169956
v -0.133849 0.810102 -0.161197
v -0.116276 0.826488 -0.154847
v -0.105777 0.835836 -0.149491
v -0.215686 0.849777 -0.156812
v -0.256296 0.819591 -0.117289
v -0.099368 0.815747 -0.135106
v -0.207693 0.815678 -0.161890
v -0.262138 0.888853 -0.063187
v -0.265995 0.887171 -0.016734
v -0.248643 0.885504 0.016424
v -0.266151 0.854203 -0.065707
v -0.269150 0.854370 -0.017917
v -0.255985 0.853546 0.015256
v -0.268033 0.821765 -0.067594
v -0.268198 0.822945 -0.018527
v -0.199037 0.808994 0.068238
v -0.234279 0.881936 0.041045
v -0.123454 0.873563 0.068533
v -0.159072 0.878223 0.068300
v -0.213959 0.880709 0.055653
v -0.190135 0.879944 0.064796
v -0.123503 0.846659 0.067068
v -0.238798 0.849142 0.038053
v -0.146130 0.828748 0.072717
v -0.219192 0.845506 0.054518
v -0.192247 0.843151 0.065821
v -0.101366 0.821512 0.067610
v -0.091590 0.798865 0.059351
v -0.224662 0.813452 0.056875
v -0.160989 0.802280 0.076312
v -0.244145 0.818638 0.040852
v -0.258943 0.822748 0.017464
v -0.112117 0.815016 0.071350
v -0.094810 0.789628 0.058986
v -0.129305 0.790501 0.074038
v -0.097769 0.780267 0.055254
v -0.104686 0.808211 -0.131539
v -0.106016 0.795925 -0.131073
v -0.163627 0.778325 -0.170245
v -0.128178 0.770381 -0.156109
v -0.204342 0.778785 0.070895
v -0.253286 0.785682 -0.118271
v -0.195516 0.783545 -0.163058
v -0.266916 0.790216 -0.067404
v -0.268136 0.792361 -0.016758
v -0.229719 0.784029 0.060065
v -0.169184 0.772453 0.075583
v -0.246575 0.789176 0.042987
v -0.259605 0.792236 0.019418
v -0.131238 0.762106 0.068555
v -0.095054 0.753765 0.048662
v -0.100094 0.765564 -0.130939
v -0.172340 0.625824 -0.140804
v -0.143203 0.621771 -0.139801
v -0.210867 0.633435 0.060399
v -0.243390 0.629816 -0.087773
v -0.199596 0.627800 -0.132066
v -0.267857 0.631574 -0.057674
v -0.258540 0.639195 -0.021182
v -0.230029 0.635338 0.047832
v -0.178315 0.629237 0.063455
v -0.247382 0.638265 0.029545
v -0.257113 0.637830 0.011431
v -0.144584 0.624532 0.052043
v -0.120907 0.621068 0.022409
v -0.092260 0.613053 -0.030255
v -0.089542 0.612319 -0.080700
v -0.102331 0.614160 -0.115748
v -0.177848 0.531193 -0.138798
v -0.143241 0.528484 -0.143689
v -0.199037 0.537150 0.046620
v -0.251508 0.539591 -0.104899
v -0.201312 0.532910 -0.126927
v -0.256451 0.542362 -0.068350
v -0.245572 0.545299 -0.034033
v -0.221332 0.541369 0.042747
v -0.176398 0.539704 0.043262
v -0.228871 0.544213 0.026628
v -0.236606 0.548215 0.002585
v -0.152674 0.533407 0.033059
v -0.131206 0.526561 0.017262
v -0.096149 0.517481 -0.036138
v -0.092445 0.517657 -0.075188
v -0.106805 0.524316 -0.116244
v -0.175416 0.464711 -0.143141
v -0.137588 0.456986 -0.136720
v -0.188157 0.459840 0.036539
v -0.249222 0.469281 -0.107248
v -0.202646 0.467554 -0.139346
v -0.244135 0.470388 -0.070356
v -0.230464 0.472870 -0.035795
v -0.198934 0.468651 0.032906
v -0.174241 0.456324 0.032759
v -0.210723 0.474121 0.019734
v -0.219792 0.474710 -0.004743
v -0.160385 0.456148 0.018111
v -0.146115 0.450978 0.000140
v -0.111826 0.440461 -0.036653
v -0.100976 0.442705 -0.069182
v -0.110786 0.447720 -0.105967
v -0.161700 0.385457 -0.153689
v -0.133095 0.379562 -0.138664
v -0.198427 0.364092 -0.006611
v -0.240060 0.393802 -0.113194
v -0.192256 0.389335 -0.155199
v -0.245417 0.390710 -0.074746
v -0.247464 0.386698 -0.037566
v -0.217031 0.387411 0.007823
v -0.177873 0.362458 -0.012433
v -0.228106 0.391072 0.001081
v -0.244745 0.387370 -0.010275
v -0.159377 0.367081 -0.017645
v -0.143599 0.366915 -0.023084
v -0.106459 0.366119 -0.051457
v -0.102863 0.367370 -0.079060
v -0.113022 0.371589 -0.110257
v -0.150838 0.276979 -0.150442
v -0.127427 0.275293 -0.135954
v -0.192125 0.252409 0.012329
v -0.230257 0.277889 -0.119409
v -0.178114 0.279626 -0.153865
v -0.240639 0.274942 -0.088316
v -0.235758 0.277279 -0.056377
v -0.204559 0.254694 0.012156
v -0.175784 0.251995 0.008314
v -0.214125 0.260464 0.002725
v -0.219606 0.269595 -0.022183
v -0.156930 0.250557 -0.014061
v -0.139275 0.252802 -0.025804
v -0.100916 0.261323 -0.055775
v -0.101420 0.264073 -0.090436
v -0.114088 0.269761 -0.117072
v -0.133009 0.168821 -0.143845
v -0.117376 0.165337 -0.126637
v -0.189199 0.144499 0.018498
v -0.211994 0.158977 -0.125117
v -0.153780 0.169380 -0.154682
v -0.223494 0.152814 -0.088067
v -0.221405 0.148719 -0.050254
v -0.201291 0.144768 0.017668
v -0.178619 0.146257 0.015449
v -0.214083 0.144324 0.009413
v -0.221012 0.143817 -0.010357
v -0.147290 0.142948 0.009446
v -0.131690 0.141625 0.007035
v -0.105100 0.153217 -0.032203
v -0.098243 0.158977 -0.081017
v -0.107525 0.160745 -0.107402
v -0.123753 0.077148 -0.152241
v -0.110952 0.074470 -0.127909
v -0.213494 0.065194 -0.117454
v -0.123074 0.058586 0.030595
v -0.113690 0.060954 0.023628
v -0.102288 0.068389 -0.012588
v -0.095723 0.075101 -0.055200
v -0.099791 0.074532 -0.097912
v -0.087328 0.790276 0.000094
v -0.089691 0.784082 -0.000790
v -0.090929 0.765255 -0.003576
v -0.086637 0.732512 -0.001795
v -0.100900 0.614614 -0.004282
v -0.114923 0.521607 -0.005219
v -0.130419 0.443470 -0.020372
v -0.125046 0.361993 -0.033949
v -0.119486 0.255624 -0.037596
v -0.121379 0.145678 -0.002576
v -0.175231 0.703883 0.070468
v -0.138994 0.697406 0.061778
v -0.099430 0.691842 0.029146
v -0.090824 0.684500 -0.008365
v -0.106711 0.694531 -0.122366
v -0.128323 0.698237 -0.144455
v -0.164794 0.703551 -0.151962
v -0.191029 0.706911 -0.146978
v -0.239698 0.716454 -0.099801
v -0.264827 0.714921 -0.061904
v -0.265303 0.717984 -0.017026
v -0.257516 0.720106 0.016777
v -0.248343 0.718734 0.038974
v -0.232697 0.716175 0.054798
v -0.208758 0.709594 0.065951
v -0.109978 0.893972 -0.174340
v -0.105251 0.860811 -0.164216
v -0.101538 0.838681 -0.150566
v -0.095561 0.805765 -0.131290
v -0.094527 0.798040 -0.128612
v -0.093035 0.779647 -0.126337
v -0.094119 0.753981 -0.128312
v -0.086707 0.689143 -0.115582
v -0.153719 0.021745 0.042562
v -0.159866 0.021561 0.042254
v -0.159847 0.023017 0.040703
v -0.166311 0.020535 0.041818
v -0.166563 0.022017 0.040157
v -0.172676 0.018625 0.040699
v -0.172863 0.020200 0.039048
v -0.178679 0.016053 0.039116
v -0.178883 0.017457 0.037414
v -0.183954 0.012527 0.036842
v -0.183871 0.013850 0.035312
v -0.146803 0.022165 0.042306
v -0.146563 0.023537 0.040893
v -0.139867 0.021485 0.041863
v -0.139685 0.022775 0.040384
v -0.134337 0.020212 0.041168
v -0.134125 0.021478 0.039649
v -0.134645 0.019482 0.037959
v -0.159359 0.019053 0.041333
v -0.165536 0.018042 0.040932
v -0.171550 0.016318 0.039848
v -0.176995 0.014162 0.038303
v -0.181856 0.010893 0.036330
v -0.147264 0.019599 0.041264
v -0.140660 0.019013 0.040886
v -0.135325 0.017799 0.040287
v -0.130019 0.018142 0.039548
v -0.130053 0.019299 0.038018
v -0.130733 0.016175 0.038335
v -0.153708 0.023075 0.042240
v -0.160111 0.023045 0.041955
v -0.166816 0.022067 0.041482
v -0.173340 0.020166 0.040336
v -0.179621 0.017391 0.038646
v -0.185104 0.013209 0.035928
v -0.146634 0.023487 0.042001
v -0.139617 0.022772 0.041485
v -0.133805 0.021441 0.040715
v -0.129172 0.018982 0.038888
v -0.160319 0.043560 0.015431
v -0.166685 0.042661 0.014934
v -0.172221 0.040851 0.013858
v -0.148522 0.043860 0.015377
v -0.155104 0.041534 0.018257
v -0.160697 0.041223 0.018056
v -0.166738 0.040055 0.017668
v -0.172396 0.038079 0.016468
v -0.148936 0.041895 0.017813
v -0.184898 0.034450 0.011946
v -0.155074 0.036663 0.027275
v -0.161181 0.036363 0.026962
v -0.167557 0.035174 0.026533
v -0.173836 0.033137 0.025422
v -0.179747 0.030469 0.023846
v -0.180017 0.031947 0.022112
v -0.184917 0.026911 0.021571
v -0.154264 0.036197 0.023986
v -0.160096 0.036125 0.023547
v -0.166530 0.035246 0.023051
v -0.147893 0.036477 0.023507
v -0.160579 0.033829 0.026062
v -0.166694 0.032661 0.025665
v -0.172636 0.030799 0.024587
v -0.178011 0.028545 0.023043
v -0.148524 0.034502 0.025809
v -0.141825 0.033685 0.024940
v -0.136935 0.031823 0.024012
v -0.168129 0.036714 0.026175
v -0.174558 0.034708 0.025036
v -0.180735 0.031844 0.023359
v -0.186094 0.027645 0.020640
v -0.155131 0.029331 0.035160
v -0.161275 0.029058 0.034850
v -0.167696 0.027904 0.034415
v -0.174031 0.025867 0.033300
v -0.179996 0.023199 0.031721
v -0.185230 0.019652 0.029450
v -0.185173 0.021017 0.027914
v -0.148228 0.029825 0.034907
v -0.141273 0.029200 0.034472
v -0.135711 0.027931 0.033782
v -0.160720 0.026531 0.033936
v -0.172871 0.023550 0.032453
v -0.178290 0.021306 0.030912
v -0.142010 0.026692 0.033501
v -0.136639 0.025494 0.032908
v -0.131345 0.025829 0.032172
v -0.132015 0.023830 0.030963
v -0.155153 0.030661 0.034834
v -0.161551 0.030525 0.034545
v -0.168236 0.029414 0.034076
v -0.174721 0.027418 0.032931
v -0.180959 0.024564 0.031245
v -0.186392 0.020355 0.028534
v -0.148094 0.031148 0.034598
v -0.141062 0.030478 0.034089
v -0.135215 0.029160 0.033326
v -0.130528 0.026675 0.031511
v -0.130802 0.024577 0.029972
v -0.194444 -0.011258 0.063668
v -0.195069 0.002237 0.034190
v -0.206700 -0.022476 0.062805
v -0.204280 -0.016283 0.032212
v -0.117709 0.006092 0.040308
v -0.113564 -0.010894 0.068532
v -0.111663 -0.011239 0.042162
v -0.105319 -0.021338 0.070711
v -0.175982 -0.016075 0.111507
v -0.185837 -0.018042 0.092438
v -0.183711 -0.024649 0.116730
v -0.197631 -0.026477 0.092526
v -0.116631 -0.019829 0.098653
v -0.123123 -0.017485 0.115416
v -0.110983 -0.028446 0.103007
v -0.120283 -0.024951 0.123772
v -0.195434 0.010832 -0.085316
v -0.116247 0.018022 -0.074627
v -0.196517 0.015991 0.005481
v -0.198727 -0.007460 0.002786
v -0.198903 0.000579 -0.033624
v -0.120115 0.022992 0.008368
v -0.113672 0.009642 -0.027544
v -0.114846 -0.000169 0.008649
v -0.195480 0.023881 -0.086299
v -0.199554 0.021200 -0.032251
v -0.121389 0.036104 -0.074273
v -0.117706 0.031503 -0.025600
v -0.122261 0.039165 -0.026216
v -0.196904 0.030717 -0.032863
v -0.192750 0.029134 -0.085042
v -0.171650 -0.015424 0.118033
v -0.177363 -0.023614 0.126368
v -0.185831 0.030696 -0.105394
v -0.187798 0.014401 -0.103508
v -0.126657 -0.016726 0.120246
v -0.125948 -0.023895 0.131176
v -0.124801 0.039662 -0.091531
v -0.118717 0.020917 -0.092079
v -0.195551 0.009704 0.020112
v -0.201354 -0.012064 0.017379
v -0.120032 0.015190 0.024666
v -0.113846 -0.005883 0.026083
v -0.148916 -0.016551 0.129956
v -0.152141 -0.023744 0.140442
v -0.145453 0.039961 -0.113028
v -0.144334 0.019489 -0.117930
v -0.191003 -0.015594 0.078724
v -0.202956 -0.025391 0.078251
v -0.113826 -0.016767 0.084345
v -0.106987 -0.026820 0.087873
v -0.209968 -0.066252 0.025227
v -0.212625 -0.067331 0.058462
v -0.107320 -0.060265 0.035973
v -0.097565 -0.062674 0.067032
v -0.187790 0.010934 0.034873
v -0.185412 -0.006180 0.063284
v -0.123486 0.013277 0.038769
v -0.120384 -0.006273 0.065665
v -0.156067 -0.063123 0.031541
v -0.156864 -0.066031 0.065190
v -0.154143 0.003003 0.061599
v -0.153384 0.026548 0.035639
v -0.213587 -0.048465 0.060267
v -0.210495 -0.047090 0.025514
v -0.107958 -0.041762 0.036109
v -0.097521 -0.045278 0.068878
v -0.194932 -0.005906 0.048587
v -0.206917 -0.019799 0.047384
v -0.115220 -0.003905 0.054203
v -0.106977 -0.016227 0.055907
v -0.185624 -0.059476 0.119832
v -0.199585 -0.064644 0.093155
v -0.118181 -0.060103 0.134651
v -0.105993 -0.065412 0.105830
v -0.169624 -0.013762 0.109160
v -0.176117 -0.014394 0.091621
v -0.125917 -0.015312 0.111580
v -0.121481 -0.015832 0.094501
v -0.152414 -0.061995 0.133627
v -0.150007 -0.067314 0.101466
v -0.148751 -0.010189 0.089867
v -0.146314 -0.012527 0.112469
v -0.187033 -0.044647 0.119873
v -0.201012 -0.046910 0.093102
v -0.118751 -0.046608 0.134413
v -0.106156 -0.049122 0.106275
v -0.180417 -0.017374 0.103317
v -0.191000 -0.025831 0.105127
v -0.120160 -0.018929 0.108839
v -0.115476 -0.026776 0.114465
v -0.190986 -0.064848 -0.089426
v -0.111228 -0.064848 -0.078366
v -0.147368 -0.064848 -0.090696
v -0.193931 -0.033275 -0.089462
v -0.110554 -0.025637 -0.079481
v -0.197920 0.004823 -0.062817
v -0.114868 0.013221 -0.054467
v -0.199192 -0.067054 -0.011369
v -0.195109 -0.059992 -0.043047
v -0.121353 -0.062635 -0.004097
v -0.115814 -0.055862 -0.034433
v -0.192674 0.026859 0.006485
v -0.124962 0.031420 0.009172
v -0.155787 -0.061643 -0.006734
v -0.153437 -0.056203 -0.047176
v -0.199813 -0.046023 -0.011142
v -0.198820 -0.039333 -0.041291
v -0.119543 -0.040941 -0.004067
v -0.113723 -0.032508 -0.032573
v -0.197827 0.020758 -0.011814
v -0.197280 -0.003176 -0.014346
v -0.119878 0.029662 -0.007949
v -0.114919 0.005534 -0.009433
v -0.161438 -0.016374 0.127340
v -0.165072 -0.023956 0.136833
v -0.166299 0.017176 -0.118571
v -0.165397 0.037852 -0.114641
v -0.185401 -0.066113 0.062183
v -0.182838 -0.064872 0.028500
v -0.170014 0.000342 0.062199
v -0.173647 0.021864 0.035665
v -0.167486 -0.060361 0.129697
v -0.173571 -0.065874 0.099119
v -0.157621 -0.012307 0.111869
v -0.160983 -0.011007 0.090836
v -0.170758 -0.064848 -0.091643
v -0.176899 -0.064392 -0.008700
v -0.175010 -0.058369 -0.046747
v -0.136699 -0.016751 0.127391
v -0.138757 -0.023603 0.138673
v -0.129887 0.020214 -0.108425
v -0.135136 0.039993 -0.107179
v -0.126791 -0.065201 0.066314
v -0.131331 -0.061685 0.033939
v -0.136612 0.000479 0.063109
v -0.135995 0.023473 0.036249
v -0.134041 -0.060956 0.135033
v -0.127236 -0.067168 0.103493
v -0.134903 -0.013465 0.111487
v -0.134745 -0.011197 0.091080
v -0.124707 -0.064848 -0.085823
v -0.137290 -0.062142 -0.005458
v -0.130053 -0.055048 -0.039595
v -0.194398 0.026467 -0.085794
v -0.198768 0.017950 -0.063204
v -0.198892 0.027842 -0.032043
v -0.123265 0.039631 -0.074104
v -0.117709 0.031741 -0.053539
v -0.120006 0.036818 -0.025574
v -0.126811 0.043519 -0.011400
v -0.121514 0.037242 -0.053723
v -0.128991 0.045339 -0.090374
v -0.196262 0.024202 -0.063122
v -0.182267 0.036529 -0.103566
v -0.146602 0.046787 -0.109110
v -0.206824 -0.045373 0.059322
v -0.202781 -0.043526 0.026530
v -0.115169 -0.039149 0.036267
v -0.104092 -0.043006 0.066251
v -0.181057 -0.042374 0.117464
v -0.195291 -0.044224 0.090922
v -0.110284 -0.046836 0.101435
v -0.120996 -0.044528 0.128808
v -0.188903 -0.029707 -0.083940
v -0.115249 -0.023353 -0.075639
v -0.192077 -0.035490 -0.040909
v -0.191539 -0.041727 -0.009715
v -0.118630 -0.029617 -0.034206
v -0.125171 -0.037787 -0.003543
v -0.185787 -0.064848 -0.104889
v -0.180662 -0.058290 0.129480
v -0.125626 -0.056711 0.146295
v -0.111335 -0.064848 -0.094831
v -0.183752 0.033767 -0.105524
v -0.168327 -0.013932 0.114537
v -0.127650 -0.015327 0.116326
v -0.127120 0.043415 -0.091721
v -0.204466 -0.066881 0.010045
v -0.116652 -0.061704 0.019109
v -0.189753 0.019559 0.021157
v -0.124802 0.022847 0.024323
v -0.158054 -0.056863 0.151962
v -0.140588 -0.064848 -0.122842
v -0.147372 -0.013617 0.122014
v -0.146045 0.044915 -0.111270
v -0.156421 -0.062238 0.015201
v -0.154953 0.036683 0.024313
v -0.181668 -0.043280 0.130731
v -0.188242 -0.031584 -0.107334
v -0.126391 -0.043586 0.146150
v -0.111925 -0.024417 -0.096598
v -0.204994 -0.047096 0.008076
v -0.116436 -0.042121 0.016765
v -0.158196 -0.042212 0.150400
v -0.142589 -0.024166 -0.120836
v -0.206989 -0.066398 0.076278
v -0.100792 -0.064799 0.086753
v -0.181665 -0.011111 0.078103
v -0.119940 -0.012122 0.080635
v -0.153563 -0.067433 0.083529
v -0.151909 -0.004837 0.076457
v -0.207775 -0.047730 0.077626
v -0.100849 -0.047846 0.088263
v -0.213463 -0.066845 0.040899
v -0.099644 -0.060886 0.050782
v -0.186429 0.000785 0.048510
v -0.121414 0.001861 0.051829
v -0.157005 -0.064178 0.047468
v -0.153689 0.014189 0.047601
v -0.214621 -0.048041 0.042420
v -0.099592 -0.043045 0.052207
v -0.191880 -0.063162 0.107836
v -0.111440 -0.064311 0.121259
v -0.171837 -0.014384 0.102087
v -0.123912 -0.016041 0.104858
v -0.149701 -0.065675 0.118136
v -0.146578 -0.012634 0.101859
v -0.193937 -0.045856 0.106968
v -0.111776 -0.048502 0.120980
v -0.193462 -0.064848 -0.043801
v -0.116620 -0.064848 -0.035364
v -0.153056 -0.064848 -0.049972
v -0.196018 -0.035538 -0.069973
v -0.110650 -0.028109 -0.060084
v -0.194447 -0.061949 -0.033295
v -0.119709 -0.057107 -0.025865
v -0.196035 0.034760 -0.013745
v -0.124714 0.039507 -0.006224
v -0.152558 -0.058463 -0.027718
v -0.197558 -0.043123 -0.031284
v -0.116702 -0.036847 -0.023527
v -0.170551 -0.056428 0.144713
v -0.168075 -0.064848 -0.121777
v -0.158992 -0.013413 0.120215
v -0.163867 0.042733 -0.112863
v -0.180171 -0.064913 0.012659
v -0.171318 -0.041283 0.145323
v -0.170567 -0.027830 -0.120763
v -0.181086 -0.066369 0.080840
v -0.166002 -0.006377 0.077314
v -0.184967 -0.065501 0.044365
v -0.171652 0.010059 0.047788
v -0.168275 -0.064501 0.115654
v -0.158103 -0.012434 0.102283
v -0.174235 -0.064848 -0.049648
v -0.174949 -0.060583 -0.030053
v -0.140051 -0.055099 0.153699
v -0.122280 -0.064848 -0.112749
v -0.135655 -0.014180 0.119904
v -0.136989 0.044491 -0.106947
v -0.135323 -0.062022 0.016967
v -0.140600 -0.041596 0.152096
v -0.123386 -0.023667 -0.112139
v -0.126363 -0.067008 0.084957
v -0.135302 -0.006466 0.078079
v -0.128237 -0.062949 0.049600
v -0.136014 0.010961 0.048876
v -0.129542 -0.065605 0.119677
v -0.134661 -0.013421 0.102118
v -0.129756 -0.064848 -0.042046
v -0.133270 -0.058377 -0.026186
v -0.198168 0.021728 -0.063009
v -0.119308 0.035401 -0.053458
v -0.175705 -0.041066 0.127846
v -0.184034 -0.028339 -0.100057
v -0.127376 -0.042558 0.138673
v -0.115794 -0.022178 -0.091430
v -0.196772 -0.043104 0.009594
v -0.123084 -0.038870 0.017729
v -0.155163 -0.041115 0.145447
v -0.143580 -0.021581 -0.115644
v -0.201653 -0.044876 0.075790
v -0.106024 -0.045442 0.083782
v -0.207341 -0.044742 0.042585
v -0.106866 -0.040672 0.051233
v -0.188116 -0.043445 0.104662
v -0.115252 -0.046429 0.116192
v -0.190905 -0.031799 -0.064789
v -0.115421 -0.025382 -0.057609
v -0.189901 -0.038899 -0.029783
v -0.122229 -0.033905 -0.023302
v -0.166250 -0.040957 0.139728
v -0.168310 -0.025375 -0.114652
v -0.140352 -0.040822 0.146212
v -0.126454 -0.020689 -0.106900
v -0.173632 -0.064848 -0.067385
v -0.191583 -0.064848 -0.070081
v -0.112771 -0.064848 -0.057293
v -0.151732 -0.064848 -0.064493
v -0.127770 -0.064848 -0.061349
v -0.186603 -0.056808 -0.104666
v -0.111322 -0.053341 -0.077642
v -0.111591 -0.051544 -0.094529
v -0.141134 -0.049909 -0.121839
v -0.122776 -0.049826 -0.111798
v -0.191872 -0.058910 -0.088574
v -0.168771 -0.052605 -0.120794
v -0.193693 -0.059939 -0.069717
v -0.112178 -0.055111 -0.058348
vn 0.8565 0.0203 -0.5157
vn 0.7313 -0.2756 0.6239
vn 0.0950 -0.1266 -0.9874
vn -0.8298 -0.0657 -0.5542
vn -0.9831 -0.0535 -0.1749
vn 0.5185 0.2630 0.8136
vn 0.0837 -0.0113 -0.9964
vn 0.5241 0.1993 0.8280
vn -0.9816 0.1022 0.1612
vn 0.9724 -0.0158 0.2327
vn -0.1251 -0.0781 0.9891
vn -0.5502 -0.2311 -0.8024
vn -0.5630 0.0017 -0.8265
vn 0.3214 -0.2545 -0.9121
vn 0.0523 -0.1566 -0.9863
vn -0.8053 -0.0102 -0.5928
vn 0.2585 -0.1351 -0.9565
vn 0.0466 -0.1293 -0.9905
vn -0.2402 -0.1170 -0.9636
vn -0.4524 -0.0780 -0.8884
vn -0.6355 -0.0287 -0.7716
vn -0.8707 0.0419 -0.4901
vn -0.3265 -0.0313 -0.9447
vn -0.3773 0.1359 0.9160
vn -0.1375 0.1463 0.9796
vn -0.7984 0.1557 0.5816
vn -0.6072 0.1690 0.7764
vn 0.3814 -0.2542 0.8888
vn 0.9761 -0.1751 0.1288
vn 0.6699 -0.3025 -0.6780
vn 0.2494 -0.1955 -0.9485
vn 0.9648 -0.1294 0.2288
vn -0.9993 -0.0334 -0.0159
vn 0.1830 -0.1062 0.9774
vn -0.9891 -0.0521 0.1378
vn -0.7108 -0.0271 -0.7029
vn 0.5271 -0.1507 0.8363
vn -0.9982 -0.0598 -0.0028
vn -0.9947 -0.1023 0.0074
vn 0.1877 -0.1098 0.9761
vn 0.8279 0.1003 -0.5518
vn -0.7670 -0.0546 -0.6393
vn -0.9445 -0.1895 0.2683
vn -0.9936 -0.0228 0.1109
vn 0.9702 -0.1476 0.1923
vn -0.4916 -0.0710 0.8679
vn 0.9124 0.1776 0.3689
vn 0.6710 -0.2080 0.7117
vn -0.0596 0.0118 -0.9982
vn 0.9997 -0.0211 -0.0132
vn 0.3084 -0.2117 0.9274
vn -0.0429 -0.3534 0.9345
vn 0.9243 0.0080 -0.3815
vn 0.5052 0.1419 -0.8512
vn 0.9507 0.0540 -0.3053
vn -0.6675 0.3297 0.6676
vn -0.7229 -0.0859 0.6855
vn -0.9322 -0.2217 0.2861
vn -0.7416 -0.0878 -0.6651
vn 0.2680 0.3264 0.9065
vn 0.9817 0.0199 -0.1893
vn 0.6411 0.2793 0.7149
vn 0.9316 0.0338 -0.3619
vn -0.9084 -0.2159 0.3581
vn -0.9915 0.1092 -0.0704
vn -0.9993 0.0158 -0.0329
vn -0.4158 -0.0452 0.9084
vn 0.0825 0.0706 0.9941
vn 0.1112 -0.1174 -0.9868
vn 0.9968 -0.0357 0.0718
vn -0.9048 -0.0460 0.4233
vn 0.9972 -0.0136 0.0733
vn 0.7756 0.0245 0.6308
vn 0.7499 -0.2139 0.6260
vn -0.9737 -0.0421 -0.2240
vn -0.9997 -0.0194 -0.0132
vn -0.2874 -0.1884 0.9391
vn 0.7808 0.1417 0.6084
vn -0.6878 -0.0796 -0.7215
vn -0.2587 -0.1325 -0.9568
vn 0.4945 0.1200 0.8609
vn 0.6817 -0.1603 0.7138
vn -0.8077 -0.0244 -0.5891
vn -0.9387 -0.1307 -0.3189
vn -0.9694 -0.1945 0.1499
vn 0.5550 0.0062 -0.8318
vn -0.6289 -0.0456 0.7761
vn 0.9595 0.0002 -0.2818
vn -0.2623 -0.0265 -0.9646
vn -0.8182 0.1137 0.5635
vn -0.6107 0.0396 0.7909
vn 0.2954 -0.4898 -0.8202
vn -0.3714 0.0365 0.9278
vn -0.1237 0.0470 0.9912
vn 0.4842 -0.3390 -0.8066
vn 0.5498 -0.4398 -0.7102
vn 0.9312 -0.3462 0.1145
vn 0.4001 -0.1617 0.9021
vn 0.1405 0.1822 0.9732
vn 0.0807 0.0521 0.9954
vn 0.2133 -0.2256 -0.9506
vn -0.8988 0.1305 0.4184
vn -0.9504 0.0386 0.3086
vn -0.9062 -0.1630 -0.3902
vn -0.9619 0.0263 0.2722
vn 0.6914 0.0091 0.7224
vn 0.6416 -0.1372 0.7547
vn 0.5245 -0.3508 0.7758
vn -0.3496 -0.2604 -0.9000
vn 0.2557 -0.1239 0.9588
vn -0.6609 -0.1008 -0.7437
vn -0.0353 0.0525 0.9980
vn 0.5087 -0.0021 0.8610
vn 0.7850 -0.1215 0.6075
vn -0.9003 -0.0223 0.4346
vn -0.9786 0.0253 -0.2040
vn -0.9851 0.0872 -0.1483
vn 0.9201 0.0556 -0.3876
vn -0.1597 0.0675 0.9849
vn -0.3695 0.1541 0.9164
vn -0.6422 0.1496 0.7518
vn -0.8522 0.0792 0.5171
vn -0.9706 0.0241 0.2393
vn -0.9879 -0.1217 0.0957
vn -0.9689 -0.0582 -0.2405
vn -0.7322 -0.0978 -0.6740
vn -0.5278 -0.1335 -0.8388
vn -0.2341 -0.0591 -0.9704
vn 0.2900 0.0007 -0.9570
vn 0.7128 0.0659 -0.6982
vn 0.9888 0.1087 0.1020
vn 0.4483 -0.1859 0.8743
vn 0.0933 -0.1217 0.9882
vn -0.0000 -0.1798 0.9837
vn -0.3822 -0.1319 0.9146
vn 0.8611 0.0521 -0.5058
vn 0.2862 0.0299 -0.9577
vn 0.3867 0.3274 0.8621
vn -0.9212 -0.1839 0.3428
vn -0.8132 -0.1417 0.5645
vn 0.2505 0.0603 0.9662
vn 0.3722 0.2589 0.8913
vn 0.6200 -0.2479 0.7444
vn 0.4974 0.1389 0.8563
vn 0.6320 0.0243 -0.7746
vn 0.9724 0.0208 0.2322
vn -0.2901 0.0618 -0.9550
vn -0.9766 -0.0347 0.2122
vn -0.9127 0.0462 -0.4059
vn -0.8535 -0.1550 0.4974
vn 0.5858 0.0979 0.8045
vn -0.3080 0.0844 -0.9476
vn -0.2834 0.1186 -0.9516
vn 0.5655 -0.2556 0.7841
vn -0.9962 -0.0785 0.0389
vn 0.7884 0.0365 -0.6141
vn 0.5281 -0.2209 0.8200
vn -0.9730 -0.0372 0.2279
vn -0.2310 -0.2202 -0.9477
vn -0.8343 -0.2917 0.4678
vn -0.9212 -0.2535 0.2951
vn -0.1052 0.4434 0.8901
vn -0.7864 -0.0528 0.6154
vn 0.5798 -0.0970 -0.8090
vn -0.6151 0.0335 0.7877
vn 0.2627 0.1793 0.9481
vn 0.8203 0.0297 -0.5711
vn 0.2409 0.3399 0.9091
vn -0.5776 -0.0657 0.8136
vn 0.1831 -0.4262 0.8859
vn 0.3258 0.2892 0.9001
vn -0.9525 0.2215 0.2091
vn -0.7136 -0.2861 -0.6394
vn 0.3261 0.1127 -0.9386
vn -0.9860 -0.0255 0.1650
vn -0.9921 -0.0498 0.1151
vn 0.6714 -0.0878 0.7359
vn 0.4562 0.0167 0.8897
vn -0.5983 0.1578 -0.7856
vn -0.9834 -0.1741 -0.0506
vn -0.6679 -0.0534 0.7423
vn -0.7084 0.1017 -0.6984
vn -0.2125 0.2302 -0.9497
vn 0.6659 -0.0789 -0.7418
vn -0.9987 -0.0504 -0.0049
vn -0.9421 -0.1631 0.2930
vn 0.9392 -0.0468 -0.3403
vn 0.9853 0.0728 0.1546
vn -0.1431 -0.0613 0.9878
vn -0.7224 -0.2759 -0.6341
vn 0.9442 -0.1113 -0.3099
vn -0.3776 -0.0205 -0.9257
vn -0.8115 0.1205 0.5718
vn 0.6706 -0.1347 -0.7295
vn -0.2061 0.1303 0.9698
vn 0.8923 -0.1007 0.4400
vn 0.8769 -0.2049 0.4348
vn 0.0185 -0.0179 -0.9997
vn 0.4950 0.0141 -0.8688
vn -0.7139 -0.0225 0.6999
vn 0.9970 0.0071 0.0766
vn -0.4112 -0.0441 -0.9105
vn -0.9875 -0.1520 -0.0411
vn -0.4692 0.4583 0.7548
vn 0.7776 -0.0304 0.6280
vn -0.5241 0.0371 -0.8508
vn 0.9982 0.0296 0.0515
vn -0.0201 0.1623 -0.9865
vn -0.5816 0.7509 0.3128
vn 0.9008 0.4343 0.0016
vn -0.5700 0.7831 0.2487
vn 0.1199 -0.9759 -0.1825
vn -0.6024 0.7977 0.0262
vn 0.9987 -0.0114 -0.0492
vn 0.9756 0.1816 0.1235
vn 0.5108 0.2082 -0.8341
vn 0.2222 0.9749 -0.0105
vn -0.8848 -0.0914 0.4570
vn 0.9650 0.2526 0.0702
vn 0.0380 -0.9990 -0.0214
vn -0.4921 0.7965 0.3514
vn 0.9366 -0.1404 0.3210
vn 0.8879 0.0340 -0.4588
vn 0.5047 0.8387 0.2045
vn -0.9986 -0.0435 -0.0301
vn -0.9899 -0.0409 -0.1361
vn -0.9994 0.0345 0.0051
vn -0.9376 0.3425 0.0592
vn 0.9922 0.0088 -0.1240
vn -0.0000 -1.0000 -0.0000
vn 0.0808 0.7892 0.6088
vn -0.9969 -0.0606 0.0511
vn 0.9857 0.1685 -0.0098
vn -0.1367 0.9103 -0.3906
vn -0.9962 -0.0338 0.0805
vn 0.0055 0.9924 0.1226
vn 0.3147 0.7932 0.5213
vn 0.4617 0.8870 -0.0093
vn 0.9898 -0.1182 0.0801
vn 0.8466 0.0459 -0.5302
vn 0.2754 0.9466 0.1676
vn -0.6801 -0.0071 -0.7331
vn -0.3609 0.9081 -0.2124
vn 0.3697 0.6944 0.6173
vn -0.0497 0.9345 0.3524
vn 0.0976 -0.9952 0.0114
vn -0.2974 -0.2713 0.9154
vn 0.1933 0.9737 0.1207
vn 0.0560 -0.9477 0.3141
vn 0.0571 -0.9475 0.3145
vn 0.0497 -0.9489 0.3118
vn -0.0393 -0.9960 0.0804
vn 0.0606 -0.9975 0.0375
vn 0.1016 -0.9870 -0.1248
vn 0.0490 -0.9490 0.3115
vn 0.4295 0.0802 0.8995
vn -0.1023 0.8862 0.4518
vn -0.9091 0.0188 -0.4162
vn 0.7602 0.6003 0.2483
vn 0.0370 -0.9986 0.0379
vn 0.9528 0.3037 0.0031
vn -0.6015 0.7548 0.2617
vn 0.5009 -0.0146 -0.8654
vn 0.8975 -0.0156 -0.4407
vn 0.3883 0.9152 0.1077
vn 0.4614 0.8820 0.0956
vn 0.4623 0.8814 0.0971
vn 0.4615 0.8819 0.0959
vn -0.9470 -0.0394 -0.3187
vn 0.0322 -0.9971 -0.0689
vn -0.1026 0.1086 0.9888
vn -0.5150 0.0871 -0.8528
vn -0.1376 0.8184 0.5580
vn -0.0223 0.0190 -0.9996
vn -0.0132 -0.9990 -0.0421
vn -0.6135 -0.0805 -0.7856
vn 0.0022 -0.0740 -0.9973
vn 0.3402 0.7857 0.5166
vn -0.3828 0.7866 0.4845
vn -0.4328 0.0156 0.9013
vn 0.0414 -0.9919 -0.1201
vn 0.1908 0.9775 0.0902
vn -0.0113 0.9921 0.1251
vn 0.7999 0.2605 -0.5407
vn -0.4779 0.3809 -0.7915
vn 0.0419 0.3345 -0.9415
vn 0.0691 0.8971 0.4365
vn 0.0342 -0.3500 0.9361
vn 0.0877 0.6998 0.7090
vn 0.0283 0.3374 0.9409
vn 0.0376 -0.9773 -0.2087
vn -0.1456 0.7940 0.5903
vn 0.0900 -0.9914 -0.0950
vn 0.2381 -0.2516 0.9381
vn 0.4948 0.8683 0.0344
vn 0.3815 0.7959 0.4700
vn 0.9864 -0.0156 0.1635
vn 0.8454 0.0500 0.5317
vn 0.8931 0.0355 0.4486
vn -0.9435 -0.0906 -0.3189
vn -0.9441 -0.0905 -0.3170
vn -0.9448 -0.0907 -0.3149
vn 0.9622 -0.0096 0.2721
vn -0.3854 0.7820 0.4898
vn 0.9128 0.0231 -0.4077
vn -0.9117 -0.0698 0.4048
vn 0.3732 0.9133 -0.1634
vn -0.3998 0.9115 0.0966
vn 0.0530 -0.9809 -0.1870
vn 0.9653 -0.2331 -0.1179
vn -0.1606 -0.9623 0.2194
vn -0.1561 -0.9644 0.2134
vn -0.1551 -0.9648 0.2122
vn -0.4116 0.9102 0.0462
vn -0.9757 -0.1702 -0.1382
vn 0.4799 0.0737 -0.8742
vn -0.1816 0.9817 0.0578
vn -0.9245 -0.1349 -0.3564
vn 0.9410 0.0242 0.3377
vn 0.1643 0.8955 -0.4136
vn 0.2542 0.9574 0.1368
vn 0.9462 -0.1285 -0.2969
vn -0.9654 -0.0990 -0.2413
vn -0.9740 -0.2152 0.0710
vn 0.8226 -0.0111 -0.5686
vn 0.3758 0.9042 -0.2028
vn 0.8242 0.0478 -0.5643
vn -0.4125 0.9096 -0.0489
vn 0.9995 0.0071 -0.0303
vn -0.9729 -0.0323 -0.2291
vn -0.9221 -0.1300 0.3645
vn 0.7768 0.3953 -0.4903
vn -0.5145 0.8535 -0.0830
vn -0.8350 0.5324 0.1393
vn -0.9606 -0.0366 -0.2755
vn -0.8827 -0.0756 0.4637
vn -0.3332 0.9378 0.0978
vn -0.9837 -0.1743 0.0451
vn -0.0954 0.1823 0.9786
vn -0.2110 0.1395 0.9675
vn -0.2993 0.1073 0.9481
vn -0.4782 0.1024 0.8723
vn 0.1074 0.9939 0.0239
vn 0.2224 0.9747 -0.0220
vn 0.0275 -0.3641 0.9309
vn 0.0210 -0.3764 0.9262
vn -0.0872 -0.4312 0.8980
vn -0.0779 -0.4120 0.9079
vn -0.0598 -0.3605 0.9308
vn -0.0072 -0.3414 0.9399
vn 0.1515 -0.4736 0.8676
vn 0.4344 0.8944 -0.1064
vn -0.0497 0.2113 0.9762
vn -0.1410 0.9883 -0.0586
vn -0.2646 0.9611 -0.0797
vn -0.3726 0.9169 -0.1431
vn -0.5115 0.8286 -0.2277
vn 0.0208 0.2287 0.9733
vn 0.0903 0.2389 0.9668
vn 0.1817 0.2575 0.9490
vn 0.4335 0.1855 0.8819
vn -0.2160 0.1412 0.9661
vn -0.3029 0.1049 0.9472
vn -0.4813 0.0920 0.8717
vn -0.0763 -0.4031 0.9120
vn -0.0552 -0.3516 0.9345
vn -0.0000 -0.3306 0.9438
vn -0.0995 0.1845 0.9778
vn -0.2138 0.1381 0.9671
vn -0.3008 0.1042 0.9480
vn -0.4780 0.0965 0.8731
vn 0.0311 -0.3639 0.9309
vn 0.0349 -0.3549 0.9343
vn 0.0288 -0.3579 0.9333
vn -0.0734 -0.4079 0.9101
vn 0.1507 -0.4642 0.8728
vn -0.0536 0.2143 0.9753
vn 0.0178 0.2324 0.9725
vn 0.0879 0.2452 0.9655
vn 0.1809 0.2659 0.9469
vn 0.4333 0.1989 0.8790
vn 0.7486 -0.4799 0.4574
vn -0.0397 0.9866 0.1583
vn -0.5159 0.7824 0.3488
vn -0.4153 0.8358 0.3592
vn 0.9747 0.2088 0.0797
vn -0.5974 0.7362 0.3179
vn -0.7765 0.5133 0.3655
vn -0.6335 0.6321 0.4463
vn 0.0725 -0.9849 -0.1573
vn 0.5900 0.6779 0.4387
vn 0.7692 0.5805 0.2671
vn 0.4404 0.8399 0.3172
vn 0.4790 0.7916 0.3794
vn -0.3963 -0.1523 0.9054
vn -0.9805 -0.0818 -0.1787
vn 0.0894 -0.9958 -0.0197
vn 0.6424 0.6628 0.3847
vn -0.3292 0.9439 0.0246
vn -0.3071 0.9456 0.1070
vn -0.3507 0.8790 0.3230
vn -0.3268 0.9376 0.1187
vn 0.9739 0.2150 -0.0723
vn 0.5422 0.8302 0.1294
vn 0.4664 0.8410 0.2741
vn 0.7867 0.5967 0.1584
vn 0.4526 0.8731 0.1811
vn 0.5549 0.8288 0.0719
vn -0.3600 0.9246 0.1244
vn 0.4626 0.8812 0.0975
vn 0.9504 0.2923 -0.1067
vn 0.7441 0.6114 0.2692
vn -0.0522 -0.9981 0.0329
vn -0.9434 -0.0903 -0.3190
vn 0.9998 0.0145 -0.0105
vn -0.9551 0.2236 0.1944
vn -0.8778 0.3795 0.2924
vn 0.7651 0.6082 0.2113
vn -0.7138 0.6731 0.1937
vn 0.8343 0.4916 0.2496
vn 0.8749 0.4338 0.2152
vn 0.2952 0.9510 0.0919
vn -0.5619 0.8238 0.0748
vn 0.0569 0.9795 0.1930
vn 0.7430 0.6182 0.2564
vn 0.0979 0.9320 0.3490
vn -0.9848 0.1735 0.0087
vn -0.4393 0.8962 -0.0617
vn -0.4086 0.9040 -0.1259
vn -0.0075 -0.9997 0.0241
vn 0.0481 0.9354 0.3503
vn -0.3510 0.2503 0.9023
vn -0.1887 -0.9252 0.3291
vn -0.2885 0.8646 0.4113
vn 0.0850 -0.9964 -0.0067
vn -0.0416 0.0709 -0.9966
vn 0.0116 -0.9999 -0.0020
vn 0.2467 0.9149 0.3195
vn -0.1271 -0.9609 0.2461
vn 0.0827 -0.9881 -0.1299
vn -0.2217 0.9091 0.3527
vn 0.2673 0.9165 0.2977
vn -0.0733 -0.9920 0.1023
vn 0.0787 0.9911 0.1075
vn 0.4490 0.2938 -0.8438
vn 0.0711 -0.9937 -0.0866
vn 0.0304 0.2099 -0.9772
vn -0.0030 -0.9953 0.0968
vn 0.0477 -0.9533 0.2982
vn -0.6316 0.7075 0.3170
vn 0.1243 -0.9813 -0.1468
vn 0.3165 0.9358 0.1550
vn -0.9676 -0.0379 -0.2498
vn 0.5194 0.8480 0.1057
vn 0.0077 -0.9649 0.2624
vn -0.0582 0.9302 0.3624
vn -0.6263 -0.0839 -0.7750
vn -0.4542 0.6480 0.6114
vn -0.1781 0.9765 0.1213
vn -0.7141 0.0784 0.6957
vn -0.0159 0.9859 0.1663
vn -0.1285 0.9914 -0.0238
vn 0.0185 0.9998 -0.0123
vn -0.1556 0.6919 0.7051
vn 0.0736 0.9973 -0.0032
vn -0.0862 -0.9882 0.1263
vn -0.1612 -0.9622 0.2195
vn 0.0500 -0.9983 -0.0315
vn 0.0512 -0.9982 -0.0304
vn 0.0512 -0.9982 -0.0305
vn 0.0612 -0.9970 -0.0469
vn 0.2895 0.8862 0.3617
vn 0.0960 0.8256 0.5560
vn 0.4459 0.0291 -0.8946
vn -0.1272 0.9877 0.0911
vn 0.0258 -0.9957 -0.0890
vn -0.8353 0.4840 -0.2607
vn -0.9608 0.2635 -0.0865
vn -0.9916 0.1217 -0.0426
vn -0.9875 0.1254 0.0959
vn 0.8641 0.4977 -0.0753
vn 0.8967 0.4362 -0.0749
vn 0.9172 0.3984 0.0030
vn 0.9003 0.4055 0.1581
vn 0.6870 0.7262 -0.0259
vn 0.7839 0.6149 0.0857
vn -0.8121 0.5676 -0.1352
vn -0.8219 0.5695 -0.0107
vn -0.7933 0.5677 -0.2201
vn 0.0561 -0.9955 -0.0769
vn -0.8167 -0.0833 0.5710
vn 0.4981 0.2991 0.8139
vn 0.0670 -0.9927 0.1001
vn -0.1982 0.9377 0.2855
vn 0.0524 -0.9982 -0.0293
vn 0.9990 -0.0406 0.0201
vn 0.9900 -0.0714 0.1220
vn 0.3287 0.9400 -0.0915
vn -0.8744 -0.0820 0.4782
vn 0.9389 0.0128 0.3441
vn 0.9829 -0.0580 -0.1746
vn 0.9735 -0.2282 0.0160
vn 0.0634 -0.9846 -0.1629
vn -0.4812 0.8731 0.0778
vn 0.0215 -0.9997 0.0127
vn 0.9034 0.0619 0.4243
vn -0.9901 -0.0892 -0.1086
vn 0.0014 -0.9865 -0.1640
vn 0.1215 -0.9925 -0.0146
vn -0.0063 -0.9999 -0.0105
vn 0.9935 0.0306 0.1101
vn 0.9772 -0.1812 0.1108
vn -0.9997 0.0074 0.0236
vn -0.9750 0.0243 -0.2210
vn 0.9696 0.0061 0.2447
vn 0.8237 0.1345 0.5509
vn 0.9953 0.0466 -0.0846
vn -0.9817 -0.1784 -0.0665
vn -0.3864 0.9143 0.1217
vn 0.9968 -0.0741 0.0284
vn 0.4777 0.8445 0.2422
vn -0.8496 -0.1292 0.5114
vn -0.8714 -0.1559 0.4652
vn -0.8573 -0.0730 0.5096
vn -0.9808 -0.1595 -0.1118
vn -0.3323 0.9419 0.0490
vn -0.9880 -0.1295 -0.0843
vn -0.9476 -0.0703 0.3117
vn -0.9624 -0.0638 0.2640
vn 0.9895 0.0551 -0.1333
vn -0.9339 -0.3526 -0.0585
vn -0.9636 -0.2585 -0.0680
vn 0.9980 -0.0225 0.0583
vn 0.9845 -0.0725 0.1596
vt 0.866900 0.139400
vt 0.872800 0.101700
vt 0.885900 0.104600
vt 0.881500 0.143800
vt 0.139400 0.269500
vt 0.143100 0.300600
vt 0.133300 0.305100
vt 0.128200 0.274600
vt 0.905500 0.072800
vt 0.909800 0.045300
vt 0.920500 0.045300
vt 0.918600 0.073900
vt 0.945400 0.203900
vt 0.942000 0.239300
vt 0.926500 0.236300
vt 0.930100 0.201900
vt 0.953700 0.067200
vt 0.973600 0.064700
vt 0.966700 0.104300
vt 0.947200 0.107100
vt 0.146800 0.117000
vt 0.150800 0.173800
vt 0.138300 0.171500
vt 0.139900 0.113000
vt 0.895600 0.191400
vt 0.897400 0.147700
vt 0.912700 0.151700
vt 0.912100 0.196900
vt 0.145400 0.060400
vt 0.138200 0.062200
vt 0.143300 0.045000
vt 0.150100 0.045000
vt 0.057600 0.287700
vt 0.035600 0.285100
vt 0.037700 0.241300
vt 0.058000 0.239400
vt 0.821700 0.200500
vt 0.828100 0.170900
vt 0.840100 0.173900
vt 0.834500 0.206000
vt 0.116400 0.354700
vt 0.124700 0.386500
vt 0.110500 0.393700
vt 0.103300 0.360700
vt 0.902000 0.361100
vt 0.893100 0.410300
vt 0.869900 0.404400
vt 0.880800 0.351800
vt 0.865700 0.455700
vt 0.867500 0.429900
vt 0.890900 0.435000
vt 0.889800 0.460200
vt 0.794200 0.450900
vt 0.787600 0.421600
vt 0.808800 0.414000
vt 0.815000 0.448000
vt 0.841800 0.422600
vt 0.840600 0.451100
vt 0.916700 0.439100
vt 0.916200 0.463300
vt 0.798600 0.481900
vt 0.782300 0.483100
vt 0.776300 0.453800
vt 0.818000 0.481000
vt 0.840000 0.482800
vt 0.862400 0.484900
vt 0.885900 0.488300
vt 0.912800 0.491800
vt 0.126000 0.445900
vt 0.132300 0.466200
vt 0.115600 0.470100
vt 0.111400 0.450700
vt 0.146700 0.437400
vt 0.159100 0.451900
vt 0.084800 0.477100
vt 0.083500 0.459000
vt 0.098300 0.455300
vt 0.101100 0.473800
vt 0.182900 0.405900
vt 0.188200 0.411700
vt 0.178800 0.438400
vt 0.163700 0.424800
vt 0.189100 0.374800
vt 0.197400 0.379900
vt 0.778900 0.392700
vt 0.790000 0.379300
vt 0.825500 0.376500
vt 0.843300 0.328200
vt 0.863200 0.343200
vt 0.848400 0.393900
vt 0.166100 0.350400
vt 0.176500 0.365800
vt 0.171300 0.389800
vt 0.156400 0.362300
vt 0.036600 0.401600
vt 0.060300 0.403400
vt 0.062400 0.442600
vt 0.035400 0.441600
vt 0.139100 0.376200
vt 0.156100 0.406600
vt 0.137800 0.421000
vt 0.057900 0.367300
vt 0.073800 0.367000
vt 0.078300 0.403500
vt 0.935100 0.070900
vt 0.930700 0.107800
vt 0.113700 0.315800
vt 0.109700 0.283100
vt 0.119100 0.279100
vt 0.123500 0.310200
vt 0.049200 0.067900
vt 0.074700 0.068300
vt 0.057200 0.113900
vt 0.036600 0.115900
vt 0.959300 0.278600
vt 0.939000 0.270700
vt 0.959200 0.243700
vt 0.102900 0.319100
vt 0.103000 0.285300
vt 0.892300 0.069300
vt 0.899300 0.106800
vt 0.929600 0.154200
vt 0.947000 0.155500
vt 0.050900 0.181200
vt 0.072200 0.177500
vt 0.071400 0.240300
vt 0.036900 0.362200
vt 0.831400 0.235500
vt 0.816500 0.228100
vt 0.093600 0.363700
vt 0.099500 0.399200
vt 0.156000 0.068200
vt 0.170700 0.076700
vt 0.163900 0.125700
vt 0.129700 0.346600
vt 0.142200 0.338300
vt 0.860700 0.290100
vt 0.870100 0.251700
vt 0.890100 0.257400
vt 0.878700 0.298700
vt 0.877800 0.067800
vt 0.857100 0.067400
vt 0.857600 0.044900
vt 0.878300 0.045000
vt 0.101500 0.229700
vt 0.097400 0.288400
vt 0.088900 0.242400
vt 0.849700 0.134900
vt 0.855100 0.099700
vt 0.912700 0.108200
vt 0.894800 0.045100
vt 0.090200 0.064100
vt 0.092600 0.045000
vt 0.108300 0.045000
vt 0.099100 0.066000
vt 0.082900 0.366300
vt 0.089500 0.401800
vt 0.055100 0.323300
vt 0.075600 0.290900
vt 0.073800 0.326600
vt 0.926400 0.366500
vt 0.913400 0.310600
vt 0.937100 0.316600
vt 0.113100 0.114000
vt 0.131300 0.113200
vt 0.150900 0.063100
vt 0.857000 0.178900
vt 0.085200 0.325000
vt 0.065000 0.497400
vt 0.038400 0.498900
vt 0.037600 0.477800
vt 0.064900 0.478400
vt 0.036400 0.459100
vt 0.063400 0.460000
vt 0.120500 0.428000
vt 0.107400 0.433100
vt 0.821600 0.269300
vt 0.801300 0.259400
vt 0.838800 0.064900
vt 0.843900 0.044900
vt 0.155300 0.045000
vt 0.150300 0.267700
vt 0.156500 0.296400
vt 0.963300 0.205000
vt 0.962300 0.155200
vt 0.092900 0.323400
vt 0.163800 0.178000
vt 0.896300 0.305600
vt 0.094300 0.170200
vt 0.102100 0.169000
vt 0.955700 0.369800
vt 0.961300 0.324700
vt 0.838900 0.277300
vt 0.849900 0.244200
vt 0.082000 0.243600
vt 0.086900 0.172800
vt 0.851900 0.212600
vt 0.087000 0.495600
vt 0.103800 0.492200
vt 0.118600 0.490300
vt 0.765900 0.429800
vt 0.771500 0.426600
vt 0.767300 0.455000
vt 0.133700 0.488200
vt 0.152600 0.485200
vt 0.770800 0.400100
vt 0.200700 0.380900
vt 0.194200 0.416800
vt 0.187800 0.440600
vt 0.175100 0.461900
vt 0.170300 0.484300
vt 0.769900 0.484200
vt 0.951200 0.421800
vt 0.917900 0.415900
vt 0.078900 0.112100
vt 0.090600 0.112000
vt 0.155500 0.229900
vt 0.142900 0.227900
vt 0.131700 0.230800
vt 0.112900 0.229200
vt 0.122900 0.231500
vt 0.935100 0.045500
vt 0.106100 0.112800
vt 0.099000 0.112500
vt 0.152900 0.331000
vt 0.081900 0.441000
vt 0.095800 0.437800
vt 0.949200 0.469200
vt 0.951100 0.444800
vt 0.945400 0.496300
vt 0.032200 0.179400
vt 0.807100 0.358700
vt 0.132600 0.045000
vt 0.128500 0.061000
vt 0.034300 0.319100
vt 0.111400 0.169000
vt 0.126900 0.169400
vt 0.161100 0.045000
vt 0.176500 0.045000
vt 0.910800 0.231800
vt 0.894700 0.227500
vt 0.905700 0.262200
vt 0.876400 0.185300
vt 0.873200 0.220900
vt 0.088400 0.291000
vt 0.115900 0.063600
vt 0.123300 0.045000
vt 0.828400 0.317000
vt 0.954100 0.045700
vt 0.080200 0.045000
vt 0.924100 0.265200
vt 0.059900 0.045000
vt 0.831600 0.097300
vt 0.162400 0.326800
vt 0.831400 0.131800
vt 0.978900 0.045900
vt 0.352200 0.190800
vt 0.345500 0.216600
vt 0.374300 0.218900
vt 0.381300 0.191700
vt 0.261700 0.435800
vt 0.300600 0.435900
vt 0.275400 0.405600
vt 0.244900 0.405700
vt 0.325800 0.194400
vt 0.322300 0.219000
vt 0.698000 0.460900
vt 0.731600 0.480100
vt 0.753100 0.438400
vt 0.722300 0.423600
vt 0.705500 0.108800
vt 0.714100 0.096700
vt 0.675900 0.096800
vt 0.667300 0.109500
vt 0.163400 0.682400
vt 0.114300 0.675000
vt 0.121900 0.711200
vt 0.166200 0.709200
vt 0.358300 0.584700
vt 0.354100 0.542500
vt 0.313100 0.550000
vt 0.322500 0.589600
vt 0.353800 0.751700
vt 0.361100 0.781900
vt 0.399300 0.768200
vt 0.390700 0.748500
vt 0.259600 0.280800
vt 0.246400 0.286500
vt 0.248000 0.299400
vt 0.267400 0.297500
vt 0.250500 0.104000
vt 0.256000 0.135400
vt 0.278500 0.125000
vt 0.270900 0.094400
vt 0.298000 0.510100
vt 0.345800 0.507000
vt 0.325300 0.471100
vt 0.279700 0.471800
vt 0.620900 0.506000
vt 0.641300 0.479400
vt 0.611200 0.460600
vt 0.584900 0.484400
vt 0.621100 0.096100
vt 0.599800 0.093900
vt 0.597800 0.110200
vt 0.621200 0.110300
vt 0.164000 0.589600
vt 0.161500 0.564200
vt 0.120200 0.564400
vt 0.119800 0.583300
vt 0.096300 0.427400
vt 0.135500 0.427700
vt 0.132600 0.391400
vt 0.094100 0.391700
vt 0.165000 0.642700
vt 0.177700 0.639300
vt 0.175700 0.592300
vt 0.612500 0.297000
vt 0.675000 0.297500
vt 0.670500 0.268000
vt 0.614500 0.259600
vt 0.719700 0.306100
vt 0.714100 0.275900
vt 0.540200 0.238500
vt 0.534200 0.284700
vt 0.570400 0.294700
vt 0.576200 0.249700
vt 0.475900 0.216100
vt 0.470500 0.256300
vt 0.502100 0.271900
vt 0.508400 0.226700
vt 0.134100 0.360600
vt 0.097800 0.359200
vt 0.634700 0.694900
vt 0.672300 0.733200
vt 0.692600 0.708800
vt 0.668300 0.681900
vt 0.300100 0.376600
vt 0.318400 0.410000
vt 0.343300 0.400400
vt 0.324700 0.368400
vt 0.402000 0.080500
vt 0.437400 0.076700
vt 0.437100 0.045200
vt 0.400500 0.048700
vt 0.330400 0.642000
vt 0.361300 0.640300
vt 0.811700 0.138300
vt 0.818500 0.129400
vt 0.780300 0.106600
vt 0.775800 0.117900
vt 0.282200 0.264100
vt 0.292100 0.248400
vt 0.279300 0.239500
vt 0.265900 0.253200
vt 0.273700 0.378400
vt 0.291200 0.409000
vt 0.140800 0.473000
vt 0.154400 0.522600
vt 0.167200 0.522000
vt 0.155900 0.471100
vt 0.111600 0.518000
vt 0.103500 0.711400
vt 0.120900 0.756100
vt 0.137700 0.752700
vt 0.155100 0.329400
vt 0.140700 0.323100
vt 0.150100 0.365400
vt 0.759700 0.714300
vt 0.729400 0.742500
vt 0.774700 0.784300
vt 0.813100 0.755500
vt 0.745500 0.059700
vt 0.791700 0.072000
vt 0.797300 0.055400
vt 0.746900 0.042200
vt 0.737700 0.109100
vt 0.747900 0.097400
vt 0.316700 0.438700
vt 0.343100 0.441000
vt 0.255900 0.241100
vt 0.270400 0.229100
vt 0.711900 0.521300
vt 0.675800 0.499800
vt 0.718500 0.679200
vt 0.697200 0.658300
vt 0.144300 0.113800
vt 0.128300 0.097500
vt 0.098100 0.129400
vt 0.115100 0.145000
vt 0.761700 0.623000
vt 0.726500 0.594200
vt 0.717700 0.619600
vt 0.746800 0.646600
vt 0.205500 0.199000
vt 0.196900 0.191500
vt 0.183400 0.214100
vt 0.194000 0.224600
vt 0.436500 0.632900
vt 0.429900 0.661200
vt 0.439900 0.690900
vt 0.458600 0.651300
vt 0.602900 0.651800
vt 0.633800 0.631800
vt 0.593200 0.612000
vt 0.560200 0.634300
vt 0.700500 0.551800
vt 0.659900 0.528500
vt 0.714600 0.373100
vt 0.689900 0.404300
vt 0.743300 0.396400
vt 0.473000 0.621300
vt 0.445200 0.603700
vt 0.169300 0.170200
vt 0.152600 0.196700
vt 0.388200 0.296700
vt 0.397200 0.272200
vt 0.363300 0.263200
vt 0.355800 0.285300
vt 0.756400 0.313200
vt 0.750300 0.280500
vt 0.223800 0.272500
vt 0.220500 0.290000
vt 0.238000 0.295200
vt 0.238900 0.282400
vt 0.582800 0.444400
vt 0.549000 0.462100
vt 0.301500 0.199700
vt 0.305100 0.221500
vt 0.292900 0.789600
vt 0.289500 0.754800
vt 0.103500 0.468000
vt 0.175500 0.271100
vt 0.161800 0.262900
vt 0.151700 0.289700
vt 0.165400 0.296100
vt 0.172600 0.237400
vt 0.183800 0.247400
vt 0.470600 0.044500
vt 0.473000 0.077200
vt 0.511900 0.080400
vt 0.503900 0.045900
vt 0.622000 0.586000
vt 0.643300 0.556500
vt 0.602700 0.533000
vt 0.580600 0.561600
vt 0.210800 0.168600
vt 0.195300 0.146900
vt 0.785900 0.320300
vt 0.790400 0.286300
vt 0.259000 0.212400
vt 0.244100 0.224100
vt 0.838400 0.091900
vt 0.553300 0.587900
vt 0.788800 0.221300
vt 0.746600 0.216400
vt 0.825000 0.295200
vt 0.832900 0.224600
vt 0.824200 0.718800
vt 0.783900 0.680500
vt 0.240300 0.273000
vt 0.245800 0.255900
vt 0.233600 0.239300
vt 0.226600 0.258600
vt 0.402800 0.244200
vt 0.430800 0.288200
vt 0.435500 0.258200
vt 0.226700 0.153100
vt 0.218100 0.127300
vt 0.561600 0.506800
vt 0.538900 0.532300
vt 0.252800 0.267100
vt 0.245200 0.278100
vt 0.235200 0.163800
vt 0.216900 0.181100
vt 0.380300 0.714300
vt 0.348300 0.714900
vt 0.758500 0.320100
vt 0.785700 0.328200
vt 0.807800 0.337100
vt 0.811000 0.332500
vt 0.311800 0.337200
vt 0.287200 0.344200
vt 0.171200 0.088400
vt 0.155000 0.071500
vt 0.366600 0.430100
vt 0.231000 0.201200
vt 0.212600 0.219100
vt 0.643200 0.372100
vt 0.618600 0.411000
vt 0.642000 0.425500
vt 0.662100 0.386700
vt 0.419400 0.315400
vt 0.495300 0.499800
vt 0.474500 0.534500
vt 0.514500 0.561800
vt 0.198900 0.066200
vt 0.182500 0.048200
vt 0.177900 0.706500
vt 0.176400 0.680600
vt 0.173800 0.565300
vt 0.106100 0.317700
vt 0.139400 0.222400
vt 0.128900 0.249400
vt 0.711400 0.056500
vt 0.119000 0.280400
vt 0.291600 0.223800
vt 0.282300 0.204600
vt 0.206800 0.458300
vt 0.197300 0.424200
vt 0.334900 0.100200
vt 0.367100 0.089400
vt 0.363100 0.057200
vt 0.327500 0.069800
vt 0.151100 0.430300
vt 0.404700 0.093200
vt 0.370900 0.101500
vt 0.647500 0.353700
vt 0.673900 0.360600
vt 0.236500 0.541700
vt 0.219600 0.498900
vt 0.512400 0.678800
vt 0.495900 0.708600
vt 0.531100 0.692600
vt 0.550200 0.681600
vt 0.439300 0.090200
vt 0.712600 0.214000
vt 0.673700 0.210700
vt 0.700000 0.761500
vt 0.140500 0.798400
vt 0.152800 0.792300
vt 0.261400 0.147800
vt 0.181600 0.322000
vt 0.217600 0.312900
vt 0.183700 0.291100
vt 0.201900 0.766000
vt 0.185300 0.737500
vt 0.176600 0.743600
vt 0.192100 0.775000
vt 0.276700 0.318000
vt 0.251300 0.319900
vt 0.525900 0.171500
vt 0.566000 0.183500
vt 0.605800 0.195800
vt 0.627100 0.204000
vt 0.282600 0.718100
vt 0.474200 0.092100
vt 0.340000 0.681000
vt 0.272100 0.649300
vt 0.277900 0.685600
vt 0.387600 0.154500
vt 0.355400 0.156800
vt 0.399900 0.747900
vt 0.388000 0.715300
vt 0.443700 0.206000
vt 0.438100 0.239100
vt 0.489700 0.164000
vt 0.296300 0.082900
vt 0.305800 0.112400
vt 0.283300 0.137500
vt 0.310400 0.124500
vt 0.618300 0.063100
vt 0.597900 0.061000
vt 0.061900 0.083500
vt 0.069200 0.083400
vt 0.069100 0.081200
vt 0.061900 0.081500
vt 0.076700 0.083300
vt 0.076700 0.081100
vt 0.084300 0.083300
vt 0.084300 0.081300
vt 0.090600 0.083200
vt 0.090600 0.081900
vt 0.046800 0.083600
vt 0.039200 0.083600
vt 0.039000 0.085300
vt 0.046600 0.085300
vt 0.033200 0.083600
vt 0.033000 0.085000
vt 0.039200 0.081900
vt 0.039200 0.077800
vt 0.032300 0.078400
vt 0.033300 0.082100
vt 0.047000 0.081800
vt 0.047300 0.077700
vt 0.093300 0.079900
vt 0.085100 0.077800
vt 0.077400 0.077300
vt 0.069500 0.077300
vt 0.061900 0.077500
vt 0.025700 0.080900
vt 0.028600 0.082400
vt 0.028500 0.083700
vt 0.028400 0.084900
vt 0.054900 0.081400
vt 0.054800 0.083300
vt 0.061900 0.085500
vt 0.069400 0.085500
vt 0.076800 0.085400
vt 0.084500 0.085200
vt 0.090500 0.084400
vt 0.069200 0.107800
vt 0.076700 0.107700
vt 0.076700 0.105500
vt 0.069100 0.105600
vt 0.084300 0.107700
vt 0.084300 0.105700
vt 0.090600 0.107700
vt 0.090700 0.106300
vt 0.085100 0.102200
vt 0.077400 0.101700
vt 0.069500 0.101700
vt 0.061900 0.101900
vt 0.061900 0.105900
vt 0.061900 0.095700
vt 0.069200 0.095600
vt 0.069100 0.093400
vt 0.061900 0.093700
vt 0.076700 0.095500
vt 0.076700 0.093300
vt 0.084300 0.095500
vt 0.084300 0.093500
vt 0.090600 0.095400
vt 0.090600 0.094100
vt 0.039200 0.094100
vt 0.039200 0.090000
vt 0.032300 0.090600
vt 0.033300 0.094300
vt 0.085100 0.090000
vt 0.077400 0.089500
vt 0.025700 0.093100
vt 0.028600 0.094700
vt 0.054900 0.093600
vt 0.054800 0.095500
vt 0.047000 0.094000
vt 0.046800 0.095800
vt 0.039200 0.095900
vt 0.033200 0.095800
vt 0.028500 0.095900
vt 0.025000 0.095900
vt 0.405900 0.226700
vt 0.370600 0.236500
vt 0.467700 0.277000
vt 0.499000 0.293300
vt 0.766000 0.423000
vt 0.340800 0.471500
vt 0.258200 0.375400
vt 0.260300 0.347400
vt 0.244800 0.343900
vt 0.080200 0.149400
vt 0.095200 0.163500
vt 0.550200 0.053000
vt 0.555400 0.087500
vt 0.305000 0.233100
vt 0.319200 0.234000
vt 0.295100 0.231200
vt 0.341400 0.234000
vt 0.369900 0.681000
vt 0.238100 0.315800
vt 0.231600 0.376100
vt 0.339300 0.112100
vt 0.220400 0.342900
vt 0.525400 0.613400
vt 0.712800 0.038700
vt 0.096900 0.674900
vt 0.531000 0.306900
vt 0.565900 0.319800
vt 0.412400 0.197900
vt 0.360600 0.501400
vt 0.371000 0.532000
vt 0.148700 0.392600
vt 0.298700 0.311500
vt 0.286000 0.290100
vt 0.512100 0.096900
vt 0.554900 0.104200
vt 0.249300 0.187400
vt 0.573900 0.668200
vt 0.531700 0.656200
vt 0.458200 0.572800
vt 0.491500 0.592500
vt 0.846100 0.075400
vt 0.814600 0.678600
vt 0.792500 0.653300
vt 0.486300 0.669000
vt 0.503100 0.640500
vt 0.519800 0.477800
vt 0.333400 0.259000
vt 0.275600 0.270600
vt 0.408600 0.763100
vt 0.467900 0.708000
vt 0.668000 0.442400
vt 0.327100 0.278400
vt 0.461100 0.306800
vt 0.309900 0.254900
vt 0.275800 0.174600
vt 0.302700 0.272500
vt 0.447300 0.335700
vt 0.663300 0.608600
vt 0.686000 0.580900
vt 0.719600 0.310300
vt 0.675700 0.306000
vt 0.612100 0.310800
vt 0.377100 0.681300
vt 0.368500 0.640100
vt 0.367900 0.582900
vt 0.373200 0.582800
vt 0.373700 0.640400
vt 0.379100 0.541500
vt 0.613400 0.317900
vt 0.676600 0.311500
vt 0.719800 0.317800
vt 0.756000 0.324400
vt 0.196900 0.242900
vt 0.727800 0.779800
vt 0.113700 0.635800
vt 0.252700 0.581100
vt 0.189300 0.264300
vt 0.672500 0.057200
vt 0.189400 0.393600
vt 0.183700 0.358300
vt 0.262400 0.603100
vt 0.421700 0.155300
vt 0.455800 0.159100
vt 0.325500 0.161200
vt 0.297600 0.167500
vt 0.672100 0.036500
vt 0.617400 0.038300
vt 0.097300 0.631100
vt 0.096600 0.579600
s 1
usemtl BodySuit
f 7438/7229/5702 7454/7230/5702 7440/7231/5702 7424/7232/5702
f 7469/7233/5703 7468/7234/5703 7387/7235/5703 7403/7236/5703
f 7455/7237/5704 7279/7238/5704 7276/7239/5704 7260/7240/5704
f 7410/7241/5705 7394/7242/5705 7293/7243/5705 7294/7244/5705
f 7457/7245/5706 7261/7246/5706 7444/7247/5706 7442/7248/5706
f 7472/7249/5707 7471/7250/5707 7435/7251/5707 7451/7252/5707
f 7407/7253/5708 7423/7254/5708 7427/7255/5708 7411/7256/5708
f 7458/7257/5709 7264/7258/5709 7270/7259/5709 7272/7260/5709
f 7397/7261/5710 7396/7262/5710 7412/7263/5710 7413/7264/5710
f 7404/7265/5711 7420/7266/5711 7421/7267/5711 7405/7268/5711
f 7367/7269/5712 7473/7270/5712 7487/7271/5712 7361/7272/5712
f 7292/7273/5713 7288/7274/5713 7349/7275/5713 7480/7276/5713
f 7310/7277/5714 7313/7278/5714 7290/7279/5714 7289/7280/5714
f 7303/7281/5715 7308/7282/5715 7307/7283/5715 7302/7284/5715
f 7302/7284/5716 7307/7283/5716 7306/7285/5716 7301/7286/5716
f 7289/7280/5717 7290/7279/5717 7311/7287/5717 7305/7288/5717
f 7297/7289/5718 7298/7290/5718 7304/7291/5718 7303/7281/5718
f 7297/7289/5719 7303/7281/5719 7302/7284/5719 7296/7292/5719
f 7296/7292/5720 7302/7284/5720 7301/7286/5720 7295/7293/5720
f 7300/7294/5721 7295/7293/5721 7301/7286/5721 7310/7277/5721
f 7289/7280/5722 7286/7295/5722 7300/7294/5722 7310/7277/5722
f 7286/7295/5723 7289/7280/5723 7305/7288/5723 7299/7296/5723
f 7313/7278/5724 7310/7277/5724 7301/7286/5724 7306/7285/5724
f 7322/7297/5725 7332/7298/5725 7331/7299/5725 7335/7300/5725
f 7332/7298/5726 7322/7297/5726 7336/7301/5726 7330/7302/5726
f 7319/7303/5727 7338/7304/5727 7337/7305/5727 7329/7306/5727
f 7335/7300/5728 7331/7299/5728 7329/7306/5728 7337/7305/5728
f 7342/7307/5729 7340/7308/5729 7339/7309/5729 7341/7310/5729
f 7465/7311/5730 7464/7312/5730 7340/7308/5730 7342/7307/5730
f 7343/7313/5731 7344/7314/5731 7307/7283/5731 7308/7282/5731
f 7346/7315/5732 7478/7316/5732 7479/7317/5732 7345/7318/5732
f 7476/7319/5733 7466/7320/5733 7357/7321/5733 7475/7322/5733
f 7482/7323/5734 7483/7324/5734 7351/7325/5734 7350/7326/5734
f 7473/7270/5735 7474/7327/5735 7356/7328/5735 7353/7329/5735
f 7365/7330/5736 7369/7331/5736 7484/7332/5736 7483/7324/5736
f 7256/7333/5737 7457/7245/5737 7442/7248/5737 7285/7334/5737
f 7383/7335/5738 7399/7336/5738 7402/7337/5738 7386/7338/5738
f 7261/7339/5739 7262/7340/5739 7445/7341/5739 7444/7342/5739
f 7380/7343/5740 7378/7344/5740 7394/7242/5740 7396/7345/5740
f 7377/7346/5741 7393/7347/5741 7399/7336/5741 7383/7335/5741
f 7456/7348/5742 7455/7237/5742 7439/7349/5742 7440/7231/5742
f 7294/7244/5743 7284/7350/5743 7426/7351/5743 7410/7241/5743
f 7413/7264/5744 7429/7352/5744 7433/7353/5744 7417/7354/5744
f 7483/7324/5745 7482/7323/5745 7364/7355/5745 7365/7330/5745
f 7389/7356/5746 7388/7357/5746 7404/7265/5746 7405/7268/5746
f 7366/7358/5747 7361/7272/5747 7487/7271/5747 7486/7359/5747
f 7472/7249/5748 7282/7360/5748 7460/7361/5748 7452/7362/5748
f 7370/7363/5749 7371/7364/5749 7475/7322/5749 7474/7327/5749
f 7360/7365/5750 7376/7366/5750 7375/7367/5750 7359/7368/5750
f 7462/7369/5751 7461/7370/5751 7280/7371/5751 7278/7372/5751
f 7386/7338/5752 7370/7363/5752 7367/7269/5752 7383/7335/5752
f 7409/7373/5753 7393/7347/5753 7398/7374/5753 7414/7375/5753
f 7438/7229/5754 7437/7376/5754 7453/7377/5754 7454/7230/5754
f 7455/7237/5755 7260/7240/5755 7443/7378/5755 7439/7349/5755
f 7462/7369/5756 7278/7372/5756 7277/7379/5756 7456/7348/5756
f 7266/7380/5757 7273/7381/5757 7271/7382/5757 7265/7383/5757
f 7368/7384/5758 7366/7358/5758 7486/7359/5758 7485/7385/5758
f 7381/7386/5759 7397/7261/5759 7401/7387/5759 7385/7388/5759
f 7481/7389/5760 7292/7273/5760 7287/7390/5760 7362/7391/5760
f 7447/7392/5761 7264/7258/5761 7458/7257/5761 7450/7393/5761
f 7454/7230/5762 7453/7377/5762 7461/7370/5762 7462/7369/5762
f 7459/7394/5763 7282/7360/5763 7472/7249/5763 7451/7252/5763
f 7438/7229/5764 7422/7395/5764 7421/7267/5764 7437/7376/5764
f 7369/7331/5765 7385/7388/5765 7384/7396/5765 7368/7384/5765
f 7315/7397/5766 7314/7398/5766 7317/7399/5766 7318/7400/5766
f 7318/7400/5767 7317/7399/5767 7320/7401/5767 7321/7402/5767
f 7487/7271/5768 7347/7403/5768 7352/7404/5768 7486/7359/5768
f 7330/7302/5769 7336/7301/5769 7341/7310/5769 7339/7309/5769
f 7359/7368/5770 7479/7317/5770 7478/7316/5770 7360/7365/5770
f 7389/7356/5771 7373/7405/5771 7372/7406/5771 7388/7357/5771
f 7368/7384/5772 7485/7385/5772 7484/7332/5772 7369/7331/5772
f 7280/7371/5773 7461/7370/5773 7460/7407/5773 7274/7408/5773
f 7459/7394/5774 7458/7257/5774 7272/7260/5774 7275/7409/5774
f 7468/7234/5775 7469/7233/5775 7404/7410/5775 7388/7411/5775
f 7412/7412/5776 7410/7241/5776 7426/7351/5776 7428/7413/5776
f 7351/7325/5777 7321/7402/5777 7320/7401/5777 7350/7326/5777
f 7393/7347/5778 7377/7346/5778 7382/7414/5778 7398/7374/5778
f 7471/7250/5779 7472/7249/5779 7452/7362/5779 7436/7415/5779
f 7426/7351/5780 7284/7350/5780 7285/7334/5780 7442/7248/5780
f 7363/7416/5781 7480/7276/5781 7479/7317/5781 7359/7368/5781
f 7409/7373/5782 7414/7375/5782 7430/7417/5782 7425/7418/5782
f 7387/7235/5783 7371/7364/5783 7370/7363/5783 7386/7338/5783
f 7482/7419/5784 7481/7389/5784 7362/7391/5784 7364/7420/5784
f 7426/7351/5785 7442/7248/5785 7444/7247/5785 7428/7413/5785
f 7385/7388/5786 7369/7331/5786 7365/7330/5786 7381/7386/5786
f 7374/7421/5787 7390/7422/5787 7376/7366/5787 7360/7365/5787
f 7414/7375/5788 7416/7423/5788 7432/7424/5788 7430/7417/5788
f 7422/7395/5789 7406/7425/5789 7405/7268/5789 7421/7267/5789
f 7285/7334/5790 7284/7350/5790 7427/7255/5790 7443/7378/5790
f 7316/7426/5791 7319/7303/5791 7329/7306/5791 7323/7427/5791
f 7331/7299/5792 7326/7428/5792 7323/7427/5792 7329/7306/5792
f 7490/7429/5793 7309/7430/5793 7304/7291/5793 7489/7431/5793
f 7332/7298/5794 7327/7432/5794 7326/7428/5794 7331/7299/5794
f 7330/7302/5795 7325/7433/5795 7327/7432/5795 7332/7298/5795
f 7309/7430/5796 7308/7282/5796 7303/7281/5796 7304/7291/5796
f 7312/7434/5797 7343/7313/5797 7308/7282/5797 7309/7430/5797
f 7464/7312/5798 7463/7435/5798 7334/7436/5798 7340/7308/5798
f 7340/7308/5799 7334/7436/5799 7333/7437/5799 7339/7309/5799
f 7328/7438/5800 7330/7302/5800 7339/7309/5800 7333/7437/5800
f 7328/7438/5801 7324/7439/5801 7325/7433/5801 7330/7302/5801
f 7298/7290/5802 7488/7440/5802 7489/7431/5802 7304/7291/5802
f 7316/7426/5803 7315/7397/5803 7318/7400/5803 7319/7303/5803
f 7319/7303/5804 7318/7400/5804 7321/7402/5804 7338/7304/5804
f 7481/7389/5805 7482/7419/5805 7350/7441/5805 7348/7442/5805
f 7449/7443/5806 7448/7444/5806 7432/7424/5806 7433/7353/5806
f 7436/7415/5807 7420/7445/5807 7470/7446/5807 7471/7250/5807
f 7470/7446/5808 7469/7233/5808 7403/7236/5808 7419/7447/5808
f 7399/7336/5809 7415/7448/5809 7418/7449/5809 7402/7337/5809
f 7276/7239/5810 7257/7450/5810 7256/7333/5810 7260/7240/5810
f 7370/7363/5811 7474/7327/5811 7473/7270/5811 7367/7269/5811
f 7363/7416/5812 7287/7390/5812 7292/7273/5812 7480/7276/5812
f 7441/7451/5813 7425/7418/5813 7430/7417/5813 7446/7452/5813
f 7471/7250/5814 7470/7446/5814 7419/7447/5814 7435/7251/5814
f 7467/7453/5815 7371/7364/5815 7387/7235/5815 7468/7234/5815
f 7355/7454/5816 7484/7332/5816 7485/7385/5816 7354/7455/5816
f 7317/7456/5817 7305/7288/5817 7311/7287/5817 7320/7457/5817
f 7314/7458/5818 7299/7296/5818 7305/7288/5818 7317/7456/5818
f 7462/7369/5819 7456/7348/5819 7440/7231/5819 7454/7230/5819
f 7322/7297/5820 7347/7403/5820 7353/7329/5820 7336/7301/5820
f 7347/7403/5821 7322/7297/5821 7335/7300/5821 7352/7404/5821
f 7352/7404/5822 7335/7300/5822 7337/7305/5822 7354/7455/5822
f 7338/7304/5823 7355/7454/5823 7354/7455/5823 7337/7305/5823
f 7321/7402/5824 7351/7325/5824 7355/7454/5824 7338/7304/5824
f 7429/7352/5825 7428/7459/5825 7444/7342/5825 7445/7341/5825
f 7311/7287/5826 7348/7442/5826 7350/7441/5826 7320/7457/5826
f 7290/7279/5827 7288/7274/5827 7348/7442/5827 7311/7287/5827
f 7288/7274/5828 7290/7279/5828 7313/7278/5828 7349/7275/5828
f 7306/7285/5829 7345/7318/5829 7349/7275/5829 7313/7278/5829
f 7307/7283/5830 7346/7315/5830 7345/7318/5830 7306/7285/5830
f 7344/7314/5831 7358/7460/5831 7346/7315/5831 7307/7283/5831
f 7466/7320/5832 7465/7311/5832 7342/7307/5832 7357/7321/5832
f 7357/7321/5833 7342/7307/5833 7341/7310/5833 7356/7328/5833
f 7356/7328/5834 7341/7310/5834 7336/7301/5834 7353/7329/5834
f 7361/7272/5835 7377/7346/5835 7383/7335/5835 7367/7269/5835
f 7361/7272/5836 7366/7358/5836 7382/7414/5836 7377/7346/5836
f 7456/7348/5837 7277/7379/5837 7279/7238/5837 7455/7237/5837
f 7423/7254/5838 7439/7349/5838 7443/7378/5838 7427/7255/5838
f 7267/7461/5839 7270/7259/5839 7264/7258/5839 7259/7462/5839
f 7381/7386/5840 7380/7463/5840 7396/7262/5840 7397/7261/5840
f 7366/7358/5841 7368/7384/5841 7384/7396/5841 7382/7414/5841
f 7425/7418/5842 7441/7451/5842 7447/7392/5842 7431/7464/5842
f 7451/7252/5843 7435/7251/5843 7434/7465/5843 7450/7393/5843
f 7403/7236/5844 7387/7235/5844 7386/7338/5844 7402/7337/5844
f 7431/7464/5845 7447/7392/5845 7450/7393/5845 7434/7465/5845
f 7424/7232/5846 7440/7231/5846 7439/7349/5846 7423/7254/5846
f 7282/7360/5847 7283/7466/5847 7274/7467/5847 7460/7361/5847
f 7260/7240/5848 7256/7333/5848 7285/7334/5848 7443/7378/5848
f 7429/7352/5849 7445/7341/5849 7449/7443/5849 7433/7353/5849
f 7364/7420/5850 7362/7391/5850 7378/7344/5850 7380/7343/5850
f 7417/7354/5851 7433/7353/5851 7432/7424/5851 7416/7423/5851
f 7415/7448/5852 7431/7464/5852 7434/7465/5852 7418/7449/5852
f 7294/7244/5853 7293/7243/5853 7395/7468/5853 7411/7256/5853
f 7391/7469/5854 7395/7468/5854 7379/7470/5854 7375/7367/5854
f 7419/7447/5855 7403/7236/5855 7402/7337/5855 7418/7449/5855
f 7412/7263/5856 7428/7459/5856 7429/7352/5856 7413/7264/5856
f 7422/7395/5857 7408/7471/5857 7392/7472/5857 7406/7425/5857
f 7475/7322/5858 7357/7321/5858 7356/7328/5858 7474/7327/5858
f 7483/7324/5859 7484/7332/5859 7355/7454/5859 7351/7325/5859
f 7345/7318/5860 7479/7317/5860 7480/7276/5860 7349/7275/5860
f 7398/7374/5861 7382/7414/5861 7384/7396/5861 7400/7473/5861
f 7385/7388/5862 7401/7387/5862 7400/7473/5862 7384/7396/5862
f 7267/7461/5863 7259/7462/5863 7263/7474/5863 7269/7475/5863
f 7266/7380/5864 7265/7383/5864 7448/7444/5864 7449/7443/5864
f 7360/7365/5865 7478/7316/5865 7477/7476/5865 7374/7421/5865
f 7446/7452/5866 7430/7417/5866 7432/7424/5866 7448/7444/5866
f 7409/7373/5867 7425/7418/5867 7431/7464/5867 7415/7448/5867
f 7422/7395/5868 7438/7229/5868 7424/7232/5868 7408/7471/5868
f 7259/7462/5869 7264/7258/5869 7447/7392/5869 7441/7451/5869
f 7448/7444/5870 7265/7383/5870 7263/7474/5870 7446/7452/5870
f 7409/7373/5871 7415/7448/5871 7399/7336/5871 7393/7347/5871
f 7458/7257/5872 7459/7394/5872 7451/7252/5872 7450/7393/5872
f 7413/7264/5873 7417/7354/5873 7401/7387/5873 7397/7261/5873
f 7281/7477/5874 7457/7245/5874 7256/7333/5874 7257/7450/5874
f 7408/7471/5875 7407/7253/5875 7391/7469/5875 7392/7472/5875
f 7268/7478/5876 7273/7381/5876 7266/7380/5876 7262/7340/5876
f 7445/7341/5877 7262/7340/5877 7266/7380/5877 7449/7443/5877
f 7469/7233/5878 7470/7446/5878 7420/7445/5878 7404/7410/5878
f 7435/7251/5879 7419/7447/5879 7418/7449/5879 7434/7465/5879
f 7287/7390/5880 7291/7479/5880 7378/7344/5880 7362/7391/5880
f 7268/7478/5881 7262/7340/5881 7261/7339/5881 7258/7480/5881
f 7414/7375/5882 7398/7374/5882 7400/7473/5882 7416/7423/5882
f 7291/7479/5883 7293/7243/5883 7394/7242/5883 7378/7344/5883
f 7293/7243/5884 7291/7479/5884 7379/7470/5884 7395/7468/5884
f 7390/7422/5885 7406/7425/5885 7392/7472/5885 7376/7366/5885
f 7396/7345/5886 7394/7242/5886 7410/7241/5886 7412/7412/5886
f 7365/7330/5887 7364/7355/5887 7380/7463/5887 7381/7386/5887
f 7390/7422/5888 7374/7421/5888 7373/7405/5888 7389/7356/5888
f 7452/7481/5889 7460/7407/5889 7461/7370/5889 7453/7377/5889
f 7487/7271/5890 7473/7270/5890 7353/7329/5890 7347/7403/5890
f 7288/7274/5891 7292/7273/5891 7481/7389/5891 7348/7442/5891
f 7390/7422/5892 7389/7356/5892 7405/7268/5892 7406/7425/5892
f 7359/7368/5893 7375/7367/5893 7379/7470/5893 7363/7416/5893
f 7417/7354/5894 7416/7423/5894 7400/7473/5894 7401/7387/5894
f 7358/7460/5895 7477/7476/5895 7478/7316/5895 7346/7315/5895
f 7446/7452/5896 7263/7474/5896 7259/7462/5896 7441/7451/5896
f 7388/7411/5897 7372/7482/5897 7467/7453/5897 7468/7234/5897
f 7371/7364/5898 7467/7453/5898 7476/7319/5898 7475/7322/5898
f 7392/7472/5899 7391/7469/5899 7375/7367/5899 7376/7366/5899
f 7408/7471/5900 7424/7232/5900 7423/7254/5900 7407/7253/5900
f 7486/7359/5901 7352/7404/5901 7354/7455/5901 7485/7385/5901
f 7436/7483/5902 7452/7481/5902 7453/7377/5902 7437/7376/5902
f 7284/7350/5903 7294/7244/5903 7411/7256/5903 7427/7255/5903
f 7258/7484/5904 7261/7246/5904 7457/7245/5904 7281/7477/5904
f 7269/7475/5905 7263/7474/5905 7265/7383/5905 7271/7382/5905
f 7282/7360/5906 7459/7394/5906 7275/7409/5906 7283/7466/5906
f 7287/7390/5907 7363/7416/5907 7379/7470/5907 7291/7479/5907
f 7420/7266/5908 7436/7483/5908 7437/7376/5908 7421/7267/5908
f 7407/7253/5909 7411/7256/5909 7395/7468/5909 7391/7469/5909
usemtl Shoes
f 7606/7485/5910 7604/7486/5910 7642/7487/5910 7643/7488/5910
f 7601/7489/5911 7599/7490/5911 7664/7491/5911 7665/7492/5911
f 7606/7485/5912 7683/7493/5912 7682/7494/5912 7604/7486/5912
f 7722/7495/5913 7693/7496/5913 7820/7497/5913 7841/7498/5913
f 7759/7499/5914 7689/7500/5914 7818/7501/5914 7873/7502/5914
f 7690/7503/5915 7887/7504/5915 7888/7505/5915 7786/7506/5915
f 7622/7507/5916 7707/7508/5916 7708/7509/5916 7617/7510/5916
f 7726/7511/5917 7641/7512/5917 7640/7513/5917 7727/7514/5917
f 7734/7515/5918 7672/7516/5918 7810/7517/5918 7854/7518/5918
f 7766/7519/5919 7783/7520/5919 7678/7521/5919 7666/7522/5919
f 7618/7523/5920 7616/7524/5920 7636/7525/5920 7637/7526/5920
f 7654/7527/5921 7781/7528/5921 7846/7529/5921 7729/7530/5921
f 7702/7531/5922 7825/7532/5922 7875/7533/5922 7761/7534/5922
f 7704/7535/5923 7826/7536/5923 7821/7537/5923 7696/7538/5923
f 7648/7539/5924 7660/7540/5924 7806/7541/5924 7800/7542/5924
f 7704/7535/5925 7819/7543/5925 7874/7544/5925 7763/7545/5925
f 7620/7546/5926 7740/7547/5926 7691/7548/5926 7615/7549/5926
f 7619/7550/5927 7611/7551/5927 7691/7548/5927 7740/7547/5927
f 7614/7552/5928 7613/7553/5928 7705/7554/5928 7706/7555/5928
f 7598/7556/5929 7596/7557/5929 7634/7558/5929 7635/7559/5929
f 7806/7541/5930 7661/7560/5930 7649/7561/5930 7800/7542/5930
f 7815/7562/5931 7882/7563/5931 7881/7564/5931 7840/7565/5931
f 7730/7566/5932 7852/7567/5932 7804/7568/5932 7656/7569/5932
f 7658/7570/5933 7805/7571/5933 7799/7572/5933 7647/7573/5933
f 7622/7507/5934 7617/7510/5934 7692/7574/5934 7743/7575/5934
f 7866/7576/5935 7790/7577/5935 7833/7578/5935 7878/7579/5935
f 7620/7546/5936 7615/7549/5936 7706/7555/5936 7705/7554/5936
f 7677/7580/5937 7719/7581/5937 7829/7582/5937 7779/7583/5937
f 7653/7584/5938 7802/7585/5938 7852/7567/5938 7730/7566/5938
f 7788/7586/5939 7703/7587/5939 7764/7588/5939 7864/7589/5939
f 7821/7537/5940 7826/7536/5940 7703/7587/5940 7695/7590/5940
f 7888/7505/5941 7768/7591/5941 7843/7592/5941 7890/7593/5941
f 7868/7594/5942 7798/7595/5942 7661/7560/5942 7754/7596/5942
f 7688/7597/5931 7721/7598/5931 7828/7599/5931 7778/7600/5931
f 7886/7601/5943 7892/7602/5943 7828/7603/5943 7765/7604/5943
f 7860/7605/5944 7878/7579/5944 7833/7578/5944 7784/7606/5944
f 7652/7607/5945 7731/7608/5945 7852/7567/5945 7802/7585/5945
f 7638/7609/5946 7779/7583/5946 7829/7582/5946 7709/7610/5946
f 7773/7611/5947 7693/7496/5947 7722/7495/5947 7831/7612/5947
f 7881/7564/5931 7884/7613/5931 7817/7614/5931 7840/7565/5931
f 7700/7615/5948 7817/7616/5948 7855/7617/5948 7738/7618/5948
f 7883/7619/5931 7816/7620/5931 7855/7621/5931 7885/7622/5931
f 7879/7623/5949 7847/7624/5949 7785/7625/5949 7861/7626/5949
f 7668/7627/5950 7767/7628/5951 7842/7629/5951 7732/7630/5952
f 7667/7631/5953 7791/7632/5953 7834/7633/5953 7718/7634/5953
f 7646/7635/5954 7773/7611/5954 7831/7612/5954 7714/7636/5954
f 7700/7637/5955 7824/7638/5955 7841/7498/5955 7723/7639/5955
f 7853/7640/5956 7808/7641/5956 7668/7627/5950 7732/7630/5952
f 7847/7624/5957 7842/7642/5957 7767/7643/5957 7785/7625/5957
f 7656/7644/5958 7715/7645/5958 7835/7646/5958 7796/7647/5958
f 7619/7550/5959 7628/7648/5959 7629/7649/5959 7611/7551/5959
f 7610/7650/5960 7685/7651/5960 7684/7652/5960 7608/7653/5960
f 7774/7654/5961 7648/7655/5961 7729/7530/5961 7846/7529/5961
f 7601/7489/5962 7637/7526/5962 7636/7525/5962 7599/7490/5962
f 7605/7656/5963 7603/7657/5963 7682/7494/5963 7683/7493/5963
f 7866/7658/5964 7641/7512/5964 7726/7511/5964 7880/7659/5964
f 7774/7660/5965 7788/7586/5965 7660/7540/5965 7648/7539/5965
f 7872/7661/5966 7814/7662/5966 7681/7663/5966 7757/7664/5966
f 7861/7626/5967 7785/7625/5967 7680/7665/5968 7758/7666/5969
f 7646/7667/5970 7659/7668/5970 7787/7669/5970 7773/7670/5970
f 7713/7671/5971 7836/7672/5971 7803/7673/5971 7655/7674/5971
f 7847/7624/5972 7789/7675/5972 7777/7676/5972 7842/7642/5972
f 7628/7648/5973 7712/7677/5973 7711/7678/5973 7629/7649/5973
f 7638/7609/5974 7709/7610/5974 7710/7679/5974 7639/7680/5974
f 7790/7577/5975 7889/7681/5975 7892/7602/5975 7833/7578/5975
f 7713/7671/5976 7655/7674/5976 7795/7682/5976 7834/7633/5976
f 7711/7678/5977 7878/7683/5977 7860/7684/5977 7629/7649/5977
f 7711/7678/5978 7641/7685/5978 7866/7686/5978 7878/7683/5978
f 7688/7597/5931 7778/7600/5931 7843/7687/5931 7736/7688/5931
f 7630/7689/5979 7724/7690/5979 7725/7691/5979 7631/7692/5979
f 7651/7693/5980 7715/7645/5980 7837/7694/5980 7801/7695/5980
f 7789/7675/5981 7832/7696/5981 7827/7697/5981 7777/7676/5981
f 7655/7674/5982 7803/7673/5982 7851/7698/5982 7728/7699/5982
f 7734/7515/5983 7844/7700/5983 7771/7701/5983 7672/7516/5983
f 7877/7702/5984 7832/7696/5984 7789/7675/5984 7865/7703/5984
f 7726/7511/5985 7727/7514/5985 7632/7704/5985 7633/7705/5985
f 7628/7648/5986 7769/7706/5986 7830/7707/5986 7712/7677/5986
f 7712/7677/5987 7830/7707/5987 7780/7708/5987 7640/7709/5987
f 7730/7566/5988 7656/7569/5988 7796/7710/5988 7850/7711/5988
f 7700/7615/5989 7723/7712/5989 7840/7713/5989 7817/7616/5989
f 7731/7608/5990 7657/7714/5990 7804/7568/5990 7852/7567/5990
f 7725/7691/5991 7639/7680/5991 7865/7715/5991 7879/7716/5991
f 7821/7717/5992 7695/7718/5992 7737/7719/5992 7856/7720/5992
f 7656/7644/5993 7804/7721/5993 7837/7694/5993 7715/7645/5993
f 7649/7722/5994 7792/7723/5994 7849/7724/5994 7728/7699/5994
f 7723/7712/5995 7694/7725/5995 7815/7726/5995 7840/7713/5995
f 7690/7503/5996 7786/7506/5996 7862/7727/5996 7760/7728/5996
f 7826/7536/5997 7704/7535/5997 7763/7545/5997 7876/7729/5997
f 7649/7561/5998 7661/7560/5998 7798/7595/5998 7792/7730/5998
f 7680/7665/5999 7785/7625/5999 7767/7643/5999 7668/7731/5999
f 7808/7732/6000 7814/7662/6000 7680/7665/6000 7668/7731/6000
f 7886/7601/6001 7891/7733/6002 7689/7500/6003 7784/7606/6003
f 7798/7595/6004 7681/7663/6004 7669/7734/6004 7792/7730/6004
f 7710/7679/6005 7709/7610/6005 7626/7735/6005 7627/7736/6005
f 7753/7737/6006 7601/7489/6006 7665/7492/6006 7870/7738/6006
f 7679/7739/6007 7797/7740/6007 7791/7741/6007 7667/7742/6007
f 7753/7743/6008 7660/7540/6008 7788/7586/6008 7864/7589/6008
f 7751/7744/6009 7658/7570/6009 7797/7740/6009 7867/7745/6009
f 7696/7746/6010 7821/7717/6010 7856/7720/6010 7738/7747/6010
f 7764/7748/6011 7618/7523/6011 7637/7526/6011 7864/7749/6011
f 7717/7750/6012 7827/7751/6013 7766/7752/6014 7666/7753/6014
f 7805/7571/6015 7658/7570/6015 7751/7744/6015 7869/7754/6015
f 7691/7548/6016 7611/7551/6016 7759/7755/6016 7873/7756/6016
f 7881/7564/5931 7882/7563/5931 7686/7757/5931 7721/7598/5931
f 7890/7593/6017 7843/7592/6017 7778/7758/6017 7889/7759/6017
f 7885/7622/5931 7855/7621/5931 7817/7614/5931 7884/7613/5931
f 7783/7520/6018 7832/7696/6018 7877/7702/6018 7859/7760/6018
f 7611/7551/6019 7629/7649/6019 7860/7684/6019 7759/7755/6019
f 7757/7761/6020 7609/7762/6020 7685/7651/6020 7872/7763/6020
f 7866/7764/6021 7880/7765/6021 7848/7766/6021 7790/7767/6021
f 7735/7768/6022 7854/7518/6022 7810/7517/6022 7673/7769/6022
f 7637/7526/6023 7601/7489/6023 7753/7737/6023 7864/7749/6023
f 7863/7770/6024 7635/7559/6024 7614/7552/6024 7762/7771/6024
f 7875/7772/6025 7706/7555/6025 7615/7549/6025 7761/7773/6025
f 7888/7505/6026 7890/7593/6026 7848/7766/6026 7786/7506/6026
f 7862/7727/6027 7786/7506/6027 7848/7766/6027 7880/7765/6027
f 7726/7511/6028 7633/7705/6028 7862/7774/6028 7880/7659/6028
f 7752/7775/6029 7659/7668/6029 7805/7571/6029 7869/7754/6029
f 7612/7776/6030 7692/7574/6030 7874/7777/6030 7760/7778/6030
f 7688/7597/5931 7736/7688/5931 7885/7622/5931 7884/7613/5931
f 7799/7572/6031 7805/7571/6031 7659/7668/6031 7646/7667/6031
f 7606/7485/6032 7643/7488/6032 7867/7779/6032 7756/7780/6032
f 7727/7514/6033 7845/7781/6033 7772/7782/6033 7632/7704/6033
f 7759/7499/6034 7860/7605/6034 7784/7606/6034 7689/7500/6034
f 7598/7556/6035 7663/7783/6035 7662/7784/6035 7596/7557/6035
f 7752/7785/6036 7598/7556/6036 7635/7559/6036 7863/7770/6036
f 7807/7786/6037 7813/7787/6037 7679/7739/6037 7667/7742/6037
f 7813/7787/6038 7678/7521/6038 7755/7788/6038 7871/7789/6038
f 7702/7531/6039 7694/7790/6039 7820/7791/6039 7825/7532/6039
f 7526/7792/6040 7527/7793/6040 7499/7794/6040 7497/7795/6040
f 7527/7793/6041 7528/7796/6041 7501/7797/6041 7499/7794/6041
f 7528/7796/6042 7529/7798/6042 7503/7799/6042 7501/7797/6042
f 7529/7798/6043 7530/7800/6043 7505/7801/6043 7503/7799/6043
f 7531/7802/6044 7532/7803/6044 7510/7804/6044 7508/7805/6044
f 7532/7803/6045 7533/7806/6045 7512/7807/6045 7510/7804/6045
f 7509/7808/6046 7520/7809/6046 7521/7810/6046 7511/7811/6046
f 7507/7812/6047 7519/7813/6047 7520/7809/6047 7509/7808/6047
f 7505/7801/6048 7518/7814/6048 7517/7815/6048 7503/7799/6048
f 7503/7799/6049 7517/7815/6049 7516/7816/6049 7501/7797/6049
f 7501/7797/6050 7516/7816/6050 7515/7817/6050 7499/7794/6050
f 7499/7794/6051 7515/7817/6051 7514/7818/6051 7497/7795/6051
f 7521/7810/6052 7524/7819/6052 7522/7820/6052 7511/7811/6052
f 7533/7806/6053 7534/7821/6053 7523/7822/6053 7512/7807/6053
f 7496/7823/6054 7525/7824/6054 7526/7792/6054 7497/7795/6054
f 7498/7825/6055 7500/7826/6055 7527/7793/6055 7526/7792/6055
f 7500/7826/6056 7502/7827/6056 7528/7796/6056 7527/7793/6056
f 7502/7827/6057 7504/7828/6057 7529/7798/6057 7528/7796/6057
f 7504/7828/6058 7506/7829/6058 7530/7800/6058 7529/7798/6058
f 7496/7823/6059 7507/7812/6059 7531/7802/6059 7525/7824/6059
f 7507/7812/6060 7509/7808/6060 7532/7803/6060 7531/7802/6060
f 7509/7808/6061 7511/7811/6061 7533/7806/6061 7532/7803/6061
f 7511/7811/6062 7522/7820/6062 7534/7821/6062 7533/7806/6062
f 7563/7830/6063 7564/7831/6063 7548/7832/6063 7547/7833/6063
f 7564/7831/6064 7565/7834/6064 7549/7835/6064 7548/7832/6064
f 7565/7834/6065 7566/7836/6065 7551/7837/6065 7549/7835/6065
f 7549/7835/6066 7559/7838/6066 7558/7839/6066 7548/7832/6066
f 7548/7832/6067 7558/7839/6067 7557/7840/6067 7547/7833/6067
f 7547/7833/6068 7557/7840/6068 7556/7841/6068 7546/7842/6068
f 7585/7843/6069 7586/7844/6069 7569/7845/6069 7568/7846/6069
f 7586/7844/6070 7587/7847/6070 7570/7848/6070 7569/7845/6070
f 7587/7847/6071 7588/7849/6071 7571/7850/6071 7570/7848/6071
f 7588/7849/6072 7589/7851/6072 7572/7852/6072 7571/7850/6072
f 7575/7853/6073 7580/7854/6074 7581/7855/6075 7576/7856/6075
f 7571/7850/6076 7579/7857/6076 7578/7858/6076 7570/7848/6076
f 7581/7855/6077 7583/7859/6077 7582/7860/6077 7576/7856/6077
f 7567/7861/6078 7584/7862/6078 7585/7843/6078 7568/7846/6078
f 7567/7861/6079 7574/7863/6079 7590/7864/6079 7584/7862/6079
f 7574/7863/6080 7575/7853/6080 7591/7865/6080 7590/7864/6080
f 7575/7853/6081 7576/7856/6081 7592/7866/6081 7591/7865/6081
f 7576/7856/6082 7582/7860/6082 7593/7867/6082 7592/7866/6082
f 7582/7860/6083 7583/7859/6083 7594/7868/6083 7593/7867/6083
f 7847/7624/6084 7879/7623/6084 7865/7703/6084 7789/7675/6084
f 7595/7869/6085 7651/7693/6085 7801/7695/6085 7662/7784/6085
f 7595/7869/6086 7642/7487/6086 7793/7870/6086 7651/7693/6086
f 7618/7523/6087 7708/7509/6087 7707/7508/6087 7616/7524/6087
f 7605/7656/6088 7627/7736/6088 7626/7735/6088 7603/7657/6088
f 7596/7557/6089 7650/7871/6089 7775/7872/6089 7634/7558/6089
f 7596/7557/6090 7662/7784/6090 7801/7695/6090 7650/7871/6090
f 7820/7497/6091 7694/7873/6091 7723/7639/6091 7841/7498/6091
f 7599/7490/6092 7652/7607/6092 7802/7585/6092 7664/7491/6092
f 7599/7490/6093 7636/7525/6093 7776/7874/6093 7652/7607/6093
f 7600/7875/6094 7653/7584/6094 7794/7876/6094 7644/7877/6094
f 7600/7875/6095 7664/7491/6095 7802/7585/6095 7653/7584/6095
f 7816/7878/6096 7696/7879/6096 7738/7618/6096 7855/7617/6096
f 7820/7791/6097 7693/7880/6097 7701/7881/6097 7825/7532/6097
f 7654/7527/6098 7714/7636/6098 7831/7612/6098 7781/7528/6098
f 7610/7650/6099 7608/7653/6099 7630/7689/6099 7631/7692/6099
f 7603/7657/6100 7670/7882/6100 7809/7883/6100 7682/7494/6100
f 7603/7657/6101 7626/7735/6101 7770/7884/6101 7670/7882/6101
f 7604/7486/6102 7671/7885/6102 7793/7870/6102 7642/7487/6102
f 7604/7486/6103 7682/7494/6103 7809/7883/6103 7671/7885/6103
f 7621/7886/6104 7743/7575/6104 7692/7574/6104 7612/7776/6104
f 7607/7887/6105 7673/7769/6105 7810/7517/6105 7684/7652/6105
f 7607/7887/6106 7644/7877/6106 7794/7876/6106 7673/7769/6106
f 7602/7888/6107 7665/7492/6107 7664/7491/6107 7600/7875/6107
f 7608/7653/6108 7672/7516/6108 7771/7701/6108 7630/7689/6108
f 7608/7653/6109 7684/7652/6109 7810/7517/6109 7672/7516/6109
f 7756/7889/6110 7679/7739/6110 7813/7787/6110 7871/7789/6110
f 7758/7666/5969 7680/7665/5968 7814/7662/6111 7872/7661/6111
f 7621/7886/6112 7612/7776/6112 7633/7705/6112 7632/7704/6112
f 7609/7762/6113 7645/7890/6113 7644/7877/6113 7607/7887/6113
f 7675/7891/6114 7718/7634/6114 7834/7633/6114 7795/7682/6114
f 7891/7733/6002 7886/7601/6001 7765/7604/6115 7686/7892/6115
f 7887/7504/6116 7687/7893/6116 7768/7591/6116 7888/7505/6116
f 7613/7553/6117 7697/7894/6117 7822/7895/6117 7705/7554/6117
f 7613/7553/6118 7634/7558/6118 7775/7872/6118 7697/7894/6118
f 7609/7762/6119 7607/7887/6119 7684/7652/6119 7685/7651/6119
f 7597/7896/6120 7595/7869/6120 7662/7784/6120 7663/7783/6120
f 7616/7524/6121 7698/7897/6121 7776/7874/6121 7636/7525/6121
f 7616/7524/6122 7707/7508/6122 7823/7898/6122 7698/7897/6122
f 7661/7560/6123 7806/7541/6123 7870/7899/6123 7754/7596/6123
f 7702/7531/6124 7761/7534/6124 7873/7502/6124 7818/7501/6124
f 7735/7768/6125 7676/7900/6125 7812/7901/6125 7854/7518/6125
f 7602/7888/6126 7600/7875/6126 7644/7877/6126 7645/7890/6126
f 7638/7609/6127 7724/7690/6127 7844/7700/6127 7779/7583/6127
f 7614/7552/6128 7635/7559/6128 7634/7558/6128 7613/7553/6128
f 7701/7881/6129 7787/7669/6129 7863/7902/6129 7762/7903/6129
f 7787/7669/6130 7659/7668/6130 7752/7775/6130 7863/7902/6130
f 7695/7718/6131 7774/7654/6131 7846/7529/6131 7737/7719/6131
f 7735/7768/6132 7850/7711/6132 7796/7710/6132 7676/7900/6132
f 7865/7715/6133 7639/7680/6133 7710/7679/6133 7877/7904/6133
f 7717/7750/6134 7666/7753/6134 7807/7905/6134 7838/7906/6134
f 7651/7693/6135 7793/7870/6135 7835/7646/6135 7715/7645/6135
f 7792/7723/6136 7669/7907/6136 7733/7908/6136 7849/7724/6136
f 7892/7602/6137 7889/7681/6137 7778/7909/6137 7828/7603/6137
f 7675/7891/6138 7795/7682/6138 7849/7724/6138 7733/7908/6138
f 7736/7688/5931 7843/7687/5931 7768/7910/5931 7687/7911/5931
f 7630/7689/6139 7771/7701/6139 7844/7700/6139 7724/7690/6139
f 7674/7912/6140 7717/7750/6140 7838/7906/6140 7811/7913/6140
f 7851/7698/6141 7800/7914/6141 7649/7722/6141 7728/7699/6141
f 7671/7885/6142 7720/7915/6142 7835/7646/6142 7793/7870/6142
f 7735/7768/6143 7673/7769/6143 7794/7876/6143 7850/7711/6143
f 7675/7891/6144 7811/7913/6144 7838/7906/6144 7718/7634/6144
f 7677/7916/6145 7779/7583/6145 7844/7700/6145 7734/7515/6145
f 7727/7514/6146 7640/7513/6146 7780/7917/6146 7845/7781/6146
f 7648/7655/6147 7800/7914/6147 7851/7698/6147 7729/7530/6147
f 7712/7677/6148 7640/7709/6148 7641/7685/6148 7711/7678/6148
f 7675/7891/6149 7733/7908/6149 7853/7640/6149 7811/7913/6149
f 7674/7912/6150 7732/7630/6150 7842/7629/6150 7777/7918/6150
f 7597/7896/6151 7643/7488/6151 7642/7487/6151 7595/7869/6151
f 7699/7919/6152 7722/7495/6152 7841/7498/6152 7824/7638/6152
f 7757/7664/6153 7681/7663/6153 7798/7595/6153 7868/7594/6153
f 7701/7881/6154 7693/7880/6154 7773/7670/6154 7787/7669/6154
f 7874/7544/6155 7819/7543/6155 7690/7503/6155 7760/7728/6155
f 7674/7912/6156 7811/7913/6156 7853/7640/6156 7732/7630/6156
f 7676/7920/6157 7796/7647/6157 7835/7646/6157 7720/7915/6157
f 7833/7578/6158 7892/7602/6158 7886/7601/6158 7784/7606/6158
f 7881/7564/5931 7721/7598/5931 7688/7597/5931 7884/7613/5931
f 7650/7871/6159 7801/7695/6159 7837/7694/6159 7716/7921/6159
f 7671/7885/6160 7809/7883/6160 7839/7922/6160 7720/7915/6160
f 7710/7679/6161 7627/7736/6161 7859/7923/6161 7877/7904/6161
f 7676/7920/6162 7720/7915/6162 7839/7922/6162 7812/7924/6162
f 7670/7882/6163 7719/7581/6163 7839/7922/6163 7809/7883/6163
f 7677/7580/6164 7812/7924/6164 7839/7922/6164 7719/7581/6164
f 7716/7921/6165 7837/7694/6165 7804/7721/6165 7657/7925/6165
f 7677/7916/6166 7734/7515/6166 7854/7518/6166 7812/7901/6166
f 7807/7905/6167 7667/7631/6167 7718/7634/6167 7838/7906/6167
f 7674/7912/6168 7777/7918/6168 7827/7751/6013 7717/7750/6012
f 7713/7671/6169 7647/7926/6169 7799/7927/6170 7836/7672/6171
f 7654/7527/6172 7803/7673/6172 7836/7672/6172 7714/7636/6172
f 7653/7584/6173 7730/7566/6173 7850/7711/6173 7794/7876/6173
f 7638/7609/6174 7639/7680/6174 7725/7691/6174 7724/7690/6174
f 7890/7593/6175 7889/7759/6175 7790/7767/6175 7848/7766/6175
f 7670/7882/6176 7770/7884/6176 7829/7582/6176 7719/7581/6176
f 7655/7674/6177 7728/7699/6177 7849/7724/6177 7795/7682/6177
f 7619/7550/6178 7739/7928/6178 7769/7706/6178 7628/7648/6178
f 7619/7550/6179 7740/7547/6179 7857/7929/6179 7739/7928/6179
f 7620/7546/6180 7741/7930/6180 7857/7929/6180 7740/7547/6180
f 7620/7546/6181 7705/7554/6181 7822/7895/6181 7741/7930/6181
f 7621/7886/6182 7632/7704/6182 7772/7782/6182 7742/7931/6182
f 7621/7886/6183 7742/7931/6183 7858/7932/6183 7743/7575/6183
f 7622/7507/6184 7743/7575/6184 7858/7932/6184 7744/7933/6184
f 7622/7507/6185 7744/7933/6185 7823/7898/6185 7707/7508/6185
f 7623/7934/6186 7744/7933/6186 7858/7932/6186 7746/7935/6186
f 7623/7934/6187 7745/7936/6187 7823/7898/6187 7744/7933/6187
f 7624/7937/6188 7748/7938/6188 7857/7929/6188 7741/7930/6188
f 7625/7939/6189 7739/7928/6189 7857/7929/6189 7748/7938/6189
f 7625/7939/6190 7749/7940/6190 7769/7706/6190 7739/7928/6190
f 7654/7527/6191 7729/7530/6191 7851/7698/6191 7803/7673/6191
f 7783/7520/6192 7766/7519/6192 7827/7697/6192 7832/7696/6192
f 7736/7688/5931 7687/7911/5931 7883/7619/5931 7885/7622/5931
f 7725/7691/6193 7879/7716/6193 7861/7941/6193 7631/7692/6193
f 7669/7907/6194 7808/7641/6194 7853/7640/6194 7733/7908/6194
f 7626/7735/6195 7709/7610/6195 7829/7582/6195 7770/7884/6195
f 7836/7672/6171 7799/7927/6170 7646/7635/6196 7714/7636/6196
f 7686/7757/5931 7765/7942/5931 7828/7599/5931 7721/7598/5931
f 7894/7943/6197 7887/7504/6197 7690/7503/6197 7819/7543/6197
f 7704/7535/6198 7696/7538/6198 7894/7943/6198 7819/7543/6198
f 7806/7541/6199 7660/7540/6199 7753/7743/6199 7870/7899/6199
f 7666/7522/6200 7678/7521/6200 7813/7787/6200 7807/7786/6200
f 7681/7663/6201 7814/7662/6201 7808/7732/6201 7669/7734/6201
f 7703/7587/6202 7788/7586/6202 7774/7660/6202 7695/7590/6202
f 7876/7944/6203 7708/7509/6203 7618/7523/6203 7764/7748/6203
f 7700/7637/6204 7738/7747/6204 7856/7720/6204 7824/7638/6204
f 7701/7881/6205 7762/7903/6205 7875/7533/6205 7825/7532/6205
f 7791/7632/6206 7647/7926/6206 7713/7671/6206 7834/7633/6206
f 7872/7763/6207 7685/7651/6207 7610/7650/6207 7758/7945/6207
f 7689/7500/6208 7891/7733/6208 7893/7946/6208 7818/7501/6208
f 7737/7719/6209 7699/7919/6209 7824/7638/6209 7856/7720/6209
f 7699/7919/6210 7781/7528/6210 7831/7612/6210 7722/7495/6210
f 7737/7719/6211 7846/7529/6211 7781/7528/6211 7699/7919/6211
f 7754/7947/6212 7602/7888/6212 7645/7890/6212 7868/7948/6212
f 7763/7949/6213 7617/7510/6213 7708/7509/6213 7876/7944/6213
f 7751/7950/6214 7597/7896/6214 7663/7783/6214 7869/7951/6214
f 7869/7951/6215 7663/7783/6215 7598/7556/6215 7752/7785/6215
f 7645/7890/6216 7609/7762/6216 7757/7761/6216 7868/7948/6216
f 7758/7945/6217 7610/7650/6217 7631/7692/6217 7861/7941/6217
f 7633/7705/6218 7612/7776/6218 7760/7778/6218 7862/7774/6218
f 7761/7773/6219 7615/7549/6219 7691/7548/6219 7873/7756/6219
f 7867/7745/6220 7797/7740/6220 7679/7739/6220 7756/7889/6220
f 7692/7574/6221 7617/7510/6221 7763/7949/6221 7874/7777/6221
f 7764/7588/6222 7703/7587/6222 7826/7536/6222 7876/7729/6222
f 7605/7656/6223 7683/7493/6223 7871/7952/6223 7755/7953/6223
f 7683/7493/6224 7606/7485/6224 7756/7780/6224 7871/7952/6224
f 7859/7923/6225 7627/7736/6225 7605/7656/6225 7755/7953/6225
f 7762/7771/6226 7614/7552/6226 7706/7555/6226 7875/7772/6226
f 7755/7788/6227 7678/7521/6227 7783/7520/6227 7859/7760/6227
f 7893/7946/6228 7694/7790/6228 7702/7531/6228 7818/7501/6228
f 7797/7740/6229 7658/7570/6229 7647/7573/6229 7791/7741/6229
f 7643/7488/6230 7597/7896/6230 7751/7950/6230 7867/7779/6230
f 7870/7738/6231 7665/7492/6231 7602/7888/6231 7754/7947/6231
f 7882/7954/6232 7815/7955/6232 7694/7790/6232 7893/7946/6232
f 7891/7733/6233 7686/7892/6233 7882/7954/6233 7893/7946/6233
f 7887/7504/6234 7894/7943/6234 7883/7956/6234 7687/7893/6234
f 7883/7956/6235 7894/7943/6235 7696/7538/6235 7816/7957/6235
l 7491 7492
l 7657 7782
l 7750 7780
l 7535 7536
l 7539 7543
l 7539 7540
l 7573 7589
l 7493 7494
l 7536 7537
l 7540 7541
l 7545 7546
l 7494 7495
l 7512 7513
l 7541 7542
l 7560 7561
l 7550 7565
l 7552 7555
l 7552 7553
l 7561 7562
l 7553 7554
l 7492 7493
l 7568 7577
l 7747 7772
o Worker.003
v 0.082054 1.196466 -0.048688
v 0.077979 1.206466 -0.063597
v 0.082643 1.212969 -0.042576
v 0.082778 1.404073 0.003177
v 0.069427 1.425830 -0.009325
v 0.055063 1.439295 -0.017580
v 0.099851 1.285646 0.008760
v 0.098568 1.262648 0.011842
v 0.087100 1.379172 0.009118
v 0.099758 1.309752 0.008368
v 0.069282 1.465344 -0.089399
v 0.074060 1.458539 -0.041507
v 0.073657 1.418447 -0.145809
v 0.104028 1.444817 -0.081087
v 0.097183 1.440525 -0.033480
v 0.125455 1.421167 -0.074641
v 0.121205 1.416554 -0.023445
v 0.098703 1.403276 -0.131477
v 0.080513 1.275916 -0.077145
v 0.135693 1.402356 -0.070203
v 0.129643 1.394756 -0.020002
v 0.117141 1.384787 -0.119212
v 0.160646 1.331353 -0.069299
v 0.145021 1.318284 -0.016643
v 0.135714 1.325667 -0.110071
v 0.160677 1.304282 -0.069227
v 0.145362 1.296164 -0.017958
v 0.135807 1.299184 -0.107575
v 0.161339 1.273837 -0.068971
v 0.148495 1.270683 -0.019087
v 0.133356 1.267757 -0.106313
v 0.079303 1.284302 -0.043037
v 0.134586 1.351943 -0.115396
v 0.143759 1.343866 -0.013968
v 0.155341 1.359306 -0.068943
v 0.094608 1.334653 0.011092
v 0.099365 1.239701 0.012827
v 0.161463 1.246175 -0.068491
v 0.153056 1.246971 -0.022476
v 0.130636 1.232949 -0.107568
v 0.099230 1.226568 0.012364
v 0.160056 1.230446 -0.067518
v 0.154493 1.233766 -0.024948
v 0.130946 1.219433 -0.106043
v 0.070389 1.220023 -0.107092
v 0.041269 1.426419 -0.000809
v 0.051103 1.412252 0.004768
v 0.059541 1.392791 0.012494
v 0.063750 1.370805 0.012443
v 0.071185 1.331582 0.007639
v 0.076894 1.305606 0.005210
v 0.070265 1.266267 -0.119202
v 0.069479 1.337662 -0.154061
v 0.079489 1.319441 -0.142169
v 0.073357 1.302917 -0.138074
v 0.076366 1.292906 -0.014751
v 0.085497 1.261056 -0.017845
v 0.075001 1.293279 -0.012814
v 0.082757 1.232214 -0.040556
v 0.079479 1.223569 -0.059107
v 0.080647 1.256795 -0.040609
v 0.077659 1.246847 -0.060993
v 0.070565 1.242245 -0.111963
v 0.079551 1.281375 -0.015032
v 0.085208 1.236806 -0.021307
v 0.091599 1.356380 0.014146
v 0.067969 1.352098 0.010622
v 0.138640 1.370825 -0.013103
v 0.127234 1.369223 -0.116492
v 0.148102 1.381540 -0.069198
v 0.082798 1.208099 -0.111363
v 0.083812 1.335749 -0.139481
v 0.071423 1.354477 -0.150897
v 0.049004 1.368965 -0.163472
v 0.082209 1.218275 -0.113752
v 0.078310 1.245316 -0.117092
v 0.075684 1.273133 -0.119367
v 0.075570 1.291448 -0.121446
v 0.081030 1.313908 -0.126441
v 0.084143 1.321582 -0.137133
v 0.151235 1.226124 -0.066883
v 0.146747 1.229722 -0.029237
v 0.125683 1.216837 -0.099198
v 0.084887 1.206827 -0.105795
v 0.115642 1.350548 -0.004375
v 0.122570 1.368344 -0.105760
v 0.140801 1.359689 -0.043233
v 0.117730 1.143074 0.007207
v 0.124276 1.139807 -0.077965
v 0.143862 1.149672 -0.024525
v 0.127224 1.087047 0.012256
v 0.139436 1.098215 -0.068090
v 0.151442 1.109125 -0.029562
v 0.139736 0.855557 0.058548
v 0.170015 0.853088 0.020657
v 0.161514 0.859393 0.046336
v 0.087638 1.341923 -0.123183
v 0.100388 1.138141 -0.082899
v 0.056398 1.331912 -0.006043
v 0.078848 1.134129 -0.021386
v 0.058145 1.312482 -0.061378
v 0.072716 1.137697 -0.051466
v 0.080430 1.098060 -0.026252
v 0.129860 0.855572 0.034568
v 0.116097 1.095505 -0.072266
v 0.082074 1.099611 -0.056287
v 0.136034 0.851885 0.011855
v 0.159043 0.848731 0.001517
v 0.115673 0.815360 0.090865
v 0.110244 0.827062 0.074831
v 0.098692 0.753511 0.104517
v 0.086459 0.756966 0.097909
v 0.102333 0.752380 0.096831
v 0.089851 0.756021 0.090019
v 0.125011 0.794351 0.080114
v 0.114401 0.806855 0.063173
v 0.096014 0.782998 0.088450
v 0.103398 0.782915 0.100174
v 0.103418 0.778963 0.081637
v 0.112891 0.771840 0.088433
v 0.154452 0.824352 0.069426
v 0.149798 0.799653 0.079403
v 0.123511 0.827523 0.037618
v 0.168898 0.827400 0.025180
v 0.164720 0.791608 0.034226
v 0.160801 0.825350 0.001794
v 0.150532 0.784005 -0.000332
v 0.137678 0.821042 -0.000897
v 0.135383 0.782920 -0.000591
v 0.133118 0.791802 0.041594
v 0.125983 0.768744 0.085896
v 0.140067 0.771211 0.088587
v 0.156075 0.758543 0.046818
v 0.153883 0.751668 0.004596
v 0.140574 0.750555 0.003988
v 0.127782 0.755987 0.046221
v 0.114670 0.721381 0.089585
v 0.129137 0.727547 0.096941
v 0.135755 0.708518 0.009057
v 0.125010 0.708650 0.007965
v 0.126262 0.721386 0.055925
v 0.107162 0.687023 0.092911
v 0.113501 0.684965 0.095957
v 0.118992 0.666000 0.066671
v 0.127989 0.670415 0.033336
v 0.122012 0.674934 0.029328
v 0.110243 0.675596 0.061187
v 0.145124 0.717641 0.058127
vn 0.8685 0.4516 0.2045
vn 0.7953 -0.0255 -0.6056
vn 0.9731 0.0764 0.2175
vn 0.8219 -0.0377 -0.5684
vn 0.5086 0.0540 0.8593
vn 0.9877 -0.0071 0.1561
vn 0.4183 0.3362 0.8438
vn 0.4761 0.0087 0.8794
vn 0.2153 -0.0576 -0.9749
vn 0.5295 0.8413 0.1092
vn 0.9787 0.0726 -0.1922
vn 0.8009 -0.0807 -0.5934
vn 0.4238 -0.8963 0.1304
vn 0.4971 -0.0127 0.8676
vn 0.4615 0.0106 -0.8871
vn 0.5838 -0.0326 -0.8112
vn 0.7780 0.4348 -0.4534
vn 0.7888 0.3958 -0.4702
vn 0.6912 0.7087 0.1415
vn 0.9577 0.1022 0.2692
vn 0.3083 0.6112 0.7289
vn 0.5208 -0.2907 -0.8026
vn 0.5366 0.0181 0.8437
vn 0.8477 0.2980 -0.4389
vn 0.1579 -0.1551 -0.9752
vn 0.3233 -0.2235 -0.9195
vn 0.9584 -0.0000 0.2853
vn 0.8804 0.0613 -0.4703
vn 0.8475 -0.0235 -0.5303
vn 0.5593 -0.0644 0.8264
vn 0.4701 0.2956 0.8317
vn 0.1721 -0.0299 -0.9846
vn 0.9436 0.2342 0.2339
vn 0.2479 0.6614 0.7079
vn -0.1211 -0.1256 0.9847
vn -0.0236 0.0721 0.9971
vn 0.1963 0.1573 0.9678
vn 0.9598 0.0609 0.2740
vn 0.1731 0.5062 0.8449
vn 0.2438 0.5963 0.7648
vn 0.5160 0.0500 -0.8551
vn 0.2352 -0.0977 -0.9670
vn 0.2559 -0.9396 -0.2273
vn 0.6741 0.5334 -0.5110
vn 0.9822 0.0493 -0.1811
vn 0.4144 -0.9081 -0.0596
vn -0.1207 -0.1578 0.9801
vn 0.9811 -0.0089 -0.1935
vn 0.7124 -0.0108 -0.7017
vn 0.8884 0.4363 0.1428
vn 0.4732 -0.0340 0.8803
vn 0.8022 0.0530 0.5947
vn 0.9506 -0.0225 -0.3097
vn 0.7908 0.1399 0.5959
vn 0.9036 0.2288 -0.3621
vn 0.6934 0.2077 0.6899
vn 0.9958 0.0585 -0.0700
vn 0.4055 -0.1289 -0.9049
vn -0.2878 -0.0263 0.9573
vn -0.9926 -0.0996 0.0695
vn -0.8256 -0.1323 -0.5486
vn -0.6161 -0.0725 0.7844
vn -0.7345 0.0568 0.6762
vn -0.6003 -0.2413 -0.7625
vn 0.2013 -0.1615 -0.9661
vn -0.9863 -0.1534 0.0606
vn -0.9621 -0.2379 -0.1330
vn -0.4300 -0.3259 -0.8420
vn 0.5779 -0.1769 -0.7967
vn -0.5035 0.7580 0.4146
vn -0.6101 0.3356 0.7177
vn -0.2774 -0.9608 0.0028
vn 0.3451 -0.5589 -0.7541
vn 0.7015 -0.0844 0.7077
vn -0.7746 0.1411 -0.6165
vn -0.7464 0.4146 0.5206
vn 0.2762 -0.4854 -0.8295
vn 0.7967 -0.0932 0.5972
vn -0.8245 0.0371 -0.5647
vn 0.3255 0.0173 0.9454
vn 0.9502 0.0135 0.3112
vn 0.3577 0.4533 0.8165
vn -0.9374 0.1020 -0.3329
vn 0.9137 -0.0277 -0.4055
vn 0.9249 -0.2021 -0.3220
vn -0.1650 0.2113 -0.9634
vn 0.0753 0.0109 -0.9971
vn -0.9344 0.1293 -0.3319
vn -0.9780 -0.1072 -0.1787
vn -0.7987 -0.4877 -0.3525
vn -0.9849 -0.0211 -0.1721
vn 0.9746 -0.1281 -0.1838
vn 0.9058 -0.1415 0.3993
vn 0.0410 -0.1400 -0.9893
vn -0.1048 0.2811 0.9539
vn -0.9897 0.0475 -0.1347
vn 0.0751 -0.1279 -0.9889
vn 0.9204 -0.1467 0.3624
vn -0.9727 0.1199 -0.1985
vn -0.3808 0.2121 0.9000
vn -0.9689 0.1874 -0.1617
vn -0.9710 0.1797 -0.1579
vn -0.9710 0.1796 -0.1579
vn -0.9710 0.1793 -0.1580
vn 0.1025 -0.5444 -0.8325
vn 0.9487 -0.0398 0.3138
vn -0.9353 0.2474 -0.2531
vn -0.4671 0.1669 0.8683
vn -0.5907 -0.7727 -0.2326
vn -0.6764 -0.6927 0.2500
vn 0.9398 -0.3364 -0.0601
vn 0.9373 -0.3483 0.0157
vn 0.8451 -0.3416 0.4113
vt 0.501200 0.738400
vt 0.500000 0.745600
vt 0.485900 0.743300
vt 0.486100 0.736500
vt 0.504700 0.699700
vt 0.523100 0.695700
vt 0.522700 0.705400
vt 0.505000 0.707000
vt 0.489500 0.699200
vt 0.489000 0.705700
vt 0.521700 0.714800
vt 0.504700 0.715500
vt 0.468800 0.710200
vt 0.468800 0.702900
vt 0.488900 0.713300
vt 0.489600 0.695600
vt 0.504300 0.695500
vt 0.468400 0.743000
vt 0.467700 0.735600
vt 0.467200 0.727500
vt 0.487200 0.728900
vt 0.542700 0.694600
vt 0.547200 0.703000
vt 0.485400 0.757000
vt 0.498900 0.758800
vt 0.499100 0.767500
vt 0.485800 0.764700
vt 0.595400 0.693900
vt 0.602500 0.696600
vt 0.600700 0.704700
vt 0.592400 0.703100
vt 0.522500 0.692800
vt 0.489000 0.692700
vt 0.504800 0.692500
vt 0.488400 0.720500
vt 0.468500 0.717700
vt 0.542200 0.737900
vt 0.516300 0.743400
vt 0.517400 0.737200
vt 0.546100 0.728900
vt 0.516900 0.752200
vt 0.537800 0.749000
vt 0.499500 0.751400
vt 0.485800 0.748700
vt 0.503500 0.723200
vt 0.502500 0.731600
vt 0.473400 0.758800
vt 0.470900 0.750500
vt 0.518500 0.731300
vt 0.548900 0.721400
vt 0.469400 0.697000
vt 0.537200 0.685300
vt 0.538400 0.687600
vt 0.520400 0.723100
vt 0.549900 0.709900
vt 0.469800 0.694500
vt 0.475100 0.765600
vt 0.457300 0.728800
vt 0.458500 0.717400
vt 0.458600 0.745100
vt 0.457700 0.737800
vt 0.461000 0.753400
vt 0.465000 0.760800
vt 0.467600 0.766600
vt 0.518200 0.761400
vt 0.535300 0.760300
vt 0.536300 0.684500
vt 0.522100 0.691200
vt 0.398400 0.707100
vt 0.394900 0.699400
vt 0.402300 0.699200
vt 0.407300 0.706600
vt 0.606700 0.707300
vt 0.607900 0.699000
vt 0.548800 0.736100
vt 0.543600 0.747400
vt 0.563400 0.852300
vt 0.553700 0.828500
vt 0.641000 0.820400
vt 0.638600 0.840400
vt 0.572200 0.873400
vt 0.640800 0.864500
vt 0.660000 0.823100
vt 0.655300 0.844400
vt 0.660000 0.861100
vt 0.749900 0.821200
vt 0.751200 0.829100
vt 0.751700 0.840000
vt 0.641800 0.875000
vt 0.578300 0.889400
vt 0.528000 0.785100
vt 0.641800 0.796400
vt 0.546100 0.750800
vt 0.636900 0.782400
vt 0.577200 0.746500
vt 0.634400 0.763700
vt 0.652800 0.794400
vt 0.748100 0.814100
vt 0.660600 0.767200
vt 0.652100 0.780600
vt 0.661000 0.871800
vt 0.748600 0.808000
vt 0.750200 0.802300
vt 0.750100 0.853200
vt 0.608100 0.111700
vt 0.593400 0.114400
vt 0.593500 0.090000
vt 0.606300 0.087900
vt 0.597100 0.073600
vt 0.591900 0.076100
vt 0.582000 0.058500
vt 0.589300 0.053500
vt 0.710600 0.192000
vt 0.701600 0.195800
vt 0.701000 0.191200
vt 0.708400 0.188100
vt 0.702900 0.178000
vt 0.695400 0.179100
vt 0.683700 0.159200
vt 0.698600 0.158500
vt 0.601800 0.062900
vt 0.605300 0.065300
vt 0.691000 0.182300
vt 0.594900 0.054100
vt 0.679600 0.160000
vt 0.617900 0.066000
vt 0.622100 0.093700
vt 0.644400 0.111800
vt 0.638800 0.123700
vt 0.624600 0.113300
vt 0.671300 0.149900
vt 0.675500 0.146100
vt 0.663200 0.120000
vt 0.649900 0.133300
vt 0.649500 0.088900
vt 0.676200 0.108100
vt 0.671900 0.124700
vt 0.669600 0.126300
vt 0.659400 0.124900
vt 0.681700 0.115700
vt 0.671500 0.150100
vt 0.690800 0.139000
vt 0.700200 0.101000
vt 0.712300 0.131700
vt 0.661100 0.057600
vt 0.695500 0.095100
vt 0.624100 0.056500
vt 0.622800 0.039100
vt 0.670400 0.034000
vt 0.701900 0.162600
vt 0.714300 0.154600
vt 0.715000 0.158000
vt 0.715400 0.085500
vt 0.717400 0.088200
vt 0.733700 0.129600
vt 0.739100 0.158600
vt 0.732900 0.162300
vt 0.744000 0.094400
vt 0.756600 0.124800
vt 0.746400 0.091600
vt 0.754900 0.161000
vt 0.756600 0.163300
vt 0.762400 0.124300
vt 0.679700 0.011800
vt 0.713900 0.046000
vt 0.619800 0.016100
s 1
usemtl Tshirt
f 7964/7958/6236 7914/7959/6236 7915/7960/6236 7962/7961/6236
f 7932/7962/6237 7934/7963/6237 7925/7964/6237 7923/7965/6237
f 7933/7966/6238 7932/7962/6238 7923/7965/6238 7924/7967/6238
f 7925/7964/6239 7922/7968/6239 7920/7969/6239 7923/7965/6239
f 7901/7970/6240 7902/7971/6240 7924/7967/6240 7921/7972/6240
f 7937/7973/6241 7936/7974/6241 7932/7962/6241 7933/7966/6241
f 7915/7960/6242 7903/7975/6242 7960/7976/6242 7962/7961/6242
f 7962/7961/6243 7960/7976/6243 7930/7977/6243 7928/7978/6243
f 7970/7979/6244 7971/7980/6244 7922/7968/6244 7925/7964/6244
f 7909/7981/6245 7908/7982/6245 7905/7983/6245 7906/7984/6245
f 7955/7985/6246 7953/7986/6246 7954/7987/6246 7956/7988/6246
f 7938/7989/6247 7934/7963/6247 7932/7962/6247 7936/7974/6247
f 7937/7973/6248 7976/7990/6248 7975/7991/6248 7936/7974/6248
f 7918/7992/6249 7904/7993/6249 7901/7970/6249 7921/7972/6249
f 7966/7994/6250 7916/7995/6250 7963/7996/6250 7974/7997/6250
f 7912/7998/6251 7916/7995/6251 7966/7994/6251 7967/7999/6251
f 7963/7996/6252 7916/7995/6252 7914/7959/6252 7964/7958/6252
f 7916/7995/6253 7912/7998/6253 7910/8000/6253 7914/7959/6253
f 7910/8000/6254 7908/7982/6254 7909/7981/6254 7911/8001/6254
f 7918/7992/6255 7917/8002/6255 7929/8003/6255 7928/7978/6255
f 7909/7981/6256 7899/8004/6256 7898/8005/6256 7911/8001/6256
f 7974/7997/6257 7963/7996/6257 7927/8006/6257 7973/8007/6257
f 7902/7971/6258 7931/8008/6258 7933/7966/6258 7924/7967/6258
f 7927/8006/6259 7963/7996/6259 7964/7958/6259 7929/8003/6259
f 7934/7963/6260 7938/7989/6260 7965/8009/6260 7969/8010/6260
f 7973/8007/6261 7927/8006/6261 7919/8011/6261 7972/8012/6261
f 7920/7969/6262 7917/8002/6262 7918/7992/6262 7921/7972/6262
f 7917/8002/6263 7919/8011/6263 7927/8006/6263 7929/8003/6263
f 7922/7968/6264 7919/8011/6264 7917/8002/6264 7920/7969/6264
f 7931/8008/6265 7935/8013/6265 7937/7973/6265 7933/7966/6265
f 7898/8005/6266 7903/7975/6266 7915/7960/6266 7911/8001/6266
f 7934/7963/6267 7969/8010/6267 7970/7979/6267 7925/7964/6267
f 7928/7978/6268 7929/8003/6268 7964/7958/6268 7962/7961/6268
f 7906/7984/6269 7900/8014/6269 7899/8004/6269 7909/7981/6269
f 7930/7977/6270 7944/8015/6270 7945/8016/6270 7904/7993/6270
f 7960/7976/6271 7903/7975/6271 7943/8017/6271 7961/8018/6271
f 7942/8019/6272 7943/8017/6272 7903/7975/6272 7898/8005/6272
f 7923/7965/6273 7920/7969/6273 7921/7972/6273 7924/7967/6273
f 7898/8005/6274 7899/8004/6274 7941/8020/6274 7942/8019/6274
f 7899/8004/6275 7900/8014/6275 7940/8021/6275 7941/8020/6275
f 7907/8022/6276 7912/7998/6276 7967/7999/6276 7968/8023/6276
f 7971/7980/6277 7972/8012/6277 7919/8011/6277 7922/7968/6277
f 7978/8024/6278 7965/8009/6278 7938/7989/6278 7977/8025/6278
f 7912/7998/6279 7907/8022/6279 7908/7982/6279 7910/8000/6279
f 7959/8026/6280 7953/8027/6280 7955/8028/6280 7951/8029/6280
f 7936/7974/6281 7975/7991/6281 7977/8025/6281 7938/7989/6281
f 7930/7977/6282 7960/7976/6282 7961/8018/6282 7944/8015/6282
f 7896/8030/6283 7954/7987/6283 7953/7986/6283 7897/8031/6283
f 7948/8032/6284 7947/8033/6284 7967/7999/6284 7966/7994/6284
f 7914/7959/6285 7910/8000/6285 7911/8001/6285 7915/7960/6285
f 7930/7977/6286 7904/7993/6286 7918/7992/6286 7928/7978/6286
usemtl Skin
f 7981/8034/6287 7979/8035/6287 7982/8036/6287 7984/8037/6287
f 7980/8038/6288 7981/8034/6288 7984/8037/6288 7983/8039/6288
f 7984/8037/6289 7982/8036/6289 7985/8040/6289 7987/8041/6289
f 7983/8039/6290 7984/8037/6290 7987/8041/6290 7986/8042/6290
f 7987/8041/6291 7985/8040/6291 7988/8043/6291 7990/8044/6291
f 7986/8042/6292 7987/8041/6292 7990/8044/6292 7989/8045/6292
f 7983/8039/6293 7992/8046/6293 7991/8047/6293 7980/8038/6293
f 7979/8035/6294 7993/8048/6294 7994/8049/6294 7982/8036/6294
f 7993/8048/6295 7995/8050/6295 7996/8051/6295 7994/8049/6295
f 7995/8050/6296 7991/8052/6296 7992/8053/6296 7996/8051/6296
f 7982/8036/6297 7994/8049/6297 7997/8054/6297 7985/8040/6297
f 7985/8040/6298 7997/8054/6298 7998/8055/6298 7988/8043/6298
f 7996/8051/6299 7992/8053/6299 7999/8056/6299 8000/8057/6299
f 7986/8042/6300 7999/8058/6300 7992/8046/6300 7983/8039/6300
f 7997/8054/6301 7994/8049/6301 7996/8051/6301 8000/8057/6301
f 7997/8054/6302 8000/8057/6302 8001/8059/6302 7998/8055/6302
f 7999/8056/6303 8002/8060/6303 8001/8059/6303 8000/8057/6303
f 7989/8045/6304 8002/8061/6304 7999/8058/6304 7986/8042/6304
f 7988/8062/6305 7998/8063/6305 8004/8064/6305 8003/8065/6305
f 8012/8066/6306 8011/8067/6306 8006/8068/6306 8005/8069/6306
f 8005/8070/6307 8006/8071/6307 8008/8072/6307 8007/8073/6307
f 8014/8074/6308 8013/8075/6308 8010/8076/6308 8009/8077/6308
f 8012/8066/6309 8014/8078/6309 8009/8079/6309 8003/8065/6309
f 8011/8080/6310 8013/8075/6310 8008/8072/6310 8006/8071/6310
f 8003/8065/6311 8004/8064/6311 8011/8067/6311 8012/8066/6311
f 8007/8073/6312 8008/8072/6312 8013/8075/6312 8014/8074/6312
f 8005/8069/6313 8007/8081/6313 8014/8078/6313 8012/8066/6313
f 8004/8082/6314 8010/8076/6314 8013/8075/6314 8011/8080/6314
f 8003/8065/6315 8009/8079/6315 8016/8083/6315 8015/8084/6315
f 8018/8085/6316 7989/8086/6316 7990/8087/6316 8015/8084/6316
f 7988/8062/6317 8003/8065/6317 8015/8084/6317 7990/8087/6317
f 7998/8088/6318 8017/8089/6318 8010/8076/6318 8004/8082/6318
f 7989/8086/6319 8018/8085/6319 8020/8090/6319 8002/8091/6319
f 8020/8090/6320 8018/8085/6320 8019/8092/6320 8021/8093/6320
f 8022/8094/6321 8001/8095/6321 8002/8096/6321 8020/8090/6321
f 8022/8094/6322 8020/8090/6322 8021/8093/6322 8023/8097/6322
f 8017/8089/6323 7998/8098/6323 8001/8095/6323 8022/8094/6323
f 8017/8089/6324 8022/8094/6324 8023/8097/6324 8024/8099/6324
f 8024/8099/6325 8009/8077/6325 8010/8076/6325 8017/8089/6325
f 8024/8099/6326 8023/8097/6326 8029/8100/6326 8030/8101/6326
f 8021/8093/6327 8019/8092/6327 8027/8102/6327 8028/8103/6327
f 8026/8104/6328 8032/8105/6328 8042/8106/6328 8027/8102/6328
f 8023/8097/6329 8021/8093/6329 8028/8103/6329 8029/8100/6329
f 8016/8107/6330 8009/8077/6330 8025/8108/6330 8026/8109/6330
f 8009/8077/6331 8024/8099/6331 8030/8101/6331 8025/8108/6331
f 8029/8100/6332 8028/8103/6332 8033/8110/6332 8034/8111/6332
f 8019/8092/6333 8016/8083/6333 8026/8104/6333 8027/8102/6333
f 8025/8108/6334 8030/8101/6334 8035/8112/6334 8031/8113/6334
f 8026/8109/6335 8025/8108/6335 8031/8113/6335 8032/8114/6335
f 8030/8101/6336 8029/8100/6336 8034/8111/6337 8035/8112/6338
f 8035/8112/6338 8034/8111/6337 8040/8115/6339 8041/8116/6339
f 8034/8111/6340 8033/8110/6340 8039/8117/6340 8040/8115/6340
f 8018/8085/6341 8015/8084/6341 8016/8083/6341 8019/8092/6341
f 8031/8113/6342 8035/8112/6342 8041/8116/6342 8036/8118/6342
f 8032/8114/6343 8031/8113/6343 8036/8118/6343 8037/8119/6343
f 8038/8120/6344 8041/8116/6344 8040/8115/6344 8039/8117/6344
f 8036/8118/6345 8041/8116/6345 8038/8120/6345 8037/8119/6345
f 8027/8102/6346 8042/8106/6346 8033/8110/6346 8028/8103/6346
f 8042/8106/6347 8038/8121/6347 8039/8122/6347 8033/8110/6347
f 8032/8105/6348 8037/8123/6348 8038/8121/6348 8042/8106/6348
l 7946 7957
l 7946 7949
l 7951 7958
l 7939 7957
l 7948 7949
l 7895 7897
l 7950 7958
l 7950 7952
l 7926 7952
o Worker.004
v -0.234217 1.206392 -0.104704
v -0.200495 1.214686 -0.151900
v -0.261714 1.392005 0.008326
v -0.226245 1.365293 0.021161
v -0.247268 1.418560 -0.003914
v -0.217124 1.385572 0.017626
v -0.233101 1.434290 -0.012134
v -0.285944 1.275295 -0.015795
v -0.286233 1.251997 -0.021800
v -0.268633 1.363008 0.010642
v -0.232511 1.341592 0.012705
v -0.284341 1.296412 -0.006022
v -0.247423 1.296391 -0.003846
v -0.247671 1.469060 -0.082878
v -0.248654 1.449905 -0.036796
v -0.244362 1.416988 -0.140670
v -0.219916 1.331696 -0.161373
v -0.220102 1.436879 -0.147598
v -0.278167 1.440432 -0.075210
v -0.275768 1.433525 -0.029611
v -0.298001 1.419357 -0.072923
v -0.298766 1.409604 -0.024929
v -0.266461 1.404920 -0.128354
v -0.257392 1.267105 -0.075629
v -0.309097 1.402449 -0.074787
v -0.310048 1.386927 -0.025774
v -0.284940 1.392222 -0.121084
v -0.235024 1.318096 -0.126927
v -0.251197 1.283176 -0.047576
v -0.335684 1.341571 -0.086594
v -0.326398 1.315791 -0.039359
v -0.305602 1.342605 -0.122271
v -0.335829 1.315201 -0.090869
v -0.327173 1.294023 -0.045397
v -0.306781 1.318955 -0.129734
v -0.335260 1.285357 -0.098390
v -0.327918 1.267468 -0.049243
v -0.308590 1.288293 -0.136554
v -0.241756 1.258119 -0.135075
v -0.212987 1.291459 -0.079173
v -0.302489 1.365273 -0.121384
v -0.322882 1.338582 -0.030170
v -0.329438 1.365635 -0.081863
v -0.279356 1.318697 0.003424
v -0.235272 1.307332 -0.004483
v -0.241466 1.320993 -0.150742
v -0.284961 1.226879 -0.028108
v -0.337732 1.250756 -0.103986
v -0.331889 1.237933 -0.053803
v -0.310276 1.250435 -0.138280
v -0.244982 1.238336 -0.140722
v -0.284723 1.212029 -0.029425
v -0.338435 1.233093 -0.104252
v -0.332861 1.224025 -0.054672
v -0.312541 1.232752 -0.143359
v -0.234641 1.327000 0.003157
v -0.246761 1.222866 -0.144806
v -0.241105 1.222174 -0.110040
v -0.229461 1.404031 0.008663
v -0.238995 1.380940 0.015471
v -0.244703 1.353577 0.011103
v -0.255189 1.315883 0.000792
v -0.260794 1.291500 -0.007151
v -0.262635 1.270291 -0.016301
v -0.260039 1.246775 -0.022414
v -0.262511 1.225265 -0.030911
v -0.262697 1.210777 -0.035157
v -0.221932 1.352698 -0.160349
v -0.248912 1.267042 -0.130122
v -0.244414 1.340962 -0.149149
v -0.254103 1.317652 -0.144444
v -0.250101 1.309286 -0.144692
v -0.211819 1.293423 -0.164496
v -0.255665 1.261573 -0.065492
v -0.254476 1.266960 -0.037951
v -0.236161 1.281096 -0.148550
v -0.241146 1.288573 -0.026464
v -0.259470 1.239640 -0.051694
v -0.245830 1.246372 -0.117123
v -0.240856 1.311375 0.014503
v -0.274651 1.338179 0.010047
v -0.254352 1.261749 -0.094929
v -0.254713 1.240859 -0.081414
v -0.247868 1.296287 0.024937
v -0.250205 1.334508 0.006225
v -0.251539 1.221491 -0.075148
v -0.316915 1.362098 -0.025995
v -0.296471 1.379264 -0.121384
v -0.320534 1.382697 -0.077974
v -0.241477 1.322637 -0.149615
v -0.266740 1.227912 -0.152976
v -0.257847 1.346060 -0.141073
v -0.247619 1.358468 -0.146450
v -0.226668 1.369513 -0.157505
v -0.263979 1.242773 -0.149811
v -0.260742 1.269266 -0.147743
v -0.256544 1.292678 -0.145830
v -0.254827 1.309700 -0.142159
v -0.257237 1.333288 -0.140463
v -0.257443 1.339855 -0.143390
v -0.286305 1.214572 -0.037441
v -0.329634 1.231563 -0.103239
v -0.327597 1.224428 -0.058970
v -0.308859 1.231180 -0.136662
v -0.253018 1.224086 -0.139077
v -0.266047 1.213000 -0.041840
v -0.266709 1.227819 -0.146130
v -0.242470 0.889324 -0.136223
v -0.256854 0.888998 -0.107019
v -0.249460 0.989458 -0.088009
v -0.261508 1.446699 -0.050055
v -0.297619 1.338748 -0.013744
v -0.296750 1.377361 -0.108044
v -0.319242 1.358066 -0.051109
v -0.305788 1.139166 -0.058829
v -0.306181 1.154294 -0.144424
v -0.329541 1.153136 -0.091008
v -0.313844 1.088608 -0.063181
v -0.322168 1.107884 -0.143059
v -0.336584 1.114026 -0.104030
v -0.324454 0.852975 -0.040670
v -0.346997 0.853571 -0.081968
v -0.343088 0.857021 -0.056049
v -0.261249 1.352812 -0.126089
v -0.281983 1.152981 -0.147702
v -0.238323 1.319658 -0.014097
v -0.264972 1.134450 -0.085586
v -0.235438 1.313609 -0.068061
v -0.256409 1.144233 -0.113525
v -0.265623 1.103334 -0.097442
v -0.310328 0.856430 -0.062379
v -0.298456 1.106064 -0.145778
v -0.265603 1.108939 -0.127413
v -0.312220 0.855244 -0.085390
v -0.333554 0.851997 -0.099447
v -0.305747 0.810900 -0.007408
v -0.298011 0.824902 -0.020353
v -0.286171 0.749234 0.003286
v -0.273162 0.754385 0.000193
v -0.287836 0.748820 -0.005121
v -0.274558 0.754199 -0.008334
v -0.310214 0.790792 -0.022234
v -0.297329 0.806082 -0.034732
v -0.282893 0.780632 -0.008467
v -0.292717 0.778525 0.001083
v -0.288105 0.776960 -0.017238
v -0.298105 0.768359 -0.013692
v -0.339324 0.819716 -0.036385
v -0.334567 0.794307 -0.028274
v -0.302406 0.829093 -0.059391
v -0.343585 0.827276 -0.081963
v -0.337907 0.790972 -0.076298
v -0.330544 0.828762 -0.102838
v -0.315508 0.788860 -0.107076
v -0.306667 0.826514 -0.100638
v -0.300669 0.788931 -0.103824
v -0.309004 0.792548 -0.061624
v -0.309893 0.764658 -0.019592
v -0.324391 0.765720 -0.020086
v -0.329076 0.757303 -0.065574
v -0.316615 0.756002 -0.106537
v -0.303472 0.755953 -0.104063
v -0.301279 0.756923 -0.059669
v -0.294992 0.718167 -0.018336
v -0.311310 0.722276 -0.014038
v -0.295726 0.714080 -0.102465
v -0.285085 0.715136 -0.100939
v -0.298539 0.721579 -0.053597
v -0.285013 0.684303 -0.016966
v -0.291641 0.681418 -0.015757
v -0.288353 0.665958 -0.047345
v -0.289904 0.673890 -0.081202
v -0.283648 0.679298 -0.083167
v -0.279604 0.676785 -0.049535
v -0.316925 0.716211 -0.056369
vn -0.9871 0.1404 0.0769
vn -0.9943 0.0321 -0.1013
vn -0.4353 -0.0483 -0.8990
vn -0.4455 0.0032 -0.8953
vn -0.1159 -0.9803 -0.1599
vn -0.6352 0.5554 -0.5368
vn -0.7771 0.2262 -0.5873
vn -0.9853 0.0746 0.1539
vn -0.7614 0.4270 -0.4879
vn -0.6003 -0.1430 0.7868
vn 0.5173 0.0700 -0.8530
vn -0.1871 0.1768 -0.9663
vn -0.1778 0.2716 -0.9458
vn -0.1962 -0.3483 0.9166
vn 0.1739 -0.1832 0.9676
vn -0.0301 -0.2519 0.9673
vn -0.4090 -0.1309 0.9031
vn -0.0536 -0.4039 0.9132
vn -0.1548 0.2917 0.9439
vn 0.0167 -0.3524 0.9357
vn 0.0330 -0.1322 0.9907
vn -0.1609 0.0001 0.9870
vn -0.8071 0.1518 -0.5706
vn -0.9282 0.2951 0.2267
vn -0.4818 -0.0542 0.8746
vn -0.1668 0.4224 0.8909
vn -0.4436 0.8501 0.2837
vn -0.7027 0.5425 -0.4603
vn -0.2141 0.0738 -0.9740
vn -0.5201 0.1126 -0.8467
vn 0.0243 -0.3031 0.9526
vn -0.5773 0.2257 0.7847
vn -0.6558 -0.1795 0.7333
vn -0.9528 -0.2051 -0.2237
vn -0.9274 -0.2527 -0.2759
vn -0.8684 0.4834 0.1106
vn -0.6516 -0.2303 0.7228
vn 0.0711 -0.3316 0.9407
vn 0.0827 -0.3197 0.9439
vn -0.5043 0.0377 -0.8627
vn 0.4304 0.1484 -0.8904
vn -0.4697 0.0338 -0.8822
vn -0.6182 -0.7670 -0.1719
vn 0.5004 0.0342 0.8651
vn -0.2389 -0.9705 -0.0313
vn -0.6575 0.5660 -0.4972
vn -0.1277 -0.9552 -0.2669
vn -0.9875 -0.0282 0.1553
vn -0.7985 0.1057 -0.5927
vn -0.9834 -0.0198 0.1803
vn -0.7780 0.1630 -0.6067
vn -0.9911 0.0481 0.1240
vn -0.2857 0.6876 0.6675
vn -0.6402 -0.0338 0.7675
vn -0.6000 0.1428 0.7872
vn -0.3966 0.5425 0.7406
vn -0.3417 0.0576 -0.9380
vn -0.4840 0.1166 -0.8673
vn -0.7985 0.1550 -0.5817
vn -0.0990 -0.9607 -0.2594
vn -0.2439 0.2689 -0.9318
vn -0.4731 -0.0707 -0.8782
vn -0.6334 0.5716 -0.5215
vn -0.9180 0.3651 0.1548
vn -0.1783 -0.9784 -0.1050
vn -0.4404 -0.0033 -0.8978
vn -0.5602 0.7945 0.2345
vn -0.6211 -0.2035 -0.7568
vn -0.9649 0.1339 0.2260
vn -0.5395 -0.1385 0.8305
vn -0.7070 0.6940 0.1359
vn -0.1810 0.2677 -0.9464
vn -0.1120 -0.9895 -0.0909
vn -0.8505 -0.0707 0.5211
vn -0.9250 0.1076 -0.3644
vn -0.8346 0.0340 0.5497
vn -0.8808 0.2884 -0.3755
vn -0.7698 0.1165 0.6275
vn -0.9862 0.0256 -0.1633
vn -0.2744 0.1498 -0.9499
vn 0.1822 -0.3002 0.9363
vn 0.9764 -0.1735 0.1286
vn 0.8714 -0.0093 -0.4905
vn 0.5683 -0.2180 0.7934
vn 0.6659 0.0127 0.7459
vn 0.6600 -0.0977 -0.7449
vn -0.1237 0.0080 -0.9923
vn 0.9785 -0.1825 0.0965
vn 0.9811 -0.1867 -0.0502
vn 0.5188 -0.2269 -0.8242
vn -0.4827 -0.1262 -0.8667
vn 0.3358 0.7390 0.5841
vn 0.3930 0.2861 0.8739
vn 0.3648 -0.9305 -0.0330
vn -0.1056 -0.4827 -0.8694
vn -0.8325 -0.2244 0.5066
vn 0.8763 0.2743 -0.3960
vn 0.5620 0.3990 0.7245
vn -0.0290 -0.3956 -0.9180
vn -0.8983 -0.2263 0.3766
vn 0.9236 0.1685 -0.3444
vn -0.5328 -0.1268 0.8367
vn -0.9910 -0.0782 0.1087
vn -0.5565 0.3461 0.7554
vn 0.9751 0.2035 -0.0879
vn -0.8211 -0.0677 -0.5668
vn -0.8040 -0.2288 -0.5489
vn 0.3078 0.3658 -0.8784
vn 0.1456 0.1334 -0.9803
vn 0.9612 0.2544 -0.1069
vn 0.9987 -0.0117 0.0496
vn 0.9031 -0.3793 -0.2012
vn 0.9951 0.0731 0.0667
vn -0.8888 -0.1749 -0.4236
vn -0.9540 -0.2569 0.1543
vn 0.2005 -0.0164 -0.9796
vn -0.1446 0.1653 0.9756
vn 0.9843 0.1365 0.1114
vn 0.1661 -0.0069 -0.9861
vn -0.9593 -0.2580 0.1148
vn 0.9752 0.2150 0.0533
vn 0.1420 0.1239 0.9821
vn 0.9562 0.2767 0.0950
vn 0.9582 0.2688 0.0979
vn 0.9582 0.2687 0.0983
vn 0.1456 -0.4408 -0.8857
vn -0.9859 -0.1504 0.0733
vn 0.9385 0.3453 0.0049
vn 0.2369 0.0895 0.9674
vn 0.7028 -0.6919 -0.1653
vn 0.6679 -0.6673 0.3295
vn -0.8624 -0.3941 -0.3179
vn -0.8760 -0.4153 -0.2454
vn -0.8777 -0.4520 0.1592
vt 0.577700 0.921800
vt 0.572100 0.908000
vt 0.581100 0.910000
vt 0.585500 0.921000
vt 0.575300 0.897800
vt 0.585100 0.899100
vt 0.590400 0.909900
vt 0.553100 0.876500
vt 0.549600 0.877000
vt 0.541900 0.863400
vt 0.548700 0.865300
vt 0.539700 0.851300
vt 0.546900 0.853000
vt 0.486100 0.914600
vt 0.501000 0.915700
vt 0.501000 0.918400
vt 0.486400 0.916200
vt 0.499400 0.842800
vt 0.518600 0.839700
vt 0.518500 0.848400
vt 0.499400 0.851300
vt 0.503700 0.885500
vt 0.503000 0.877900
vt 0.518200 0.877900
vt 0.519300 0.886200
vt 0.487000 0.911400
vt 0.487800 0.903500
vt 0.503800 0.902000
vt 0.502400 0.911200
vt 0.502100 0.871500
vt 0.517400 0.872400
vt 0.469700 0.897900
vt 0.489500 0.895700
vt 0.469700 0.905100
vt 0.536800 0.914800
vt 0.544100 0.921400
vt 0.539600 0.927100
vt 0.533000 0.922700
vt 0.520600 0.894600
vt 0.540600 0.907000
vt 0.520200 0.904500
vt 0.543500 0.900000
vt 0.457800 0.871400
vt 0.449400 0.871700
vt 0.450000 0.864500
vt 0.458200 0.864200
vt 0.460600 0.913700
vt 0.469000 0.912100
vt 0.468600 0.915200
vt 0.460500 0.917400
vt 0.459900 0.898900
vt 0.459700 0.907000
vt 0.452900 0.854900
vt 0.461100 0.855600
vt 0.458900 0.891000
vt 0.469100 0.890800
vt 0.457200 0.847700
vt 0.465200 0.848300
vt 0.468000 0.881500
vt 0.458100 0.880000
vt 0.467800 0.873300
vt 0.468300 0.865900
vt 0.470700 0.858200
vt 0.503800 0.893300
vt 0.488800 0.880100
vt 0.487700 0.872800
vt 0.473700 0.850200
vt 0.573300 0.922000
vt 0.557900 0.899400
vt 0.501000 0.864100
vt 0.516400 0.865500
vt 0.517900 0.914700
vt 0.536200 0.862100
vt 0.517200 0.857200
vt 0.534200 0.851000
vt 0.486800 0.860100
vt 0.487200 0.866000
vt 0.490000 0.888400
vt 0.569500 0.880700
vt 0.579900 0.883900
vt 0.594300 0.898500
vt 0.592700 0.883900
vt 0.500100 0.858400
vt 0.447900 0.881000
vt 0.539800 0.872300
vt 0.537000 0.930700
vt 0.530700 0.926800
vt 0.553100 0.886600
vt 0.543900 0.886800
vt 0.542700 0.879700
vt 0.535600 0.932700
vt 0.530400 0.928600
vt 0.470000 0.916100
vt 0.460900 0.918700
vt 0.486400 0.852700
vt 0.475800 0.843600
vt 0.486300 0.844600
vt 0.517000 0.919400
vt 0.562700 0.855500
vt 0.564800 0.868700
vt 0.517000 0.920800
vt 0.197900 0.852200
vt 0.122700 0.840400
vt 0.120300 0.820300
vt 0.207700 0.828300
vt 0.189100 0.873400
vt 0.120500 0.864500
vt 0.106000 0.844400
vt 0.101300 0.823100
vt 0.101300 0.861100
vt 0.010100 0.829100
vt 0.011400 0.821200
vt 0.009600 0.840000
vt 0.183000 0.889400
vt 0.119500 0.875000
vt 0.119500 0.796400
vt 0.233400 0.784900
vt 0.124400 0.782400
vt 0.215300 0.750600
vt 0.126900 0.763700
vt 0.184100 0.746500
vt 0.108500 0.794400
vt 0.013200 0.814100
vt 0.109200 0.780600
vt 0.100700 0.767200
vt 0.100300 0.871800
vt 0.012700 0.808000
vt 0.011100 0.802300
vt 0.011200 0.853200
vt 0.515800 0.111700
vt 0.517600 0.087900
vt 0.530400 0.090000
vt 0.530500 0.114400
vt 0.526800 0.073600
vt 0.534600 0.053500
vt 0.541900 0.058500
vt 0.532100 0.076100
vt 0.413400 0.192000
vt 0.415500 0.188100
vt 0.422900 0.191200
vt 0.422300 0.195800
vt 0.421000 0.178000
vt 0.425300 0.158500
vt 0.440200 0.159200
vt 0.428500 0.179100
vt 0.518700 0.065300
vt 0.522200 0.062900
vt 0.432900 0.182300
vt 0.529000 0.054100
vt 0.444300 0.160000
vt 0.501800 0.093700
vt 0.506100 0.066000
vt 0.479500 0.111800
vt 0.499300 0.113300
vt 0.485200 0.123700
vt 0.452600 0.149900
vt 0.448500 0.146100
vt 0.474100 0.133300
vt 0.460800 0.120000
vt 0.447700 0.108100
vt 0.474400 0.088900
vt 0.452000 0.124700
vt 0.464500 0.124900
vt 0.454400 0.126300
vt 0.442200 0.115700
vt 0.452400 0.150100
vt 0.433100 0.139000
vt 0.411600 0.131700
vt 0.423700 0.101000
vt 0.428400 0.095100
vt 0.462800 0.057600
vt 0.499800 0.056500
vt 0.453500 0.034000
vt 0.501100 0.039100
vt 0.422000 0.162600
vt 0.408900 0.158000
vt 0.409600 0.154600
vt 0.406600 0.088200
vt 0.408600 0.085500
vt 0.384800 0.158600
vt 0.390200 0.129600
vt 0.391000 0.162300
vt 0.367400 0.124800
vt 0.380000 0.094400
vt 0.377600 0.091600
vt 0.369000 0.161000
vt 0.367300 0.163300
vt 0.361500 0.124300
vt 0.410000 0.046000
vt 0.444200 0.011800
vt 0.504100 0.016100
s 1
usemtl Tshirt
f 8071/8124/6349 8066/8125/6349 8116/8126/6349 8117/8127/6349
f 8116/8126/6350 8124/8128/6350 8125/8129/6350 8120/8130/6350
f 8114/8131/6351 8113/8132/6351 8112/8133/6351 8088/8134/6351
f 8112/8133/6352 8110/8135/6352 8059/8136/6352 8088/8134/6352
f 8096/8137/6353 8095/8138/6353 8144/8139/6353 8145/8140/6353
f 8056/8141/6354 8060/8142/6354 8058/8143/6354 8061/8144/6354
f 8072/8145/6355 8085/8146/6355 8083/8147/6355 8074/8148/6355
f 8091/8149/6356 8079/8150/6356 8078/8151/6356 8090/8152/6356
f 8083/8147/6357 8085/8146/6357 8131/8153/6357 8130/8154/6357
f 8050/8155/6358 8076/8156/6358 8079/8150/6358 8051/8157/6358
f 8138/8158/6359 8081/8159/6359 8093/8160/6359 8137/8161/6359
f 8077/8162/6360 8139/8163/6360 8138/8158/6360 8080/8164/6360
f 8140/8165/6361 8139/8163/6361 8077/8162/6361 8074/8148/6361
f 8127/8166/6362 8098/8167/6362 8053/8168/6362 8103/8169/6362
f 8108/8170/6363 8089/8171/6363 8094/8172/6363 8109/8173/6363
f 8106/8174/6364 8050/8155/6364 8051/8157/6364 8107/8175/6364
f 8046/8176/6365 8102/8177/6365 8103/8169/6365 8053/8168/6365
f 8050/8155/6366 8106/8174/6366 8105/8178/6366 8054/8179/6366
f 8102/8177/6367 8046/8176/6367 8048/8180/6367 8101/8181/6367
f 8086/8182/6368 8054/8179/6368 8105/8178/6368 8104/8183/6368
f 8123/8184/6369 8127/8166/6369 8103/8169/6369 8052/8185/6369
f 8102/8177/6370 8045/8186/6370 8052/8185/6370 8103/8169/6370
f 8077/8162/6371 8080/8164/6371 8078/8151/6371 8075/8187/6371
f 8131/8153/6372 8085/8146/6372 8084/8188/6372 8129/8189/6372
f 8089/8171/6373 8091/8149/6373 8096/8137/6373 8094/8172/6373
f 8045/8186/6374 8102/8177/6374 8101/8181/6374 8047/8190/6374
f 8066/8125/6375 8071/8124/6375 8082/8191/6375 8070/8192/6375
f 8130/8154/6376 8131/8153/6376 8067/8193/6376 8069/8194/6376
f 8138/8158/6377 8137/8161/6377 8092/8195/6377 8080/8164/6377
f 8135/8196/6378 8065/8197/6378 8058/8143/6378 8136/8198/6378
f 8051/8157/6379 8089/8171/6379 8108/8170/6379 8107/8175/6379
f 8045/8186/6380 8064/8199/6380 8068/8200/6380 8052/8185/6380
f 8054/8179/6381 8086/8182/6381 8084/8188/6381 8073/8201/6381
f 8124/8128/6382 8111/8202/6382 8121/8203/6382 8125/8129/6382
f 8128/8204/6383 8125/8129/6383 8121/8203/6383 8100/8205/6383
f 8064/8199/6384 8063/8206/6384 8067/8193/6384 8068/8200/6384
f 8050/8155/6385 8054/8179/6385 8073/8201/6385 8076/8156/6385
f 8104/8183/6386 8087/8207/6386 8098/8167/6386 8127/8166/6386
f 8086/8182/6387 8104/8183/6387 8127/8166/6387 8123/8184/6387
f 8113/8132/6388 8134/8208/6388 8135/8196/6388 8112/8133/6388
f 8099/8209/6389 8133/8210/6389 8137/8161/6389 8093/8160/6389
f 8112/8133/6390 8135/8196/6390 8136/8198/6390 8110/8135/6390
f 8132/8211/6391 8070/8192/6391 8141/8212/6391 8142/8213/6391
f 8113/8132/6392 8132/8211/6392 8142/8213/6392 8134/8208/6392
f 8133/8210/6393 8099/8209/6393 8147/8214/6393 8149/8215/6393
f 8069/8194/6394 8067/8193/6394 8063/8206/6394 8065/8197/6394
f 8109/8173/6395 8094/8172/6395 8143/8216/6395 8148/8217/6395
f 8076/8156/6396 8075/8187/6396 8078/8151/6396 8079/8150/6396
f 8090/8152/6397 8078/8151/6397 8080/8164/6397 8092/8195/6397
f 8073/8201/6398 8072/8145/6398 8075/8187/6398 8076/8156/6398
f 8077/8162/6399 8075/8187/6399 8072/8145/6399 8074/8148/6399
f 8096/8137/6400 8091/8149/6400 8090/8152/6400 8095/8138/6400
f 8062/8218/6401 8047/8190/6401 8049/8219/6401 8057/8220/6401
f 8086/8182/6402 8123/8184/6402 8129/8189/6402 8084/8188/6402
f 8123/8184/6403 8052/8185/6403 8068/8200/6403 8129/8189/6403
f 8064/8199/6404 8045/8186/6404 8047/8190/6404 8062/8218/6404
f 8140/8165/6405 8074/8148/6405 8083/8147/6405 8141/8212/6405
f 8069/8194/6406 8065/8197/6406 8135/8196/6406 8134/8208/6406
f 8097/8221/6407 8095/8138/6407 8090/8152/6407 8092/8195/6407
f 8094/8172/6408 8096/8137/6408 8145/8140/6408 8143/8216/6408
f 8134/8208/6409 8142/8213/6409 8130/8154/6409 8069/8194/6409
f 8059/8136/6410 8115/8222/6410 8118/8223/6410 8088/8134/6410
f 8065/8197/6411 8063/8206/6411 8061/8144/6411 8058/8143/6411
f 8068/8200/6412 8067/8193/6412 8131/8153/6412 8129/8189/6412
f 8095/8138/6413 8097/8221/6413 8146/8224/6413 8144/8139/6413
f 8141/8212/6414 8083/8147/6414 8130/8154/6414 8142/8213/6414
f 8057/8220/6415 8056/8141/6415 8061/8144/6415 8062/8218/6415
f 8088/8134/6416 8118/8223/6416 8111/8202/6416 8114/8131/6416
f 8073/8201/6417 8084/8188/6417 8085/8146/6417 8072/8145/6417
f 8051/8157/6418 8079/8150/6418 8091/8149/6418 8089/8171/6418
f 8062/8218/6419 8061/8144/6419 8063/8206/6419 8064/8199/6419
f 8133/8210/6420 8097/8221/6420 8092/8195/6420 8137/8161/6420
f 8133/8210/6421 8149/8215/6421 8146/8224/6421 8097/8221/6421
usemtl Skin
f 8156/8225/6422 8159/8226/6422 8157/8227/6422 8154/8228/6422
f 8155/8229/6423 8158/8230/6423 8159/8226/6423 8156/8225/6423
f 8159/8226/6424 8162/8231/6424 8160/8232/6424 8157/8227/6424
f 8158/8230/6425 8161/8233/6425 8162/8231/6425 8159/8226/6425
f 8162/8231/6426 8165/8234/6426 8163/8235/6426 8160/8232/6426
f 8161/8233/6427 8164/8236/6427 8165/8234/6427 8162/8231/6427
f 8158/8230/6428 8155/8229/6428 8166/8237/6428 8167/8238/6428
f 8154/8228/6429 8157/8227/6429 8169/8239/6429 8168/8240/6429
f 8168/8240/6430 8169/8239/6430 8171/8241/6430 8170/8242/6430
f 8170/8242/6431 8171/8241/6431 8167/8243/6431 8166/8244/6431
f 8157/8227/6432 8160/8232/6432 8172/8245/6432 8169/8239/6432
f 8160/8232/6433 8163/8235/6433 8173/8246/6433 8172/8245/6433
f 8171/8241/6434 8175/8247/6434 8174/8248/6434 8167/8243/6434
f 8161/8233/6435 8158/8230/6435 8167/8238/6435 8174/8249/6435
f 8172/8245/6436 8175/8247/6436 8171/8241/6436 8169/8239/6436
f 8172/8245/6437 8173/8246/6437 8176/8250/6437 8175/8247/6437
f 8174/8248/6438 8175/8247/6438 8176/8250/6438 8177/8251/6438
f 8164/8236/6439 8161/8233/6439 8174/8249/6439 8177/8252/6439
f 8163/8253/6440 8178/8254/6440 8179/8255/6440 8173/8256/6440
f 8187/8257/6441 8180/8258/6441 8181/8259/6441 8186/8260/6441
f 8180/8261/6442 8182/8262/6442 8183/8263/6442 8181/8264/6442
f 8189/8265/6443 8184/8266/6443 8185/8267/6443 8188/8268/6443
f 8187/8257/6444 8178/8254/6444 8184/8269/6444 8189/8270/6444
f 8186/8271/6445 8181/8264/6445 8183/8263/6445 8188/8268/6445
f 8178/8254/6446 8187/8257/6446 8186/8260/6446 8179/8255/6446
f 8182/8262/6447 8189/8265/6447 8188/8268/6447 8183/8263/6447
f 8180/8258/6448 8187/8257/6448 8189/8270/6448 8182/8272/6448
f 8179/8273/6449 8186/8271/6449 8188/8268/6449 8185/8267/6449
f 8178/8254/6450 8190/8274/6450 8191/8275/6450 8184/8269/6450
f 8193/8276/6451 8190/8274/6451 8165/8277/6451 8164/8278/6451
f 8163/8253/6452 8165/8277/6452 8190/8274/6452 8178/8254/6452
f 8173/8279/6453 8179/8273/6453 8185/8267/6453 8192/8280/6453
f 8164/8278/6454 8177/8281/6454 8195/8282/6454 8193/8276/6454
f 8195/8282/6455 8196/8283/6455 8194/8284/6455 8193/8276/6455
f 8197/8285/6456 8195/8282/6456 8177/8286/6456 8176/8287/6456
f 8197/8285/6457 8198/8288/6457 8196/8283/6457 8195/8282/6457
f 8192/8280/6458 8197/8285/6458 8176/8287/6458 8173/8289/6458
f 8192/8280/6459 8199/8290/6459 8198/8288/6459 8197/8285/6459
f 8199/8290/6460 8192/8280/6460 8185/8267/6460 8184/8266/6460
f 8199/8290/6461 8205/8291/6461 8204/8292/6461 8198/8288/6461
f 8196/8283/6462 8203/8293/6462 8202/8294/6462 8194/8284/6462
f 8201/8295/6463 8202/8294/6463 8217/8296/6463 8207/8297/6463
f 8198/8288/6464 8204/8292/6464 8203/8293/6464 8196/8283/6464
f 8191/8298/6465 8201/8299/6465 8200/8300/6465 8184/8266/6465
f 8184/8266/6466 8200/8300/6466 8205/8291/6466 8199/8290/6466
f 8204/8292/6467 8209/8301/6467 8208/8302/6467 8203/8293/6467
f 8194/8284/6468 8202/8294/6468 8201/8295/6468 8191/8275/6468
f 8200/8300/6469 8206/8303/6469 8210/8304/6469 8205/8291/6469
f 8201/8299/6470 8207/8305/6470 8206/8303/6470 8200/8300/6470
f 8205/8291/6471 8210/8304/6472 8209/8301/6472 8204/8292/6471
f 8210/8304/6472 8216/8306/6473 8215/8307/6473 8209/8301/6472
f 8209/8301/6474 8215/8307/6474 8214/8308/6474 8208/8302/6474
f 8193/8276/6475 8194/8284/6475 8191/8275/6475 8190/8274/6475
f 8206/8303/6476 8211/8309/6476 8216/8306/6476 8210/8304/6476
f 8207/8305/6477 8212/8310/6477 8211/8309/6477 8206/8303/6477
f 8213/8311/6478 8214/8308/6478 8215/8307/6478 8216/8306/6478
f 8211/8309/6479 8212/8310/6479 8213/8311/6479 8216/8306/6479
f 8202/8294/6480 8203/8293/6480 8208/8302/6480 8217/8296/6480
f 8217/8296/6481 8208/8302/6481 8214/8312/6481 8213/8313/6481
f 8207/8297/6482 8217/8296/6482 8213/8313/6482 8212/8314/6482
l 8122 8126
l 8055 8119
l 8150 8151
l 8043 8100
l 8151 8152
l 8082 8119
