# Blender 4.5.3 LTS
# www.blender.org
mtllib torso_farmer.mtl
o Worker.003
v 0.082054 1.196466 -0.048688
v 0.077979 1.206466 -0.063597
v 0.082643 1.212969 -0.042576
v 0.082778 1.404073 0.003177
v 0.069427 1.425830 -0.009325
v 0.055063 1.439295 -0.017580
v 0.099851 1.285646 0.008760
v 0.098568 1.262648 0.011842
v 0.087100 1.379172 0.009118
v 0.099758 1.309752 0.008368
v 0.069282 1.465344 -0.089399
v 0.074060 1.458539 -0.041507
v 0.073657 1.418447 -0.145809
v 0.104028 1.444817 -0.081087
v 0.097183 1.440525 -0.033480
v 0.125455 1.421167 -0.074641
v 0.121205 1.416554 -0.023445
v 0.098703 1.403276 -0.131477
v 0.135693 1.402356 -0.070203
v 0.129643 1.394756 -0.020002
v 0.117141 1.384787 -0.119212
v 0.160646 1.331353 -0.069299
v 0.145021 1.318284 -0.016643
v 0.135714 1.325667 -0.110071
v 0.160677 1.304282 -0.069227
v 0.145362 1.296164 -0.017958
v 0.135807 1.299184 -0.107575
v 0.161339 1.273837 -0.068971
v 0.148495 1.270683 -0.019087
v 0.133356 1.267757 -0.106313
v 0.079303 1.284302 -0.043037
v 0.134586 1.351943 -0.115396
v 0.143759 1.343866 -0.013968
v 0.155341 1.359306 -0.068943
v 0.094608 1.334653 0.011092
v 0.099365 1.239701 0.012827
v 0.161463 1.246175 -0.068491
v 0.153056 1.246971 -0.022476
v 0.130636 1.232949 -0.107568
v 0.099230 1.226568 0.012364
v 0.160056 1.230446 -0.067518
v 0.154493 1.233766 -0.024948
v 0.130946 1.219433 -0.106043
v 0.070389 1.220023 -0.107092
v 0.041269 1.426419 -0.000809
v 0.051103 1.412252 0.004768
v 0.059541 1.392791 0.012494
v 0.063750 1.370805 0.012443
v 0.071185 1.331582 0.007639
v 0.076894 1.305606 0.005210
v 0.070265 1.266267 -0.119202
v 0.069479 1.337662 -0.154061
v 0.079489 1.319441 -0.142169
v 0.073357 1.302917 -0.138074
v 0.076366 1.292906 -0.014751
v 0.085497 1.261056 -0.017845
v 0.075001 1.293279 -0.012814
v 0.082757 1.232214 -0.040556
v 0.079479 1.223569 -0.059107
v 0.080647 1.256795 -0.040609
v 0.077659 1.246847 -0.060993
v 0.070565 1.242245 -0.111963
v 0.079551 1.281375 -0.015032
v 0.085208 1.236806 -0.021307
v 0.091599 1.356380 0.014146
v 0.067969 1.352098 0.010622
v 0.138640 1.370825 -0.013103
v 0.127234 1.369223 -0.116492
v 0.148102 1.381540 -0.069198
v 0.082798 1.208099 -0.111363
v 0.083812 1.335749 -0.139481
v 0.071423 1.354477 -0.150897
v 0.049004 1.368965 -0.163472
v 0.082209 1.218275 -0.113752
v 0.078310 1.245316 -0.117092
v 0.075684 1.273133 -0.119367
v 0.075570 1.291448 -0.121446
v 0.081030 1.313908 -0.126441
v 0.084143 1.321582 -0.137133
v 0.151235 1.226124 -0.066883
v 0.146747 1.229722 -0.029237
v 0.125683 1.216837 -0.099198
v 0.084887 1.206827 -0.105795
v 0.115642 1.350548 -0.004375
v 0.122570 1.368344 -0.105760
v 0.140801 1.359689 -0.043233
v 0.117730 1.143074 0.007207
v 0.124276 1.139807 -0.077965
v 0.143862 1.149672 -0.024525
v 0.127224 1.087047 0.012256
v 0.139436 1.098215 -0.068090
v 0.151442 1.109125 -0.029562
v 0.139736 0.855557 0.058548
v 0.170015 0.853088 0.020657
v 0.161514 0.859393 0.046336
v 0.087638 1.341923 -0.123183
v 0.100388 1.138141 -0.082899
v 0.056398 1.331912 -0.006043
v 0.078848 1.134129 -0.021386
v 0.058145 1.312482 -0.061378
v 0.072716 1.137697 -0.051466
v 0.080430 1.098060 -0.026252
v 0.129860 0.855572 0.034568
v 0.116097 1.095505 -0.072266
v 0.082074 1.099611 -0.056287
v 0.136034 0.851885 0.011855
v 0.159043 0.848731 0.001517
v 0.115673 0.815360 0.090865
v 0.110244 0.827062 0.074831
v 0.098692 0.753511 0.104517
v 0.086459 0.756966 0.097909
v 0.102333 0.752380 0.096831
v 0.089851 0.756021 0.090019
v 0.125011 0.794351 0.080114
v 0.114401 0.806855 0.063173
v 0.096014 0.782998 0.088450
v 0.103398 0.782915 0.100174
v 0.103418 0.778963 0.081637
v 0.112891 0.771840 0.088433
v 0.154452 0.824352 0.069426
v 0.149798 0.799653 0.079403
v 0.123511 0.827523 0.037618
v 0.168898 0.827400 0.025180
v 0.164720 0.791608 0.034226
v 0.160801 0.825350 0.001794
v 0.150532 0.784005 -0.000332
v 0.137678 0.821042 -0.000897
v 0.135383 0.782920 -0.000591
v 0.133118 0.791802 0.041594
v 0.125983 0.768744 0.085896
v 0.140067 0.771211 0.088587
v 0.156075 0.758543 0.046818
v 0.153883 0.751668 0.004596
v 0.140574 0.750555 0.003988
v 0.127782 0.755987 0.046221
v 0.114670 0.721381 0.089585
v 0.129137 0.727547 0.096941
v 0.135755 0.708518 0.009057
v 0.125010 0.708650 0.007965
v 0.126262 0.721386 0.055925
v 0.107162 0.687023 0.092911
v 0.113501 0.684965 0.095957
v 0.118992 0.666000 0.066671
v 0.127989 0.670415 0.033336
v 0.122012 0.674934 0.029328
v 0.110243 0.675596 0.061187
v 0.145124 0.717641 0.058127
vn 0.8685 0.4516 0.2045
vn 0.7953 -0.0255 -0.6056
vn 0.9731 0.0764 0.2175
vn 0.8219 -0.0377 -0.5684
vn 0.5086 0.0540 0.8593
vn 0.9877 -0.0071 0.1561
vn 0.4183 0.3362 0.8438
vn 0.4761 0.0087 0.8794
vn 0.2153 -0.0576 -0.9749
vn 0.5295 0.8413 0.1092
vn 0.9787 0.0726 -0.1922
vn 0.8009 -0.0807 -0.5934
vn 0.4238 -0.8963 0.1304
vn 0.4971 -0.0127 0.8676
vn 0.4615 0.0106 -0.8871
vn 0.5838 -0.0326 -0.8112
vn 0.7780 0.4348 -0.4534
vn 0.7888 0.3958 -0.4702
vn 0.6912 0.7087 0.1415
vn 0.9577 0.1022 0.2692
vn 0.3083 0.6112 0.7289
vn 0.5208 -0.2907 -0.8026
vn 0.5366 0.0181 0.8437
vn 0.8477 0.2980 -0.4389
vn 0.1579 -0.1551 -0.9752
vn 0.3233 -0.2235 -0.9195
vn 0.9584 -0.0000 0.2853
vn 0.8804 0.0613 -0.4703
vn 0.8475 -0.0235 -0.5303
vn 0.5593 -0.0644 0.8264
vn 0.4701 0.2956 0.8317
vn 0.1721 -0.0299 -0.9846
vn 0.9436 0.2342 0.2339
vn 0.2479 0.6614 0.7079
vn -0.1211 -0.1256 0.9847
vn -0.0236 0.0721 0.9971
vn 0.1963 0.1573 0.9678
vn 0.9598 0.0609 0.2740
vn 0.1731 0.5062 0.8449
vn 0.2438 0.5963 0.7648
vn 0.5160 0.0500 -0.8551
vn 0.2352 -0.0977 -0.9670
vn 0.2559 -0.9396 -0.2273
vn 0.6741 0.5334 -0.5110
vn 0.9822 0.0493 -0.1811
vn 0.4144 -0.9081 -0.0595
vn -0.1207 -0.1578 0.9801
vn 0.9811 -0.0089 -0.1935
vn 0.7124 -0.0108 -0.7017
vn 0.8884 0.4363 0.1428
vn 0.4732 -0.0340 0.8803
vn 0.8022 0.0530 0.5947
vn 0.9506 -0.0225 -0.3097
vn 0.7908 0.1399 0.5959
vn 0.9036 0.2288 -0.3621
vn 0.6934 0.2077 0.6899
vn 0.9958 0.0585 -0.0700
vn 0.4055 -0.1289 -0.9049
vn -0.2878 -0.0263 0.9573
vn -0.9926 -0.0996 0.0695
vn -0.8256 -0.1323 -0.5486
vn -0.6161 -0.0725 0.7844
vn -0.7345 0.0568 0.6762
vn -0.6003 -0.2413 -0.7625
vn 0.2013 -0.1615 -0.9661
vn -0.9863 -0.1534 0.0606
vn -0.9621 -0.2379 -0.1330
vn -0.4300 -0.3259 -0.8420
vn 0.5779 -0.1769 -0.7967
vn -0.5035 0.7580 0.4146
vn -0.6101 0.3356 0.7177
vn -0.2774 -0.9608 0.0028
vn 0.3451 -0.5589 -0.7541
vn 0.7015 -0.0844 0.7077
vn -0.7746 0.1411 -0.6165
vn -0.7464 0.4146 0.5206
vn 0.2762 -0.4854 -0.8295
vn 0.7967 -0.0932 0.5972
vn -0.8245 0.0371 -0.5647
vn 0.3255 0.0173 0.9454
vn 0.9502 0.0135 0.3112
vn 0.3577 0.4533 0.8165
vn -0.9374 0.1020 -0.3329
vn 0.9137 -0.0277 -0.4055
vn 0.9249 -0.2021 -0.3220
vn -0.1650 0.2113 -0.9634
vn 0.0753 0.0109 -0.9971
vn -0.9344 0.1293 -0.3319
vn -0.9780 -0.1072 -0.1787
vn -0.7987 -0.4877 -0.3525
vn -0.9849 -0.0211 -0.1721
vn 0.9746 -0.1281 -0.1838
vn 0.9058 -0.1415 0.3993
vn 0.0410 -0.1400 -0.9893
vn -0.1048 0.2811 0.9539
vn -0.9897 0.0475 -0.1347
vn 0.0751 -0.1279 -0.9889
vn 0.9204 -0.1467 0.3624
vn -0.9727 0.1199 -0.1985
vn -0.3808 0.2121 0.9000
vn -0.9689 0.1874 -0.1617
vn -0.9710 0.1797 -0.1579
vn -0.9710 0.1796 -0.1579
vn -0.9710 0.1793 -0.1580
vn 0.1025 -0.5444 -0.8325
vn 0.9487 -0.0398 0.3138
vn -0.9353 0.2474 -0.2531
vn -0.4671 0.1669 0.8683
vn -0.5907 -0.7727 -0.2326
vn -0.6764 -0.6927 0.2500
vn 0.9398 -0.3364 -0.0601
vn 0.9373 -0.3483 0.0157
vn 0.8451 -0.3416 0.4113
vt 0.501200 0.738400
vt 0.500000 0.745600
vt 0.485900 0.743300
vt 0.486100 0.736500
vt 0.504700 0.699700
vt 0.523100 0.695700
vt 0.522700 0.705400
vt 0.505000 0.707000
vt 0.489500 0.699200
vt 0.489000 0.705700
vt 0.521700 0.714800
vt 0.504700 0.715500
vt 0.468800 0.710200
vt 0.468800 0.702900
vt 0.488900 0.713300
vt 0.489600 0.695600
vt 0.504300 0.695500
vt 0.468400 0.743000
vt 0.467700 0.735600
vt 0.467200 0.727500
vt 0.487200 0.728900
vt 0.542700 0.694600
vt 0.547200 0.703000
vt 0.485400 0.757000
vt 0.498900 0.758800
vt 0.499100 0.767500
vt 0.485800 0.764700
vt 0.595400 0.693900
vt 0.602500 0.696600
vt 0.600700 0.704700
vt 0.592400 0.703100
vt 0.522500 0.692800
vt 0.489000 0.692700
vt 0.504800 0.692500
vt 0.488400 0.720500
vt 0.468500 0.717700
vt 0.542200 0.737900
vt 0.516300 0.743400
vt 0.517400 0.737200
vt 0.546100 0.728900
vt 0.516900 0.752200
vt 0.537800 0.749000
vt 0.499500 0.751400
vt 0.485800 0.748700
vt 0.503500 0.723200
vt 0.502500 0.731600
vt 0.473400 0.758800
vt 0.470900 0.750500
vt 0.518500 0.731300
vt 0.548900 0.721400
vt 0.469400 0.697000
vt 0.537200 0.685300
vt 0.538400 0.687600
vt 0.520400 0.723100
vt 0.549900 0.709900
vt 0.469800 0.694500
vt 0.475100 0.765600
vt 0.457300 0.728800
vt 0.458500 0.717400
vt 0.458600 0.745100
vt 0.457700 0.737800
vt 0.461000 0.753400
vt 0.465000 0.760800
vt 0.467600 0.766600
vt 0.518200 0.761400
vt 0.535300 0.760300
vt 0.536300 0.684500
vt 0.522100 0.691200
vt 0.398400 0.707100
vt 0.394900 0.699400
vt 0.402300 0.699200
vt 0.407300 0.706600
vt 0.606700 0.707300
vt 0.607900 0.699000
vt 0.548800 0.736100
vt 0.543600 0.747400
vt 0.563400 0.852300
vt 0.553700 0.828500
vt 0.641000 0.820400
vt 0.638600 0.840400
vt 0.572200 0.873400
vt 0.640800 0.864500
vt 0.660000 0.823100
vt 0.655300 0.844400
vt 0.660000 0.861100
vt 0.749900 0.821200
vt 0.751200 0.829100
vt 0.751700 0.840000
vt 0.641800 0.875000
vt 0.578300 0.889400
vt 0.528000 0.785100
vt 0.641800 0.796400
vt 0.546100 0.750800
vt 0.636900 0.782400
vt 0.577200 0.746500
vt 0.634400 0.763700
vt 0.652800 0.794400
vt 0.748100 0.814100
vt 0.660600 0.767200
vt 0.652100 0.780600
vt 0.661000 0.871800
vt 0.748600 0.808000
vt 0.750200 0.802300
vt 0.750100 0.853200
vt 0.608100 0.111700
vt 0.593400 0.114400
vt 0.593500 0.090000
vt 0.606300 0.087900
vt 0.597100 0.073600
vt 0.591900 0.076100
vt 0.582000 0.058500
vt 0.589300 0.053500
vt 0.710600 0.192000
vt 0.701600 0.195800
vt 0.701000 0.191200
vt 0.708400 0.188100
vt 0.702900 0.178000
vt 0.695400 0.179100
vt 0.683700 0.159200
vt 0.698600 0.158500
vt 0.601800 0.062900
vt 0.605300 0.065300
vt 0.691000 0.182300
vt 0.594900 0.054100
vt 0.679600 0.160000
vt 0.617900 0.066000
vt 0.622100 0.093700
vt 0.644400 0.111800
vt 0.638800 0.123700
vt 0.624600 0.113300
vt 0.671300 0.149900
vt 0.675500 0.146100
vt 0.663200 0.120000
vt 0.649900 0.133300
vt 0.649500 0.088900
vt 0.676200 0.108100
vt 0.671900 0.124700
vt 0.669600 0.126300
vt 0.659400 0.124900
vt 0.681700 0.115700
vt 0.671500 0.150100
vt 0.690800 0.139000
vt 0.700200 0.101000
vt 0.712300 0.131700
vt 0.661100 0.057600
vt 0.695500 0.095100
vt 0.624100 0.056500
vt 0.622800 0.039100
vt 0.670400 0.034000
vt 0.701900 0.162600
vt 0.714300 0.154600
vt 0.715000 0.158000
vt 0.715400 0.085500
vt 0.717400 0.088200
vt 0.733700 0.129600
vt 0.739100 0.158600
vt 0.732900 0.162300
vt 0.744000 0.094400
vt 0.756600 0.124800
vt 0.746400 0.091600
vt 0.754900 0.161000
vt 0.756600 0.163300
vt 0.762400 0.124300
vt 0.679700 0.011800
vt 0.713900 0.046000
vt 0.619800 0.016100
s 1
usemtl Tshirt.001
f 69/1/1 19/2/1 20/3/1 67/4/1
f 37/5/2 39/6/2 30/7/2 28/8/2
f 38/9/3 37/5/3 28/8/3 29/10/3
f 30/7/4 27/11/4 25/12/4 28/8/4
f 7/13/5 8/14/5 29/10/5 26/15/5
f 42/16/6 41/17/6 37/5/6 38/9/6
f 20/3/7 9/18/7 65/19/7 67/4/7
f 67/4/8 65/19/8 35/20/8 33/21/8
f 75/22/9 76/23/9 27/11/9 30/7/9
f 15/24/10 14/25/10 11/26/10 12/27/10
f 60/28/11 58/29/11 59/30/11 61/31/11
f 43/32/12 39/6/12 37/5/12 41/17/12
f 42/16/13 81/33/13 80/34/13 41/17/13
f 23/35/14 10/36/14 7/13/14 26/15/14
f 71/37/15 21/38/15 68/39/15 79/40/15
f 18/41/16 21/38/16 71/37/16 72/42/16
f 68/39/17 21/38/17 19/2/17 69/1/17
f 21/38/18 18/41/18 16/43/18 19/2/18
f 16/43/19 14/25/19 15/24/19 17/44/19
f 23/35/20 22/45/20 34/46/20 33/21/20
f 15/24/21 5/47/21 4/48/21 17/44/21
f 79/40/22 68/39/22 32/49/22 78/50/22
f 8/14/23 36/51/23 38/9/23 29/10/23
f 32/49/24 68/39/24 69/1/24 34/46/24
f 39/6/25 43/32/25 70/52/25 74/53/25
f 78/50/26 32/49/26 24/54/26 77/55/26
f 25/12/27 22/45/27 23/35/27 26/15/27
f 22/45/28 24/54/28 32/49/28 34/46/28
f 27/11/29 24/54/29 22/45/29 25/12/29
f 36/51/30 40/56/30 42/16/30 38/9/30
f 4/48/31 9/18/31 20/3/31 17/44/31
f 39/6/32 74/53/32 75/22/32 30/7/32
f 33/21/33 34/46/33 69/1/33 67/4/33
f 12/27/34 6/57/34 5/47/34 15/24/34
f 35/20/35 49/58/35 50/59/35 10/36/35
f 65/19/36 9/18/36 48/60/36 66/61/36
f 47/62/37 48/60/37 9/18/37 4/48/37
f 28/8/38 25/12/38 26/15/38 29/10/38
f 4/48/39 5/47/39 46/63/39 47/62/39
f 5/47/40 6/57/40 45/64/40 46/63/40
f 13/65/41 18/41/41 72/42/41 73/66/41
f 76/23/42 77/55/42 24/54/42 27/11/42
f 83/67/43 70/52/43 43/32/43 82/68/43
f 18/41/44 13/65/44 14/25/44 16/43/44
f 64/69/45 58/70/45 60/71/45 56/72/45
f 41/17/46 80/34/46 82/68/46 43/32/46
f 35/20/47 65/19/47 66/61/47 49/58/47
f 2/73/48 59/30/48 58/29/48 3/74/48
f 53/75/49 52/76/49 72/42/49 71/37/49
f 19/2/50 16/43/50 17/44/50 20/3/50
f 35/20/51 10/36/51 23/35/51 33/21/51
usemtl Skin.001
f 86/77/52 84/78/52 87/79/52 89/80/52
f 85/81/53 86/77/53 89/80/53 88/82/53
f 89/80/54 87/79/54 90/83/54 92/84/54
f 88/82/55 89/80/55 92/84/55 91/85/55
f 92/84/56 90/83/56 93/86/56 95/87/56
f 91/85/57 92/84/57 95/87/57 94/88/57
f 88/82/58 97/89/58 96/90/58 85/81/58
f 84/78/59 98/91/59 99/92/59 87/79/59
f 98/91/60 100/93/60 101/94/60 99/92/60
f 100/93/61 96/95/61 97/96/61 101/94/61
f 87/79/62 99/92/62 102/97/62 90/83/62
f 90/83/63 102/97/63 103/98/63 93/86/63
f 101/94/64 97/96/64 104/99/64 105/100/64
f 91/85/65 104/101/65 97/89/65 88/82/65
f 102/97/66 99/92/66 101/94/66 105/100/66
f 102/97/67 105/100/67 106/102/67 103/98/67
f 104/99/68 107/103/68 106/102/68 105/100/68
f 94/88/69 107/104/69 104/101/69 91/85/69
f 93/105/70 103/106/70 109/107/70 108/108/70
f 117/109/71 116/110/71 111/111/71 110/112/71
f 110/113/72 111/114/72 113/115/72 112/116/72
f 119/117/73 118/118/73 115/119/73 114/120/73
f 117/109/74 119/121/74 114/122/74 108/108/74
f 116/123/75 118/118/75 113/115/75 111/114/75
f 108/108/76 109/107/76 116/110/76 117/109/76
f 112/116/77 113/115/77 118/118/77 119/117/77
f 110/112/78 112/124/78 119/121/78 117/109/78
f 109/125/79 115/119/79 118/118/79 116/123/79
f 108/108/80 114/122/80 121/126/80 120/127/80
f 123/128/81 94/129/81 95/130/81 120/127/81
f 93/105/82 108/108/82 120/127/82 95/130/82
f 103/131/83 122/132/83 115/119/83 109/125/83
f 94/129/84 123/128/84 125/133/84 107/134/84
f 125/133/85 123/128/85 124/135/85 126/136/85
f 127/137/86 106/138/86 107/139/86 125/133/86
f 127/137/87 125/133/87 126/136/87 128/140/87
f 122/132/88 103/141/88 106/138/88 127/137/88
f 122/132/89 127/137/89 128/140/89 129/142/89
f 129/142/90 114/120/90 115/119/90 122/132/90
f 129/142/91 128/140/91 134/143/91 135/144/91
f 126/136/92 124/135/92 132/145/92 133/146/92
f 131/147/93 137/148/93 147/149/93 132/145/93
f 128/140/94 126/136/94 133/146/94 134/143/94
f 121/150/95 114/120/95 130/151/95 131/152/95
f 114/120/96 129/142/96 135/144/96 130/151/96
f 134/143/97 133/146/97 138/153/97 139/154/97
f 124/135/98 121/126/98 131/147/98 132/145/98
f 130/151/99 135/144/99 140/155/99 136/156/99
f 131/152/100 130/151/100 136/156/100 137/157/100
f 135/144/101 134/143/101 139/154/102 140/155/103
f 140/155/103 139/154/102 145/158/104 146/159/104
f 139/154/105 138/153/105 144/160/105 145/158/105
f 123/128/106 120/127/106 121/126/106 124/135/106
f 136/156/107 140/155/107 146/159/107 141/161/107
f 137/157/108 136/156/108 141/161/108 142/162/108
f 143/163/109 146/159/109 145/158/109 144/160/109
f 141/161/110 146/159/110 143/163/110 142/162/110
f 132/145/111 147/149/111 138/153/111 133/146/111
f 147/149/112 143/164/112 144/165/112 138/153/112
f 137/148/113 142/166/113 143/164/113 147/149/113
l 51 62
l 51 54
l 56 63
l 44 62
l 53 54
l 1 3
l 55 63
l 55 57
l 31 57
o Hat.001
v -0.112917 1.771943 -0.028497
v -0.109790 1.772245 -0.046258
v -0.127453 1.757654 -0.063681
v -0.146975 1.738080 -0.078588
v -0.160672 1.712647 -0.093070
v -0.163960 1.685204 -0.100876
v -0.097229 1.771422 -0.058206
v -0.105366 1.756239 -0.087477
v -0.112805 1.743424 -0.114036
v -0.118381 1.716352 -0.134798
v -0.119091 1.688537 -0.144804
v -0.081099 1.771443 -0.058208
v -0.072957 1.756311 -0.087481
v -0.065545 1.743488 -0.114041
v -0.059789 1.716466 -0.134798
v -0.059031 1.688633 -0.144825
v -0.068600 1.772306 -0.046262
v -0.050892 1.757789 -0.063689
v -0.033250 1.742638 -0.078600
v -0.019964 1.712887 -0.093086
v -0.014134 1.685454 -0.100902
v -0.065469 1.771807 -0.028501
v -0.044111 1.757944 -0.028032
v -0.024453 1.738877 -0.026695
v -0.006116 1.710290 -0.025779
v -0.000666 1.681153 -0.022404
v -0.071845 1.772031 -0.008980
v -0.053496 1.760250 0.006676
v -0.037673 1.741814 0.025454
v -0.021931 1.714888 0.048244
v -0.015623 1.683290 0.055439
v -0.082494 1.770002 0.000849
v -0.076448 1.762633 0.029880
v -0.067908 1.745944 0.060898
v -0.058713 1.717473 0.088777
v -0.057015 1.688041 0.097755
v -0.095828 1.770563 0.000850
v -0.101862 1.768207 0.029881
v -0.110422 1.745858 0.060901
v -0.119411 1.717381 0.088785
v -0.121050 1.687935 0.097754
v -0.095755 1.774221 -0.028506
v -0.106535 1.772215 -0.008976
v -0.124843 1.760126 0.006684
v -0.140650 1.741630 0.025464
v -0.156193 1.714659 0.048260
v -0.162432 1.683031 0.055451
v -0.134228 1.757789 -0.028021
v -0.153870 1.738651 -0.026679
v -0.172007 1.709993 -0.025762
v -0.177411 1.680838 -0.022384
v -0.166159 1.670729 -0.102435
v -0.119561 1.673594 -0.148406
v -0.058509 1.673702 -0.148423
v -0.011885 1.671005 -0.102461
v 0.002331 1.664640 -0.022230
v -0.012973 1.668446 0.056521
v -0.057823 1.671116 0.102642
v -0.120182 1.670999 0.102642
v -0.165030 1.668170 0.056534
v -0.180352 1.664328 -0.022209
v -0.163257 1.663398 -0.099069
v -0.118253 1.666279 -0.143511
v -0.059792 1.666382 -0.143511
v -0.014766 1.663662 -0.099087
v 0.000834 1.657644 -0.023181
v -0.014883 1.661223 0.053329
v -0.059557 1.661819 0.099835
v -0.118420 1.661717 0.099847
v -0.163101 1.660958 0.053346
v -0.178828 1.657344 -0.023160
v -0.167942 1.663682 -0.104155
v -0.119908 1.666289 -0.150723
v -0.058137 1.666401 -0.150737
v -0.010084 1.663954 -0.104173
v 0.006263 1.657839 -0.023126
v -0.009951 1.661829 0.058047
v -0.058103 1.662030 0.105949
v -0.119871 1.661918 0.105954
v -0.168033 1.661546 0.058064
v -0.184249 1.657500 -0.023106
v -0.225210 1.664151 -0.145840
v -0.142321 1.666312 -0.218569
v -0.035741 1.666508 -0.218579
v 0.047173 1.664626 -0.145871
v 0.085404 1.676404 -0.011741
v 0.048083 1.662837 0.099936
v -0.035424 1.663003 0.174557
v -0.142540 1.662817 0.174567
v -0.226058 1.662362 0.099967
v -0.263452 1.675794 -0.011703
v -0.232325 1.664254 -0.152428
v -0.145050 1.666012 -0.228590
v -0.033013 1.666198 -0.228610
v 0.054288 1.664760 -0.152459
v 0.097911 1.673530 -0.013980
v 0.055839 1.663013 0.106471
v -0.032705 1.663095 0.184650
v -0.145256 1.662899 0.184660
v -0.233825 1.662506 0.106513
v -0.275945 1.672775 -0.013932
v -0.233070 1.657067 -0.152593
v -0.145061 1.659373 -0.229842
v -0.032979 1.659569 -0.229851
v 0.055053 1.657574 -0.152624
v 0.094711 1.664585 -0.015143
v 0.056646 1.655878 0.108022
v -0.032934 1.654213 0.186056
v -0.144997 1.654016 0.186066
v -0.234600 1.655371 0.108054
v -0.272719 1.663851 -0.015096
v -0.226462 1.656974 -0.146450
v -0.142475 1.659383 -0.220151
v -0.035562 1.659569 -0.220162
v 0.048445 1.657449 -0.146481
v 0.093278 1.663416 -0.014742
v 0.049841 1.654471 0.102418
v -0.035558 1.654068 0.176584
v -0.142373 1.653892 0.176594
v -0.227785 1.653995 0.102449
v -0.271281 1.662724 -0.014698
v -0.158666 1.656145 -0.092362
v -0.116218 1.659157 -0.133391
v -0.061799 1.659256 -0.133403
v -0.019340 1.656385 -0.092370
v -0.002992 1.650761 -0.023868
v -0.018610 1.654094 0.047052
v -0.062582 1.652743 0.089262
v -0.115367 1.652657 0.089278
v -0.159359 1.653853 0.047078
v -0.174961 1.650456 -0.023849
v -0.082565 1.771712 -0.028507
vn -0.6100 0.5837 -0.5359
vn -0.6863 0.2677 -0.6763
vn -0.3280 0.8682 -0.3723
vn -0.4367 0.8244 -0.3600
vn -0.0011 0.6089 -0.7933
vn -0.0008 0.3387 -0.9409
vn -0.0018 0.8880 -0.4598
vn -0.0016 0.9006 -0.4347
vn 0.3742 0.8577 -0.3525
vn 0.6246 0.5523 -0.5522
vn 0.6907 0.2954 -0.6600
vn 0.3255 0.8694 -0.3718
vn 0.6564 0.7495 -0.0859
vn 0.8573 0.4964 -0.1364
vn 0.9636 0.2056 -0.1708
vn 0.5567 0.8249 -0.0980
vn 0.9584 0.2177 0.1845
vn 0.5081 0.8545 0.1078
vn 0.6828 0.7181 0.1344
vn 0.8117 0.5637 0.1531
vn 0.7128 0.2655 0.6491
vn 0.2615 0.9306 0.2560
vn 0.4747 0.8117 0.3403
vn 0.5813 0.6760 0.4530
vn -0.0011 0.6996 0.7145
vn -0.0004 0.2916 0.9565
vn 0.1543 0.9745 0.1632
vn 0.0682 0.8444 0.5314
vn -0.5841 0.6731 0.4537
vn -0.7135 0.2638 0.6491
vn -0.3114 0.9407 0.1345
vn -0.5567 0.7549 0.3467
vn -0.6845 0.7166 0.1343
vn -0.8149 0.5589 0.1537
vn -0.9588 0.2158 0.1847
vn -0.8422 0.5257 -0.1196
vn -0.9741 0.1622 -0.1576
vn -0.9741 0.1619 -0.1578
vn -0.5615 0.8212 -0.1015
vn -0.6787 0.7258 -0.1118
vn 0.0844 0.9951 -0.0514
vn 0.1145 0.9893 0.0905
vn -0.0688 0.9974 0.0215
vn -0.0348 0.9994 0.0061
vn -0.0489 0.9960 0.0753
vn -0.0708 0.9960 -0.0549
vn -0.5175 0.8486 0.1096
vn -0.9674 0.1780 0.1803
vn 0.6944 0.1874 -0.6948
vn 0.7127 0.1692 0.6808
vn -0.0007 0.2343 -0.9722
vn 0.9668 0.1813 0.1800
vn -0.7131 0.1667 0.6809
vn -0.0005 0.2774 0.9608
vn -0.9730 0.1685 -0.1580
vn -0.6952 0.1849 -0.6946
vn 0.9724 0.1718 -0.1580
vn 0.0009 -0.5567 -0.8307
vn -0.9367 -0.2865 0.2011
vn 0.6581 -0.3810 0.6495
vn 0.5846 -0.5186 -0.6239
vn -0.9256 -0.3202 -0.2020
vn 0.0006 -0.2887 0.9574
vn 0.9266 -0.3171 -0.2021
vn -0.5834 -0.5197 -0.6241
vn -0.6568 -0.3827 0.6498
vn 0.9378 -0.2832 0.2008
vn 0.0391 0.9980 -0.0505
vn 0.0451 0.9973 -0.0576
vn 0.0445 0.9974 -0.0568
vn -0.0429 0.9978 -0.0508
vn -0.0425 0.9978 -0.0502
vn -0.0495 0.9971 -0.0574
vn 0.0205 0.9991 0.0358
vn 0.0043 0.9969 0.0786
vn -0.0018 0.9994 -0.0337
vn -0.0088 0.9968 0.0788
vn -0.0236 0.9991 0.0361
vn 0.0386 0.9980 -0.0499
vn -0.0503 0.9970 -0.0581
vn -0.0018 1.0000 0.0020
vn -0.0018 1.0000 0.0014
vn -0.0083 0.9999 -0.0119
vn -0.0051 0.9999 -0.0127
vn -0.0046 0.9999 -0.0147
vn -0.0083 0.9999 -0.0113
vn 0.0160 0.9997 0.0187
vn 0.1410 0.9900 0.0090
vn 0.1343 0.9909 0.0089
vn 0.1346 0.9909 0.0090
vn -0.0015 0.9999 -0.0133
vn 0.0010 0.9999 -0.0146
vn -0.1377 0.9904 0.0089
vn -0.1444 0.9895 0.0093
vn -0.1380 0.9904 0.0092
vn -0.0194 0.9996 0.0186
vn 0.0049 0.9999 -0.0120
vn 0.0047 0.9999 -0.0113
vn -0.1447 0.9894 0.0090
vn -0.0018 1.0000 0.0010
vn 0.1413 0.9899 0.0089
vn 0.0189 0.9998 0.0006
vn -0.1007 0.9895 -0.1034
vn 0.0042 0.9999 -0.0109
vn -0.0079 0.9999 -0.0112
vn 0.0923 0.9905 -0.1024
vn -0.0220 0.9998 0.0012
vn 0.0046 0.9999 -0.0107
vn 0.1021 0.9853 0.1371
vn -0.0018 0.9995 -0.0304
vn -0.1102 0.9842 0.1382
vn -0.0083 0.9999 -0.0109
vn -0.0002 0.1563 0.9877
vn 0.9522 -0.1207 -0.2805
vn -0.6559 0.1124 -0.7464
vn -0.6504 0.1577 0.7431
vn 0.9445 -0.1333 0.3002
vn -0.0004 0.1847 -0.9828
vn -0.9439 -0.1370 0.3004
vn 0.6500 0.1606 0.7428
vn 0.6554 0.1139 -0.7467
vn -0.9519 -0.1235 -0.2803
vn 0.1574 -0.9875 -0.0018
vn 0.0151 -0.9998 -0.0140
vn 0.0216 -0.9995 -0.0215
vn 0.0222 -0.9995 -0.0220
vn -0.0612 -0.9963 0.0608
vn 0.2835 -0.9586 0.0257
vn 0.0017 -1.0000 0.0005
vn 0.0017 -1.0000 -0.0026
vn 0.0017 -1.0000 -0.0027
vn -0.2757 -0.9609 0.0248
vn 0.0654 -0.9960 0.0616
vn -0.0113 -0.9998 -0.0144
vn -0.0187 -0.9996 -0.0221
vn -0.0181 -0.9996 -0.0215
vn -0.1493 -0.9888 -0.0008
vn 0.0017 -0.9999 0.0142
vn 0.0017 -0.9999 0.0144
vn 0.0225 -0.9995 -0.0225
vn -0.0117 -0.9999 0.0018
vn 0.0806 -0.9967 -0.0044
vn 0.0018 -1.0000 -0.0031
vn -0.0767 -0.9970 -0.0042
vn 0.0152 -0.9999 0.0018
vn -0.0191 -0.9996 -0.0225
vn -0.0735 -0.9970 -0.0221
vn 0.0016 -0.9999 0.0147
vn 0.0773 -0.9968 -0.0219
vt 0.830800 0.606400
vt 0.805400 0.577600
vt 0.837900 0.540300
vt 0.874900 0.550200
vt 0.863200 0.646100
vt 0.921400 0.563600
vt 0.784200 0.556300
vt 0.765900 0.541900
vt 0.780400 0.526400
vt 0.810500 0.534100
vt 0.836400 0.496900
vt 0.873500 0.487700
vt 0.921900 0.474500
vt 0.780600 0.511300
vt 0.810100 0.503200
vt 0.783900 0.481500
vt 0.804800 0.460100
vt 0.830300 0.431400
vt 0.863100 0.391500
vt 0.765800 0.496000
vt 0.751800 0.472500
vt 0.751800 0.445000
vt 0.751800 0.407300
vt 0.751700 0.353800
vt 0.751900 0.493600
vt 0.673100 0.431600
vt 0.640600 0.391900
vt 0.738100 0.496100
vt 0.719800 0.481700
vt 0.698600 0.460300
vt 0.629000 0.487900
vt 0.582500 0.474600
vt 0.723500 0.511500
vt 0.693500 0.504000
vt 0.666100 0.497700
vt 0.667700 0.541200
vt 0.630600 0.550500
vt 0.582200 0.563800
vt 0.723700 0.526600
vt 0.694000 0.534900
vt 0.699300 0.577900
vt 0.673900 0.606600
vt 0.641200 0.646500
vt 0.738300 0.542000
vt 0.720200 0.556500
vt 0.752200 0.565500
vt 0.752300 0.593000
vt 0.752300 0.630600
vt 0.752400 0.684000
vt 0.752100 0.544500
vt 0.752000 0.525400
vt 0.752000 0.512800
vt 0.752500 0.716300
vt 0.621800 0.672400
vt 0.882600 0.365600
vt 0.952800 0.464700
vt 0.551400 0.465000
vt 0.620900 0.365900
vt 0.952500 0.573300
vt 0.751600 0.321400
vt 0.551400 0.573600
vt 0.882900 0.672000
vt 0.969200 0.459500
vt 0.968800 0.578500
vt 0.752500 0.733100
vt 0.611700 0.686000
vt 0.535000 0.459900
vt 0.610700 0.352300
vt 0.892800 0.352000
vt 0.893000 0.685600
vt 0.535000 0.578800
vt 0.751600 0.304500
vt 0.211700 0.344000
vt 0.296200 0.364200
vt 0.296300 0.372700
vt 0.205000 0.351000
vt 0.210100 0.168100
vt 0.158400 0.222800
vt 0.147600 0.220200
vt 0.203300 0.161300
vt 0.431400 0.221000
vt 0.378700 0.166800
vt 0.385400 0.159800
vt 0.442200 0.218200
vt 0.380300 0.342700
vt 0.387000 0.349600
vt 0.159000 0.289900
vt 0.148100 0.292600
vt 0.294200 0.146700
vt 0.294100 0.138100
vt 0.432000 0.288100
vt 0.442800 0.290600
vt 0.050200 0.188000
vt 0.142000 0.075300
vt 0.445400 0.072300
vt 0.539500 0.185200
vt 0.448400 0.435500
vt 0.297300 0.480500
vt 0.050800 0.325700
vt 0.293100 0.030400
vt 0.540200 0.322900
vt 0.145000 0.438500
vt 0.453500 0.062200
vt 0.553800 0.181100
vt 0.456600 0.445500
vt 0.297400 0.492200
vt 0.036600 0.329800
vt 0.036800 0.184100
vt 0.293000 0.018600
vt 0.553600 0.326800
vt 0.136800 0.448700
vt 0.133800 0.065400
vt 0.026200 0.333900
vt 0.026200 0.180700
vt 0.292600 0.007800
vt 0.459200 0.052800
vt 0.564200 0.330200
vt 0.462900 0.454400
vt 0.131100 0.458000
vt 0.127500 0.056400
vt 0.564200 0.177000
vt 0.297700 0.503000
vt 0.507800 0.915100
vt 0.354200 0.996700
vt 0.351800 0.985400
vt 0.498200 0.907600
vt 0.423000 0.524700
vt 0.550300 0.623400
vt 0.538700 0.629500
vt 0.417400 0.535500
vt 0.020900 0.738400
vt 0.095800 0.595800
vt 0.105400 0.603200
vt 0.034000 0.739200
vt 0.180600 0.986200
vt 0.186200 0.975400
vt 0.582700 0.772500
vt 0.569600 0.771700
vt 0.249400 0.514100
vt 0.251800 0.525400
vt 0.053300 0.887500
vt 0.064900 0.881300
vt 0.429700 0.692200
vt 0.366200 0.648700
vt 0.198900 0.685000
vt 0.159200 0.751000
vt 0.237400 0.862200
vt 0.325600 0.864900
vt 0.444400 0.759900
vt 0.278000 0.645900
vt 0.173900 0.818600
vt 0.404700 0.825800
s 1
usemtl Hat.001
f 152/167/114 151/168/114 156/169/114 157/170/114
f 153/171/115 152/167/115 157/170/115 158/172/115
f 150/173/116 149/174/116 154/175/116 155/176/116
f 151/168/117 150/173/117 155/176/117 156/169/117
f 157/170/118 156/169/118 161/177/118 162/178/118
f 158/172/119 157/170/119 162/178/119 163/179/119
f 155/176/120 154/175/120 159/180/120 160/181/120
f 156/169/121 155/176/121 160/181/121 161/177/121
f 161/177/122 160/181/122 165/182/122 166/183/122
f 162/178/123 161/177/123 166/183/123 167/184/123
f 163/179/124 162/178/124 167/184/124 168/185/124
f 160/181/125 159/180/125 164/186/125 165/182/125
f 166/183/126 165/182/126 170/187/126 171/188/126
f 167/184/127 166/183/127 171/188/127 172/189/127
f 168/185/128 167/184/128 172/189/128 173/190/128
f 165/182/129 164/186/129 169/191/129 170/187/129
f 173/190/130 172/189/130 177/192/130 178/193/130
f 170/187/131 169/191/131 174/194/131 175/195/131
f 171/188/132 170/187/132 175/195/132 176/196/132
f 172/189/133 171/188/133 176/196/133 177/192/133
f 178/193/134 177/192/134 182/197/134 183/198/134
f 175/195/135 174/194/135 179/199/135 180/200/135
f 176/196/136 175/195/136 180/200/136 181/201/136
f 177/192/137 176/196/137 181/201/137 182/197/137
f 182/197/138 181/201/138 186/202/138 187/203/138
f 183/198/139 182/197/139 187/203/139 188/204/139
f 180/200/140 179/199/140 184/205/140 185/206/140
f 181/201/141 180/200/141 185/206/141 186/202/141
f 187/203/142 186/202/142 192/207/142 193/208/142
f 188/204/143 187/203/143 193/208/143 194/209/143
f 185/206/144 184/205/144 190/210/144 191/211/144
f 186/202/145 185/206/145 191/211/145 192/207/145
f 192/207/146 191/211/146 195/212/146 196/213/146
f 193/208/147 192/207/147 196/213/147 197/214/147
f 194/209/148 193/208/148 197/214/148 198/215/148
f 197/214/149 196/213/149 151/168/149 152/167/149
f 198/215/150 197/214/151 152/167/151 153/171/150
f 195/212/152 148/216/152 149/174/152 150/173/152
f 196/213/153 195/212/153 150/173/153 151/168/153
f 154/175/154 189/217/154 279/218/154 159/180/154
f 184/205/155 179/199/155 279/218/155 189/217/155
f 174/194/156 169/191/156 279/218/156 179/199/156
f 159/180/157 279/218/157 169/191/157 164/186/157
f 184/205/158 189/217/158 148/216/158 190/210/158
f 148/216/159 189/217/159 154/175/159 149/174/159
f 191/211/160 190/210/160 148/216/160 195/212/160
f 194/209/161 198/215/161 208/219/161 207/220/161
f 163/179/162 168/185/162 202/221/162 201/222/162
f 178/193/163 183/198/163 205/223/163 204/224/163
f 158/172/164 163/179/164 201/222/164 200/225/164
f 173/190/165 178/193/165 204/224/165 203/226/165
f 188/204/166 194/209/166 207/220/166 206/227/166
f 183/198/167 188/204/167 206/227/167 205/223/167
f 198/215/150 153/171/150 199/228/168 208/219/168
f 153/171/169 158/172/169 200/225/169 199/228/169
f 168/185/170 173/190/170 203/226/170 202/221/170
f 200/225/171 201/222/171 211/229/171 210/230/171
f 207/220/172 208/219/172 218/231/172 217/232/172
f 204/224/173 205/223/173 215/233/173 214/234/173
f 201/222/174 202/221/174 212/235/174 211/229/174
f 208/219/175 199/228/175 209/236/175 218/231/175
f 205/223/176 206/227/176 216/237/176 215/233/176
f 202/221/177 203/226/177 213/238/177 212/235/177
f 199/228/178 200/225/178 210/230/178 209/236/178
f 206/227/179 207/220/179 217/232/179 216/237/179
f 203/226/180 204/224/180 214/234/180 213/238/180
f 217/239/181 218/240/182 228/241/182 227/242/183
f 214/243/184 215/244/185 225/245/185 224/246/186
f 211/247/187 212/248/187 222/249/187 221/250/187
f 218/240/188 209/251/188 219/252/188 228/241/188
f 215/244/189 216/253/189 226/254/189 225/245/189
f 212/248/190 213/255/190 223/256/190 222/249/190
f 209/251/191 210/257/191 220/258/191 219/252/191
f 216/253/192 217/239/181 227/242/183 226/254/192
f 213/255/193 214/243/184 224/246/186 223/256/193
f 210/257/194 211/247/194 221/250/195 220/258/195
f 224/246/196 225/245/197 235/259/198 234/260/199
f 221/250/200 222/249/200 232/261/200 231/262/200
f 228/241/201 219/252/202 229/263/202 238/264/203
f 225/245/197 226/254/204 236/265/205 235/259/198
f 222/249/206 223/256/207 233/266/208 232/261/206
f 219/252/209 220/258/209 230/267/209 229/263/209
f 226/254/204 227/242/210 237/268/211 236/265/205
f 223/256/207 224/246/212 234/260/212 233/266/208
f 220/258/195 221/250/195 231/262/213 230/267/213
f 227/242/214 228/241/201 238/264/203 237/268/214
f 231/262/215 232/261/215 242/269/215 241/270/215
f 238/264/216 229/263/216 239/271/216 248/272/216
f 235/259/198 236/265/205 246/273/217 245/274/218
f 232/261/219 233/266/219 243/275/219 242/269/219
f 229/263/220 230/267/220 240/276/220 239/271/220
f 236/265/205 237/268/211 247/277/221 246/273/217
f 233/266/222 234/260/222 244/278/222 243/275/222
f 230/267/223 231/262/223 241/270/223 240/276/223
f 237/268/224 238/264/224 248/272/224 247/277/224
f 234/260/199 235/259/198 245/274/218 244/278/225
f 245/274/226 246/273/226 256/279/226 255/280/226
f 242/269/227 243/275/227 253/281/227 252/282/227
f 239/271/228 240/276/228 250/283/228 249/284/228
f 246/273/229 247/277/229 257/285/229 256/279/229
f 243/275/230 244/278/230 254/286/230 253/281/230
f 240/276/231 241/270/231 251/287/231 250/283/231
f 247/277/232 248/272/232 258/288/232 257/285/232
f 244/278/233 245/274/233 255/280/233 254/286/233
f 241/270/234 242/269/234 252/282/234 251/287/234
f 248/272/235 239/271/235 249/284/235 258/288/235
f 252/289/236 253/290/236 263/291/236 262/292/236
f 249/293/237 250/294/237 260/295/238 259/296/239
f 256/297/240 257/298/240 267/299/240 266/300/240
f 253/290/241 254/301/241 264/302/241 263/291/241
f 250/294/242 251/303/242 261/304/243 260/295/244
f 257/298/245 258/305/245 268/306/245 267/299/245
f 254/301/246 255/307/246 265/308/246 264/302/246
f 251/303/247 252/289/247 262/292/248 261/304/249
f 258/305/250 249/293/250 259/296/250 268/306/250
f 255/307/251 256/297/251 266/300/252 265/308/252
f 259/296/239 260/295/238 270/309/253 269/310/253
f 266/300/254 267/299/254 277/311/254 276/312/254
f 263/291/255 264/302/255 274/313/255 273/314/255
f 260/295/244 261/304/243 271/315/256 270/309/256
f 267/299/257 268/306/257 278/316/257 277/311/257
f 264/302/258 265/308/258 275/317/258 274/313/258
f 261/304/249 262/292/248 272/318/259 271/315/259
f 268/306/260 259/296/260 269/310/260 278/316/260
f 265/308/252 266/300/252 276/312/261 275/317/261
f 262/292/262 263/291/262 273/314/262 272/318/262
o Worker.009
v -0.173455 1.310310 0.069479
v -0.207982 1.244355 0.061978
v -0.210464 1.226257 0.052134
v -0.220174 1.225027 0.041923
v -0.234217 1.206392 -0.104704
v -0.228033 1.190291 -0.099631
v -0.247692 1.205079 0.001798
v -0.196601 1.198161 -0.141652
v -0.169104 1.208657 -0.148736
v -0.245448 1.191481 -0.054309
v -0.249677 1.197447 -0.033084
v -0.216958 1.192960 -0.125210
v -0.192379 1.226661 0.066119
v -0.156248 1.246236 0.076540
v -0.179049 1.242658 0.070240
v -0.195243 1.243765 0.066149
v -0.167451 1.242814 0.072776
v -0.171017 1.260942 0.071834
v -0.199430 1.261159 0.068385
v -0.182805 1.258946 0.070046
v -0.121254 1.267209 0.081368
v -0.160175 1.264768 0.074925
v -0.150066 1.265771 0.076775
v -0.238250 1.214438 0.018965
v -0.250443 1.200508 -0.015546
v -0.174119 1.285378 0.073556
v -0.203184 1.284922 0.068345
v -0.186382 1.284250 0.071070
v -0.122315 1.288252 0.081403
v -0.162671 1.287373 0.076324
v -0.150656 1.288563 0.079817
v -0.252511 1.208461 -0.051383
v -0.169420 1.221542 -0.154816
v -0.218499 1.209257 -0.128633
v -0.250381 1.221584 0.002335
v -0.200495 1.214686 -0.151900
v -0.224031 1.241882 0.044403
v -0.213246 1.246660 0.054706
v -0.242314 1.229918 0.020351
v -0.253876 1.210654 -0.029464
v -0.254227 1.216154 -0.012982
v -0.240143 1.189712 -0.078340
v -0.141014 1.277974 -0.173089
v -0.230009 1.220095 0.032205
v -0.245386 1.205214 -0.078277
v -0.137363 1.245730 -0.159790
v -0.233214 1.236475 0.034783
v -0.134277 1.226423 -0.151373
v -0.132620 1.211512 -0.149863
v -0.205645 1.224924 0.063523
v -0.171112 1.374022 0.032134
v -0.173800 1.411373 0.014437
v -0.174459 1.438850 0.001766
v -0.183141 1.458911 -0.012829
v -0.175021 1.490317 -0.097350
v -0.150859 1.443885 -0.143907
v -0.135416 1.378748 -0.159790
v -0.127279 1.355025 -0.163803
v -0.122007 1.311500 -0.173161
v -0.226245 1.365293 0.021161
v -0.219326 1.349162 0.028253
v -0.219668 1.334942 0.036548
v -0.247268 1.418560 -0.003914
v -0.217124 1.385572 0.017626
v -0.205180 1.361023 0.032089
v -0.204611 1.340847 0.042920
v -0.233101 1.434290 -0.012134
v -0.207724 1.399688 0.013763
v -0.195903 1.368726 0.035651
v -0.140732 1.402035 0.023359
v -0.147952 1.373959 0.036615
v -0.202305 1.309027 0.066778
v -0.239026 1.266350 -0.024410
v -0.238933 1.244458 -0.033525
v -0.232511 1.341592 0.012705
v -0.229047 1.329369 0.014766
v -0.232770 1.320899 0.022128
v -0.233173 1.287445 -0.018178
v -0.247423 1.296391 -0.003846
v -0.253276 1.292130 0.001286
v -0.247671 1.469060 -0.082878
v -0.248654 1.449905 -0.036796
v -0.244362 1.416988 -0.140670
v -0.219916 1.331696 -0.161373
v -0.220102 1.436879 -0.147598
v -0.190477 1.340909 -0.170431
v -0.257392 1.267105 -0.075629
v -0.235024 1.318096 -0.126927
v -0.251197 1.283176 -0.047576
v -0.236037 1.301509 -0.126503
v -0.219254 1.285854 -0.079377
v -0.237010 1.281014 -0.128788
v -0.222036 1.268046 -0.087580
v -0.241756 1.258119 -0.135075
v -0.223576 1.246143 -0.095212
v -0.212987 1.291459 -0.079173
v -0.227599 1.304002 -0.006485
v -0.235272 1.307332 -0.004483
v -0.247164 1.302089 0.008870
v -0.242521 1.222245 -0.042659
v -0.244982 1.238336 -0.140722
v -0.224817 1.226464 -0.100109
v -0.244362 1.206517 -0.048941
v -0.234641 1.327000 0.003157
v -0.246761 1.222866 -0.144806
v -0.228302 1.212691 -0.106268
v -0.239222 1.301530 0.035232
v -0.221725 1.306504 0.050007
v -0.186604 1.309151 0.069738
v -0.133620 1.423855 0.016054
v -0.241105 1.222174 -0.110040
v -0.213215 1.478198 -0.089994
v -0.220505 1.420328 0.002598
v -0.229461 1.404031 0.008663
v -0.255189 1.315883 0.000792
v -0.260794 1.291500 -0.007151
v -0.262635 1.270291 -0.016301
v -0.260039 1.246775 -0.022414
v -0.262511 1.225265 -0.030911
v -0.262697 1.210777 -0.035157
v -0.221932 1.352698 -0.160349
v -0.195083 1.361467 -0.170576
v -0.248912 1.267042 -0.130122
v -0.254103 1.317652 -0.144444
v -0.250101 1.309286 -0.144692
v -0.257092 1.278428 0.002324
v -0.211819 1.293423 -0.164496
v -0.185691 1.302926 -0.171910
v -0.146331 1.311064 -0.177236
v -0.255665 1.261573 -0.065492
v -0.254476 1.266960 -0.037951
v -0.236161 1.281096 -0.148550
v -0.253204 1.286174 0.013207
v -0.257050 1.283971 -0.012898
v -0.225396 1.221201 -0.065166
v -0.224786 1.241779 -0.057307
v -0.220050 1.278366 -0.040859
v -0.233163 1.317612 0.006442
v -0.261807 1.254417 -0.012372
v -0.241146 1.288573 -0.026464
v -0.223566 1.263103 -0.046974
v -0.189797 1.480813 -0.043211
v -0.255520 1.238564 0.002012
v -0.257898 1.225957 -0.027565
v -0.219554 1.266413 0.053405
v -0.247371 1.246640 0.017024
v -0.229926 1.261893 0.044004
v -0.257144 1.221367 -0.047153
v -0.224931 1.225948 -0.137195
v -0.201333 1.237158 -0.162097
v -0.173310 1.240674 -0.165199
v -0.117432 1.398944 0.025512
v -0.121450 1.376255 0.041936
v -0.123433 1.351343 0.052442
v -0.123358 1.314777 0.073182
v -0.113703 1.417692 0.022198
v -0.259522 1.261986 0.002537
v -0.259429 1.246568 -0.030553
v -0.259470 1.239640 -0.051694
v -0.231188 1.256102 -0.142986
v -0.203349 1.266081 -0.160338
v -0.181261 1.273331 -0.172210
v -0.223018 1.285233 0.053090
v -0.255127 1.268811 0.014602
v -0.236617 1.283382 0.039590
v -0.245830 1.246372 -0.117123
v -0.116222 1.489118 -0.115024
v -0.155189 1.497493 -0.102857
v -0.116180 1.496243 -0.111663
v -0.151380 1.506315 -0.095383
v -0.133733 1.441776 0.013582
v -0.172551 1.466108 -0.011977
v -0.157679 1.454123 -0.002702
v -0.111833 1.437785 0.020024
v -0.124843 1.449883 0.000432
v -0.162110 1.471848 -0.012165
v -0.148271 1.460928 -0.005321
v -0.109752 1.449356 0.006508
v -0.180967 1.485043 -0.043861
v -0.172687 1.490896 -0.044497
v -0.212987 1.264892 0.062081
v -0.215469 1.285171 0.062506
v -0.162926 1.312048 0.069542
v -0.150414 1.313454 0.071087
v -0.155421 1.348769 -0.172458
v -0.228437 1.206547 -0.071539
v -0.258281 1.271821 -0.011897
v -0.258498 1.233237 -0.012779
v -0.240856 1.311375 0.014503
v -0.254352 1.261749 -0.094929
v -0.254713 1.240859 -0.081414
v -0.247868 1.296287 0.024937
v -0.246223 1.277043 0.028287
v -0.251539 1.221491 -0.075148
v -0.245024 1.308252 -0.132025
v -0.239967 1.254623 0.033188
v -0.241477 1.322637 -0.149615
v -0.162646 1.369078 -0.169832
v -0.190605 1.439181 -0.148291
v -0.119739 1.387547 -0.150794
v -0.218582 1.465561 -0.041334
v -0.212625 1.444981 -0.016491
v -0.203473 1.430856 -0.000492
v -0.192748 1.408798 0.011447
v -0.182391 1.373390 0.034346
v -0.121497 1.446636 -0.137909
v -0.148586 1.447237 0.004178
v -0.139045 1.454589 -0.001236
v -0.151363 1.427422 0.010652
v -0.160289 1.373308 0.034113
v -0.154855 1.407247 0.019011
v -0.210319 1.307208 0.059739
v -0.171106 1.349626 0.048123
v -0.150530 1.350837 0.051419
v -0.162490 1.350020 0.050260
v -0.181771 1.348003 0.047216
v -0.195145 1.344673 0.046128
v -0.140334 1.397806 -0.156078
v -0.199947 1.379750 -0.168373
v -0.226668 1.369513 -0.157505
v -0.260742 1.269266 -0.147743
v -0.256544 1.292678 -0.145830
v -0.254827 1.309700 -0.142159
v -0.257237 1.333288 -0.140463
v -0.169222 1.388364 -0.164475
v -0.118763 1.402635 -0.147329
v -0.247351 1.210250 -0.055870
v -0.253018 1.224086 -0.139077
v -0.234869 1.214107 -0.106972
v -0.266047 1.213000 -0.041840
v -0.234062 1.208895 -0.076456
v -0.116478 1.500905 -0.108979
v -0.148608 1.507897 -0.091900
v -0.123620 1.454661 -0.001664
v -0.155824 1.472975 -0.012753
v -0.142681 1.462923 -0.006417
v -0.167481 1.492726 -0.044988
v -0.132426 1.457391 -0.003457
v -0.098191 1.281541 -0.164434
v -0.101208 1.308996 -0.167774
v -0.102786 1.360464 -0.155395
v -0.117741 1.244624 -0.155540
v -0.123593 1.280807 -0.169118
v -0.101079 1.448622 -0.133721
v -0.100621 1.401415 -0.144103
v -0.207486 1.206713 0.054509
v -0.216679 1.207871 0.040639
v -0.231012 1.172630 -0.101931
v -0.244476 1.187075 0.000480
v -0.191248 1.180416 -0.133400
v -0.164078 1.185793 -0.142397
v -0.238395 1.173570 -0.053684
v -0.243059 1.179485 -0.033753
v -0.211767 1.176104 -0.118323
v -0.189352 1.209753 0.062695
v -0.234755 1.197159 0.018299
v -0.246503 1.180644 -0.016226
v -0.238395 1.171502 -0.078136
v -0.225448 1.203549 0.030886
v -0.132282 1.192402 -0.147753
v -0.202119 1.207230 0.059580
v -0.207351 1.190488 0.051146
v -0.215180 1.187996 0.041402
v -0.227992 1.154025 -0.099065
v -0.238819 1.168709 -0.000186
v -0.188627 1.161264 -0.128209
v -0.166582 1.165309 -0.138271
v -0.246627 1.154150 -0.062913
v -0.240598 1.156807 -0.036399
v -0.203784 1.157159 -0.110195
v -0.194015 1.193032 0.058851
v -0.232284 1.176827 0.017639
v -0.241684 1.162112 -0.018169
v -0.244827 1.152361 -0.084633
v -0.222532 1.184418 0.030259
v -0.146611 1.171233 -0.143327
v -0.200505 1.191914 0.056705
v -0.204952 1.173900 0.050576
v -0.208106 1.170871 0.040862
v -0.223721 1.134926 -0.095179
v -0.230743 1.150882 0.000087
v -0.188269 1.141058 -0.125882
v -0.167616 1.144564 -0.135882
v -0.245044 1.135722 -0.060861
v -0.244341 1.141193 -0.035182
v -0.204177 1.137573 -0.109432
v -0.193114 1.176228 0.057180
v -0.226048 1.157448 0.016852
v -0.237289 1.145567 -0.016824
v -0.236244 1.133891 -0.076942
v -0.216741 1.164801 0.030083
v -0.150183 1.150581 -0.141621
v -0.198231 1.174997 0.054371
v -0.201612 1.155928 0.048071
v -0.208179 1.152277 0.040371
v -0.219471 1.114564 -0.090583
v -0.230794 1.130727 0.002964
v -0.189979 1.120355 -0.125934
v -0.170375 1.124316 -0.135685
v -0.235520 1.114958 -0.053261
v -0.238633 1.120241 -0.033081
v -0.206648 1.117201 -0.109853
v -0.189080 1.158617 0.054650
v -0.219978 1.137397 0.016580
v -0.239615 1.124956 -0.013113
v -0.228333 1.113406 -0.071397
v -0.211415 1.145566 0.029448
v -0.152442 1.129972 -0.140908
v -0.193706 1.157748 0.052848
v -0.197185 1.134563 0.043690
v -0.208075 1.130624 0.034846
v -0.221632 1.093985 -0.090773
v -0.222149 1.106684 0.002448
v -0.192158 1.098225 -0.125779
v -0.172799 1.102362 -0.136461
v -0.231787 1.092135 -0.052147
v -0.229626 1.097005 -0.032390
v -0.210433 1.096251 -0.110970
v -0.185017 1.137914 0.050889
v -0.216224 1.114905 0.016026
v -0.226193 1.100148 -0.014226
v -0.228344 1.092434 -0.072073
v -0.211540 1.124212 0.029079
v -0.154709 1.107987 -0.141073
v -0.189339 1.136725 0.048420
v -0.196006 1.115133 0.042255
v -0.205066 1.111141 0.026945
v -0.223628 1.076023 -0.093030
v -0.216906 1.084575 0.000444
v -0.193919 1.081080 -0.126037
v -0.174339 1.085154 -0.136037
v -0.232284 1.071669 -0.051066
v -0.228551 1.074058 -0.033709
v -0.212139 1.078402 -0.112677
v -0.183313 1.119072 0.047504
v -0.212811 1.094368 0.015479
v -0.223649 1.077625 -0.015558
v -0.230970 1.073634 -0.073943
v -0.211281 1.104575 0.021504
v -0.156668 1.088773 -0.141559
v -0.187621 1.117170 0.045585
v -0.194260 1.103034 0.040969
v -0.202532 1.099611 0.035382
v -0.224197 1.067213 -0.094767
v -0.219306 1.073665 0.000090
v -0.195117 1.073510 -0.127082
v -0.176472 1.076198 -0.136347
v -0.232211 1.059384 -0.051162
v -0.229605 1.061670 -0.033777
v -0.213060 1.070511 -0.113700
v -0.183596 1.107842 0.046271
v -0.214900 1.082630 0.013531
v -0.225686 1.065869 -0.015842
v -0.231818 1.064048 -0.074497
v -0.208737 1.092641 0.012844
v -0.160162 1.077243 -0.141735
v -0.187154 1.105278 0.044752
v -0.002535 1.308479 0.070451
v 0.032075 1.243052 0.061469
v 0.040162 1.226124 0.050121
v 0.046863 1.224366 0.039061
v 0.065198 1.202742 -0.109978
v 0.059376 1.189827 -0.110888
v 0.077286 1.202153 -0.008743
v 0.015509 1.199547 -0.146957
v -0.009287 1.207612 -0.155116
v 0.076066 1.191450 -0.069040
v 0.082054 1.196466 -0.048688
v 0.041610 1.197539 -0.127940
v 0.019439 1.226008 0.064176
v -0.017667 1.245410 0.076299
v 0.004571 1.241707 0.069630
v 0.020059 1.242679 0.064924
v -0.007174 1.242028 0.073199
v -0.004050 1.259174 0.071076
v 0.023637 1.259907 0.066271
v 0.007567 1.257312 0.069347
v -0.054504 1.266692 0.081587
v -0.014904 1.262679 0.073770
v -0.023837 1.264178 0.077244
v 0.067132 1.212494 0.012328
v 0.082023 1.197551 -0.028947
v -0.001288 1.282845 0.072148
v 0.027267 1.282606 0.066231
v 0.010731 1.281365 0.069195
v -0.055116 1.288521 0.081714
v -0.012348 1.285170 0.075652
v -0.027956 1.287849 0.079980
v 0.077979 1.206466 -0.063597
v -0.009900 1.220394 -0.160638
v 0.043151 1.208410 -0.131714
v 0.081175 1.219308 -0.005006
v 0.010897 1.212391 -0.145489
v 0.049128 1.241634 0.043320
v 0.038270 1.246184 0.053643
v 0.070575 1.228305 0.016291
v 0.082643 1.212969 -0.042576
v 0.082809 1.216724 -0.024990
v 0.068941 1.190241 -0.089234
v -0.035536 1.277125 -0.167815
v 0.057670 1.219442 0.027013
v 0.072664 1.202990 -0.086394
v -0.041570 1.244251 -0.161073
v 0.060296 1.235493 0.033305
v -0.043814 1.225182 -0.158539
v -0.044855 1.211088 -0.157102
v 0.031734 1.224913 0.060422
v -0.006831 1.379586 0.041188
v -0.002192 1.420506 0.014791
v -0.001410 1.445117 -0.003010
v 0.005686 1.463638 -0.019764
v 0.000846 1.489686 -0.095229
v -0.025287 1.447826 -0.138705
v -0.041611 1.378840 -0.158219
v -0.049518 1.354798 -0.163306
v -0.054280 1.310694 -0.169832
v 0.047277 1.377269 0.019095
v 0.040358 1.359389 0.027677
v 0.039531 1.342523 0.033028
v 0.038942 1.395583 0.017607
v 0.025995 1.369947 0.028692
v 0.025230 1.347900 0.038841
v 0.055063 1.439295 -0.017580
v 0.028932 1.406172 0.014005
v 0.016450 1.375387 0.030834
v -0.033440 1.404165 0.026269
v -0.029371 1.374641 0.041936
v 0.024506 1.309493 0.061617
v 0.099851 1.285646 0.008760
v 0.048652 1.273020 -0.010598
v 0.098568 1.262648 0.011842
v 0.046646 1.245369 -0.013081
v 0.052354 1.357879 0.014781
v 0.047783 1.342077 0.014155
v 0.051837 1.329968 0.018129
v 0.099758 1.309752 0.008368
v 0.049428 1.296123 -0.007194
v 0.068672 1.303919 -0.002897
v 0.072633 1.299214 -0.001106
v 0.069282 1.465344 -0.089399
v 0.074060 1.458539 -0.041507
v 0.073657 1.418447 -0.145809
v 0.044815 1.330796 -0.168953
v 0.045653 1.433782 -0.153689
v 0.013792 1.340299 -0.174102
v 0.104028 1.444817 -0.081087
v 0.080513 1.275916 -0.077145
v 0.062571 1.303309 -0.111405
v 0.077783 1.282286 -0.036491
v 0.061661 1.289773 -0.105627
v 0.043264 1.287735 -0.062988
v 0.062178 1.265430 -0.103462
v 0.046263 1.269825 -0.063374
v 0.065198 1.237850 -0.102246
v 0.046677 1.241853 -0.063143
v 0.079303 1.284302 -0.043037
v 0.046274 1.318014 -0.004331
v 0.052633 1.322336 0.001898
v 0.062292 1.309948 0.003478
v 0.067287 1.317507 -0.154165
v 0.099365 1.239701 0.012827
v 0.047390 1.221108 -0.014747
v 0.067731 1.215596 -0.102158
v 0.048197 1.218016 -0.065552
v 0.099230 1.226568 0.012364
v 0.047225 1.209350 -0.016327
v 0.154493 1.233766 -0.024948
v 0.053285 1.342223 0.009456
v 0.068983 1.205989 -0.100435
v 0.049490 1.204904 -0.067505
v 0.060451 1.305088 0.034657
v 0.044919 1.308645 0.049338
v 0.010762 1.307797 0.067091
v -0.037941 1.427382 0.019650
v 0.070389 1.220023 -0.107092
v 0.034444 1.479170 -0.094312
v 0.041269 1.426419 -0.000809
v 0.051103 1.412252 0.004768
v 0.059541 1.392791 0.012494
v 0.063750 1.370805 0.012443
v 0.071185 1.331582 0.007639
v 0.076894 1.305606 0.005210
v 0.075704 1.280373 0.003115
v 0.070513 1.254417 0.002724
v 0.069944 1.229650 0.001508
v 0.071082 1.217612 0.000444
v 0.045115 1.352151 -0.166781
v 0.018498 1.360992 -0.175612
v 0.070265 1.266267 -0.119202
v 0.069479 1.337662 -0.154061
v 0.079489 1.319441 -0.142169
v 0.073357 1.302917 -0.138074
v 0.077338 1.286557 0.001120
v 0.035891 1.292523 -0.159129
v 0.008111 1.301334 -0.171145
v -0.028710 1.312172 -0.174278
v 0.073936 1.270352 -0.069678
v 0.073564 1.278543 -0.044521
v 0.060389 1.277529 -0.141094
v 0.072250 1.293641 0.011602
v 0.076366 1.292906 -0.014751
v 0.038962 1.215606 -0.033662
v 0.036915 1.238616 -0.031195
v 0.036791 1.285482 -0.023527
v 0.050389 1.330414 0.005598
v 0.085497 1.261056 -0.017845
v 0.075001 1.293279 -0.012814
v 0.035405 1.265347 -0.026878
v 0.010969 1.481300 -0.052353
v 0.083450 1.239184 -0.001797
v 0.082757 1.232214 -0.040556
v 0.044609 1.264407 0.054265
v 0.073905 1.246474 0.017250
v 0.055012 1.260879 0.044166
v 0.079479 1.223569 -0.059107
v 0.048880 1.228346 -0.132707
v 0.020307 1.238626 -0.152945
v -0.009858 1.239680 -0.160638
v -0.056221 1.399440 0.030398
v -0.054883 1.374301 0.045869
v -0.053368 1.351509 0.056542
v -0.053749 1.314592 0.073334
v -0.058703 1.418303 0.022882
v 0.083295 1.267136 0.001350
v 0.080647 1.256795 -0.040609
v 0.077659 1.246847 -0.060993
v 0.054981 1.253610 -0.135013
v 0.026739 1.265213 -0.156647
v 0.004314 1.273455 -0.165013
v 0.048094 1.284541 0.054244
v 0.075363 1.273786 0.014901
v 0.061475 1.284343 0.042356
v 0.070565 1.242245 -0.111963
v -0.056613 1.494442 -0.113390
v -0.019110 1.499055 -0.098100
v -0.055814 1.501526 -0.108209
v -0.023532 1.505136 -0.089395
v -0.038621 1.443690 0.009896
v -0.007007 1.468860 -0.018661
v -0.016759 1.460618 -0.004322
v -0.062611 1.438601 0.018806
v -0.049985 1.456015 -0.000137
v -0.019693 1.474360 -0.018378
v -0.026590 1.467887 -0.005815
v -0.063447 1.449449 0.007137
v -0.000131 1.485643 -0.051087
v -0.008732 1.490875 -0.050405
v 0.037908 1.263548 0.060613
v 0.040348 1.283723 0.060564
v -0.014905 1.311313 0.069946
v -0.026344 1.313061 0.070981
v -0.021106 1.348231 -0.173379
v 0.039893 1.204056 -0.038101
v 0.079551 1.281375 -0.015032
v 0.085208 1.236806 -0.021307
v 0.056335 1.321074 0.010303
v 0.076180 1.265864 -0.092056
v 0.075818 1.242699 -0.084148
v 0.067307 1.301023 0.024198
v 0.068745 1.279453 0.030875
v 0.067969 1.352098 0.010622
v 0.075384 1.218978 -0.082463
v 0.070275 1.298614 -0.118592
v 0.064267 1.255172 0.033553
v 0.067700 1.302844 -0.133307
v -0.014239 1.368540 -0.169356
v 0.015571 1.442966 -0.149263
v -0.056791 1.387993 -0.149429
v 0.041320 1.469263 -0.051199
v 0.035829 1.450143 -0.022424
v 0.026657 1.437485 -0.003427
v 0.016047 1.417340 0.014236
v 0.005543 1.380609 0.037778
v -0.053279 1.448519 -0.131973
v -0.024838 1.453637 0.003357
v -0.039732 1.461848 -0.001609
v -0.019443 1.437091 0.007811
v -0.017803 1.376204 0.040884
v -0.020372 1.413328 0.020220
v 0.032872 1.309080 0.056737
v -0.005632 1.352470 0.051647
v -0.026723 1.350744 0.054235
v -0.015057 1.350133 0.053854
v 0.004636 1.353287 0.047403
v 0.015447 1.350609 0.041192
v -0.037162 1.398022 -0.153762
v 0.082798 1.208099 -0.111363
v 0.083812 1.335749 -0.139481
v 0.071423 1.354477 -0.150897
v 0.022893 1.379068 -0.171155
v 0.049004 1.368965 -0.163472
v 0.082209 1.218275 -0.113752
v 0.078310 1.245316 -0.117092
v 0.075684 1.273133 -0.119367
v 0.075570 1.291448 -0.121446
v 0.081030 1.313908 -0.126441
v 0.084143 1.321582 -0.137133
v -0.007555 1.388323 -0.164413
v -0.057452 1.403089 -0.144465
v 0.099706 1.223073 0.003038
v 0.051206 1.207034 -0.020761
v 0.146747 1.229722 -0.029237
v 0.072716 1.204883 -0.096011
v 0.053936 1.203498 -0.065427
v 0.073926 1.215368 -0.004620
v 0.045767 1.203198 -0.039735
v 0.084887 1.206827 -0.105795
v -0.055431 1.505167 -0.107239
v -0.024619 1.508186 -0.089279
v -0.052358 1.459614 -0.001682
v -0.021496 1.477391 -0.018121
v -0.031032 1.470380 -0.007152
v -0.012420 1.492581 -0.048587
v -0.043655 1.464661 -0.003241
v -0.086721 1.398106 0.026028
v -0.088307 1.351963 0.054646
v -0.088147 1.374497 0.042763
v -0.078248 1.280011 -0.163979
v -0.088670 1.314757 0.073853
v -0.086025 1.414083 0.024554
v -0.086948 1.491630 -0.113618
v -0.087497 1.481114 -0.116844
v -0.086123 1.433080 0.024213
v -0.087353 1.450143 0.010909
v -0.087254 1.269059 0.077505
v -0.088394 1.288150 0.077020
v -0.075917 1.309142 -0.166316
v -0.070208 1.358117 -0.154796
v -0.059511 1.243041 -0.160390
v -0.053765 1.279846 -0.165840
v -0.087203 1.449904 -0.130494
v -0.073375 1.448663 -0.130887
v -0.074445 1.401766 -0.142221
v -0.087071 1.495798 -0.111839
v -0.086918 1.452934 0.007246
v -0.108099 1.452976 0.003299
v 0.038528 1.206061 0.050508
v 0.044195 1.206713 0.035842
v 0.052023 1.173094 -0.109262
v 0.074536 1.183436 -0.013239
v 0.017815 1.182991 -0.150039
v -0.010820 1.188027 -0.150618
v 0.074463 1.175670 -0.072413
v 0.079324 1.177985 -0.050790
v 0.035384 1.175442 -0.131197
v 0.019180 1.209123 0.059521
v 0.063595 1.195813 0.009168
v 0.080172 1.178813 -0.031639
v 0.066304 1.170344 -0.091301
v 0.054877 1.202783 0.023069
v -0.045456 1.191946 -0.153999
v 0.030545 1.207240 0.054347
v 0.037629 1.190229 0.043595
v 0.044857 1.187666 0.033016
v 0.048125 1.156073 -0.112128
v 0.070430 1.168648 -0.017337
v 0.020287 1.164749 -0.146843
v -0.010122 1.169775 -0.148881
v 0.067142 1.155960 -0.075824
v 0.072571 1.158090 -0.056649
v 0.034568 1.160065 -0.130153
v 0.023709 1.193177 0.053035
v 0.061403 1.177345 0.003528
v 0.073688 1.162247 -0.037024
v 0.059738 1.153912 -0.093981
v 0.053057 1.183942 0.019744
v -0.030639 1.171863 -0.151352
v 0.030017 1.191853 0.049157
v 0.036460 1.173519 0.038808
v 0.044391 1.171026 0.029323
v 0.042871 1.137272 -0.111994
v 0.068993 1.152288 -0.023218
v 0.009054 1.146880 -0.139377
v -0.011747 1.150468 -0.148115
v 0.062354 1.137086 -0.078864
v 0.067669 1.140769 -0.060324
v 0.028921 1.141906 -0.128043
v 0.023616 1.175886 0.048257
v 0.059221 1.159185 -0.001550
v 0.070906 1.145763 -0.042083
v 0.054453 1.135060 -0.095331
v 0.052034 1.165535 0.015800
v -0.027642 1.151978 -0.150504
v 0.028683 1.175318 0.045305
v 0.035240 1.156021 0.032537
v 0.043843 1.153033 0.023452
v 0.045198 1.115215 -0.116596
v 0.058890 1.132330 -0.022738
v 0.007548 1.124988 -0.140928
v -0.013294 1.128959 -0.148405
v 0.058083 1.114801 -0.079639
v 0.059241 1.118710 -0.059813
v 0.027867 1.120003 -0.129946
v 0.022572 1.157923 0.042112
v 0.058011 1.140220 -0.006999
v 0.061444 1.124575 -0.040994
v 0.054484 1.112868 -0.099703
v 0.051527 1.147510 0.009974
v -0.027844 1.131027 -0.151187
v 0.027391 1.157355 0.038921
v 0.034878 1.134543 0.024736
v 0.043295 1.131244 0.015004
v 0.039273 1.092145 -0.115345
v 0.058859 1.106829 -0.024508
v 0.007758 1.099342 -0.144217
v -0.012623 1.105299 -0.152759
v 0.056149 1.090821 -0.078946
v 0.061547 1.093416 -0.060598
v 0.025364 1.095124 -0.130794
v 0.022034 1.136828 0.035070
v 0.058093 1.116445 -0.011194
v 0.063088 1.097460 -0.042699
v 0.048394 1.090376 -0.098098
v 0.051775 1.125268 0.004070
v -0.028860 1.108660 -0.153131
v 0.026574 1.136322 0.032693
v 0.034733 1.114647 0.020201
v 0.043512 1.111296 0.012012
v 0.038311 1.070056 -0.116844
v 0.061154 1.084296 -0.025468
v 0.006509 1.078173 -0.146668
v -0.012942 1.084295 -0.154537
v 0.055126 1.068887 -0.078880
v 0.060172 1.071359 -0.060168
v 0.024837 1.073479 -0.133834
v 0.021714 1.117252 0.031993
v 0.058735 1.095320 -0.011224
v 0.063264 1.075682 -0.042353
v 0.047825 1.068691 -0.098000
v 0.052054 1.104781 0.001089
v -0.029250 1.089239 -0.154248
v 0.027070 1.115361 0.027115
v 0.034743 1.101658 0.018650
v 0.043078 1.098298 0.010617
v 0.037815 1.057554 -0.118064
v 0.064960 1.073013 -0.027733
v 0.006426 1.066271 -0.147391
v -0.015315 1.072620 -0.152479
v 0.054919 1.056923 -0.078821
v 0.060058 1.059881 -0.060057
v 0.024516 1.061183 -0.134848
v 0.023058 1.105061 0.029513
v 0.058249 1.082766 -0.012860
v 0.065601 1.064452 -0.043912
v 0.048021 1.056581 -0.098368
v 0.051444 1.092175 -0.000345
v -0.026834 1.077502 -0.155147
v 0.026698 1.103014 0.026146
v -0.087628 1.401684 -0.143059
v -0.090462 1.360682 -0.152717
v -0.089630 1.307652 -0.166729
v -0.089360 1.280475 -0.164320
v -0.067268 1.454123 0.003438
v -0.001289 1.377641 0.046475
v -0.009785 1.374259 0.048813
v 0.007669 1.379306 0.042152
v -0.012198 1.372563 0.049049
v 0.008836 1.420805 0.018783
v -0.002824 1.421384 0.019069
v 0.020545 1.419347 0.017173
v -0.006547 1.420629 0.019406
v 0.018177 1.442800 0.001663
v 0.005595 1.445044 0.002452
v 0.030597 1.440452 -0.000984
v 0.001076 1.445892 0.001485
v 0.024195 1.461693 -0.020064
v 0.010163 1.465850 -0.016665
v 0.037267 1.455922 -0.021821
v 0.005390 1.467122 -0.015519
v 0.026781 1.475178 -0.036151
v 0.010587 1.479976 -0.034934
v 0.039966 1.468012 -0.035657
v 0.005568 1.481590 -0.033315
v 0.026202 1.488073 -0.068363
v 0.009666 1.492974 -0.068838
v 0.039997 1.482810 -0.067351
v 0.004734 1.493543 -0.069276
v 0.017288 1.488362 -0.098105
v 0.000926 1.490917 -0.097670
v 0.033823 1.484309 -0.097007
v -0.003150 1.491559 -0.098667
v 0.006646 1.470554 -0.130660
v -0.009385 1.473668 -0.129088
v 0.019904 1.467236 -0.132635
v -0.013939 1.474950 -0.129181
v -0.006015 1.443244 -0.149780
v -0.021593 1.446430 -0.149191
v 0.008752 1.441280 -0.152148
v -0.026942 1.447888 -0.148767
v -0.018307 1.416378 -0.160111
v -0.033535 1.420474 -0.157422
v -0.003778 1.411032 -0.161217
v -0.038710 1.421486 -0.156326
v -0.033491 1.378830 -0.168415
v -0.047507 1.383329 -0.163679
v -0.018906 1.372708 -0.170535
v -0.052742 1.383577 -0.162376
v -0.040973 1.354311 -0.171817
v -0.054660 1.357620 -0.167681
v -0.026594 1.348975 -0.173720
v -0.060082 1.358272 -0.165871
v -0.047370 1.333340 -0.173772
v -0.060539 1.335687 -0.170287
v -0.033481 1.328356 -0.175695
v -0.066075 1.335191 -0.168498
v -0.053440 1.309389 -0.173099
v -0.066465 1.310879 -0.170886
v -0.039041 1.306216 -0.174082
v -0.072895 1.311116 -0.169832
v 0.043388 1.480897 -0.067515
v -0.026816 1.325842 -0.176398
v 0.010876 1.487018 -0.050273
v 0.038104 1.482075 -0.096146
v -0.032406 1.303174 -0.173844
v 0.025374 1.466315 -0.131973
v 0.005115 1.488000 -0.049208
v 0.040586 1.476160 -0.049364
v 0.026812 1.481992 -0.050467
v -0.020159 1.347166 -0.173937
v -0.013175 1.369440 -0.170948
v 0.002871 1.410473 -0.160163
v 0.015064 1.440701 -0.151869
v 0.043740 1.474547 -0.049041
v 0.042582 1.465944 -0.035010
v 0.040441 1.454361 -0.021548
v 0.033306 1.439770 -0.001951
v 0.023110 1.418074 0.015869
v 0.009873 1.378024 0.040692
v -0.179624 1.368397 0.041526
v -0.169350 1.367393 0.041543
v -0.187989 1.367982 0.038386
v -0.167435 1.366979 0.041878
v -0.185351 1.410969 0.019192
v -0.175292 1.412552 0.019128
v -0.196148 1.409604 0.017599
v -0.172157 1.411632 0.019375
v -0.195505 1.436017 0.006521
v -0.186104 1.439563 0.007902
v -0.207827 1.433410 0.003715
v -0.183038 1.440163 0.007034
v -0.203091 1.454413 -0.014098
v -0.193638 1.459459 -0.012901
v -0.215562 1.449294 -0.015536
v -0.191278 1.460845 -0.012037
v -0.206379 1.467752 -0.029128
v -0.195385 1.474754 -0.030538
v -0.218530 1.460980 -0.028580
v -0.192374 1.475757 -0.029222
v -0.206441 1.485271 -0.061573
v -0.191822 1.490440 -0.063793
v -0.219285 1.479603 -0.058244
v -0.188883 1.492654 -0.064711
v -0.194882 1.486677 -0.096726
v -0.179285 1.490575 -0.097655
v -0.210443 1.483233 -0.092470
v -0.176089 1.491258 -0.098944
v -0.182595 1.466564 -0.132593
v -0.166099 1.470472 -0.130835
v -0.195570 1.462448 -0.132335
v -0.162183 1.471693 -0.130205
v -0.170975 1.441549 -0.150090
v -0.155936 1.444619 -0.150184
v -0.185105 1.439221 -0.151104
v -0.150315 1.445436 -0.148839
v -0.160824 1.418468 -0.158705
v -0.145600 1.421901 -0.157278
v -0.175675 1.415427 -0.158767
v -0.140156 1.422500 -0.156409
v -0.144888 1.379905 -0.168063
v -0.130357 1.383896 -0.163844
v -0.159837 1.373970 -0.171176
v -0.124659 1.384218 -0.162159
v -0.136569 1.355728 -0.172727
v -0.122981 1.358572 -0.168022
v -0.150384 1.350785 -0.176078
v -0.117085 1.358633 -0.165902
v -0.129105 1.334838 -0.176274
v -0.116219 1.336783 -0.171093
v -0.142748 1.329317 -0.178477
v -0.110647 1.335977 -0.169304
v -0.122674 1.310713 -0.177329
v -0.110898 1.311189 -0.173699
v -0.136471 1.308212 -0.180493
v -0.104127 1.311292 -0.171776
v -0.223287 1.477908 -0.057822
v -0.148981 1.327952 -0.178539
v -0.195272 1.482923 -0.044075
v -0.214197 1.481620 -0.091474
v -0.142575 1.306102 -0.181962
v -0.199916 1.461890 -0.131652
v -0.192270 1.484536 -0.044108
v -0.220019 1.470452 -0.039653
v -0.207941 1.476635 -0.040415
v -0.156118 1.349326 -0.177225
v -0.164689 1.371508 -0.172748
v -0.180844 1.413379 -0.159077
v -0.190768 1.438592 -0.150649
v -0.223090 1.469035 -0.039628
v -0.221301 1.459035 -0.028244
v -0.218727 1.447929 -0.015675
v -0.210764 1.432718 0.002557
v -0.198737 1.407982 0.017083
v -0.190119 1.366825 0.037893
v -0.042543 1.398871 -0.161786
v -0.047456 1.400432 -0.160432
v -0.013351 1.389274 -0.166605
v -0.028315 1.394838 -0.164858
v -0.007431 1.386679 -0.166667
v -0.136443 1.399833 -0.161331
v -0.130748 1.401735 -0.159273
v -0.166262 1.391116 -0.166305
v -0.150856 1.396420 -0.163854
v -0.171174 1.388799 -0.166760
v -0.196420 1.355314 0.044350
v -0.197579 1.345573 0.050484
v -0.196492 1.360392 0.041827
v -0.196876 1.353846 0.045318
v -0.195751 1.363732 0.040768
v -0.196806 1.344219 0.051557
v -0.194673 1.343825 0.052287
v -0.191811 1.339140 0.056335
v -0.191009 1.335449 0.059177
v -0.189904 1.331510 0.061858
v -0.192709 1.326215 0.063273
v -0.194549 1.321923 0.066418
v -0.195758 1.320310 0.067597
v -0.197507 1.319255 0.068273
v -0.199947 1.318635 0.068680
v -0.202708 1.318314 0.068869
v -0.203980 1.317435 0.069340
v -0.204549 1.315408 0.070418
v -0.204559 1.313547 0.071674
v -0.203711 1.312409 0.072587
v -0.201105 1.311913 0.073434
v -0.198923 1.311075 0.074438
v -0.196511 1.311252 0.075616
v -0.195557 1.364704 0.040380
v -0.194654 1.365149 0.040391
v -0.190946 1.365387 0.041232
v -0.197280 1.344684 0.051127
v -0.193210 1.343133 0.053156
v -0.190669 1.363194 0.042134
v -0.193857 1.363019 0.041123
v -0.194571 1.361509 0.041637
v -0.195435 1.360009 0.042266
v -0.195039 1.358158 0.043193
v -0.191358 1.358727 0.043578
v -0.194256 1.362481 0.041312
v -0.193169 1.355501 0.044974
v -0.196434 1.358076 0.042900
v -0.195313 1.359151 0.042659
v -0.193479 1.354156 0.045809
v -0.194307 1.345563 0.051333
v -0.194514 1.344560 0.051915
v -0.198541 1.316753 0.070409
v -0.201540 1.316856 0.069974
v -0.202170 1.316566 0.070099
v -0.202460 1.315025 0.070974
v -0.202057 1.314323 0.071449
v -0.199099 1.313909 0.072272
v -0.200702 1.314177 0.071860
v -0.196842 1.316649 0.070520
v -0.197465 1.313837 0.072558
v -0.190400 1.339389 0.059056
v -0.189253 1.336359 0.061491
v -0.188171 1.331954 0.064400
v -0.189592 1.326257 0.063694
v -0.191337 1.322089 0.066846
v -0.191924 1.320910 0.067719
v -0.191372 1.343071 0.056472
v -0.186381 1.339493 0.060350
v -0.186116 1.336194 0.062737
v -0.185789 1.331902 0.065016
v -0.186184 1.325842 0.064561
v -0.186745 1.321923 0.067513
v -0.187009 1.320558 0.068589
v -0.185988 1.343122 0.057695
v -0.190625 1.365862 0.042369
v -0.190483 1.363122 0.042993
v -0.190665 1.358841 0.043810
v -0.192161 1.355491 0.045142
v -0.192171 1.354539 0.045640
v -0.193313 1.345542 0.051463
v -0.193792 1.344156 0.052410
v -0.189564 1.366121 0.042633
v -0.189538 1.362977 0.043337
v -0.189465 1.358830 0.044126
v -0.189471 1.355563 0.045623
v -0.189491 1.354736 0.046047
v -0.190823 1.345780 0.051691
v -0.191079 1.344446 0.052622
v -0.186198 1.367662 0.043052
v -0.184544 1.363597 0.044625
v -0.184470 1.359451 0.045404
v -0.184538 1.356018 0.047036
v -0.184601 1.355118 0.047455
v -0.185350 1.345894 0.052955
v -0.185623 1.344508 0.053862
v -0.195170 1.316649 0.070962
v -0.195619 1.314115 0.073549
v -0.194104 1.311675 0.075878
v -0.192641 1.316866 0.070894
v -0.192902 1.314674 0.073707
v -0.189700 1.312057 0.076219
v -0.187787 1.316639 0.071608
v -0.188264 1.314809 0.074319
v -0.196638 1.354250 0.040427
v -0.197662 1.344715 0.046325
v -0.195678 1.360082 0.037538
v -0.196631 1.353587 0.040819
v -0.196724 1.363339 0.036482
v -0.196918 1.342905 0.047796
v -0.194100 1.342440 0.048796
v -0.192714 1.337879 0.052217
v -0.192005 1.334622 0.054924
v -0.191379 1.330299 0.058103
v -0.193362 1.325615 0.061747
v -0.195324 1.321344 0.064850
v -0.196184 1.320238 0.065647
v -0.197579 1.319493 0.066111
v -0.199575 1.318893 0.066387
v -0.202812 1.318221 0.066899
v -0.204053 1.317021 0.067407
v -0.205045 1.314933 0.068824
v -0.205283 1.312605 0.070428
v -0.204342 1.311541 0.071119
v -0.201705 1.310982 0.071985
v -0.198903 1.310352 0.073098
v -0.195598 1.364880 0.036097
v -0.194762 1.365666 0.035980
v -0.191311 1.366276 0.036828
v -0.197476 1.343422 0.047288
v -0.193381 1.341912 0.049343
v -0.190328 1.361871 0.037685
v -0.193577 1.361839 0.037030
v -0.193925 1.360857 0.037364
v -0.194715 1.359285 0.037989
v -0.194208 1.357920 0.038600
v -0.191582 1.358158 0.038961
v -0.193875 1.361571 0.037141
v -0.196593 1.357228 0.038874
v -0.194670 1.358603 0.038310
v -0.199006 1.315646 0.069301
v -0.201302 1.315893 0.068876
v -0.201850 1.315646 0.068940
v -0.201819 1.314767 0.069359
v -0.201633 1.314178 0.069850
v -0.199316 1.314043 0.070263
v -0.200475 1.314043 0.070144
v -0.190632 1.366328 0.037059
v -0.183878 1.306577 0.078307
v -0.194116 1.306701 0.075517
v -0.198086 1.306887 0.074412
v -0.196709 1.351654 0.046582
v -0.193340 1.351912 0.047026
v -0.192601 1.352161 0.048350
v -0.189850 1.352626 0.048446
v -0.184748 1.352874 0.049942
v -0.196836 1.351064 0.042366
v -0.196698 1.347890 0.048988
v -0.193922 1.347828 0.049830
v -0.193029 1.348066 0.050940
v -0.190496 1.348303 0.051170
v -0.185309 1.348458 0.052606
v -0.196823 1.347207 0.044661
v -0.190432 1.329896 0.060679
v -0.188214 1.329782 0.061257
v -0.185698 1.329576 0.062225
v -0.191766 1.329256 0.058944
v -0.159981 1.356204 0.053231
v -0.160641 1.345935 0.059042
v -0.159310 1.361633 0.050953
v -0.159924 1.355087 0.053920
v -0.158989 1.364715 0.049695
v -0.162339 1.344322 0.059745
v -0.165850 1.343526 0.060013
v -0.170494 1.338862 0.062308
v -0.171796 1.335428 0.064129
v -0.173141 1.330868 0.066531
v -0.170901 1.325646 0.067677
v -0.169603 1.321499 0.070780
v -0.168112 1.320144 0.071724
v -0.165733 1.319369 0.072187
v -0.162758 1.319131 0.072705
v -0.158962 1.319038 0.073020
v -0.157323 1.318427 0.073492
v -0.156855 1.316515 0.074569
v -0.157518 1.314498 0.075647
v -0.158802 1.313382 0.076289
v -0.162167 1.312740 0.076684
v -0.165208 1.311840 0.077388
v -0.168322 1.311840 0.078049
v -0.159679 1.365655 0.049086
v -0.161319 1.365831 0.048721
v -0.165802 1.366235 0.048489
v -0.161457 1.344911 0.059487
v -0.168002 1.342760 0.060210
v -0.166786 1.363990 0.049147
v -0.162006 1.363494 0.049540
v -0.160944 1.362232 0.050615
v -0.161029 1.360868 0.051161
v -0.161918 1.358779 0.051826
v -0.167186 1.359223 0.050690
v -0.161131 1.363091 0.050032
v -0.165026 1.355511 0.053077
v -0.159622 1.359130 0.051892
v -0.161346 1.359937 0.051470
v -0.165077 1.354507 0.053522
v -0.165863 1.345325 0.059157
v -0.165855 1.344301 0.059694
v -0.165040 1.317208 0.073707
v -0.161169 1.317528 0.073558
v -0.160394 1.317259 0.073733
v -0.160094 1.315853 0.074698
v -0.160601 1.315170 0.075177
v -0.164680 1.314592 0.075607
v -0.162418 1.314891 0.075368
v -0.167056 1.316918 0.073846
v -0.166770 1.314415 0.075575
v -0.172311 1.339328 0.064045
v -0.173514 1.336225 0.065676
v -0.175072 1.331468 0.068087
v -0.173788 1.325780 0.067165
v -0.173141 1.321469 0.070584
v -0.172596 1.320403 0.071361
v -0.170684 1.342967 0.062270
v -0.176522 1.339348 0.063057
v -0.177013 1.336184 0.065033
v -0.177669 1.331540 0.067545
v -0.178000 1.325450 0.067130
v -0.177357 1.321871 0.069186
v -0.177267 1.320547 0.070136
v -0.176406 1.342884 0.061031
v -0.167296 1.366959 0.048609
v -0.168113 1.363618 0.049556
v -0.168412 1.358996 0.050781
v -0.166461 1.355522 0.052609
v -0.166479 1.354528 0.053150
v -0.167251 1.345242 0.058898
v -0.167232 1.343888 0.059728
v -0.168531 1.367682 0.048117
v -0.168792 1.363836 0.049349
v -0.169296 1.359286 0.050279
v -0.169612 1.355718 0.051724
v -0.169624 1.354859 0.052177
v -0.170188 1.345593 0.057810
v -0.170149 1.344218 0.058671
v -0.172037 1.368261 0.046946
v -0.172935 1.363763 0.048418
v -0.174163 1.359389 0.049317
v -0.174814 1.356173 0.050174
v -0.174871 1.355263 0.050655
v -0.175629 1.345862 0.056194
v -0.175991 1.344177 0.057274
v -0.169250 1.316866 0.073924
v -0.168812 1.314529 0.076220
v -0.170822 1.311789 0.078371
v -0.172010 1.316711 0.073763
v -0.171705 1.314456 0.076405
v -0.175865 1.311458 0.077845
v -0.177284 1.316504 0.073076
v -0.176754 1.315067 0.075524
v -0.181721 1.339669 0.061596
v -0.181940 1.335987 0.064212
v -0.181702 1.331726 0.066046
v -0.182413 1.325450 0.066239
v -0.182346 1.321603 0.068554
v -0.182505 1.320289 0.069618
v -0.181273 1.343205 0.059307
v -0.179446 1.368024 0.046194
v -0.179794 1.363836 0.046948
v -0.179950 1.359865 0.047654
v -0.179852 1.356111 0.049133
v -0.179903 1.355180 0.049596
v -0.181164 1.345646 0.055213
v -0.180873 1.344456 0.055712
v -0.182566 1.311799 0.077323
v -0.182475 1.316566 0.072578
v -0.182638 1.314922 0.075211
v -0.158596 1.354994 0.049941
v -0.159023 1.345056 0.055346
v -0.158074 1.360682 0.047328
v -0.158607 1.354332 0.050374
v -0.157780 1.364301 0.045864
v -0.161164 1.342915 0.056211
v -0.165590 1.341861 0.056728
v -0.169019 1.337321 0.059146
v -0.170137 1.334394 0.060883
v -0.171136 1.329896 0.063182
v -0.169957 1.324964 0.066326
v -0.168462 1.320951 0.069423
v -0.167382 1.320020 0.070067
v -0.165557 1.319452 0.070509
v -0.162645 1.319110 0.071037
v -0.158365 1.318883 0.071388
v -0.156650 1.317890 0.072098
v -0.156057 1.316049 0.073182
v -0.156624 1.313650 0.074398
v -0.158229 1.312285 0.075083
v -0.161803 1.311458 0.075651
v -0.165199 1.310889 0.076913
v -0.159069 1.365345 0.044970
v -0.160606 1.365862 0.044435
v -0.165697 1.366441 0.044246
v -0.159975 1.343577 0.055953
v -0.166812 1.341240 0.057046
v -0.166150 1.362315 0.045587
v -0.161853 1.361818 0.045692
v -0.161170 1.360940 0.046445
v -0.161356 1.359647 0.046906
v -0.162156 1.358344 0.047162
v -0.166461 1.358830 0.046623
v -0.161296 1.361654 0.045993
v -0.158345 1.358117 0.048502
v -0.161538 1.358924 0.047152
v -0.164398 1.316153 0.072664
v -0.161400 1.316535 0.072440
v -0.160757 1.316359 0.072571
v -0.160697 1.315532 0.073125
v -0.161121 1.314994 0.073487
v -0.164248 1.314726 0.073654
v -0.162642 1.314788 0.073627
v -0.166575 1.367020 0.043450
v -0.175213 1.306423 0.078997
v -0.166945 1.306825 0.079929
v -0.160164 1.352543 0.055309
v -0.165247 1.351964 0.055043
v -0.166637 1.352346 0.055706
v -0.169692 1.352708 0.054691
v -0.175144 1.352916 0.053228
v -0.180077 1.352894 0.052049
v -0.158763 1.351778 0.051576
v -0.166624 1.309607 0.077942
v -0.160437 1.348272 0.057878
v -0.165518 1.347703 0.057731
v -0.166916 1.347930 0.058363
v -0.170040 1.348262 0.057395
v -0.175359 1.348489 0.055696
v -0.180822 1.348355 0.054776
v -0.158988 1.347320 0.054132
v -0.197827 1.309018 0.075024
v -0.172535 1.329141 0.065390
v -0.174593 1.329213 0.065226
v -0.177441 1.329151 0.064674
v -0.181788 1.328955 0.063617
v -0.170842 1.328717 0.063997
v -0.053369 1.309358 -0.171910
v -0.066385 1.310817 -0.169811
v -0.038969 1.306205 -0.173254
v -0.072811 1.311054 -0.168880
v -0.030917 1.248833 -0.167215
v 0.024744 1.305357 0.071012
v -0.032331 1.303206 -0.173192
v -0.087964 1.311188 -0.168508
v -0.029263 1.283516 -0.172634
v -0.242470 0.889324 -0.136223
v -0.236586 0.993233 -0.114755
v -0.231725 1.018424 -0.107898
v -0.216400 0.997296 0.033163
v -0.124746 0.991226 0.070110
v -0.153025 0.992995 0.065822
v -0.241911 1.014566 -0.043347
v -0.240918 1.013614 -0.006727
v -0.228137 1.005694 0.010350
v -0.201736 0.995073 0.051443
v -0.180567 0.996293 0.060484
v -0.243628 1.015341 -0.079969
v -0.201550 1.023459 -0.135654
v -0.183867 1.025062 -0.143669
v -0.162473 1.026664 -0.149491
v -0.139676 1.026572 -0.155509
v -0.202088 0.996366 -0.143141
v -0.183268 0.998434 -0.152304
v -0.162296 1.000316 -0.158188
v -0.139753 1.001381 -0.162024
v -0.217351 1.021453 -0.124527
v -0.197341 0.887795 -0.169490
v -0.170964 0.886465 -0.178839
v -0.145213 0.889380 -0.179625
v -0.124687 0.891761 -0.175922
v -0.256854 0.888998 -0.107019
v -0.222015 0.888385 -0.155995
v -0.105777 0.835836 -0.149491
v -0.099368 0.815747 -0.135106
v -0.262138 0.888853 -0.063187
v -0.265995 0.887171 -0.016734
v -0.248643 0.885504 0.016424
v -0.234279 0.881936 0.041045
v -0.123454 0.873563 0.068533
v -0.159072 0.878223 0.068300
v -0.213959 0.880709 0.055653
v -0.190135 0.879944 0.064796
v -0.123503 0.846659 0.067068
v -0.203070 0.974195 0.052920
v -0.178152 0.975725 0.057368
v -0.122321 0.968310 0.070768
v -0.221622 0.971185 0.039201
v -0.149728 0.970265 0.065289
v -0.101366 0.821512 0.067610
v -0.091590 0.798865 0.059351
v -0.087484 0.790866 -0.052092
v -0.091528 0.808879 -0.114228
v -0.219378 0.994515 -0.131725
v -0.249460 0.989458 -0.088009
v -0.251342 0.986696 -0.050882
v -0.229274 0.978962 0.008439
v -0.246968 0.985683 -0.013231
v -0.089513 0.782955 -0.049257
v -0.092314 0.800659 -0.109247
v -0.088517 0.767700 -0.048142
v -0.092660 0.783276 -0.102384
v -0.104686 0.808211 -0.131539
v -0.106016 0.795925 -0.131073
v -0.082233 0.737309 -0.044265
v -0.085176 0.757726 -0.102047
v -0.100094 0.765564 -0.130939
v -0.092260 0.613053 -0.030255
v -0.089542 0.612319 -0.080700
v -0.102331 0.614160 -0.115748
v -0.087328 0.790276 0.000094
v -0.089691 0.784082 -0.000790
v -0.090929 0.765255 -0.003576
v -0.086637 0.732512 -0.001795
v -0.100900 0.614614 -0.004282
v -0.090824 0.684500 -0.008365
v -0.084521 0.686040 -0.039982
v -0.086478 0.690280 -0.090009
v -0.106711 0.694531 -0.122366
v -0.116462 1.029612 -0.160266
v -0.116601 1.002880 -0.163565
v -0.109978 0.893972 -0.174340
v -0.105251 0.860811 -0.164216
v -0.101538 0.838681 -0.150566
v -0.098465 0.819048 -0.137981
v -0.090799 0.812767 -0.117330
v -0.084806 0.797284 -0.052772
v -0.084402 0.792463 0.000446
v -0.087681 0.802661 0.057585
v -0.090782 0.826618 0.060898
v -0.094100 0.842451 0.068236
v -0.096725 0.870954 0.070469
v -0.094971 0.965673 0.072433
v -0.096371 0.989210 0.071888
v 0.054671 0.890983 -0.161817
v 0.045395 0.987131 -0.135448
v 0.040090 1.010823 -0.129801
v -0.065342 0.987793 0.071166
v 0.061713 0.996076 0.005757
v -0.016855 0.991526 0.061915
v 0.008977 0.994442 0.050601
v 0.067638 1.007265 -0.072586
v 0.076790 1.013366 -0.043075
v 0.067907 1.002302 -0.017259
v 0.050214 0.998268 0.024295
v 0.030679 0.996996 0.035893
v 0.057132 1.008517 -0.105211
v 0.008638 1.019292 -0.150928
v -0.009205 1.021898 -0.155778
v -0.028110 1.023149 -0.157588
v -0.049482 1.026148 -0.158074
v -0.094878 1.029509 -0.161186
v 0.008661 0.991402 -0.157205
v -0.009532 0.994483 -0.161848
v -0.028089 0.996127 -0.165716
v -0.049165 0.997792 -0.165333
v 0.023534 1.014483 -0.143431
v 0.005542 0.889154 -0.187763
v -0.022337 0.887572 -0.193895
v -0.047615 0.890519 -0.192530
v -0.068088 0.892622 -0.187939
v 0.077721 0.893061 -0.134651
v 0.029159 0.889389 -0.177246
v -0.078762 0.859444 -0.182603
v -0.089414 0.836075 -0.167588
v -0.093003 0.813633 -0.149491
v 0.087731 0.892411 -0.089947
v 0.095487 0.889660 -0.043088
v 0.084711 0.885276 -0.012277
v 0.068962 0.880958 0.011211
v -0.024963 0.868900 0.060679
v -0.001374 0.865675 0.053245
v 0.047142 0.876221 0.026849
v 0.024257 0.870428 0.041719
v -0.039004 0.837357 0.052712
v 0.048859 0.975198 0.021087
v 0.029986 0.973036 0.035989
v -0.016877 0.966677 0.061787
v 0.066087 0.974639 0.008371
v 0.007261 0.968662 0.050094
v -0.068039 0.810872 0.037997
v -0.081555 0.780931 0.029660
v -0.085909 0.777387 -0.054344
v -0.095561 0.805765 -0.131290
v 0.026088 0.989075 -0.148943
v 0.063905 0.984815 -0.111642
v 0.076552 0.983067 -0.078865
v 0.074618 0.975921 -0.014055
v 0.079789 0.981940 -0.045073
v -0.060453 0.802779 0.036363
v -0.076529 0.777988 0.028238
v -0.090380 0.776248 -0.065440
v -0.094527 0.798040 -0.128612
v -0.076796 0.767431 0.021605
v -0.090275 0.759870 -0.068113
v -0.093035 0.779647 -0.126337
v -0.086229 0.805410 -0.156368
v -0.083222 0.746099 0.008340
v -0.094941 0.739017 -0.070023
v -0.094119 0.753981 -0.128312
v -0.048023 0.609992 -0.028381
v -0.076588 0.601926 -0.076559
v -0.073411 0.603726 -0.111694
v -0.077019 0.790437 0.002798
v -0.092717 0.774013 -0.026274
v -0.090849 0.757695 -0.029656
v -0.093080 0.735355 -0.031485
v -0.061661 0.607117 -0.049786
v -0.071878 0.684986 -0.009334
v -0.088205 0.684510 -0.044451
v -0.089688 0.685699 -0.066384
v -0.086707 0.689143 -0.115582
v -0.073557 1.028702 -0.159501
v -0.073802 1.000336 -0.163492
v -0.084579 0.894547 -0.183172
v -0.090529 0.860644 -0.174702
v -0.094490 0.836785 -0.164527
v -0.089551 0.816059 -0.140711
v -0.083030 0.809520 -0.117268
v -0.077862 0.797030 -0.052814
v -0.079612 0.791710 0.001204
v -0.080974 0.801803 0.061010
v -0.076693 0.815269 0.037510
v -0.056352 0.839716 0.060256
v -0.047460 0.869560 0.064205
v -0.041005 0.965053 0.070346
v -0.042438 0.990161 0.070809
v -0.095082 1.001092 -0.164764
v -0.099697 0.894074 -0.175736
v -0.095624 0.859911 -0.166543
v -0.096273 0.838514 -0.153689
v -0.094175 0.818524 -0.139863
v -0.070193 0.868849 0.067657
v -0.075662 0.841314 0.062881
v -0.064975 0.964360 0.071891
v -0.083642 0.828479 0.059263
v -0.084784 0.804015 0.059888
v -0.080340 0.797387 -0.052690
v -0.088033 0.812959 -0.118788
v -0.081520 0.792190 0.001019
v -0.228985 1.041505 -0.103624
v -0.213690 1.021681 0.032213
v -0.125714 1.010739 0.071996
v -0.153357 1.013563 0.067126
v -0.237154 1.043966 -0.011738
v -0.232584 1.025962 0.002602
v -0.223980 1.022818 0.016071
v -0.198386 1.019499 0.046673
v -0.178543 1.016644 0.057218
v -0.239781 1.040698 -0.075870
v -0.200919 1.047699 -0.132418
v -0.181820 1.049405 -0.140515
v -0.162188 1.049943 -0.146171
v -0.140919 1.050067 -0.151631
v -0.214766 1.043448 -0.121921
v -0.117399 1.050232 -0.156874
v -0.098025 1.008558 0.072572
v -0.068577 1.007865 0.070917
v 0.058176 1.019003 0.002085
v -0.018492 1.010605 0.064143
v 0.008854 1.013614 0.052448
v -0.231353 1.043459 -0.001160
v 0.075911 1.024162 -0.031566
v 0.067566 1.020977 -0.017494
v 0.046863 1.016697 0.021146
v 0.030607 1.015352 0.037873
v 0.054681 1.032239 -0.102841
v 0.006021 1.042249 -0.151249
v -0.010625 1.045930 -0.156471
v -0.028676 1.047533 -0.157298
v -0.049261 1.049891 -0.159635
v -0.095569 1.050315 -0.159056
v 0.021486 1.038216 -0.141694
v -0.072798 1.050822 -0.160018
v -0.044099 1.009819 0.068510
v 0.073750 1.036024 -0.033855
v 0.042334 1.200156 0.050619
v 0.037091 1.201191 0.054111
v 0.049272 1.141730 0.020986
v 0.052530 1.140964 0.016528
v 0.059055 1.099745 -0.000538
v 0.061847 1.098979 -0.005469
v 0.065043 1.072890 -0.020307
v 0.069003 1.069362 -0.038764
v 0.071299 1.060242 -0.042228
v 0.037494 1.033769 -0.126864
v 0.069655 1.060936 -0.029701
v 0.070906 1.034493 -0.044038
v 0.040131 1.221842 0.060743
v 0.034040 1.221542 0.063622
v 0.036419 1.244779 0.064225
v 0.032075 1.243031 0.066601
v 0.031207 1.301044 0.069651
v 0.029594 1.297322 0.072009
v 0.018921 1.303825 0.072817
v 0.008598 1.303743 0.074879
v -0.010538 1.303774 0.078760
v -0.051852 1.301768 0.081330
v -0.064179 1.301283 0.081279
v 0.065508 1.034887 -0.017737
v 0.024278 1.201564 0.061015
v 0.036119 1.141968 0.031366
v 0.048290 1.098090 0.011919
v 0.057235 1.071607 -0.004637
v 0.060720 1.059456 -0.011632
v 0.019501 1.220694 0.068347
v 0.015861 1.242390 0.072065
v 0.010690 1.294457 0.074837
v 0.057607 1.032818 0.002851
v 0.009718 1.202907 0.067117
v 0.020225 1.143136 0.044254
v 0.032696 1.096653 0.025529
v 0.045147 1.069146 0.011961
v 0.050079 1.057677 0.007352
v 0.004861 1.221614 0.072556
v -0.000596 1.243403 0.076286
v -0.002648 1.292813 0.078065
v 0.046025 1.030025 0.021589
v -0.009188 1.203538 0.073183
v 0.003535 1.143405 0.056628
v 0.014868 1.094523 0.040374
v 0.029997 1.064152 0.029174
v 0.035664 1.052787 0.026034
v -0.013393 1.221666 0.077820
v -0.017793 1.242544 0.081022
v -0.015647 1.292121 0.081913
v 0.028487 1.028982 0.038265
v -0.027712 1.203321 0.078066
v -0.013306 1.144418 0.064914
v -0.003495 1.096467 0.053633
v 0.011228 1.062073 0.045719
v 0.017991 1.051246 0.042765
v -0.033009 1.222494 0.081368
v -0.030604 1.242090 0.083316
v -0.031438 1.293227 0.084256
v 0.005391 1.027720 0.054642
v -0.042744 1.203394 0.080074
v -0.031033 1.144512 0.070860
v -0.021863 1.100025 0.062902
v -0.009969 1.063397 0.059566
v -0.004177 1.050905 0.058379
v -0.045534 1.221480 0.082716
v -0.046945 1.241128 0.084869
v -0.053168 1.292658 0.084342
v -0.020378 1.027120 0.064940
v -0.054826 1.202339 0.080384
v -0.044671 1.144553 0.074235
v -0.039238 1.103654 0.069085
v -0.032606 1.066261 0.066543
v -0.028087 1.052528 0.066252
v -0.058295 1.220829 0.082609
v -0.060079 1.240136 0.082547
v -0.065189 1.291965 0.084725
v -0.083276 1.201129 0.080007
v -0.074894 1.144976 0.076648
v -0.073081 1.104668 0.074813
v -0.072511 1.066871 0.073015
v -0.072409 1.053986 0.070879
v -0.084332 1.219308 0.082142
v -0.085464 1.239412 0.080669
v -0.087945 1.289927 0.079850
v -0.002529 1.303733 0.077161
v -0.030028 1.302057 0.081607
v -0.088029 1.300248 0.077582
v 0.064102 1.032983 -0.073155
v 0.061940 1.066334 -0.072735
v 0.050834 1.067398 -0.102135
v 0.038642 1.075723 -0.123235
v 0.023740 1.081700 -0.138984
v 0.005636 1.088919 -0.149749
v -0.011176 1.092341 -0.155902
v -0.030619 1.093985 -0.158756
v -0.051462 1.092889 -0.158219
v -0.074469 1.092424 -0.156564
v -0.096974 1.093509 -0.154289
v 0.062437 1.073623 -0.071482
v 0.057152 1.072538 -0.087641
v 0.058042 1.077378 -0.084615
v 0.049531 1.081784 -0.104088
v 0.050400 1.089157 -0.103504
v 0.038818 1.092506 -0.120618
v 0.041393 1.101121 -0.119098
v 0.023927 1.101669 -0.135561
v 0.027060 1.112289 -0.132749
v 0.005210 1.116746 -0.147329
v 0.011445 1.126219 -0.142800
v -0.006401 1.141151 -0.150670
v -0.001171 1.144336 -0.148798
v -0.016382 1.160002 -0.153575
v -0.008872 1.161357 -0.152603
v -0.023374 1.174925 -0.155778
v -0.015818 1.176714 -0.155271
v -0.028599 1.193073 -0.158581
v -0.022825 1.194096 -0.158425
v -0.032354 1.210912 -0.160876
v -0.027442 1.211429 -0.160856
v -0.035353 1.228822 -0.163006
v -0.030098 1.228812 -0.162851
v -0.035269 1.245441 -0.166047
v -0.035077 1.260994 -0.168953
v -0.030363 1.262358 -0.170142
v -0.033041 1.284933 -0.172686
v -0.031678 1.300889 -0.173606
v -0.035489 1.297228 -0.173978
v -0.041330 1.299596 -0.173978
v -0.040100 1.303743 -0.173544
v -0.051347 1.300672 -0.172479
v -0.053055 1.307115 -0.172065
v -0.064845 1.300600 -0.169852
v -0.065198 1.307115 -0.170059
v -0.074135 1.301779 -0.168487
v -0.074102 1.308097 -0.168849
v -0.011738 1.116787 -0.153544
v -0.018591 1.140333 -0.152603
v -0.024167 1.158534 -0.154155
v -0.031247 1.175691 -0.156419
v -0.036258 1.192122 -0.158901
v -0.040091 1.210301 -0.161300
v -0.042123 1.227902 -0.163151
v -0.041891 1.245172 -0.165685
v -0.041398 1.260631 -0.168053
v -0.041605 1.279836 -0.171290
v -0.030970 1.116622 -0.155964
v -0.035345 1.139206 -0.153689
v -0.039104 1.157542 -0.153958
v -0.042890 1.174748 -0.156171
v -0.047285 1.192494 -0.158539
v -0.049576 1.210746 -0.161424
v -0.051077 1.227012 -0.162986
v -0.051228 1.243392 -0.164320
v -0.051177 1.259793 -0.166471
v -0.050128 1.281096 -0.170100
v -0.052304 1.115370 -0.155013
v -0.052670 1.137573 -0.152914
v -0.055644 1.157055 -0.153431
v -0.057446 1.174418 -0.155271
v -0.060050 1.191750 -0.157412
v -0.060716 1.209784 -0.160214
v -0.061864 1.227458 -0.163162
v -0.062566 1.242917 -0.164558
v -0.061671 1.258129 -0.165602
v -0.063054 1.280135 -0.167577
v -0.072225 1.114399 -0.153172
v -0.072641 1.136704 -0.151259
v -0.074437 1.156941 -0.151735
v -0.074050 1.174635 -0.153886
v -0.074300 1.192722 -0.156161
v -0.074321 1.210147 -0.158622
v -0.074625 1.227520 -0.162345
v -0.075388 1.243828 -0.164733
v -0.075850 1.258729 -0.165850
v -0.076098 1.280062 -0.166636
v -0.089310 1.303010 -0.169770
v -0.089886 1.308820 -0.169180
v -0.096843 1.114461 -0.152634
v -0.095168 1.136952 -0.150494
v -0.093627 1.157149 -0.152014
v -0.092536 1.174429 -0.154516
v -0.091719 1.192618 -0.156254
v -0.091312 1.209961 -0.158456
v -0.091032 1.228172 -0.161766
v -0.088538 1.244530 -0.164289
v -0.089594 1.259256 -0.165716
v -0.089254 1.282089 -0.167546
v -0.207879 1.201212 0.057490
v -0.206648 1.201108 0.060197
v -0.208954 1.140117 0.041474
v -0.210692 1.138421 0.038333
v -0.213215 1.106880 0.025970
v -0.214621 1.104781 0.022330
v -0.219533 1.085185 0.008913
v -0.226679 1.085619 -0.006553
v -0.230898 1.074120 -0.011646
v -0.223163 1.075599 0.001642
v -0.209306 1.221676 0.063439
v -0.205593 1.221884 0.066307
v -0.208117 1.242856 0.066747
v -0.204332 1.242535 0.068983
v -0.193892 1.202711 0.065839
v -0.198220 1.141554 0.049805
v -0.206162 1.106973 0.036290
v -0.212057 1.086694 0.020555
v -0.214962 1.076323 0.015435
v -0.191053 1.222205 0.070577
v -0.188344 1.242627 0.073507
v -0.175090 1.203498 0.073106
v -0.183007 1.142517 0.060801
v -0.191713 1.104306 0.047608
v -0.200785 1.083437 0.034616
v -0.203825 1.070832 0.031574
v -0.171463 1.222370 0.075876
v -0.170420 1.243207 0.077736
v -0.159956 1.203735 0.076643
v -0.166397 1.143881 0.067984
v -0.173377 1.100500 0.055853
v -0.184715 1.074017 0.049567
v -0.188887 1.061793 0.047292
v -0.158890 1.220695 0.079250
v -0.157073 1.241532 0.082040
v -0.145907 1.203362 0.079917
v -0.150058 1.145536 0.071528
v -0.151843 1.100283 0.064723
v -0.165434 1.067729 0.060196
v -0.170237 1.055775 0.059560
v -0.144047 1.221253 0.082252
v -0.143588 1.240384 0.083355
v -0.125045 1.203818 0.081169
v -0.128346 1.146280 0.075941
v -0.129354 1.103003 0.071599
v -0.141815 1.066633 0.069788
v -0.146839 1.052445 0.069893
v -0.125445 1.221698 0.083325
v -0.126169 1.238429 0.084903
v -0.106870 1.203311 0.082759
v -0.106625 1.145370 0.077226
v -0.109818 1.105877 0.074819
v -0.117912 1.068018 0.075220
v -0.121680 1.052404 0.075269
v -0.108341 1.220881 0.085964
v -0.110488 1.237768 0.086115
v -0.078322 1.289824 0.082076
v -0.236037 1.080977 -0.041259
v -0.235965 1.078484 -0.072296
v -0.227330 1.080356 -0.094666
v -0.215004 1.086674 -0.112604
v -0.198686 1.090894 -0.126492
v -0.180206 1.091338 -0.135696
v -0.162095 1.093024 -0.143896
v -0.142394 1.094264 -0.149977
v -0.120627 1.093510 -0.152841
v -0.232149 1.086116 -0.033025
v -0.236565 1.087771 -0.054397
v -0.236492 1.090831 -0.052807
v -0.233442 1.090490 -0.072265
v -0.233194 1.096746 -0.070871
v -0.225831 1.095050 -0.091742
v -0.225004 1.102154 -0.091375
v -0.213018 1.104378 -0.111177
v -0.213163 1.113655 -0.108324
v -0.201095 1.124626 -0.121125
v -0.202429 1.131182 -0.118519
v -0.189561 1.147294 -0.129160
v -0.194619 1.149693 -0.125913
v -0.181763 1.165329 -0.136647
v -0.188190 1.166786 -0.133824
v -0.174325 1.181884 -0.143462
v -0.180728 1.182402 -0.141549
v -0.163547 1.196775 -0.148953
v -0.171300 1.198254 -0.148653
v -0.153563 1.214108 -0.153513
v -0.159862 1.214862 -0.154537
v -0.145254 1.230570 -0.158994
v -0.151572 1.230312 -0.159925
v -0.179891 1.118183 -0.135820
v -0.175590 1.143715 -0.136833
v -0.170595 1.162857 -0.140794
v -0.164463 1.179413 -0.145096
v -0.153991 1.196020 -0.149894
v -0.146018 1.213208 -0.153079
v -0.139613 1.229753 -0.157598
v -0.157509 1.115422 -0.144196
v -0.149554 1.137315 -0.144858
v -0.143871 1.156859 -0.146130
v -0.139299 1.176186 -0.148798
v -0.136918 1.193932 -0.152241
v -0.133347 1.211191 -0.154454
v -0.129771 1.229360 -0.156481
v -0.137604 1.114626 -0.149863
v -0.131918 1.135443 -0.148684
v -0.126416 1.155453 -0.149325
v -0.124091 1.174976 -0.150587
v -0.121348 1.192391 -0.153358
v -0.119345 1.210229 -0.156895
v -0.117707 1.228057 -0.158094
v -0.118529 1.113985 -0.151580
v -0.114037 1.135173 -0.150659
v -0.108879 1.155877 -0.151642
v -0.108539 1.174118 -0.153617
v -0.107829 1.191595 -0.155416
v -0.108022 1.209268 -0.158374
v -0.104865 1.226982 -0.161031
v -0.073059 1.240695 0.080640
v -0.071061 1.220983 0.080224
v -0.068630 1.201905 0.079859
v -0.049641 1.052434 0.068962
v -0.052060 1.067098 0.070313
v -0.055739 1.105309 0.072950
v -0.058808 1.145411 0.075818
v -0.077618 1.300693 0.078707
v -0.097363 1.239546 0.083963
v -0.095880 1.220426 0.084662
v -0.094900 1.202050 0.081772
v -0.095353 1.066995 0.075493
v -0.091075 1.106395 0.075757
v -0.091181 1.145515 0.077575
v -0.097277 1.051897 0.074678
v -0.044985 1.025425 0.067407
v -0.070500 1.023945 0.069974
v -0.097731 1.023945 0.072590
v -0.124741 1.026076 0.073699
v -0.152588 1.028093 0.068466
v -0.177248 1.032508 0.058114
v -0.196111 1.037192 0.046324
v -0.209389 1.042197 0.030241
v -0.220888 1.041453 0.014134
v -0.237485 1.042062 -0.042899
v -0.142721 1.232969 0.082094
v -0.031670 1.229175 0.081415
v -0.019384 1.229061 0.079999
v -0.020047 1.235048 0.080974
v -0.029813 1.234923 0.081556
v -0.144089 1.227664 0.081984
v -0.085600 1.233589 0.081150
v -0.047424 1.234169 0.083933
v -0.059885 1.234086 0.082880
v -0.154363 1.233568 0.081191
v -0.154120 1.227716 0.080354
v -0.126187 1.233073 0.084389
v -0.109678 1.232370 0.085906
v -0.084931 1.226795 0.081048
v -0.072394 1.234520 0.080829
v -0.097326 1.233134 0.084526
v -0.046322 1.228894 0.083687
v -0.058916 1.228285 0.082259
v -0.126122 1.228564 0.083502
v -0.109197 1.227292 0.084987
v -0.071248 1.228181 0.080593
v -0.096758 1.227830 0.084219
v -0.083716 0.954588 0.071974
v -0.073491 0.955270 0.071354
v -0.084979 0.869831 0.068564
v -0.078250 0.870010 0.067653
v -0.230888 1.030098 -0.105431
v 0.056646 1.021061 -0.103473
v 0.075094 1.019902 -0.042234
v -0.231642 1.035921 0.001104
v -0.162966 1.038091 -0.147288
v -0.238664 1.028289 -0.011107
v -0.009302 1.034493 -0.156078
v 0.075208 1.030016 -0.032424
v -0.201633 1.035796 -0.134062
v -0.216638 1.033066 -0.122397
v -0.044251 1.018061 0.068527
v -0.027659 1.036034 -0.157298
v -0.048902 1.038433 -0.157577
v -0.073049 1.039860 -0.158870
v -0.241570 1.028309 -0.078335
v -0.117831 1.040119 -0.157639
v -0.183497 1.037275 -0.141673
v -0.140146 1.038599 -0.152366
v 0.007683 1.030956 -0.151300
v 0.023006 1.026510 -0.142014
v 0.067390 1.027482 -0.017096
v -0.094708 1.039612 -0.159904
v 0.039645 1.022301 -0.128364
v 0.058166 1.026044 0.003289
v 0.046263 1.023511 0.022222
v 0.029749 1.022570 0.038337
v 0.007215 1.020874 0.054200
v -0.019255 1.019271 0.065226
v 0.063936 1.021743 -0.072829
v -0.069156 1.016375 0.070951
v -0.097693 1.016118 0.073333
v -0.126900 1.018227 0.073288
v -0.153380 1.020946 0.067911
v -0.177974 1.024276 0.057936
v -0.197382 1.028329 0.047068
v -0.213080 1.031092 0.031783
v -0.223121 1.032632 0.015745
v -0.239171 1.028082 -0.043179
v 0.047266 1.173084 0.037120
v 0.043316 1.173932 0.040848
v 0.029252 1.173343 0.049813
v 0.013968 1.174604 0.058411
v -0.003983 1.174336 0.066903
v -0.020566 1.175256 0.072554
v -0.037354 1.175080 0.076318
v -0.050653 1.174273 0.077222
v -0.077654 1.175266 0.078051
v -0.208406 1.171005 0.052114
v -0.207289 1.171399 0.054909
v -0.198065 1.173023 0.063332
v -0.180953 1.174149 0.068016
v -0.164324 1.175411 0.073104
v -0.149469 1.176124 0.076685
v -0.126146 1.174563 0.077552
v -0.107508 1.175835 0.078570
v -0.063918 1.174077 0.077656
v -0.092924 1.175193 0.078379
v 0.035695 1.274912 0.069649
v 0.039417 1.275864 0.067143
v 0.015044 1.270125 0.073407
v -0.001478 1.268388 0.077986
v -0.017923 1.269380 0.081226
v -0.033525 1.269225 0.085720
v -0.051626 1.266598 0.084994
v -0.064723 1.267053 0.085958
v -0.086944 1.268750 0.081309
v -0.075077 1.269349 0.083727
v -0.079608 0.849047 0.064799
v -0.085822 0.848496 0.066194
v -0.122670 1.310713 -0.176491
v -0.110892 1.311159 -0.172986
v -0.136475 1.308190 -0.179666
v -0.104128 1.311293 -0.171145
v -0.146925 1.248802 -0.166833
v -0.200268 1.304146 0.073184
v -0.142573 1.306071 -0.181176
v -0.145584 1.282896 -0.178973
v -0.207982 1.298087 0.071966
v -0.206607 1.296122 0.073195
v -0.197318 1.301810 0.074387
v -0.185619 1.300548 0.077022
v -0.165640 1.301231 0.078805
v -0.125355 1.300827 0.081698
v -0.113172 1.301862 0.082871
v -0.186733 1.292761 0.077130
v -0.173833 1.292068 0.078879
v -0.160040 1.291458 0.081472
v -0.146091 1.291313 0.083420
v -0.123772 1.292492 0.084308
v -0.112228 1.292461 0.086871
v -0.173603 1.300837 0.077904
v -0.147055 1.300465 0.080711
v -0.142831 1.245564 -0.165095
v -0.141817 1.260383 -0.170028
v -0.146462 1.261511 -0.171476
v -0.142121 1.283693 -0.178549
v -0.142921 1.302409 -0.181589
v -0.140475 1.297912 -0.181041
v -0.133901 1.299173 -0.179594
v -0.135890 1.304798 -0.179831
v -0.124116 1.300921 -0.176957
v -0.122397 1.308066 -0.176626
v -0.111471 1.301085 -0.173161
v -0.111981 1.308035 -0.173534
v -0.102500 1.301768 -0.170938
v -0.102008 1.308624 -0.171021
v -0.136640 1.245441 -0.163668
v -0.135567 1.260425 -0.168860
v -0.134209 1.278904 -0.174940
v -0.127426 1.244830 -0.160959
v -0.125808 1.259907 -0.166667
v -0.125174 1.279535 -0.172861
v -0.113947 1.243982 -0.160266
v -0.115695 1.258812 -0.163410
v -0.113959 1.279484 -0.169418
v -0.100881 1.243600 -0.163730
v -0.100851 1.258791 -0.165147
v -0.100659 1.280972 -0.167670
v -0.097399 1.290259 0.084210
v -0.099313 1.301106 0.079823
v -0.211912 1.275109 0.070107
v -0.214497 1.276143 0.067959
v -0.191188 1.270682 0.074517
v -0.174998 1.269101 0.078726
v -0.158920 1.269359 0.081358
v -0.143000 1.269597 0.084919
v -0.124432 1.266774 0.086085
v -0.110997 1.267012 0.086436
v -0.099507 1.268821 0.084845
v -0.020062 1.361736 0.058333
v -0.019007 1.351178 0.062306
v -0.020529 1.366978 0.056606
v -0.020058 1.360557 0.058713
v -0.020754 1.370061 0.055625
v -0.017586 1.349937 0.062545
v -0.014160 1.349296 0.062615
v -0.008788 1.344312 0.063776
v -0.007027 1.340600 0.064654
v -0.005550 1.336017 0.065542
v -0.007112 1.329555 0.065665
v -0.007434 1.324364 0.068107
v -0.008662 1.322740 0.068911
v -0.010811 1.321654 0.069576
v -0.013603 1.321148 0.069995
v -0.017201 1.320661 0.070452
v -0.018649 1.319762 0.070979
v -0.019294 1.317818 0.071934
v -0.018721 1.315739 0.072802
v -0.017072 1.314395 0.073155
v -0.013613 1.313940 0.073354
v -0.010713 1.313061 0.073718
v -0.007810 1.313236 0.074222
v -0.019996 1.370867 0.055376
v -0.018504 1.371230 0.055163
v -0.014111 1.371489 0.055030
v -0.018457 1.350485 0.062409
v -0.012059 1.348530 0.062536
v -0.013879 1.369182 0.055918
v -0.017879 1.369141 0.055767
v -0.018952 1.367755 0.056255
v -0.018953 1.366431 0.056670
v -0.018159 1.364456 0.057203
v -0.013482 1.364405 0.057152
v -0.018672 1.368623 0.055969
v -0.015245 1.361550 0.058111
v -0.020248 1.364518 0.057352
v -0.018677 1.365542 0.056918
v -0.015118 1.360402 0.058372
v -0.014244 1.351199 0.061903
v -0.014194 1.350113 0.062308
v -0.011378 1.319162 0.070560
v -0.015312 1.319203 0.070970
v -0.015987 1.318945 0.071187
v -0.015814 1.317373 0.071716
v -0.015302 1.316587 0.072027
v -0.011511 1.316256 0.072118
v -0.013451 1.316494 0.072011
v -0.009393 1.319017 0.070501
v -0.009462 1.316131 0.072009
v -0.007005 1.345377 0.065671
v -0.005373 1.342026 0.066440
v -0.003506 1.336824 0.067667
v -0.004121 1.329907 0.064962
v -0.003996 1.324870 0.067542
v -0.004415 1.323568 0.068057
v -0.009162 1.349026 0.064644
v -0.003138 1.346308 0.064253
v -0.002218 1.342626 0.065429
v -0.001420 1.337921 0.066359
v -0.000669 1.330196 0.064249
v 0.000404 1.325779 0.066334
v -0.000130 1.324291 0.066470
v -0.003606 1.350206 0.063168
v -0.012450 1.371922 0.056099
v -0.012448 1.369213 0.056570
v -0.012165 1.364425 0.057126
v -0.013675 1.361416 0.057979
v -0.013644 1.360444 0.058317
v -0.012992 1.351157 0.061737
v -0.012985 1.349782 0.062192
v -0.011277 1.373907 0.054748
v -0.011424 1.369771 0.056169
v -0.011027 1.365418 0.056498
v -0.010357 1.361664 0.057590
v -0.010320 1.360796 0.057885
v -0.009779 1.351613 0.061357
v -0.009702 1.350154 0.061880
v -0.007633 1.375303 0.053325
v -0.005892 1.371643 0.053585
v -0.005247 1.366637 0.054662
v -0.005099 1.363278 0.055712
v -0.005099 1.362419 0.056004
v -0.004543 1.353319 0.059316
v -0.004430 1.351881 0.059823
v -0.007220 1.319079 0.070317
v -0.007203 1.316422 0.072588
v -0.005191 1.313392 0.074354
v -0.004609 1.319162 0.069936
v -0.004389 1.316670 0.072543
v -0.000430 1.314044 0.073515
v -0.000048 1.319866 0.068800
v 0.000464 1.317198 0.071675
v -0.021093 1.359730 0.054663
v -0.020135 1.349296 0.058399
v -0.021475 1.365335 0.052779
v -0.021056 1.359037 0.054861
v -0.021614 1.368768 0.051814
v -0.018443 1.347703 0.058768
v -0.014140 1.346876 0.058780
v -0.010229 1.342077 0.060284
v -0.008557 1.338780 0.061160
v -0.007259 1.334167 0.062355
v -0.007936 1.328572 0.064574
v -0.008569 1.323734 0.066744
v -0.009502 1.322585 0.067318
v -0.011233 1.321830 0.067774
v -0.013825 1.321147 0.068208
v -0.017800 1.320413 0.068855
v -0.019440 1.319162 0.069586
v -0.020092 1.317218 0.070494
v -0.019611 1.314684 0.071488
v -0.017622 1.313082 0.071928
v -0.013986 1.312348 0.072159
v -0.010754 1.312006 0.072261
v -0.020414 1.369947 0.051289
v -0.019005 1.370650 0.050979
v -0.014460 1.371085 0.050565
v -0.019527 1.348303 0.058626
v -0.012931 1.346318 0.058889
v -0.014381 1.366762 0.051945
v -0.017830 1.366670 0.052069
v -0.018664 1.365893 0.052333
v -0.018542 1.364643 0.052742
v -0.017805 1.363411 0.053082
v -0.014013 1.363308 0.053127
v -0.018459 1.366617 0.052085
v -0.021239 1.362782 0.053591
v -0.018392 1.363950 0.052958
v -0.011923 1.317776 0.069461
v -0.014958 1.317952 0.069654
v -0.015521 1.317807 0.069815
v -0.015163 1.316970 0.069972
v -0.014735 1.316484 0.070164
v -0.012075 1.316432 0.070119
v -0.013354 1.316432 0.070114
v -0.012817 1.371757 0.049929
v 0.006029 1.308594 0.072791
v -0.004118 1.308014 0.073292
v -0.008379 1.308355 0.072961
v -0.019791 1.357992 0.059593
v -0.015094 1.358076 0.059330
v -0.013647 1.358562 0.060313
v -0.010405 1.358985 0.059876
v -0.005340 1.360734 0.057800
v -0.020867 1.356452 0.055652
v -0.019298 1.353577 0.061341
v -0.014649 1.353629 0.060956
v -0.013225 1.354063 0.061947
v -0.009978 1.354476 0.061566
v -0.004794 1.356183 0.059536
v -0.020402 1.351819 0.057444
v -0.006016 1.333897 0.063833
v -0.003821 1.333919 0.063536
v -0.001457 1.334881 0.062372
v -0.007448 1.332885 0.062893
v 0.016481 1.367020 0.050750
v 0.017846 1.356266 0.055270
v 0.016553 1.372398 0.048869
v 0.016522 1.365810 0.051161
v 0.015809 1.375387 0.047790
v 0.017019 1.354653 0.055836
v 0.014671 1.354043 0.055980
v 0.011393 1.349141 0.057418
v 0.010990 1.344704 0.059097
v 0.010659 1.339317 0.060944
v 0.013648 1.333070 0.060995
v 0.016471 1.327766 0.063541
v 0.017836 1.325884 0.064459
v 0.019697 1.324664 0.065120
v 0.021941 1.324198 0.064871
v 0.024661 1.323919 0.065380
v 0.026015 1.322875 0.065924
v 0.027070 1.320445 0.067186
v 0.027205 1.318056 0.068204
v 0.026636 1.316577 0.068947
v 0.024164 1.315801 0.069444
v 0.022045 1.314695 0.070082
v 0.019697 1.314581 0.071069
v 0.015530 1.376245 0.047556
v 0.014547 1.376544 0.047529
v 0.012458 1.377103 0.047392
v 0.017525 1.355232 0.055658
v 0.012975 1.353163 0.056112
v 0.010432 1.375387 0.048076
v 0.013947 1.374435 0.048287
v 0.015406 1.373163 0.048634
v 0.015468 1.371819 0.049093
v 0.015013 1.369812 0.049781
v 0.010618 1.370381 0.049734
v 0.014475 1.373948 0.048407
v 0.013017 1.366680 0.050958
v 0.016491 1.369947 0.049721
v 0.015323 1.370919 0.049408
v 0.013079 1.365521 0.051345
v 0.014216 1.355966 0.055185
v 0.014475 1.354869 0.055625
v 0.020762 1.321788 0.066211
v 0.023616 1.322130 0.066299
v 0.024237 1.321819 0.066414
v 0.025261 1.319679 0.067681
v 0.025033 1.318686 0.068102
v 0.021993 1.318056 0.068481
v 0.023627 1.318366 0.068247
v 0.019304 1.321426 0.066498
v 0.020390 1.317869 0.068606
v 0.009935 1.349730 0.059766
v 0.009521 1.345315 0.061596
v 0.009113 1.339648 0.063674
v 0.010607 1.333174 0.060732
v 0.013131 1.327910 0.063273
v 0.014030 1.326369 0.064005
v 0.010462 1.354114 0.058122
v 0.005958 1.348790 0.060936
v 0.006567 1.344467 0.062771
v 0.006832 1.339214 0.064302
v 0.007397 1.332201 0.061694
v 0.008649 1.327363 0.063848
v 0.009262 1.325553 0.064745
v 0.005772 1.352626 0.059636
v 0.009987 1.378654 0.047872
v 0.009646 1.375170 0.048861
v 0.009863 1.370412 0.049664
v 0.011838 1.366576 0.051001
v 0.011890 1.365542 0.051363
v 0.013068 1.355873 0.055175
v 0.013492 1.354435 0.055720
v 0.008956 1.379265 0.047843
v 0.008739 1.375138 0.048956
v 0.008614 1.370547 0.049615
v 0.008621 1.367062 0.050828
v 0.008648 1.366162 0.051140
v 0.009842 1.356897 0.054601
v 0.010225 1.355356 0.055210
v 0.006008 1.379171 0.048109
v 0.003908 1.374311 0.050163
v 0.003874 1.369802 0.050829
v 0.003781 1.366287 0.051971
v 0.003846 1.365366 0.052285
v 0.004926 1.355522 0.056030
v 0.005263 1.354001 0.056585
v 0.017567 1.321313 0.066603
v 0.018487 1.318077 0.069354
v 0.017649 1.314560 0.071470
v 0.015178 1.321107 0.066669
v 0.015943 1.318324 0.069494
v 0.012800 1.314416 0.071551
v 0.010183 1.321075 0.066842
v 0.011186 1.318738 0.069298
v 0.001203 1.348241 0.062288
v 0.002221 1.343557 0.064125
v 0.002959 1.338324 0.065751
v 0.003314 1.331489 0.062869
v 0.004618 1.326535 0.065210
v 0.004528 1.325026 0.065584
v 0.000534 1.352305 0.060814
v -0.001059 1.377476 0.051173
v -0.000854 1.373267 0.052073
v -0.000686 1.368985 0.052669
v -0.000202 1.364580 0.054210
v -0.000812 1.364331 0.054009
v 0.000580 1.354261 0.058010
v 0.000883 1.352708 0.058614
v 0.006345 1.314332 0.072409
v 0.005597 1.319906 0.068197
v 0.005534 1.318427 0.070242
v 0.016967 1.365293 0.046765
v 0.018239 1.354798 0.051064
v 0.016822 1.370661 0.044835
v 0.017422 1.364021 0.047450
v 0.016936 1.374218 0.043646
v 0.017319 1.352719 0.051792
v 0.014320 1.351892 0.051878
v 0.012748 1.346680 0.053906
v 0.012200 1.342957 0.055277
v 0.012407 1.337786 0.057343
v 0.014547 1.332316 0.059626
v 0.017236 1.327187 0.062097
v 0.018239 1.325905 0.062695
v 0.019728 1.325057 0.063179
v 0.021796 1.324384 0.063518
v 0.024919 1.323898 0.063650
v 0.026481 1.322410 0.064388
v 0.027515 1.319969 0.065593
v 0.027908 1.317114 0.066854
v 0.027163 1.315336 0.067745
v 0.024495 1.314446 0.068284
v 0.022096 1.313629 0.069606
v 0.015757 1.375603 0.043326
v 0.014847 1.376224 0.043215
v 0.012624 1.376731 0.043119
v 0.017960 1.353349 0.051605
v 0.013555 1.351220 0.052089
v 0.010607 1.372894 0.044191
v 0.013679 1.372388 0.044319
v 0.014216 1.371488 0.044610
v 0.014878 1.370216 0.045081
v 0.014423 1.368975 0.045560
v 0.010876 1.369182 0.045752
v 0.014061 1.372201 0.044358
v 0.016926 1.368417 0.045664
v 0.014806 1.369513 0.045338
v 0.021248 1.320526 0.065031
v 0.023410 1.320951 0.065009
v 0.023937 1.320744 0.065102
v 0.024640 1.319369 0.066023
v 0.024413 1.318645 0.066324
v 0.022055 1.318438 0.066532
v 0.023234 1.318468 0.066443
v 0.010432 1.378147 0.042714
v 0.014506 1.308521 0.072623
v 0.022076 1.309246 0.072437
v 0.016698 1.362853 0.052272
v 0.013162 1.363112 0.052271
v 0.012076 1.363443 0.053393
v 0.008816 1.364094 0.053178
v 0.004028 1.363163 0.054369
v -0.000586 1.362098 0.056141
v 0.017153 1.361581 0.048170
v 0.021072 1.311830 0.071155
v 0.017205 1.358696 0.054009
v 0.013761 1.358386 0.054082
v 0.012386 1.359109 0.054888
v 0.009387 1.359916 0.054638
v 0.004581 1.358541 0.056169
v 0.000143 1.357321 0.058072
v 0.017670 1.357269 0.049911
v -0.008934 1.310641 0.073793
v 0.011207 1.337227 0.059215
v 0.009178 1.336948 0.059279
v 0.006853 1.336132 0.060356
v 0.003022 1.334838 0.061975
v 0.012831 1.336328 0.057959
v -0.248540 0.994060 -0.019202
v -0.248985 0.988837 -0.019214
v -0.247744 0.994421 -0.014920
v -0.247464 0.999251 -0.019220
v -0.248922 0.993595 -0.023636
v -0.249533 0.988817 -0.023290
v -0.248416 0.989550 -0.015152
v -0.247123 0.999272 -0.015140
v -0.248136 0.998527 -0.023243
v -0.249553 0.985249 -0.015725
v -0.250112 0.984370 -0.019068
v -0.250525 0.984618 -0.022442
v -0.246430 1.003232 -0.015846
v -0.246627 1.003428 -0.019163
v -0.247257 1.002518 -0.022426
v -0.249315 0.997689 -0.027620
v -0.250081 0.993222 -0.029016
v -0.250546 0.988816 -0.027988
v -0.247981 0.990368 -0.010257
v -0.247299 0.995105 -0.009221
v -0.246730 0.999426 -0.010356
v -0.248840 0.987204 -0.012723
v -0.250711 0.986014 -0.025499
v -0.246430 1.001991 -0.012852
v -0.248302 1.000657 -0.025185
v -0.245386 0.987927 -0.020188
v -0.244052 0.993532 -0.015789
v -0.244010 0.998382 -0.020112
v -0.245427 0.992725 -0.024590
v -0.246037 0.987948 -0.024278
v -0.244662 0.988620 -0.016068
v -0.243514 0.998404 -0.015996
v -0.244683 0.997648 -0.024176
v -0.247123 0.984680 -0.016338
v -0.247764 0.983801 -0.019699
v -0.248250 0.984060 -0.023086
v -0.244238 1.002715 -0.016397
v -0.244445 1.002922 -0.019733
v -0.245055 1.002011 -0.023012
v -0.247102 0.997162 -0.028235
v -0.247837 0.992705 -0.029640
v -0.248333 0.988299 -0.028631
v -0.245406 0.989748 -0.010893
v -0.244765 0.994484 -0.009800
v -0.244393 0.998878 -0.010926
v -0.246368 0.986645 -0.013321
v -0.248478 0.985487 -0.026152
v -0.244186 1.001464 -0.013399
v -0.246099 1.000140 -0.025795
v 0.069169 1.036375 -0.016093
v 0.069313 1.031018 -0.016519
v 0.071010 1.036138 -0.020133
v 0.068466 1.041628 -0.015749
v 0.066842 1.036262 -0.012330
v 0.067380 1.031442 -0.012838
v 0.071371 1.031360 -0.020098
v 0.070534 1.041122 -0.019381
v 0.066459 1.041277 -0.012162
v 0.071371 1.026840 -0.019691
v 0.069872 1.026448 -0.016681
v 0.068279 1.027016 -0.013596
v 0.069738 1.045155 -0.018438
v 0.067980 1.045848 -0.015418
v 0.066449 1.045186 -0.012539
v 0.064619 1.041225 -0.007999
v 0.064350 1.036933 -0.007216
v 0.065177 1.032374 -0.008327
v 0.074122 1.031702 -0.024162
v 0.074184 1.036210 -0.024839
v 0.073264 1.040470 -0.023494
v 0.072912 1.028651 -0.022228
v 0.066615 1.029064 -0.010755
v 0.071475 1.043562 -0.021103
v 0.065374 1.043800 -0.010057
v 0.065880 1.029963 -0.018262
v 0.067638 1.035072 -0.021967
v 0.065322 1.040522 -0.017455
v 0.063574 1.035342 -0.013946
v 0.064050 1.030501 -0.014468
v 0.067897 1.030243 -0.021992
v 0.067349 1.040015 -0.021176
v 0.063274 1.040305 -0.013815
v 0.069086 1.026168 -0.020888
v 0.067638 1.025775 -0.017811
v 0.066118 1.026407 -0.014644
v 0.067659 1.044627 -0.019461
v 0.065963 1.045217 -0.016499
v 0.064433 1.044617 -0.013586
v 0.062550 1.040667 -0.009036
v 0.062251 1.036386 -0.008246
v 0.063078 1.031815 -0.009346
v 0.071723 1.030935 -0.025442
v 0.071857 1.035413 -0.026124
v 0.071103 1.039829 -0.024656
v 0.070627 1.027958 -0.023467
v 0.064484 1.028485 -0.011775
v 0.069407 1.042932 -0.022226
v 0.063099 1.043282 -0.011080
v 0.082964 0.945074 -0.013917
v 0.082829 0.941724 -0.013976
v 0.083646 0.944919 -0.016641
v 0.082757 0.948425 -0.013927
v 0.082064 0.945188 -0.011236
v 0.082230 0.941858 -0.011533
v 0.083595 0.941827 -0.016490
v 0.083532 0.948073 -0.016424
v 0.082085 0.948311 -0.011414
v 0.083574 0.939014 -0.016048
v 0.083026 0.938590 -0.014039
v 0.082488 0.938983 -0.011952
v 0.083243 0.950710 -0.015995
v 0.082602 0.951113 -0.013972
v 0.082074 0.950824 -0.011931
v 0.081516 0.948176 -0.008561
v 0.081351 0.945405 -0.007757
v 0.081671 0.942168 -0.008509
v 0.084753 0.942013 -0.019400
v 0.085042 0.944929 -0.019838
v 0.084598 0.947690 -0.019281
v 0.084153 0.940038 -0.017905
v 0.082023 0.940131 -0.010050
v 0.083936 0.949603 -0.017801
v 0.081723 0.949903 -0.010132
v 0.080565 0.941496 -0.014594
v 0.081371 0.944712 -0.017326
v 0.080616 0.948207 -0.014527
v 0.079893 0.944991 -0.011809
v 0.080027 0.941651 -0.012110
v 0.081268 0.941589 -0.017189
v 0.081361 0.947845 -0.017080
v 0.079934 0.948104 -0.011993
v 0.082054 0.938880 -0.016482
v 0.081547 0.938445 -0.014440
v 0.081051 0.938849 -0.012320
v 0.081878 0.950596 -0.016386
v 0.081247 0.951010 -0.014348
v 0.080709 0.950720 -0.012301
v 0.080130 0.948063 -0.008921
v 0.079955 0.945291 -0.008116
v 0.080275 0.942054 -0.008865
v 0.083140 0.941837 -0.019861
v 0.083470 0.944743 -0.020336
v 0.083160 0.947576 -0.019706
v 0.082622 0.939914 -0.018363
v 0.080616 0.940007 -0.010401
v 0.082550 0.949479 -0.018209
v 0.080347 0.949790 -0.010491
v 0.026212 0.037066 -0.092871
v 0.047825 0.039776 -0.095210
v 0.057328 0.038948 -0.100292
v 0.066832 0.035856 -0.106360
v 0.003056 0.029548 -0.123142
v -0.003933 0.030841 -0.135634
v 0.060100 0.022090 -0.153896
v 0.009035 0.019528 -0.210958
v 0.027463 0.020349 -0.203306
v 0.043316 0.019401 -0.190038
v 0.051392 0.019888 -0.172344
v -0.014690 0.028049 -0.190317
v -0.010315 0.030707 -0.150835
v -0.014516 0.032010 -0.170318
v -0.008248 0.025908 -0.205829
v 0.011238 0.029538 -0.109033
v 0.067256 0.028669 -0.125137
v 0.037670 0.041068 -0.091982
v 0.062768 0.023230 -0.071738
v 0.068166 0.022992 -0.075087
v 0.073812 0.021834 -0.078747
v 0.078827 0.019890 -0.082708
v 0.083336 0.017077 -0.087000
v 0.087493 0.012103 -0.089910
v 0.086707 0.013447 -0.091217
v 0.045891 0.020789 -0.062616
v 0.044991 0.021927 -0.063853
v 0.061341 0.021400 -0.073029
v 0.066294 0.021286 -0.076177
v 0.071775 0.020376 -0.079691
v 0.076501 0.018659 -0.083331
v 0.080544 0.016260 -0.087042
v 0.083708 0.013034 -0.090795
v 0.044640 0.019869 -0.065592
v 0.085394 0.010490 -0.089371
v 0.046325 0.018359 -0.063864
v 0.041300 0.018701 -0.062006
v 0.040617 0.019735 -0.063368
v 0.040441 0.018194 -0.064994
v 0.041341 0.016684 -0.063416
v 0.079851 0.019869 -0.081798
v 0.084567 0.016994 -0.086262
v 0.088083 0.012796 -0.091258
v 0.040255 0.019486 -0.062185
v 0.039790 0.017377 -0.063695
v 0.085032 0.011213 -0.090984
v 0.054071 0.043902 -0.091774
v 0.059231 0.043540 -0.094899
v 0.053192 0.045236 -0.093079
v 0.058435 0.044977 -0.096360
v 0.064577 0.042320 -0.098243
v 0.063957 0.043829 -0.099916
v 0.069314 0.040158 -0.102154
v 0.068755 0.041813 -0.103857
v 0.073171 0.037190 -0.106386
v 0.072530 0.038680 -0.108124
v 0.076170 0.033437 -0.110836
v 0.075342 0.034853 -0.112273
v 0.047939 0.044367 -0.088973
v 0.047070 0.045691 -0.090284
v 0.041651 0.043023 -0.087346
v 0.040741 0.044191 -0.088822
v 0.036501 0.041058 -0.086553
v 0.035550 0.042185 -0.088122
v 0.051703 0.043457 -0.094350
v 0.056511 0.043343 -0.097440
v 0.061878 0.042423 -0.100860
v 0.066356 0.040603 -0.104474
v 0.069810 0.037945 -0.108196
v 0.072426 0.034522 -0.111891
v 0.046087 0.043716 -0.091948
v 0.040131 0.042040 -0.090692
v 0.035147 0.040096 -0.089968
v 0.053471 0.041378 -0.092579
v 0.058290 0.041037 -0.095392
v 0.063430 0.039838 -0.098593
v 0.067835 0.037831 -0.102328
v 0.071237 0.035298 -0.106258
v 0.074112 0.031834 -0.110257
v 0.047773 0.041771 -0.090040
v 0.041837 0.040510 -0.088520
v 0.036894 0.038659 -0.087679
v 0.031900 0.038638 -0.086535
v 0.031176 0.039683 -0.088207
v 0.030969 0.038297 -0.089674
v 0.031910 0.036756 -0.087747
v 0.053926 0.045225 -0.092130
v 0.059293 0.045019 -0.095347
v 0.064857 0.043850 -0.098839
v 0.069800 0.041740 -0.102879
v 0.073802 0.038576 -0.107325
v 0.076718 0.034161 -0.112253
v 0.047670 0.045691 -0.089240
v 0.041248 0.044284 -0.087649
v 0.035808 0.042237 -0.086861
v 0.030855 0.039424 -0.086890
v 0.030379 0.037449 -0.088244
v 0.073698 0.032620 -0.111973
v 0.057711 0.036477 -0.084639
v 0.062943 0.036136 -0.087804
v 0.056904 0.037821 -0.085893
v 0.062271 0.037583 -0.089231
v 0.068352 0.034915 -0.091200
v 0.067855 0.036425 -0.092850
v 0.072788 0.034481 -0.096763
v 0.077783 0.030138 -0.099340
v 0.077214 0.031637 -0.100993
v 0.081237 0.026570 -0.103796
v 0.080482 0.027987 -0.105156
v 0.051320 0.036859 -0.081878
v 0.050503 0.038183 -0.083106
v 0.044443 0.035918 -0.079476
v 0.043668 0.037190 -0.080771
v 0.039521 0.034047 -0.077931
v 0.038704 0.035360 -0.079181
v 0.055446 0.036032 -0.087155
v 0.060368 0.035929 -0.090299
v 0.065798 0.034998 -0.093781
v 0.070451 0.033271 -0.097380
v 0.074401 0.030851 -0.101041
v 0.077473 0.027604 -0.104745
v 0.049603 0.036353 -0.084560
v 0.043285 0.035277 -0.082225
v 0.038487 0.033416 -0.080740
v 0.057090 0.033933 -0.085471
v 0.061971 0.033612 -0.088316
v 0.067163 0.032413 -0.091560
v 0.075859 0.028235 -0.099230
v 0.079086 0.024916 -0.103230
v 0.051227 0.034357 -0.082835
v 0.044805 0.033571 -0.080423
v 0.040028 0.031741 -0.078942
v 0.035240 0.031441 -0.077717
v 0.034640 0.032764 -0.078971
v 0.034464 0.031585 -0.080269
v 0.035240 0.029724 -0.078818
v 0.057607 0.037821 -0.084963
v 0.063078 0.037604 -0.088233
v 0.068693 0.036446 -0.091782
v 0.073802 0.034409 -0.095830
v 0.078434 0.031524 -0.100235
v 0.081836 0.027294 -0.105171
v 0.051072 0.038173 -0.082139
v 0.044081 0.037190 -0.079772
v 0.038880 0.035308 -0.078099
v 0.034247 0.032361 -0.077856
v 0.033740 0.030551 -0.079079
v 0.078755 0.025712 -0.104883
v 0.060606 0.030448 -0.078937
v 0.065994 0.030210 -0.082288
v 0.071630 0.029052 -0.085938
v 0.076604 0.027108 -0.089881
v 0.081082 0.024274 -0.094146
v 0.085177 0.019269 -0.097014
v 0.084412 0.020634 -0.098338
v 0.054402 0.031027 -0.075840
v 0.048032 0.030386 -0.073021
v 0.042758 0.029145 -0.071023
v 0.059148 0.028628 -0.080211
v 0.064112 0.028535 -0.083364
v 0.069582 0.027615 -0.086869
v 0.074277 0.025888 -0.090495
v 0.078290 0.023468 -0.094187
v 0.081413 0.020241 -0.097917
v 0.053450 0.029093 -0.077386
v 0.047432 0.028307 -0.074706
v 0.042375 0.027098 -0.072739
v 0.083057 0.017625 -0.096464
v 0.038394 0.026963 -0.070510
v 0.038197 0.025433 -0.072122
v 0.061310 0.030458 -0.078027
v 0.066811 0.030272 -0.081308
v 0.085777 0.019972 -0.098371
v 0.054981 0.031027 -0.074893
v 0.048497 0.030417 -0.072013
v 0.038011 0.026694 -0.069314
v 0.037515 0.024585 -0.070802
v 0.082716 0.018390 -0.098087
v 0.000623 0.038773 -0.118002
v -0.014521 0.041823 -0.165964
v 0.065767 0.030645 -0.155933
v 0.042892 0.030531 -0.198094
v 0.035147 0.013923 -0.059611
v 0.060100 0.026425 -0.076487
v 0.080937 0.026549 -0.120753
v 0.022582 0.031503 -0.086355
v 0.052695 0.046704 -0.097934
v 0.077928 0.021524 -0.086055
v 0.070947 0.040706 -0.109709
v 0.045043 0.023664 -0.067730
v 0.035188 0.043240 -0.090655
v 0.043089 0.027646 -0.200162
v 0.012862 0.043333 -0.105777
v 0.001501 0.033364 -0.120194
v -0.012063 0.036994 -0.145334
v -0.012817 0.035970 -0.165002
v -0.014715 0.046735 -0.184009
v 0.052561 0.024647 -0.181445
v 0.062592 0.026177 -0.156564
v 0.068166 0.038752 -0.142397
v 0.031662 0.039279 -0.209945
v 0.039624 0.026653 -0.197008
v 0.041496 0.056528 -0.108940
v 0.027691 0.053219 -0.103447
v -0.008141 0.048793 -0.201217
v -0.000350 0.049755 -0.206708
v 0.059841 0.050675 -0.121187
v 0.015437 0.048235 -0.211237
v 0.031103 0.036312 -0.212695
v -0.017225 0.044760 -0.184371
v 0.085239 0.019187 -0.106460
v 0.029542 0.022847 -0.072946
v -0.002159 0.047831 -0.208404
v 0.056201 0.036508 -0.087192
v 0.074391 0.034533 -0.140153
v 0.013999 0.039424 -0.100087
v 0.046449 0.054470 -0.106151
v 0.014568 0.046177 -0.213833
v 0.074681 0.031162 -0.097410
v 0.064360 0.048648 -0.119502
v -0.010271 0.046973 -0.202147
v 0.040245 0.033540 -0.079010
v 0.031134 0.050851 -0.099341
v -0.009869 0.031234 -0.145944
v 0.048952 0.020115 -0.180741
v 0.031682 0.047686 -0.101685
v -0.009020 0.043106 -0.198363
v 0.060482 0.046053 -0.121808
v 0.013782 0.042423 -0.209448
v 0.046377 0.051368 -0.108688
v 0.013885 0.038163 -0.107352
v 0.066501 0.034202 -0.142852
v -0.001673 0.043757 -0.204764
v -0.013385 0.041678 -0.181052
v 0.030793 0.036198 -0.206956
v -0.153719 0.021745 0.042562
v -0.159866 0.021561 0.042254
v -0.153506 0.023085 0.041100
v -0.159847 0.023017 0.040703
v -0.166563 0.022017 0.040157
v -0.172863 0.020200 0.039048
v -0.178883 0.017457 0.037414
v -0.183954 0.012527 0.036842
v -0.183871 0.013850 0.035312
v -0.146803 0.022165 0.042306
v -0.146563 0.023537 0.040893
v -0.139685 0.022775 0.040384
v -0.134125 0.021478 0.039649
v -0.152868 0.021298 0.039298
v -0.158726 0.021327 0.038870
v -0.165225 0.020563 0.038370
v -0.171116 0.018946 0.037405
v -0.176446 0.016619 0.036059
v -0.181033 0.013416 0.034268
v -0.146494 0.021639 0.039085
v -0.140004 0.020749 0.038619
v -0.134645 0.019482 0.037959
v -0.153682 0.019233 0.041526
v -0.159359 0.019053 0.041333
v -0.181856 0.010893 0.036330
v -0.147264 0.019599 0.041264
v -0.130019 0.018142 0.039548
v -0.130053 0.019299 0.038018
v -0.130673 0.017819 0.036509
v -0.130733 0.016175 0.038335
v -0.153708 0.023075 0.042240
v -0.160111 0.023045 0.041955
v -0.185104 0.013209 0.035928
v -0.146634 0.023487 0.042001
v -0.129172 0.018982 0.038888
v -0.129490 0.016927 0.037349
v -0.182301 0.011606 0.034736
v -0.155290 0.044067 0.019244
v -0.161343 0.043746 0.018928
v -0.155233 0.045411 0.017691
v -0.161477 0.045205 0.017275
v -0.167643 0.042557 0.018508
v -0.168042 0.044088 0.016738
v -0.173672 0.040427 0.017304
v -0.173979 0.042061 0.015526
v -0.178971 0.037459 0.015419
v -0.179226 0.038938 0.013580
v -0.183742 0.033726 0.012933
v -0.183688 0.035143 0.011269
v -0.148629 0.044512 0.018837
v -0.148583 0.045835 0.017295
v -0.142439 0.043147 0.017364
v -0.142504 0.044336 0.015694
v -0.137550 0.041151 0.015666
v -0.137617 0.042299 0.013910
v -0.154544 0.043622 0.015885
v -0.160319 0.043560 0.015431
v -0.166685 0.042661 0.014934
v -0.172221 0.040851 0.013858
v -0.176861 0.038193 0.012231
v -0.180940 0.034791 0.010235
v -0.148522 0.043860 0.015377
v -0.142846 0.042185 0.013765
v -0.138126 0.040199 0.012097
v -0.155104 0.041534 0.018257
v -0.160697 0.041223 0.018056
v -0.166738 0.040055 0.017668
v -0.172396 0.038079 0.016468
v -0.177221 0.035556 0.014628
v -0.181663 0.032113 0.012485
v -0.148936 0.041895 0.017813
v -0.143083 0.040613 0.016397
v -0.138356 0.038731 0.014833
v -0.133477 0.038690 0.013533
v -0.133767 0.039755 0.011792
v -0.134251 0.038348 0.010391
v -0.133996 0.036777 0.012440
v -0.155387 0.045411 0.018867
v -0.161693 0.045236 0.018567
v -0.168251 0.044108 0.018107
v -0.174440 0.042009 0.016883
v -0.179965 0.038845 0.014882
v -0.184898 0.034450 0.011946
v -0.148571 0.045846 0.018484
v -0.142317 0.044419 0.016936
v -0.137180 0.042340 0.015111
v -0.132782 0.039476 0.012762
v -0.132931 0.037469 0.011310
v -0.182105 0.032888 0.010774
v -0.155074 0.036663 0.027275
v -0.161181 0.036363 0.026962
v -0.154950 0.038007 0.025782
v -0.161255 0.037800 0.025378
v -0.167557 0.035174 0.026533
v -0.167895 0.036673 0.024839
v -0.174102 0.034770 0.023732
v -0.179747 0.030469 0.023846
v -0.180017 0.031947 0.022112
v -0.184917 0.026911 0.021571
v -0.184888 0.028328 0.020009
v -0.148136 0.037014 0.026682
v -0.147991 0.038328 0.025206
v -0.141057 0.036042 0.025596
v -0.140979 0.037304 0.024083
v -0.135998 0.034129 0.024652
v -0.135887 0.035443 0.023170
v -0.154264 0.036197 0.023986
v -0.160096 0.036125 0.023547
v -0.166530 0.035246 0.023051
v -0.172338 0.033540 0.022088
v -0.177573 0.031141 0.020747
v -0.182050 0.027914 0.018953
v -0.147893 0.036477 0.023507
v -0.141338 0.035391 0.022629
v -0.136435 0.033488 0.021698
v -0.154935 0.034119 0.026262
v -0.160579 0.033829 0.026062
v -0.178011 0.028545 0.023043
v -0.182772 0.025246 0.021064
v -0.148524 0.034502 0.025809
v -0.141825 0.033685 0.024940
v -0.136935 0.031823 0.024012
v -0.132030 0.031461 0.022772
v -0.132097 0.032785 0.021383
v -0.132556 0.031606 0.020159
v -0.132563 0.029755 0.021812
v -0.155128 0.038007 0.026933
v -0.161495 0.037831 0.026640
v -0.168129 0.036714 0.026175
v -0.174558 0.034708 0.025036
v -0.180735 0.031844 0.023359
v -0.186094 0.027645 0.020640
v -0.148032 0.038317 0.026327
v -0.140868 0.037304 0.025156
v -0.135522 0.035391 0.024202
v -0.131216 0.032382 0.022175
v -0.131363 0.030572 0.020869
v -0.183252 0.026042 0.019444
v -0.155131 0.029331 0.035160
v -0.161275 0.029058 0.034850
v -0.154958 0.030646 0.033696
v -0.161300 0.030468 0.033297
v -0.167696 0.027904 0.034415
v -0.167993 0.029352 0.032751
v -0.174031 0.025867 0.033300
v -0.174258 0.027439 0.031641
v -0.179996 0.023199 0.031721
v -0.180236 0.024626 0.030015
v -0.185230 0.019652 0.029450
v -0.185173 0.021017 0.027914
v -0.148228 0.029825 0.034907
v -0.148036 0.031162 0.033492
v -0.141273 0.029200 0.034472
v -0.141139 0.030466 0.032986
v -0.135548 0.029171 0.032262
v -0.154292 0.028836 0.031897
v -0.160153 0.028783 0.031463
v -0.166635 0.027894 0.030967
v -0.172500 0.026198 0.030003
v -0.177794 0.023809 0.028659
v -0.182332 0.020603 0.026869
v -0.147935 0.029245 0.031687
v -0.141425 0.028399 0.031231
v -0.136030 0.027148 0.030575
v -0.155042 0.026808 0.034131
v -0.160720 0.026531 0.033936
v -0.166882 0.025401 0.033536
v -0.172871 0.023550 0.032453
v -0.178290 0.021306 0.030912
v -0.183113 0.017997 0.028941
v -0.148632 0.027222 0.033872
v -0.142010 0.026692 0.033501
v -0.131427 0.026971 0.030637
v -0.132025 0.025453 0.029130
v -0.155153 0.030661 0.034834
v -0.161551 0.030525 0.034545
v -0.168236 0.029414 0.034076
v -0.174721 0.027418 0.032931
v -0.180959 0.024564 0.031245
v -0.186392 0.020355 0.028534
v -0.148094 0.031148 0.034598
v -0.141062 0.030478 0.034089
v -0.135215 0.029160 0.033326
v -0.130528 0.026675 0.031511
v -0.130802 0.024577 0.029972
v -0.183572 0.018752 0.027344
v -0.122261 0.039165 -0.026216
v -0.125348 0.041327 -0.073557
v -0.196904 0.030717 -0.032863
v -0.192750 0.029134 -0.085042
v -0.187790 0.010934 0.034873
v -0.123486 0.013277 0.038769
v -0.153384 0.026548 0.035639
v -0.192674 0.026859 0.006485
v -0.124962 0.031420 0.009172
v -0.157345 0.046921 0.013206
v -0.173647 0.021864 0.035665
v -0.178573 0.040954 0.011418
v -0.135995 0.023473 0.036249
v -0.138672 0.043395 0.011579
v -0.198892 0.027842 -0.032043
v -0.123265 0.039631 -0.074104
v -0.126811 0.043519 -0.011400
v -0.123969 0.033736 -0.027722
v -0.121514 0.037242 -0.053723
v -0.127437 0.035474 -0.073150
v -0.128991 0.045339 -0.090374
v -0.196262 0.024202 -0.063122
v -0.193825 0.026291 -0.034165
v -0.193998 0.039000 -0.020409
v -0.182267 0.036529 -0.103566
v -0.190139 0.025618 -0.083832
v -0.160456 0.057924 -0.001389
v -0.140887 0.053912 -0.002101
v -0.138175 0.046259 -0.105349
v -0.146602 0.046787 -0.109110
v -0.180707 0.051585 -0.005870
v -0.163137 0.044739 -0.110339
v -0.183752 0.033767 -0.105524
v -0.127120 0.043415 -0.091721
v -0.189753 0.019559 0.021157
v -0.124802 0.022847 0.024323
v -0.146045 0.044915 -0.111270
v -0.154953 0.036683 0.024313
v -0.196035 0.034760 -0.013745
v -0.124714 0.039507 -0.006224
v -0.159485 0.055256 0.003274
v -0.163867 0.042733 -0.112863
v -0.176095 0.031461 0.024075
v -0.180711 0.049248 -0.001200
v -0.136989 0.044491 -0.106947
v -0.137161 0.033633 0.024050
v -0.139852 0.051109 0.002254
v -0.119308 0.035401 -0.053458
v -0.123778 0.031275 -0.054667
v -0.192669 0.019686 -0.063542
v -0.141359 0.047924 0.000413
v -0.138767 0.040996 -0.103242
v -0.178130 0.046590 -0.004921
v -0.163410 0.039496 -0.108275
v -0.159035 0.051885 0.000914
v -0.128305 0.038307 -0.012417
v -0.191111 0.034377 -0.020341
v -0.147180 0.041202 -0.107585
v -0.130627 0.040510 -0.087788
v -0.181875 0.033902 -0.099906
v -0.070275 1.637543 0.071354
v -0.074543 1.635775 0.070998
v -0.072033 1.643075 0.076637
v -0.077373 1.641110 0.077257
v -0.066984 1.638959 0.072025
v -0.067437 1.644399 0.076531
v -0.060220 1.640924 0.072728
v -0.061893 1.645278 0.076661
v -0.054509 1.642300 0.073077
v -0.054260 1.646550 0.075047
v -0.048728 1.643458 0.072096
v -0.048152 1.647439 0.072554
v -0.043466 1.644409 0.069615
v -0.042535 1.647625 0.069064
v -0.039002 1.644968 0.066137
v -0.038416 1.647635 0.065173
v -0.035054 1.645299 0.060533
v -0.034528 1.647419 0.059736
v -0.032648 1.644854 0.057088
v -0.032042 1.646260 0.055693
v -0.030023 1.643799 0.051497
v -0.029806 1.644833 0.051080
v -0.077824 1.634585 0.071530
v -0.079987 1.638619 0.075930
v -0.070812 1.636964 0.075637
v -0.075485 1.635950 0.074558
v -0.067015 1.638505 0.075189
v -0.060619 1.640511 0.075176
v -0.054363 1.642372 0.074693
v -0.048533 1.644027 0.072988
v -0.043017 1.645030 0.070346
v -0.038462 1.645443 0.066878
v -0.034347 1.645743 0.061935
v -0.031920 1.645237 0.058338
v -0.029778 1.644047 0.053015
v -0.077828 1.635247 0.074646
v -0.071679 1.642124 0.078943
v -0.067147 1.643117 0.078704
v -0.061207 1.644016 0.078326
v -0.054508 1.645309 0.076861
v -0.048307 1.646364 0.073757
v -0.042669 1.646891 0.070047
v -0.038243 1.646933 0.066072
v -0.034353 1.646933 0.060874
v -0.032037 1.646012 0.056899
v -0.029831 1.644647 0.052150
v -0.076910 1.640635 0.077975
v -0.079004 1.638350 0.076415
v -0.070937 1.639187 0.077944
v -0.067344 1.640676 0.077947
v -0.061041 1.642062 0.077275
v -0.054443 1.643530 0.076665
v -0.048336 1.644957 0.073826
v -0.042625 1.646064 0.070844
v -0.038101 1.646405 0.066466
v -0.034280 1.646343 0.061398
v -0.032101 1.645568 0.057712
v -0.029699 1.644285 0.052617
v -0.075821 1.637605 0.077313
v -0.078642 1.636736 0.075392
v -0.079676 1.635785 0.074046
v -0.029515 1.644254 0.050469
v -0.107622 1.637471 0.071358
v -0.103348 1.635723 0.071001
v -0.105882 1.643013 0.076641
v -0.100535 1.641069 0.077260
v -0.110919 1.638877 0.072029
v -0.110483 1.644327 0.076536
v -0.117689 1.640821 0.072735
v -0.116030 1.645175 0.076667
v -0.123404 1.642186 0.073084
v -0.123667 1.646426 0.075055
v -0.129189 1.643313 0.072104
v -0.129780 1.647295 0.072562
v -0.134455 1.644254 0.069625
v -0.135398 1.647460 0.069074
v -0.138922 1.644792 0.066148
v -0.139518 1.647460 0.065185
v -0.142873 1.645113 0.060546
v -0.143406 1.647233 0.059748
v -0.145277 1.644647 0.057099
v -0.145888 1.646064 0.055705
v -0.147901 1.643592 0.051511
v -0.148121 1.644627 0.051093
v -0.100063 1.634544 0.071532
v -0.097913 1.638588 0.075931
v -0.107082 1.636902 0.075640
v -0.102406 1.635909 0.074561
v -0.110885 1.638422 0.075194
v -0.117288 1.640407 0.075182
v -0.123550 1.642259 0.074700
v -0.129386 1.643893 0.072997
v -0.134906 1.644875 0.070356
v -0.139463 1.645268 0.066890
v -0.143580 1.645557 0.061948
v -0.146006 1.645040 0.058350
v -0.148146 1.643841 0.053029
v -0.100060 1.635206 0.074649
v -0.106232 1.642073 0.078948
v -0.110768 1.643034 0.078709
v -0.116712 1.643923 0.078332
v -0.123415 1.645185 0.076869
v -0.129621 1.646229 0.073767
v -0.135262 1.646726 0.070057
v -0.139688 1.646756 0.066083
v -0.143580 1.646736 0.060886
v -0.145893 1.645816 0.056912
v -0.148095 1.644440 0.052162
v -0.100997 1.640593 0.077979
v -0.098895 1.638319 0.076417
v -0.106964 1.639125 0.077949
v -0.110563 1.640604 0.077952
v -0.116871 1.641969 0.077282
v -0.123474 1.643417 0.076673
v -0.129587 1.644813 0.073835
v -0.135301 1.645898 0.070855
v -0.139828 1.646219 0.066477
v -0.143649 1.646157 0.061410
v -0.145826 1.645371 0.057725
v -0.148225 1.644078 0.052630
v -0.102075 1.637553 0.077316
v -0.099251 1.636695 0.075394
v -0.098214 1.635754 0.074048
v -0.148409 1.644047 0.050483
v -0.073544 1.627377 0.047404
v -0.073893 1.626416 0.053701
v -0.072116 1.626271 0.059922
v -0.068197 1.627130 0.064918
v -0.062936 1.628815 0.068137
v -0.059964 1.629839 0.068779
v -0.065301 1.619446 0.045832
v -0.065099 1.617750 0.052050
v -0.063925 1.618360 0.058362
v -0.061996 1.621121 0.063762
v -0.059483 1.625537 0.067396
v -0.058305 1.628205 0.068543
v -0.053741 1.619477 0.044548
v -0.052486 1.617874 0.050689
v -0.052286 1.618371 0.057066
v -0.053279 1.621121 0.062714
v -0.054725 1.625537 0.066924
v -0.055807 1.628205 0.068217
v -0.045392 1.627502 0.044264
v -0.043546 1.626457 0.050394
v -0.044147 1.626323 0.056770
v -0.046725 1.627171 0.062575
v -0.051338 1.628825 0.066854
v -0.054061 1.629849 0.068125
v -0.045333 1.638629 0.045288
v -0.043410 1.638505 0.051507
v -0.043918 1.637440 0.057807
v -0.046645 1.635640 0.063340
v -0.051266 1.633365 0.067293
v -0.054065 1.632166 0.068384
v -0.053474 1.646374 0.046930
v -0.052233 1.646860 0.053330
v -0.052019 1.645257 0.059554
v -0.052938 1.641638 0.064580
v -0.054588 1.636653 0.067934
v -0.055738 1.633799 0.068722
v -0.065034 1.646354 0.048223
v -0.064849 1.646840 0.054612
v -0.063658 1.645237 0.060731
v -0.061783 1.641628 0.065561
v -0.059411 1.636643 0.068340
v -0.058223 1.633799 0.069048
v -0.073407 1.638484 0.048348
v -0.073771 1.638443 0.054815
v -0.072030 1.637388 0.060867
v -0.068093 1.635609 0.065683
v -0.062918 1.633344 0.068565
v -0.059968 1.632155 0.069037
v -0.104323 1.627326 0.047407
v -0.103969 1.626364 0.053704
v -0.105745 1.626209 0.059925
v -0.109666 1.627057 0.064922
v -0.114931 1.628722 0.068143
v -0.117906 1.629735 0.068785
v -0.112538 1.619363 0.045838
v -0.112734 1.617667 0.052056
v -0.113907 1.618267 0.058367
v -0.115845 1.621018 0.063768
v -0.118373 1.625434 0.067402
v -0.119561 1.628101 0.068551
v -0.124100 1.619353 0.044555
v -0.125348 1.617740 0.050697
v -0.125547 1.618246 0.057073
v -0.124563 1.620997 0.062722
v -0.123131 1.625413 0.066931
v -0.122058 1.628091 0.068224
v -0.132476 1.627357 0.044273
v -0.134318 1.626292 0.050404
v -0.133715 1.626158 0.056779
v -0.131139 1.627026 0.062584
v -0.126531 1.628691 0.066862
v -0.123810 1.629725 0.068132
v -0.132574 1.638473 0.045298
v -0.134494 1.638339 0.051517
v -0.133983 1.637284 0.057818
v -0.131247 1.635485 0.063349
v -0.126617 1.633231 0.067301
v -0.123814 1.632041 0.068391
v -0.124459 1.646250 0.046937
v -0.125700 1.646736 0.053337
v -0.125907 1.645123 0.059562
v -0.124975 1.641514 0.064587
v -0.123306 1.636530 0.067942
v -0.122146 1.633686 0.068730
v -0.112898 1.646271 0.048228
v -0.113084 1.646756 0.054617
v -0.114268 1.645144 0.060737
v -0.116129 1.641524 0.065567
v -0.118484 1.636540 0.068347
v -0.119662 1.633686 0.069054
v -0.104499 1.638432 0.048351
v -0.104134 1.638391 0.054819
v -0.105869 1.637326 0.060870
v -0.109799 1.635537 0.065688
v -0.114965 1.633251 0.068570
v -0.117910 1.632052 0.069043
v -0.020636 1.645485 0.015994
v -0.026313 1.693675 0.040687
v -0.014559 1.652589 0.000456
v -0.020835 1.704356 0.008964
v -0.012969 1.655454 -0.017348
v -0.022817 1.708679 -0.016992
v -0.011485 1.656043 -0.037877
v -0.022297 1.707128 -0.039613
v -0.012227 1.651379 -0.060190
v -0.019175 1.703354 -0.065723
v -0.015983 1.650521 -0.080727
v -0.025384 1.694439 -0.085604
v -0.029734 1.646974 -0.099281
v -0.034643 1.681844 -0.104934
v -0.158495 1.646788 0.011111
v -0.146536 1.693664 0.038457
v -0.164447 1.651431 -0.003061
v -0.152212 1.704047 0.008943
v -0.167569 1.654378 -0.019361
v -0.150393 1.708100 -0.017052
v -0.168873 1.655816 -0.040654
v -0.155616 1.706911 -0.040047
v -0.167498 1.652796 -0.062097
v -0.159207 1.699428 -0.063706
v -0.163335 1.649600 -0.078830
v -0.156447 1.689343 -0.082540
v -0.148160 1.646622 -0.097721
v -0.146546 1.670386 -0.101270
v -0.105692 1.699151 -0.116670
v -0.099610 1.688048 -0.123074
v -0.113224 1.695624 -0.118376
v -0.105933 1.687268 -0.121127
v -0.111251 1.666536 -0.126901
v -0.103989 1.671546 -0.129672
v -0.100391 1.665433 -0.131784
v -0.097027 1.674377 -0.130848
v -0.112632 1.719853 -0.103184
v -0.126602 1.708561 -0.101057
v -0.118402 1.733597 -0.086654
v -0.136340 1.727836 -0.083252
v -0.116682 1.733183 -0.073368
v -0.130116 1.731590 -0.068787
v -0.113702 1.735903 -0.058940
v -0.128128 1.733731 -0.055990
v -0.113432 1.736254 -0.046732
v -0.128363 1.734628 -0.045092
v -0.111570 1.745422 -0.035052
v -0.125537 1.738375 -0.031098
v -0.113361 1.751243 -0.015094
v -0.128993 1.743094 -0.014150
v -0.108907 1.745359 0.000579
v -0.127101 1.738409 0.001307
v -0.108342 1.743849 0.018329
v -0.127051 1.736352 0.013862
v -0.110487 1.737603 0.028470
v -0.127614 1.732836 0.027942
v -0.109089 1.732743 0.040572
v -0.125367 1.725990 0.039237
v -0.108216 1.732205 0.047563
v -0.125970 1.725980 0.046291
v -0.111166 1.731833 0.059473
v -0.125138 1.723477 0.054047
v -0.108218 1.723953 0.066365
v -0.126697 1.713291 0.063100
v -0.105623 1.700200 0.064314
v -0.124033 1.693064 0.059563
v -0.123600 1.656312 -0.119415
v -0.105823 1.651659 -0.128953
v -0.136474 1.641173 -0.111580
v -0.112471 1.633004 -0.124455
v -0.141261 1.624431 -0.102968
v -0.116225 1.618070 -0.117247
v -0.144466 1.607760 -0.091691
v -0.118107 1.596882 -0.107513
v -0.144807 1.590770 -0.081165
v -0.118335 1.579447 -0.097073
v -0.142992 1.562849 -0.058154
v -0.117401 1.555052 -0.086768
v -0.119445 1.688292 -0.118717
v -0.106426 1.683139 -0.122631
v -0.097006 1.683625 -0.124202
v -0.139371 1.697465 -0.107683
v -0.150977 1.712470 -0.083550
v -0.145715 1.719512 -0.067475
v -0.144583 1.718436 -0.052841
v -0.144189 1.723230 -0.042700
v -0.142505 1.725338 -0.030619
v -0.137504 1.723177 -0.015140
v -0.148649 1.719982 0.001116
v -0.147962 1.716817 0.009239
v -0.145590 1.709837 0.021537
v -0.146723 1.706466 0.028598
v -0.106586 1.674303 -0.125942
v -0.096047 1.679319 -0.127910
v -0.135715 1.671985 -0.111039
v -0.120959 1.672030 -0.123028
v -0.148410 1.671431 -0.097945
v -0.160938 1.664957 -0.082426
v -0.167188 1.660913 -0.064201
v -0.167556 1.658039 -0.047095
v -0.163276 1.642827 -0.006312
v -0.150098 1.691868 -0.087829
v -0.158162 1.700500 -0.070781
v -0.159266 1.701239 -0.056772
v -0.160098 1.700054 -0.044380
v -0.107154 1.679929 -0.124093
v -0.096556 1.681558 -0.125923
v -0.140096 1.683463 -0.110496
v -0.121531 1.681012 -0.120620
v -0.150077 1.690158 0.021889
v -0.153977 1.689538 0.012800
v -0.154320 1.696435 0.007605
v -0.154855 1.700292 -0.003461
v -0.152714 1.702113 -0.017392
v -0.157512 1.704822 -0.032645
v -0.105423 1.672592 -0.127698
v -0.096055 1.677524 -0.129263
v -0.132060 1.666771 -0.115329
v -0.118053 1.669143 -0.125320
v -0.144522 1.656653 -0.102816
v -0.155581 1.647780 -0.086760
v -0.165075 1.635391 -0.071855
v -0.165486 1.625867 -0.048798
v -0.146545 1.704284 0.033356
v -0.144940 1.702392 0.037607
v -0.144013 1.694626 0.043732
v -0.142952 1.681120 0.042990
v -0.151283 1.684222 0.030582
v -0.152446 1.677449 0.031721
v -0.149147 1.669073 0.035517
v -0.158126 1.628639 0.011855
v -0.157408 1.625671 0.019099
v -0.150213 1.684760 0.023945
v -0.160406 1.634813 0.000261
v -0.161836 1.618308 -0.013931
v -0.158931 1.607109 -0.001350
v -0.158235 1.607471 0.012232
v -0.160665 1.609229 -0.009627
v -0.160913 1.662082 0.004638
v -0.150672 1.683548 -0.091066
v -0.161184 1.678762 -0.076335
v -0.165170 1.674916 -0.060152
v -0.165773 1.674388 -0.046671
v -0.107194 1.676812 -0.125050
v -0.096189 1.680474 -0.126948
v -0.138864 1.678666 -0.111195
v -0.121857 1.676317 -0.122037
v -0.153009 1.651131 0.026756
v -0.156674 1.654347 0.021554
v -0.158089 1.657832 0.014466
v -0.151160 1.571701 -0.033682
v -0.145790 1.577471 -0.068619
v -0.118300 1.567224 -0.094161
v -0.159436 1.601432 -0.044741
v -0.079171 1.706695 -0.123593
v -0.085656 1.693621 -0.128307
v -0.069196 1.706246 -0.125250
v -0.076343 1.696694 -0.128340
v -0.064528 1.667749 -0.131828
v -0.074186 1.673716 -0.132118
v -0.076204 1.665299 -0.132749
v -0.081047 1.674854 -0.132604
v -0.072538 1.717599 -0.102790
v -0.056217 1.717953 -0.106340
v -0.067804 1.732449 -0.086175
v -0.048852 1.729756 -0.084237
v -0.067390 1.732210 -0.073213
v -0.046321 1.737604 -0.072731
v -0.068686 1.738820 -0.061827
v -0.049261 1.744118 -0.060744
v -0.065933 1.745819 -0.051745
v -0.050604 1.743311 -0.049471
v -0.065378 1.747003 -0.036723
v -0.051515 1.746362 -0.033359
v -0.062903 1.745679 -0.016094
v -0.047078 1.741439 -0.014683
v -0.065364 1.745059 -0.001140
v -0.048711 1.742401 0.003768
v -0.065988 1.738606 0.017773
v -0.047774 1.737045 0.013363
v -0.063638 1.734284 0.028177
v -0.047225 1.731688 0.026668
v -0.064693 1.733322 0.042378
v -0.046218 1.724770 0.039605
v -0.066615 1.729516 0.050811
v -0.043984 1.726394 0.045527
v -0.068160 1.727014 0.061058
v -0.044482 1.719475 0.054783
v -0.070137 1.723342 0.066581
v -0.045779 1.712991 0.061808
v -0.072075 1.704108 0.062841
v -0.049613 1.695825 0.057572
v -0.052189 1.654854 -0.123855
v -0.071792 1.651690 -0.130318
v -0.039195 1.640117 -0.112046
v -0.064884 1.632383 -0.125737
v -0.034131 1.625548 -0.102416
v -0.060996 1.616209 -0.119160
v -0.032969 1.608671 -0.091464
v -0.059740 1.596985 -0.107444
v -0.031909 1.591597 -0.081826
v -0.059255 1.579508 -0.097340
v -0.033785 1.562332 -0.060461
v -0.060270 1.555352 -0.087579
v -0.063122 1.699776 -0.126896
v -0.075856 1.693074 -0.127782
v -0.084084 1.689499 -0.129318
v -0.048316 1.709848 -0.113814
v -0.030650 1.720654 -0.089536
v -0.031688 1.729062 -0.072951
v -0.036044 1.728627 -0.058861
v -0.036297 1.726135 -0.044394
v -0.036470 1.723074 -0.029728
v -0.032828 1.723322 -0.015259
v -0.028907 1.720458 0.001700
v -0.026991 1.720851 0.011267
v -0.024484 1.711420 0.023091
v -0.024151 1.707604 0.029232
v -0.092759 1.702004 -0.114529
v -0.091202 1.691582 -0.124345
v -0.088998 1.665412 -0.133173
v -0.088979 1.673333 -0.133119
v -0.090143 1.687854 -0.126830
v -0.089214 1.719833 -0.100496
v -0.090004 1.738250 -0.087672
v -0.089577 1.741425 -0.074508
v -0.087095 1.745396 -0.061978
v -0.088017 1.755171 -0.050936
v -0.088997 1.757082 -0.038575
v -0.089091 1.756051 -0.016342
v -0.089139 1.753445 -0.000652
v -0.088722 1.748161 0.017010
v -0.089141 1.743673 0.030606
v -0.089128 1.738658 0.041142
v -0.088628 1.735959 0.049336
v -0.089298 1.731326 0.060414
v -0.089108 1.724801 0.065913
v -0.089067 1.705370 0.063815
v -0.088706 1.680324 -0.130947
v -0.073444 1.680779 -0.130153
v -0.082398 1.681368 -0.131548
v -0.040841 1.674450 -0.116710
v -0.059510 1.679528 -0.126616
v -0.032874 1.671937 -0.098645
v -0.019143 1.665133 -0.081317
v -0.013640 1.659321 -0.064137
v -0.014429 1.654874 -0.047561
v -0.015460 1.641628 -0.007376
v -0.030637 1.700778 -0.094034
v -0.021659 1.703498 -0.073076
v -0.020236 1.703322 -0.059381
v -0.018250 1.700231 -0.045018
v -0.089237 1.685057 -0.128341
v -0.074760 1.688007 -0.128116
v -0.083417 1.685805 -0.130513
v -0.042517 1.696508 -0.115158
v -0.059893 1.691668 -0.127837
v -0.021625 1.691120 0.021478
v -0.019737 1.690613 0.012265
v -0.019438 1.696632 0.007583
v -0.019771 1.699300 -0.003294
v -0.019871 1.702174 -0.017975
v -0.020726 1.704150 -0.032664
v -0.074033 1.677118 -0.131704
v -0.081654 1.678524 -0.132087
v -0.043188 1.665443 -0.120215
v -0.060830 1.674068 -0.128043
v -0.088932 1.677449 -0.133072
v -0.032093 1.656467 -0.104406
v -0.022922 1.647171 -0.087087
v -0.015536 1.634771 -0.070209
v -0.011935 1.625620 -0.048699
v -0.024749 1.704749 0.033420
v -0.026349 1.702744 0.037942
v -0.027578 1.694863 0.044585
v -0.033906 1.679445 0.044885
v -0.022853 1.684409 0.030179
v -0.022943 1.677077 0.031796
v -0.028902 1.667646 0.037270
v -0.018936 1.628618 0.010457
v -0.020236 1.623159 0.018920
v -0.021662 1.684895 0.023818
v -0.017435 1.635320 -0.001043
v -0.015557 1.614534 -0.012965
v -0.017976 1.606499 0.001311
v -0.019231 1.607109 0.013463
v -0.017557 1.608650 -0.009126
v -0.088922 1.683076 -0.129864
v -0.019227 1.663375 0.003040
v -0.029198 1.683488 -0.093474
v -0.017524 1.679910 -0.076284
v -0.013146 1.675960 -0.061045
v -0.014441 1.673488 -0.046981
v -0.073976 1.684171 -0.128840
v -0.082863 1.683447 -0.131104
v -0.040214 1.686156 -0.116772
v -0.058698 1.685950 -0.127516
v -0.023103 1.646198 0.026063
v -0.021800 1.653623 0.019874
v -0.021109 1.658866 0.011741
v -0.024010 1.573800 -0.035593
v -0.031807 1.577265 -0.069745
v -0.059891 1.567709 -0.092594
v -0.016941 1.601411 -0.043661
v -0.088976 1.650179 -0.132325
v -0.088967 1.634524 -0.128788
v -0.088934 1.616643 -0.122676
v -0.088894 1.596767 -0.113059
v -0.088864 1.576065 -0.105414
v -0.088258 1.547554 -0.096844
v -0.088744 1.561081 -0.100677
v -0.118463 1.561711 -0.091949
v -0.155899 1.588268 -0.039791
v -0.145353 1.570336 -0.064136
v -0.088745 1.553987 -0.100582
v -0.059487 1.562663 -0.091078
v -0.023266 1.586551 -0.038602
v -0.032043 1.570957 -0.065402
v -0.111322 1.746279 -0.009241
v -0.127145 1.739030 -0.007291
v -0.143341 1.721140 -0.006215
v -0.089114 1.755545 -0.008606
v -0.165589 1.653820 -0.021535
v -0.154403 1.696942 -0.012656
v -0.165798 1.633375 -0.022834
v -0.163653 1.669135 -0.017160
v -0.064100 1.747469 -0.009920
v -0.047802 1.742836 -0.004946
v -0.030450 1.721895 -0.006657
v -0.013354 1.651369 -0.019421
v -0.018290 1.696838 -0.012356
v -0.013988 1.629860 -0.017327
v -0.015363 1.669031 -0.016827
v -0.109118 1.745855 0.009652
v -0.127521 1.738038 0.007860
v -0.149656 1.719268 0.005366
v -0.088807 1.753901 0.008187
v -0.165020 1.649849 -0.013142
v -0.154905 1.694584 -0.000475
v -0.163085 1.627254 -0.016387
v -0.162696 1.666591 -0.006910
v -0.065314 1.743084 0.009006
v -0.047822 1.741150 0.008817
v -0.027280 1.720840 0.006400
v -0.014318 1.647036 -0.012925
v -0.018777 1.694088 -0.000060
v -0.015748 1.624120 -0.014198
v -0.016587 1.667222 -0.007038
v -0.111660 1.748738 -0.025706
v -0.127299 1.742869 -0.023056
v -0.141027 1.724698 -0.023081
v -0.088646 1.757086 -0.027602
v -0.166310 1.657170 -0.032582
v -0.157589 1.698990 -0.027239
v -0.165406 1.635268 -0.033835
v -0.165000 1.671441 -0.029579
v -0.062247 1.750054 -0.027929
v -0.049992 1.742443 -0.024653
v -0.034751 1.723177 -0.022416
v -0.013138 1.655547 -0.030287
v -0.018773 1.698286 -0.026597
v -0.013259 1.635495 -0.026618
v -0.015982 1.670883 -0.028945
v -0.103194 1.692522 -0.119979
v -0.095520 1.689411 -0.123194
v -0.109422 1.697382 -0.117735
v -0.102759 1.687091 -0.121994
v -0.109651 1.691725 -0.120248
v -0.107704 1.668780 -0.128559
v -0.116237 1.692201 -0.118686
v -0.104638 1.672066 -0.128789
v -0.098809 1.670009 -0.131695
v -0.105901 1.666365 -0.129721
v -0.100605 1.672965 -0.130387
v -0.094654 1.665454 -0.132830
v -0.096553 1.675993 -0.130123
v -0.119375 1.713949 -0.101490
v -0.108552 1.710453 -0.110362
v -0.120211 1.702149 -0.109638
v -0.127740 1.731001 -0.085700
v -0.115233 1.726089 -0.093910
v -0.132287 1.719429 -0.091469
v -0.123476 1.733090 -0.071152
v -0.117923 1.733783 -0.080937
v -0.133700 1.730277 -0.076474
v -0.120374 1.735034 -0.057532
v -0.115056 1.735199 -0.066059
v -0.128748 1.732955 -0.062365
v -0.120202 1.735799 -0.045819
v -0.113718 1.735985 -0.052900
v -0.128143 1.733638 -0.050024
v -0.118120 1.741041 -0.032233
v -0.112485 1.739738 -0.040605
v -0.126857 1.734777 -0.037493
v -0.121847 1.749195 -0.014289
v -0.111953 1.748206 -0.030924
v -0.128039 1.742929 -0.018276
v -0.116708 1.743166 0.000895
v -0.112893 1.749392 -0.013394
v -0.126819 1.737923 -0.003149
v -0.116367 1.740767 0.016419
v -0.109730 1.746362 0.004942
v -0.127245 1.737128 0.010742
v -0.118338 1.735855 0.028785
v -0.108842 1.740023 0.023749
v -0.127248 1.734407 0.020948
v -0.115298 1.727914 0.040506
v -0.109843 1.735297 0.034160
v -0.126387 1.729558 0.033342
v -0.116002 1.729237 0.047973
v -0.108459 1.732277 0.044651
v -0.124653 1.724108 0.043712
v -0.118858 1.728679 0.057631
v -0.109450 1.732464 0.053494
v -0.125861 1.725070 0.050147
v -0.117114 1.718844 0.066191
v -0.110108 1.728286 0.062558
v -0.125688 1.718844 0.058219
v -0.116692 1.698069 0.062127
v -0.115537 1.653665 -0.125782
v -0.118232 1.662031 -0.124929
v -0.103006 1.658587 -0.130649
v -0.124010 1.637304 -0.116658
v -0.130134 1.648587 -0.115065
v -0.109448 1.641731 -0.127361
v -0.129492 1.621080 -0.110639
v -0.140128 1.632517 -0.108191
v -0.114566 1.625495 -0.121663
v -0.132705 1.601484 -0.100649
v -0.143256 1.615764 -0.097674
v -0.117196 1.607419 -0.112335
v -0.133670 1.584576 -0.089318
v -0.144599 1.599260 -0.086552
v -0.118135 1.588226 -0.102452
v -0.132000 1.558692 -0.072978
v -0.146053 1.583769 -0.074689
v -0.118561 1.558185 -0.089464
v -0.127968 1.662175 -0.117687
v -0.114713 1.667756 -0.125962
v -0.106234 1.685138 -0.121809
v -0.098252 1.685703 -0.123612
v -0.133460 1.702315 -0.104150
v -0.112841 1.685438 -0.120909
v -0.093129 1.685963 -0.125280
v -0.102052 1.682621 -0.122884
v -0.129348 1.692429 -0.112026
v -0.144950 1.703866 -0.095286
v -0.150011 1.715169 -0.076262
v -0.144947 1.717950 -0.059681
v -0.143746 1.720030 -0.047193
v -0.143275 1.725217 -0.037411
v -0.138194 1.723353 -0.019797
v -0.145620 1.720261 -0.002275
v -0.149765 1.718606 0.007603
v -0.146972 1.713509 0.015194
v -0.146762 1.708410 0.025316
v -0.145504 1.722108 -0.083669
v -0.137950 1.726089 -0.068066
v -0.135739 1.727744 -0.054646
v -0.136498 1.731729 -0.044695
v -0.134657 1.733815 -0.031192
v -0.132778 1.733580 -0.014512
v -0.139535 1.730809 0.001353
v -0.138780 1.726518 0.011677
v -0.138439 1.722753 0.025513
v -0.137687 1.717438 0.034160
v -0.150444 1.703066 -0.086249
v -0.153541 1.706487 -0.068089
v -0.154135 1.709446 -0.054795
v -0.151695 1.713777 -0.043543
v -0.101146 1.720691 -0.103196
v -0.103875 1.737195 -0.087795
v -0.103127 1.739170 -0.074023
v -0.100271 1.742552 -0.060689
v -0.100005 1.746044 -0.048310
v -0.099929 1.753053 -0.037327
v -0.101606 1.753756 -0.015697
v -0.099731 1.750964 0.000094
v -0.099723 1.747541 0.018011
v -0.101420 1.741947 0.030097
v -0.101055 1.736941 0.041133
v -0.100930 1.736093 0.048529
v -0.100758 1.732329 0.060494
v -0.098737 1.724460 0.066444
v -0.097476 1.703902 0.063253
v -0.100072 1.700557 -0.115470
v -0.092797 1.674171 -0.132231
v -0.089000 1.669579 -0.133266
v -0.090774 1.689908 -0.125481
v -0.093033 1.696188 -0.119597
v -0.087552 1.749368 -0.055585
v -0.088659 1.756000 -0.045437
v -0.089025 1.756662 -0.022053
v -0.089148 1.751760 -0.005473
v -0.089205 1.748213 0.012502
v -0.091729 1.680013 -0.129147
v -0.090955 1.711736 -0.109369
v -0.089666 1.730743 -0.093967
v -0.089728 1.741373 -0.082727
v -0.088481 1.743317 -0.068164
v -0.088981 1.746610 0.023753
v -0.089128 1.740995 0.035736
v -0.088885 1.737075 0.045454
v -0.088959 1.733953 0.055277
v -0.089141 1.728410 0.063457
v -0.106672 1.681530 -0.123369
v -0.096714 1.682509 -0.125048
v -0.139938 1.690515 -0.109307
v -0.120672 1.684642 -0.119710
v -0.140691 1.648908 -0.106786
v -0.150882 1.635951 -0.096549
v -0.156567 1.621090 -0.082696
v -0.156669 1.606396 -0.067641
v -0.114089 1.671644 -0.124063
v -0.101432 1.677257 -0.126702
v -0.129590 1.671305 -0.118043
v -0.143533 1.673278 -0.105617
v -0.154160 1.668008 -0.089918
v -0.163650 1.662961 -0.073209
v -0.167775 1.659363 -0.055811
v -0.165702 1.656333 -0.027570
v -0.165382 1.652300 -0.017554
v -0.164461 1.647377 -0.009691
v -0.162023 1.638887 -0.003767
v -0.148619 1.696311 0.024246
v -0.166765 1.656870 -0.040925
v -0.089834 1.686376 -0.128156
v -0.149968 1.699093 0.018320
v -0.153787 1.705184 0.008176
v -0.154648 1.708845 -0.001827
v -0.147477 1.709651 -0.016637
v -0.151491 1.712578 -0.031406
v -0.092299 1.683528 -0.126400
v -0.131918 1.682150 -0.116111
v -0.147820 1.688236 -0.100439
v -0.155475 1.697125 -0.080466
v -0.158584 1.700694 -0.063810
v -0.160154 1.700789 -0.050778
v -0.114548 1.679761 -0.122150
v -0.102176 1.680165 -0.124385
v -0.151382 1.687283 0.018518
v -0.153572 1.694791 0.011129
v -0.154808 1.692712 0.004779
v -0.154020 1.696022 -0.006546
v -0.154439 1.697873 -0.020427
v -0.159609 1.700272 -0.036609
v -0.088961 1.675474 -0.133135
v -0.111928 1.669720 -0.126195
v -0.100839 1.675160 -0.128430
v -0.125862 1.668501 -0.121643
v -0.139930 1.662279 -0.111042
v -0.150514 1.652155 -0.095094
v -0.162319 1.641235 -0.080514
v -0.165506 1.630169 -0.061391
v -0.092176 1.677840 -0.131573
v -0.145925 1.703374 0.035399
v -0.144222 1.698617 0.040800
v -0.132644 1.688017 0.051330
v -0.136591 1.704305 0.054784
v -0.134974 1.711461 0.047019
v -0.136334 1.713509 0.039994
v -0.146611 1.705298 0.031143
v -0.151774 1.682309 0.032349
v -0.146781 1.674833 0.039243
v -0.149517 1.684843 0.037982
v -0.148638 1.691544 0.033086
v -0.150510 1.663106 0.031419
v -0.150799 1.682009 0.027632
v -0.159463 1.632517 0.003389
v -0.150071 1.689165 0.024234
v -0.154102 1.673530 0.020047
v -0.150384 1.694077 0.029398
v -0.165627 1.634999 -0.027080
v -0.164866 1.631245 -0.019589
v -0.161445 1.624017 -0.015131
v -0.161890 1.613045 -0.012207
v -0.159758 1.608071 -0.006209
v -0.089099 1.684180 -0.129103
v -0.157386 1.677263 0.009587
v -0.150662 1.688518 -0.089505
v -0.159724 1.689848 -0.074214
v -0.164046 1.688897 -0.059006
v -0.164557 1.687624 -0.045696
v -0.107188 1.678516 -0.124631
v -0.096251 1.681070 -0.126432
v -0.139549 1.680666 -0.110801
v -0.121812 1.678851 -0.121375
v -0.154866 1.668008 0.027150
v -0.091964 1.681942 -0.127914
v -0.114882 1.675293 -0.123184
v -0.101819 1.679079 -0.125587
v -0.159364 1.660283 0.009328
v -0.162466 1.664926 -0.002354
v -0.163192 1.668059 -0.012383
v -0.164321 1.670521 -0.023703
v -0.165446 1.672703 -0.038929
v -0.131301 1.676773 -0.116928
v -0.146611 1.681497 -0.102564
v -0.157304 1.681214 -0.084699
v -0.163563 1.676839 -0.068358
v -0.165469 1.674833 -0.053518
v -0.157387 1.656271 0.017721
v -0.166845 1.636261 -0.039716
v -0.153394 1.581898 -0.037450
v -0.148551 1.566655 -0.046957
v -0.144176 1.566872 -0.061161
v -0.118270 1.573263 -0.095238
v -0.164974 1.615061 -0.046315
v -0.134050 1.571774 -0.081915
v -0.153077 1.587378 -0.057335
v -0.088975 1.642176 -0.131022
v -0.088948 1.625174 -0.126534
v -0.088915 1.606643 -0.117940
v -0.088883 1.586871 -0.109126
v -0.088608 1.550553 -0.099357
v -0.088803 1.568052 -0.102021
v -0.103507 1.564597 -0.099389
v -0.103908 1.576996 -0.103355
v -0.103899 1.550264 -0.095527
v -0.103790 1.596044 -0.111746
v -0.102817 1.616850 -0.121591
v -0.101206 1.633282 -0.127609
v -0.097457 1.650883 -0.130866
v -0.088989 1.657780 -0.132945
v -0.082901 1.700515 -0.126631
v -0.088548 1.692842 -0.126588
v -0.074506 1.707393 -0.125236
v -0.081460 1.695765 -0.128538
v -0.072706 1.701678 -0.127357
v -0.069256 1.670644 -0.131870
v -0.066258 1.702940 -0.126472
v -0.074063 1.675484 -0.131942
v -0.078571 1.670045 -0.132738
v -0.070361 1.666591 -0.132211
v -0.077585 1.674326 -0.132531
v -0.082684 1.665412 -0.132831
v -0.081327 1.676859 -0.132397
v -0.063785 1.717459 -0.104915
v -0.075470 1.711215 -0.112757
v -0.062254 1.712470 -0.115601
v -0.058498 1.728829 -0.084534
v -0.070386 1.726317 -0.094585
v -0.051371 1.724183 -0.096170
v -0.056506 1.733303 -0.072300
v -0.067428 1.732418 -0.081042
v -0.047048 1.733927 -0.078331
v -0.058193 1.740678 -0.061730
v -0.067976 1.734694 -0.067134
v -0.047850 1.740590 -0.067062
v -0.057408 1.743032 -0.050600
v -0.066700 1.744159 -0.057150
v -0.049675 1.744376 -0.054851
v -0.057448 1.747220 -0.034982
v -0.065709 1.746279 -0.044535
v -0.051503 1.745028 -0.041331
v -0.054883 1.743053 -0.015450
v -0.063515 1.748688 -0.032037
v -0.047614 1.742815 -0.019363
v -0.055893 1.744366 0.001442
v -0.063560 1.746652 -0.012196
v -0.048873 1.741988 0.000118
v -0.056094 1.737696 0.015489
v -0.065062 1.745266 0.004419
v -0.048295 1.737913 0.010487
v -0.055262 1.732484 0.027306
v -0.064810 1.736538 0.022802
v -0.047416 1.734563 0.020064
v -0.055625 1.728152 0.041047
v -0.064063 1.734325 0.035486
v -0.047770 1.726786 0.032223
v -0.054123 1.729278 0.048293
v -0.065616 1.731367 0.046618
v -0.044739 1.725970 0.042900
v -0.056013 1.726269 0.058536
v -0.067068 1.729020 0.056615
v -0.044137 1.725535 0.049666
v -0.057284 1.718472 0.065605
v -0.069114 1.725338 0.063335
v -0.045340 1.718886 0.058029
v -0.060445 1.700200 0.060654
v -0.061750 1.653323 -0.127992
v -0.058377 1.661399 -0.128147
v -0.073987 1.658442 -0.131787
v -0.052451 1.636344 -0.118219
v -0.045815 1.647750 -0.117764
v -0.068238 1.641844 -0.128271
v -0.046073 1.620096 -0.112211
v -0.035988 1.632724 -0.107626
v -0.062747 1.623903 -0.123214
v -0.044783 1.602000 -0.100869
v -0.033193 1.616798 -0.097159
v -0.060286 1.606416 -0.113349
v -0.043318 1.584959 -0.089813
v -0.032461 1.600098 -0.086704
v -0.059558 1.588340 -0.102570
v -0.045824 1.558703 -0.074600
v -0.031132 1.584214 -0.075832
v -0.059171 1.559674 -0.090111
v -0.046946 1.660304 -0.121942
v -0.062564 1.670789 -0.130194
v -0.076015 1.695122 -0.127980
v -0.085008 1.691723 -0.128805
v -0.051793 1.715256 -0.111794
v -0.069454 1.696497 -0.127950
v -0.087253 1.688829 -0.128437
v -0.080043 1.691543 -0.128568
v -0.055429 1.705329 -0.121611
v -0.038009 1.716135 -0.103240
v -0.030284 1.725059 -0.082127
v -0.033473 1.729082 -0.066186
v -0.035357 1.728068 -0.051319
v -0.036800 1.724666 -0.037080
v -0.033873 1.723157 -0.018856
v -0.031048 1.720509 -0.002321
v -0.027152 1.720851 0.008913
v -0.025110 1.716342 0.017281
v -0.024516 1.709590 0.026184
v -0.038681 1.729138 -0.088541
v -0.038571 1.735750 -0.073684
v -0.042496 1.737872 -0.059768
v -0.042301 1.736920 -0.046716
v -0.043419 1.737128 -0.031654
v -0.038223 1.733332 -0.015002
v -0.036971 1.734759 0.003529
v -0.035779 1.731367 0.013262
v -0.033594 1.723260 0.025451
v -0.032780 1.718048 0.034647
v -0.030067 1.711399 -0.092264
v -0.024871 1.716942 -0.073583
v -0.026085 1.716683 -0.058788
v -0.026638 1.713715 -0.044292
v -0.080033 1.719005 -0.102032
v -0.078562 1.736368 -0.087407
v -0.080443 1.737030 -0.073893
v -0.077314 1.742778 -0.061458
v -0.076057 1.752198 -0.051652
v -0.077901 1.753373 -0.037561
v -0.076452 1.751046 -0.016115
v -0.077649 1.750012 -0.000684
v -0.078309 1.743932 0.017551
v -0.076472 1.740705 0.030063
v -0.077198 1.736517 0.041894
v -0.077780 1.733301 0.050128
v -0.078731 1.729082 0.060739
v -0.079539 1.724160 0.066534
v -0.080553 1.704780 0.063283
v -0.085413 1.704623 -0.119366
v -0.085160 1.674264 -0.132986
v -0.085664 1.681120 -0.132200
v -0.075600 1.690561 -0.127992
v -0.083594 1.687737 -0.129967
v -0.044687 1.703364 -0.114931
v -0.061164 1.695412 -0.127485
v -0.034951 1.648081 -0.108783
v -0.026872 1.636240 -0.095692
v -0.022129 1.621287 -0.081995
v -0.020294 1.605744 -0.067229
v -0.066766 1.680282 -0.128695
v -0.077956 1.681182 -0.131011
v -0.048531 1.676901 -0.122873
v -0.034729 1.672920 -0.109001
v -0.024148 1.668370 -0.090174
v -0.016089 1.663013 -0.072223
v -0.014612 1.656519 -0.056094
v -0.013190 1.653768 -0.025513
v -0.013681 1.649859 -0.016610
v -0.014738 1.645133 -0.010658
v -0.016218 1.639229 -0.004687
v -0.022156 1.697707 0.024742
v -0.013580 1.655898 -0.040334
v -0.020990 1.700820 0.019276
v -0.020940 1.707169 0.008713
v -0.024045 1.707428 -0.001098
v -0.025257 1.710706 -0.016796
v -0.025580 1.711202 -0.030383
v -0.086471 1.685782 -0.130375
v -0.050536 1.693695 -0.122914
v -0.035160 1.699052 -0.105804
v -0.024891 1.702185 -0.083437
v -0.020282 1.703374 -0.066580
v -0.020158 1.701761 -0.052294
v -0.067534 1.689910 -0.128509
v -0.078761 1.686932 -0.129240
v -0.020582 1.688431 0.017556
v -0.019842 1.695349 0.011307
v -0.018830 1.692816 0.004372
v -0.018278 1.695701 -0.006798
v -0.018411 1.697842 -0.020749
v -0.018568 1.699331 -0.037022
v -0.067629 1.675691 -0.130298
v -0.077814 1.677987 -0.132056
v -0.050633 1.669497 -0.124807
v -0.037707 1.661224 -0.113266
v -0.027859 1.651700 -0.095546
v -0.018502 1.640779 -0.079185
v -0.013368 1.629384 -0.059869
v -0.085492 1.678090 -0.132845
v -0.025396 1.703684 0.035669
v -0.026969 1.698866 0.041366
v -0.040774 1.688576 0.051183
v -0.035609 1.704253 0.054576
v -0.035070 1.714439 0.046649
v -0.032583 1.717541 0.039750
v -0.024308 1.706270 0.031340
v -0.023285 1.682020 0.032282
v -0.031613 1.673623 0.040959
v -0.024273 1.685070 0.038597
v -0.023312 1.691947 0.033236
v -0.026344 1.661720 0.032720
v -0.022199 1.682258 0.027257
v -0.018153 1.632734 0.001867
v -0.022234 1.689476 0.024038
v -0.021605 1.674264 0.019078
v -0.022654 1.694253 0.029402
v -0.011861 1.633841 -0.024075
v -0.014984 1.628256 -0.015899
v -0.016366 1.622704 -0.013891
v -0.016190 1.611307 -0.012246
v -0.018199 1.607905 -0.005926
v -0.019786 1.678349 0.008043
v -0.030389 1.692361 -0.093854
v -0.018869 1.692051 -0.074889
v -0.015478 1.690210 -0.059736
v -0.014816 1.687624 -0.045877
v -0.074373 1.686053 -0.128426
v -0.083139 1.684647 -0.130808
v -0.041254 1.691141 -0.116161
v -0.059179 1.688803 -0.127774
v -0.022584 1.668473 0.026707
v -0.086034 1.683509 -0.131348
v -0.066725 1.685081 -0.128767
v -0.078162 1.683819 -0.130039
v -0.020201 1.661493 0.007053
v -0.017461 1.665857 -0.002954
v -0.015821 1.668245 -0.012760
v -0.015614 1.670345 -0.024061
v -0.016304 1.672558 -0.039527
v -0.049301 1.686467 -0.123576
v -0.034429 1.684771 -0.106583
v -0.022857 1.681730 -0.085235
v -0.014345 1.678069 -0.068447
v -0.014829 1.674988 -0.054361
v -0.021553 1.657098 0.015057
v -0.011425 1.636333 -0.039365
v -0.023638 1.580832 -0.037396
v -0.030677 1.566738 -0.047279
v -0.031967 1.567296 -0.063262
v -0.059630 1.573522 -0.094602
v -0.011936 1.613551 -0.045361
v -0.043912 1.571877 -0.081472
v -0.024299 1.587162 -0.057954
v -0.074323 1.563635 -0.099687
v -0.073740 1.577026 -0.103402
v -0.074169 1.550181 -0.096421
v -0.074102 1.596137 -0.111425
v -0.074804 1.616013 -0.122345
v -0.076706 1.633138 -0.128219
v -0.080359 1.650872 -0.131621
v -0.118493 1.564504 -0.093206
v -0.157287 1.594876 -0.041866
v -0.145449 1.573821 -0.066275
v -0.088744 1.557493 -0.100706
v -0.059622 1.565238 -0.091939
v -0.021113 1.594400 -0.039989
v -0.032304 1.574070 -0.067365
v -0.132847 1.565270 -0.078058
v -0.151650 1.577492 -0.052094
v -0.103520 1.556665 -0.097555
v -0.043968 1.566385 -0.078855
v -0.026406 1.576634 -0.052201
v -0.073975 1.557224 -0.099122
v -0.109796 1.745648 -0.004219
v -0.127331 1.740457 -0.011231
v -0.140457 1.722102 -0.010191
v -0.089185 1.755534 -0.012783
v -0.152969 1.701720 -0.014022
v -0.064602 1.745710 -0.006758
v -0.047580 1.741967 -0.009690
v -0.030724 1.723012 -0.011070
v -0.019795 1.701761 -0.014338
v -0.119931 1.745183 -0.007323
v -0.135760 1.731305 -0.006404
v -0.100229 1.750478 -0.009090
v -0.150048 1.708917 -0.008712
v -0.159589 1.683396 -0.014933
v -0.055924 1.744625 -0.007285
v -0.037860 1.733601 -0.005849
v -0.076949 1.750974 -0.009575
v -0.022703 1.709600 -0.009131
v -0.016931 1.683250 -0.014434
v -0.108576 1.745297 0.014079
v -0.127194 1.737996 0.004549
v -0.148892 1.719341 0.002758
v -0.089170 1.752142 0.003738
v -0.155379 1.699651 -0.001066
v -0.065811 1.739640 0.013204
v -0.047882 1.742908 0.006521
v -0.028124 1.720612 0.004064
v -0.020453 1.698793 -0.000547
v -0.116854 1.742256 0.008706
v -0.139979 1.729444 0.006718
v -0.099793 1.748968 0.009090
v -0.153906 1.706900 0.003120
v -0.158581 1.681244 -0.003491
v -0.055814 1.741874 0.008765
v -0.036543 1.733063 0.008425
v -0.077664 1.747593 0.008727
v -0.021999 1.707470 0.003837
v -0.016986 1.681482 -0.003447
v -0.112546 1.750436 -0.019408
v -0.126206 1.741170 -0.027337
v -0.141822 1.724852 -0.026922
v -0.089003 1.757210 -0.032990
v -0.156923 1.704108 -0.028899
v -0.062819 1.746992 -0.022880
v -0.051127 1.743735 -0.029176
v -0.035236 1.723291 -0.026038
v -0.020575 1.703343 -0.028736
v -0.118934 1.746731 -0.024460
v -0.134726 1.734387 -0.023212
v -0.100414 1.754676 -0.026915
v -0.150314 1.711668 -0.024067
v -0.163282 1.685215 -0.028304
v -0.055641 1.745648 -0.026372
v -0.040605 1.735028 -0.023186
v -0.075689 1.754356 -0.027715
v -0.026821 1.710551 -0.023784
v -0.018460 1.684760 -0.027986
v -0.098645 1.693545 -0.119255
v -0.106503 1.692108 -0.120113
v -0.109805 1.669313 -0.127367
v -0.103242 1.669688 -0.130158
v -0.100739 1.673959 -0.129540
v -0.114417 1.706948 -0.111054
v -0.123971 1.723256 -0.092988
v -0.126723 1.732862 -0.078956
v -0.121320 1.734217 -0.064268
v -0.120754 1.735427 -0.051511
v -0.119190 1.737044 -0.038379
v -0.120327 1.748668 -0.018926
v -0.117599 1.742463 -0.003579
v -0.116616 1.741067 0.012559
v -0.117595 1.738937 0.022876
v -0.117463 1.733208 0.034109
v -0.115703 1.729000 0.044603
v -0.118547 1.730643 0.052482
v -0.118895 1.724139 0.061925
v -0.110675 1.660231 -0.127806
v -0.120980 1.644791 -0.123049
v -0.127401 1.630543 -0.113948
v -0.130821 1.610687 -0.104496
v -0.132688 1.593170 -0.095680
v -0.133151 1.562457 -0.076001
v -0.124899 1.697371 -0.111220
v -0.111047 1.688592 -0.120630
v -0.102339 1.684799 -0.122344
v -0.131270 1.687589 -0.115170
v -0.139919 1.712728 -0.093877
v -0.142990 1.724176 -0.077012
v -0.136834 1.726885 -0.061320
v -0.136257 1.729401 -0.049039
v -0.135762 1.733221 -0.037989
v -0.134610 1.734333 -0.027296
v -0.134362 1.732370 -0.010213
v -0.139805 1.730106 0.004038
v -0.139824 1.726032 0.019301
v -0.138247 1.720127 0.029712
v -0.147420 1.694704 -0.098346
v -0.153006 1.706371 -0.077911
v -0.154477 1.707445 -0.061040
v -0.153086 1.712206 -0.049266
v -0.100644 1.710763 -0.110010
v -0.102549 1.729036 -0.094298
v -0.103763 1.739015 -0.082108
v -0.101725 1.741249 -0.067430
v -0.100003 1.744061 -0.054226
v -0.099883 1.749147 -0.043185
v -0.100282 1.754747 -0.032179
v -0.101070 1.752515 -0.013242
v -0.100017 1.750726 0.004706
v -0.100664 1.745224 0.024107
v -0.101178 1.739216 0.035337
v -0.100880 1.736445 0.045144
v -0.100958 1.734956 0.054815
v -0.099959 1.728772 0.063335
v -0.094290 1.688328 -0.124148
v -0.092492 1.675939 -0.131984
v -0.093780 1.669900 -0.132727
v -0.092833 1.684578 -0.126442
v -0.131676 1.679223 -0.116711
v -0.147478 1.685174 -0.101697
v -0.156565 1.690001 -0.082668
v -0.161829 1.689072 -0.066700
v -0.163856 1.688142 -0.052410
v -0.113764 1.682853 -0.121509
v -0.102076 1.681231 -0.123579
v -0.149150 1.697707 0.021160
v -0.150950 1.702102 0.012819
v -0.154506 1.707924 0.000682
v -0.148727 1.709165 -0.012424
v -0.151121 1.712164 -0.027692
v -0.152262 1.713912 -0.037941
v -0.122178 1.665883 -0.123369
v -0.134489 1.655629 -0.112204
v -0.144720 1.642723 -0.100725
v -0.154370 1.628350 -0.089991
v -0.156820 1.613562 -0.075303
v -0.135643 1.709600 0.050882
v -0.135610 1.713219 0.043420
v -0.137189 1.715329 0.037191
v -0.148500 1.688359 0.035340
v -0.154180 1.671400 0.023329
v -0.149189 1.692806 0.031208
v -0.150786 1.695360 0.027135
v -0.092121 1.682833 -0.127126
v -0.114770 1.677465 -0.122750
v -0.102132 1.679555 -0.124940
v -0.155934 1.675650 0.014641
v -0.164300 1.686539 -0.037819
v -0.154938 1.596903 -0.062664
v -0.134196 1.578185 -0.084863
v -0.152191 1.582528 -0.054635
v -0.103715 1.570098 -0.101947
v -0.103511 1.560905 -0.098330
v -0.103827 1.586727 -0.107194
v -0.103427 1.606447 -0.116648
v -0.102076 1.624586 -0.125717
v -0.099366 1.641906 -0.129346
v -0.096178 1.658235 -0.132190
v -0.087716 1.698102 -0.123578
v -0.077360 1.702008 -0.127234
v -0.068329 1.673085 -0.131311
v -0.073887 1.670376 -0.132645
v -0.077650 1.676229 -0.132335
v -0.069755 1.712157 -0.114381
v -0.061334 1.722780 -0.093893
v -0.057487 1.730567 -0.078401
v -0.057173 1.737750 -0.067309
v -0.058096 1.742766 -0.056485
v -0.057733 1.746176 -0.042824
v -0.055209 1.744387 -0.021456
v -0.055493 1.746021 -0.002855
v -0.055945 1.739010 0.011885
v -0.055672 1.735183 0.021286
v -0.055686 1.730240 0.033992
v -0.054213 1.730633 0.045051
v -0.054746 1.728358 0.053794
v -0.056509 1.722753 0.061990
v -0.065796 1.659787 -0.130732
v -0.056266 1.644430 -0.124207
v -0.048241 1.627874 -0.116885
v -0.045348 1.610811 -0.106622
v -0.044547 1.593624 -0.095872
v -0.043730 1.563604 -0.077540
v -0.058962 1.708834 -0.118380
v -0.071239 1.699217 -0.127626
v -0.080876 1.693742 -0.128641
v -0.052807 1.699589 -0.122625
v -0.044180 1.722737 -0.100819
v -0.039179 1.731261 -0.080901
v -0.040491 1.736975 -0.067045
v -0.042232 1.737686 -0.053005
v -0.043836 1.736838 -0.039215
v -0.041860 1.736217 -0.027366
v -0.038238 1.733291 -0.010384
v -0.036437 1.733860 0.005901
v -0.035047 1.726703 0.019084
v -0.033591 1.720096 0.029703
v -0.036237 1.708038 -0.105066
v -0.026820 1.714987 -0.082874
v -0.024168 1.717283 -0.066201
v -0.027219 1.714646 -0.051874
v -0.081478 1.710340 -0.109793
v -0.079873 1.729201 -0.094729
v -0.079689 1.736813 -0.082186
v -0.078189 1.740194 -0.067263
v -0.076881 1.747577 -0.056636
v -0.076947 1.753309 -0.045461
v -0.076751 1.753952 -0.032386
v -0.076656 1.751026 -0.012348
v -0.077778 1.748596 0.003968
v -0.076961 1.743435 0.024016
v -0.076784 1.738472 0.035910
v -0.077457 1.734893 0.045926
v -0.078230 1.732102 0.056232
v -0.078967 1.726962 0.063055
v -0.088064 1.690938 -0.127542
v -0.085324 1.676136 -0.132976
v -0.083888 1.669931 -0.133017
v -0.086855 1.687450 -0.129431
v -0.049546 1.689724 -0.123369
v -0.034650 1.691958 -0.106405
v -0.024309 1.692319 -0.084719
v -0.016344 1.691069 -0.067339
v -0.015171 1.688980 -0.053058
v -0.068610 1.693550 -0.128240
v -0.079216 1.689207 -0.128894
v -0.020959 1.699290 0.022043
v -0.020076 1.704212 0.014095
v -0.022511 1.707645 0.001282
v -0.023718 1.710189 -0.013005
v -0.026932 1.710551 -0.027233
v -0.027451 1.712102 -0.037541
v -0.053921 1.665412 -0.126668
v -0.040731 1.654409 -0.115986
v -0.031420 1.642114 -0.102109
v -0.024306 1.628618 -0.089010
v -0.020964 1.613397 -0.074736
v -0.035016 1.709786 0.050975
v -0.033555 1.720065 0.044941
v -0.032670 1.717645 0.037484
v -0.024079 1.688649 0.035761
v -0.022112 1.672578 0.022286
v -0.022792 1.693116 0.031380
v -0.022440 1.696011 0.027153
v -0.086244 1.684689 -0.130876
v -0.067142 1.687490 -0.128664
v -0.078485 1.685381 -0.129640
v -0.020799 1.676880 0.012966
v -0.015439 1.686353 -0.038347
v -0.022061 1.596468 -0.062817
v -0.043218 1.578423 -0.084877
v -0.025549 1.581980 -0.054961
v -0.074079 1.570264 -0.101530
v -0.074139 1.560378 -0.099423
v -0.073953 1.586809 -0.107187
v -0.074260 1.605982 -0.117051
v -0.075705 1.624058 -0.126068
v -0.078487 1.641813 -0.130215
v -0.081422 1.658194 -0.132397
v -0.133353 1.569602 -0.079685
v -0.150404 1.571867 -0.049643
v -0.103779 1.553284 -0.097101
v -0.043857 1.569281 -0.080199
v -0.027940 1.572270 -0.050007
v -0.073618 1.554152 -0.098351
v -0.121610 1.747334 -0.011202
v -0.137128 1.730219 -0.002571
v -0.099420 1.749185 -0.004328
v -0.151081 1.708545 -0.004864
v -0.158630 1.682475 -0.009546
v -0.055589 1.743973 -0.010652
v -0.036665 1.734780 -0.001108
v -0.077614 1.749671 -0.006110
v -0.022710 1.708761 -0.005136
v -0.016712 1.682578 -0.009801
v -0.117166 1.742660 0.004878
v -0.138819 1.727189 0.009156
v -0.099863 1.748761 0.013656
v -0.153808 1.706063 0.005770
v -0.158355 1.679693 0.001676
v -0.055764 1.743487 0.005224
v -0.035978 1.732402 0.010830
v -0.078491 1.744759 0.013155
v -0.020982 1.707500 0.006395
v -0.017999 1.680065 0.001171
v -0.118604 1.744062 -0.028559
v -0.134757 1.734552 -0.018940
v -0.100933 1.753890 -0.020668
v -0.147769 1.709992 -0.020872
v -0.161618 1.684450 -0.022097
v -0.056087 1.747396 -0.030379
v -0.039306 1.734097 -0.019111
v -0.075708 1.753880 -0.022045
v -0.025907 1.710706 -0.020194
v -0.018640 1.684181 -0.022857
v -0.098914 1.757903 -0.019322
v -0.094257 1.754676 -0.025101
v -0.102533 1.757675 -0.022003
v -0.097642 1.754490 -0.027183
v -0.104467 1.757127 -0.014052
v -0.106673 1.756972 -0.016646
v -0.109532 1.752577 -0.013034
v -0.110749 1.752566 -0.015125
v -0.105502 1.753719 -0.032409
v -0.097749 1.757000 -0.037991
v -0.105968 1.752926 -0.033859
v -0.098591 1.756193 -0.038814
v -0.112970 1.747817 -0.029484
v -0.112978 1.747231 -0.031101
v -0.118543 1.740742 -0.029168
v -0.118187 1.740224 -0.030285
v -0.121302 1.738408 -0.035256
v -0.118926 1.737621 -0.036657
v -0.118722 1.738115 -0.035891
v -0.115195 1.739169 -0.040832
v -0.116979 1.738240 -0.038622
v -0.113662 1.741167 -0.040154
v -0.116084 1.739686 -0.037456
v -0.104804 1.745853 -0.045034
v -0.094377 1.746087 -0.048347
v -0.107180 1.743056 -0.046448
v -0.096041 1.744454 -0.049686
v -0.114648 1.740676 -0.040044
v -0.115788 1.738699 -0.041199
v -0.118523 1.736818 -0.038233
v -0.119342 1.735997 -0.038835
v -0.104361 1.746517 -0.048020
v -0.096062 1.746108 -0.048664
v -0.104469 1.746171 -0.048928
v -0.096407 1.744646 -0.050686
v -0.114032 1.742572 -0.047091
v -0.113851 1.742583 -0.047564
v -0.119330 1.738943 -0.047277
v -0.120688 1.741549 -0.047675
v -0.112681 1.740494 -0.056498
v -0.104592 1.741704 -0.052730
v -0.109000 1.741797 -0.061501
v -0.101211 1.741756 -0.058223
v -0.117500 1.739925 -0.060899
v -0.114540 1.740339 -0.064791
v -0.124432 1.738902 -0.068532
v -0.124094 1.738581 -0.073203
v -0.109007 1.738374 -0.083087
v -0.109536 1.738239 -0.082884
v -0.105699 1.739480 -0.076037
v -0.106677 1.739088 -0.075253
v -0.100972 1.739884 -0.068436
v -0.103051 1.739750 -0.070290
v -0.102470 1.739750 -0.067421
v -0.104194 1.739480 -0.070017
v -0.084640 1.738157 -0.092954
v -0.080105 1.734920 -0.087431
v -0.082380 1.734962 -0.096532
v -0.079125 1.730722 -0.089546
v -0.088647 1.736998 -0.094450
v -0.086991 1.733120 -0.097583
v -0.094689 1.733710 -0.095459
v -0.094035 1.731601 -0.097465
v -0.078400 1.745175 -0.061770
v -0.074858 1.745276 -0.056460
v -0.077846 1.744301 -0.063264
v -0.074664 1.744165 -0.057451
v -0.084432 1.744920 -0.069949
v -0.084115 1.744837 -0.071744
v -0.090867 1.743121 -0.077696
v -0.090571 1.743214 -0.079083
v -0.062451 1.748161 0.004052
v -0.058331 1.746590 0.002499
v -0.062954 1.748440 0.002540
v -0.057778 1.746786 0.001577
v -0.067289 1.747148 0.004609
v -0.067475 1.748503 0.002340
v -0.070620 1.747169 0.004078
v -0.069928 1.747303 0.001521
v -0.075790 1.748192 0.003046
v -0.073335 1.747169 0.000216
v -0.073304 1.747003 -0.002372
v -0.075907 1.747944 0.000036
v -0.069873 1.745462 0.000138
v -0.070847 1.745514 0.002451
v -0.066852 1.745763 0.001384
v -0.066936 1.746093 0.003430
v -0.057718 1.745431 0.002801
v -0.062240 1.745224 0.002056
v -0.058226 1.745162 0.003494
v -0.061996 1.745979 0.003597
v -0.074400 1.747231 0.002825
v -0.076797 1.746631 0.005661
v -0.070612 1.748202 0.004717
v -0.071293 1.746538 0.007111
v -0.067508 1.747427 0.005753
v -0.067332 1.745731 0.007823
v -0.057936 1.744387 0.004990
v -0.062933 1.746414 0.005616
v -0.058483 1.744242 0.005901
v -0.062477 1.746000 0.007123
v -0.116640 1.722801 -0.104643
v -0.115399 1.723565 -0.104600
v -0.119989 1.732904 -0.082416
v -0.114796 1.733431 -0.078264
v -0.118523 1.733183 -0.084132
v -0.114078 1.733759 -0.079499
v -0.126118 1.732294 -0.087738
v -0.124303 1.732159 -0.089374
v -0.129264 1.730339 -0.092806
v -0.127837 1.730195 -0.093904
v -0.124983 1.735458 -0.052076
v -0.121244 1.734238 -0.052983
v -0.126246 1.735054 -0.055014
v -0.123869 1.733907 -0.057643
v -0.127143 1.735303 -0.051795
v -0.128847 1.735334 -0.052727
v -0.132103 1.735375 -0.051872
v -0.131643 1.734965 -0.052802
v -0.131467 1.734962 -0.054589
v -0.125333 1.732780 -0.058084
v -0.132511 1.734579 -0.058214
v -0.126934 1.731683 -0.061740
v -0.134168 1.733481 -0.054308
v -0.134058 1.733105 -0.057088
v -0.134663 1.731564 -0.055210
v -0.134457 1.731770 -0.057628
v -0.109941 1.742695 -0.044141
v -0.102628 1.744803 -0.045143
v -0.110504 1.741433 -0.045286
v -0.102888 1.743288 -0.046540
v -0.117451 1.741253 -0.042761
v -0.117201 1.741135 -0.044216
v -0.120601 1.738860 -0.041710
v -0.120586 1.739015 -0.043079
v -0.090793 1.751630 -0.052868
v -0.085557 1.744653 -0.054788
v -0.093415 1.750284 -0.055706
v -0.085709 1.742729 -0.058694
v -0.099307 1.748981 -0.052453
v -0.099704 1.747826 -0.054443
v -0.106018 1.743700 -0.056524
v -0.105618 1.743462 -0.058459
v -0.098057 1.747141 -0.053991
v -0.092563 1.747181 -0.054154
v -0.097850 1.746182 -0.056082
v -0.092542 1.746114 -0.055641
v -0.105856 1.745178 -0.056591
v -0.105596 1.744558 -0.058137
v -0.111979 1.741238 -0.060737
v -0.111886 1.740980 -0.061604
v -0.113504 1.739553 -0.051816
v -0.106044 1.741980 -0.049345
v -0.112750 1.740318 -0.055335
v -0.104222 1.741942 -0.052643
v -0.118087 1.739542 -0.055978
v -0.118134 1.740887 -0.059972
v -0.124545 1.741528 -0.063748
v -0.124109 1.741063 -0.067133
v -0.115671 1.736440 -0.049453
v -0.111897 1.739326 -0.048406
v -0.115416 1.736606 -0.052450
v -0.111448 1.739780 -0.050299
v -0.118813 1.735324 -0.052910
v -0.118275 1.735293 -0.054673
v -0.121478 1.734807 -0.058049
v -0.121502 1.735466 -0.060836
v -0.095111 1.745665 -0.058818
v -0.087859 1.743563 -0.058956
v -0.095464 1.743545 -0.063408
v -0.088967 1.743338 -0.062868
v -0.104637 1.744558 -0.064117
v -0.103966 1.744165 -0.065962
v -0.110963 1.741104 -0.067833
v -0.110531 1.741125 -0.068553
v -0.081285 1.747756 -0.058262
v -0.078174 1.749301 -0.054099
v -0.080267 1.746247 -0.060244
v -0.077351 1.747694 -0.055590
v -0.086895 1.744672 -0.064630
v -0.086535 1.744175 -0.066224
v -0.093373 1.743152 -0.071030
v -0.093331 1.743038 -0.071958
v -0.086472 1.748292 -0.055005
v -0.084149 1.749670 -0.052185
v -0.085398 1.747901 -0.055584
v -0.083132 1.749285 -0.052712
v -0.089560 1.745490 -0.059216
v -0.089003 1.745168 -0.060131
v -0.092699 1.744412 -0.063915
v -0.092457 1.744072 -0.064928
v -0.124505 1.734497 -0.042962
v -0.119495 1.734672 -0.046543
v -0.124663 1.734434 -0.044254
v -0.123847 1.734320 -0.048019
v -0.129800 1.737117 -0.041867
v -0.129467 1.737376 -0.042947
v -0.132476 1.738946 -0.042707
v -0.132875 1.739635 -0.043385
v -0.124067 1.737900 -0.034255
v -0.120251 1.736080 -0.036758
v -0.124673 1.737520 -0.035202
v -0.122331 1.735672 -0.037604
v -0.129095 1.739730 -0.033931
v -0.129505 1.739460 -0.034901
v -0.132791 1.740781 -0.036229
v -0.132195 1.740454 -0.036794
v -0.106673 1.737433 -0.085951
v -0.107220 1.737392 -0.085780
v -0.105069 1.739088 -0.077960
v -0.105873 1.738726 -0.077233
v -0.101224 1.740132 -0.069912
v -0.102756 1.740080 -0.073100
v -0.102566 1.739904 -0.069551
v -0.104266 1.739626 -0.073308
v -0.103881 1.737371 -0.086276
v -0.104423 1.737412 -0.086097
v -0.100641 1.740432 -0.078314
v -0.102388 1.739191 -0.078098
v -0.096834 1.740597 -0.067265
v -0.099132 1.741301 -0.073387
v -0.098619 1.739729 -0.067658
v -0.101590 1.740018 -0.073856
v -0.110866 1.738446 -0.081225
v -0.111316 1.738301 -0.081013
v -0.107517 1.739615 -0.074161
v -0.108479 1.739160 -0.073363
v -0.102120 1.738716 -0.064710
v -0.103761 1.740515 -0.068191
v -0.102995 1.738508 -0.064134
v -0.105983 1.740277 -0.068336
v -0.123134 1.735272 -0.079130
v -0.123534 1.735240 -0.078695
v -0.117495 1.736512 -0.073806
v -0.118049 1.736275 -0.072671
v -0.109030 1.738550 -0.064787
v -0.111849 1.737960 -0.068950
v -0.109845 1.738374 -0.064488
v -0.114067 1.737702 -0.068661
v -0.121247 1.737955 -0.035849
v -0.122519 1.737496 -0.033562
v -0.118627 1.738743 -0.033126
v -0.118780 1.739391 -0.032169
v -0.109663 1.748780 -0.039282
v -0.115727 1.742852 -0.034847
v -0.110156 1.748945 -0.038374
v -0.115334 1.744334 -0.034071
v -0.121916 1.736935 -0.034469
v -0.111127 1.751398 -0.024239
v -0.104216 1.751367 -0.027473
v -0.112038 1.749384 -0.027429
v -0.105669 1.749741 -0.029409
v -0.117714 1.749098 -0.022273
v -0.117344 1.747462 -0.026050
v -0.130074 1.743453 -0.023051
v -0.128389 1.743732 -0.024971
v -0.125253 1.745960 -0.021974
v -0.123903 1.745518 -0.025166
v -0.116364 1.735944 -0.085992
v -0.117005 1.735820 -0.085736
v -0.112436 1.737092 -0.079221
v -0.113217 1.736637 -0.078193
v -0.106831 1.737759 -0.070053
v -0.108557 1.737741 -0.073167
v -0.107685 1.737485 -0.069664
v -0.110530 1.737526 -0.073429
v -0.123872 1.733348 -0.086653
v -0.125274 1.733565 -0.085929
v -0.119622 1.733938 -0.080458
v -0.121346 1.734134 -0.079581
v -0.109835 1.733814 -0.069286
v -0.113487 1.733969 -0.073082
v -0.110564 1.733803 -0.068181
v -0.114706 1.734031 -0.071901
v -0.117192 1.728137 -0.098706
v -0.119090 1.727433 -0.098743
v -0.116220 1.730060 -0.087737
v -0.115920 1.729791 -0.091621
v -0.117545 1.730008 -0.087705
v -0.117887 1.729584 -0.091610
v -0.108782 1.721301 -0.108831
v -0.109323 1.722335 -0.108738
v -0.106966 1.726647 -0.101759
v -0.107648 1.728002 -0.101639
v -0.103364 1.733597 -0.088911
v -0.105292 1.732345 -0.093955
v -0.103952 1.733772 -0.088749
v -0.106005 1.733131 -0.093791
v -0.104626 1.730494 -0.106546
v -0.105266 1.730670 -0.106649
v -0.106469 1.731963 -0.100060
v -0.107415 1.732190 -0.100165
v -0.108098 1.732573 -0.087726
v -0.107834 1.732728 -0.092826
v -0.108974 1.732490 -0.087800
v -0.108937 1.732790 -0.092913
v -0.087151 1.721021 -0.103764
v -0.088426 1.725117 -0.102026
v -0.080552 1.720412 -0.103105
v -0.082863 1.727805 -0.100343
v -0.071303 1.719305 -0.099530
v -0.075566 1.722449 -0.103805
v -0.074960 1.725407 -0.093438
v -0.078885 1.728291 -0.099883
v -0.089447 1.723214 -0.101030
v -0.090682 1.727247 -0.098367
v -0.083266 1.726109 -0.099831
v -0.085367 1.733462 -0.098211
v -0.077129 1.726141 -0.094171
v -0.079950 1.730143 -0.099139
v -0.077285 1.730132 -0.090202
v -0.081672 1.734569 -0.096678
v -0.087332 1.742541 -0.088456
v -0.084498 1.736843 -0.085524
v -0.084821 1.740215 -0.092832
v -0.080918 1.733472 -0.089257
v -0.090498 1.740742 -0.090544
v -0.088377 1.738074 -0.093609
v -0.096923 1.737092 -0.094964
v -0.095077 1.736720 -0.095731
v -0.094018 1.744124 -0.083827
v -0.087638 1.737050 -0.077710
v -0.086057 1.743203 -0.088006
v -0.080702 1.734527 -0.078900
v -0.098627 1.742159 -0.088632
v -0.092355 1.740752 -0.091538
v -0.103521 1.735975 -0.093318
v -0.101310 1.736709 -0.094574
v -0.100971 1.716017 -0.108056
v -0.101645 1.716844 -0.107156
v -0.094373 1.719460 -0.105046
v -0.096579 1.724269 -0.105460
v -0.085950 1.715934 -0.102692
v -0.089768 1.720225 -0.103699
v -0.088266 1.720029 -0.099986
v -0.092136 1.726171 -0.103373
v -0.103703 1.718674 -0.105543
v -0.105112 1.719636 -0.104757
v -0.098654 1.723421 -0.101731
v -0.100830 1.726265 -0.102677
v -0.088138 1.726233 -0.096062
v -0.093378 1.724331 -0.100376
v -0.090766 1.729863 -0.092274
v -0.096130 1.729067 -0.100530
v -0.104706 1.721921 -0.104553
v -0.106176 1.722801 -0.103945
v -0.099768 1.726027 -0.100812
v -0.103012 1.729243 -0.101392
v -0.090932 1.728746 -0.093729
v -0.095911 1.729419 -0.097576
v -0.094721 1.731373 -0.091856
v -0.099742 1.732821 -0.098377
v -0.108091 1.726109 -0.099303
v -0.109531 1.727175 -0.098795
v -0.103328 1.729129 -0.095116
v -0.106604 1.733204 -0.096212
v -0.097163 1.732780 -0.091312
v -0.099907 1.730691 -0.092388
v -0.101041 1.732469 -0.088829
v -0.102599 1.734093 -0.093133
v -0.100531 1.741549 -0.087333
v -0.100435 1.741580 -0.083443
v -0.095123 1.744382 -0.082698
v -0.095937 1.743813 -0.078545
v -0.083890 1.742510 -0.072281
v -0.090205 1.743007 -0.078320
v -0.080986 1.742469 -0.065736
v -0.090386 1.742903 -0.073658
v -0.075427 1.736688 -0.077878
v -0.074889 1.732562 -0.075512
v -0.072737 1.736668 -0.079920
v -0.072617 1.732014 -0.077445
v -0.076838 1.738323 -0.080807
v -0.074734 1.738281 -0.083298
v -0.078575 1.739553 -0.086461
v -0.078157 1.739202 -0.088016
v -0.078547 1.738260 -0.076049
v -0.078362 1.735954 -0.071893
v -0.076170 1.738126 -0.078449
v -0.076122 1.734838 -0.073557
v -0.079799 1.739170 -0.079389
v -0.078010 1.738560 -0.081477
v -0.081623 1.740660 -0.085224
v -0.081245 1.740370 -0.086827
v -0.071205 1.737340 -0.080991
v -0.068286 1.731745 -0.077831
v -0.069163 1.736306 -0.084000
v -0.065199 1.730949 -0.080737
v -0.074309 1.737278 -0.083408
v -0.072456 1.737433 -0.086967
v -0.077491 1.737805 -0.087336
v -0.077635 1.738188 -0.087942
v -0.069864 1.736316 -0.085910
v -0.066322 1.730504 -0.082600
v -0.068205 1.736016 -0.087285
v -0.063646 1.729709 -0.084960
v -0.073000 1.737319 -0.087673
v -0.071475 1.736647 -0.089993
v -0.076636 1.735841 -0.090051
v -0.076706 1.735365 -0.091492
v -0.081904 1.740763 -0.072316
v -0.080987 1.738209 -0.069322
v -0.081290 1.739449 -0.072397
v -0.080166 1.737454 -0.069983
v -0.083602 1.742345 -0.075047
v -0.083291 1.741818 -0.075913
v -0.086346 1.742842 -0.080848
v -0.086020 1.743079 -0.081176
v -0.102385 1.737960 -0.090836
v -0.102886 1.737774 -0.090525
v -0.099368 1.741838 -0.084564
v -0.101109 1.740525 -0.084330
v -0.092953 1.740690 -0.071894
v -0.097855 1.742965 -0.079779
v -0.093811 1.740401 -0.071891
v -0.098485 1.741849 -0.078285
v -0.104778 1.735913 -0.092663
v -0.105327 1.736027 -0.092494
v -0.101796 1.739708 -0.086477
v -0.103544 1.738457 -0.086264
v -0.095027 1.740015 -0.075023
v -0.100299 1.741332 -0.081792
v -0.096212 1.739294 -0.073831
v -0.100920 1.740246 -0.080304
v -0.112392 1.747934 -0.004763
v -0.106041 1.749278 -0.003779
v -0.111386 1.749847 -0.007086
v -0.104628 1.750933 -0.006782
v -0.118919 1.747675 -0.008540
v -0.117347 1.748906 -0.010338
v -0.123591 1.748844 -0.012046
v -0.121688 1.749309 -0.013288
v -0.098495 1.748534 -0.005819
v -0.097831 1.749485 -0.008287
v -0.103698 1.751770 0.006347
v -0.100185 1.752990 0.007042
v -0.102529 1.752546 0.005126
v -0.100194 1.753187 0.005567
v -0.105031 1.751243 0.003417
v -0.103552 1.752163 0.003496
v -0.104416 1.748089 -0.000050
v -0.100956 1.748678 -0.001396
v -0.096699 1.754035 0.006167
v -0.097723 1.754056 0.004426
v -0.128717 1.739527 -0.004545
v -0.124678 1.738989 -0.007583
v -0.130142 1.739692 -0.006203
v -0.126011 1.738979 -0.009047
v -0.134944 1.740571 -0.001772
v -0.135513 1.740860 -0.003005
v -0.138862 1.741677 0.000017
v -0.138969 1.741884 -0.000818
v -0.105615 1.751202 0.012854
v -0.100681 1.752484 0.015283
v -0.103232 1.752650 0.010209
v -0.099971 1.752587 0.013124
v -0.108457 1.749692 0.009118
v -0.104880 1.752111 0.007146
v -0.108805 1.745514 0.001442
v -0.105840 1.747169 -0.000822
v -0.093326 1.752712 0.016094
v -0.092917 1.752515 0.014655
v -0.113392 1.740891 0.016054
v -0.110122 1.743643 0.016871
v -0.111347 1.744376 0.013699
v -0.109840 1.745018 0.014523
v -0.116213 1.739702 0.013406
v -0.112180 1.743353 0.011910
v -0.115449 1.740633 0.009748
v -0.112377 1.743332 0.009164
v -0.106764 1.749836 0.016911
v -0.106468 1.749826 0.015494
v -0.110236 1.747530 0.013059
v -0.108636 1.752256 0.014410
v -0.109962 1.748482 0.011042
v -0.108528 1.753136 0.012461
v -0.111548 1.743622 0.010239
v -0.110567 1.746352 0.008464
v -0.112388 1.742567 0.007523
v -0.110413 1.745659 0.005617
v -0.102673 1.753177 0.015102
v -0.102264 1.752970 0.013684
v -0.121249 1.742691 0.011932
v -0.115809 1.743528 0.010992
v -0.120387 1.743053 0.009798
v -0.115931 1.743177 0.008787
v -0.128367 1.741037 0.012579
v -0.126944 1.741595 0.010722
v -0.134030 1.738358 0.012950
v -0.132919 1.738730 0.011763
v -0.112862 1.744335 0.009123
v -0.113287 1.743746 0.007187
v -0.113354 1.749682 -0.004285
v -0.110671 1.750012 -0.004448
v -0.113442 1.750322 -0.005628
v -0.111033 1.750354 -0.006215
v -0.115908 1.749092 -0.006254
v -0.115638 1.750054 -0.007170
v -0.118723 1.750405 -0.009427
v -0.118437 1.751026 -0.009891
v -0.107528 1.747737 -0.006868
v -0.108047 1.747965 -0.008344
v -0.115527 1.745080 -0.000770
v -0.112609 1.745948 -0.000047
v -0.115123 1.745845 -0.002194
v -0.112542 1.746579 -0.001712
v -0.118416 1.744563 -0.003068
v -0.117839 1.745307 -0.004047
v -0.121563 1.745690 -0.006511
v -0.121026 1.746197 -0.006996
v -0.109241 1.745917 -0.001147
v -0.109322 1.746383 -0.002475
v -0.116949 1.745359 0.002232
v -0.113885 1.745690 0.001247
v -0.116907 1.745804 0.000623
v -0.114207 1.745897 -0.000448
v -0.121007 1.744345 0.001741
v -0.120625 1.744883 0.000479
v -0.124999 1.745028 -0.000215
v -0.124578 1.745421 -0.000926
v -0.111587 1.744097 -0.000887
v -0.111983 1.744170 -0.002183
v -0.099374 1.754159 0.001373
v -0.094759 1.755649 0.001784
v -0.098185 1.754862 0.000178
v -0.094935 1.756000 0.000009
v -0.101029 1.754004 -0.000626
v -0.099077 1.754035 -0.001371
v -0.099663 1.748244 -0.001184
v -0.097294 1.749154 -0.001837
v -0.090123 1.756848 -0.001066
v -0.090220 1.757013 -0.002905
v -0.096379 1.757386 -0.007057
v -0.092778 1.756817 -0.006605
v -0.096093 1.757830 -0.008791
v -0.093419 1.757179 -0.008275
v -0.098646 1.756775 -0.010527
v -0.097489 1.758275 -0.010936
v -0.099750 1.752391 -0.014801
v -0.098399 1.754707 -0.014612
v -0.090268 1.756238 -0.008404
v -0.090306 1.756465 -0.009828
v -0.096020 1.758926 -0.011264
v -0.093342 1.760043 -0.012220
v -0.096121 1.759547 -0.012715
v -0.093715 1.760240 -0.013534
v -0.099276 1.757789 -0.012422
v -0.098263 1.758306 -0.013290
v -0.099463 1.752960 -0.014096
v -0.099733 1.753228 -0.016918
v -0.090592 1.760405 -0.016305
v -0.090888 1.760478 -0.016976
v -0.095896 1.758337 -0.013536
v -0.093245 1.757995 -0.014524
v -0.096251 1.758730 -0.015055
v -0.093754 1.758202 -0.015885
v -0.099159 1.757892 -0.014472
v -0.098087 1.758202 -0.016335
v -0.100986 1.752380 -0.017803
v -0.099871 1.753270 -0.019117
v -0.090091 1.757944 -0.018174
v -0.090980 1.758037 -0.019123
v -0.092810 1.756548 -0.005128
v -0.090122 1.756072 -0.006096
v -0.092823 1.756806 -0.005945
v -0.090652 1.756569 -0.006566
v -0.096107 1.755627 -0.006609
v -0.095073 1.756351 -0.007229
v -0.096775 1.750685 -0.009193
v -0.095342 1.752628 -0.009620
v -0.088649 1.755534 -0.007593
v -0.088774 1.755649 -0.008057
v -0.069104 1.748358 0.000612
v -0.064508 1.746776 0.001388
v -0.068886 1.747520 -0.000966
v -0.063757 1.746558 0.000819
v -0.074420 1.750550 -0.001137
v -0.073630 1.749857 -0.003082
v -0.077780 1.751481 -0.003299
v -0.076517 1.750333 -0.005019
v -0.082662 1.749991 -0.005706
v -0.079824 1.748461 -0.006976
v -0.070854 1.749609 0.001624
v -0.065833 1.748213 0.002836
v -0.070135 1.748978 0.001172
v -0.064834 1.747313 0.002089
v -0.075428 1.750943 0.000526
v -0.074511 1.750592 -0.000774
v -0.079246 1.751791 -0.001613
v -0.078154 1.751491 -0.002819
v -0.083376 1.749557 -0.004242
v -0.082168 1.749371 -0.005569
v -0.073702 1.750002 0.004325
v -0.070061 1.749485 0.004900
v -0.073201 1.750499 0.003481
v -0.069675 1.749961 0.004278
v -0.077868 1.751440 0.003749
v -0.077243 1.751191 0.002344
v -0.082008 1.752339 0.002022
v -0.081069 1.752142 0.000681
v -0.085998 1.750954 -0.000103
v -0.084955 1.750384 -0.001320
v -0.072500 1.751677 0.002389
v -0.067259 1.749650 0.002891
v -0.072006 1.751698 0.001807
v -0.067062 1.750643 0.002535
v -0.076634 1.752091 0.000955
v -0.075891 1.751812 -0.000050
v -0.080107 1.752132 -0.000841
v -0.079450 1.751884 -0.001934
v -0.083384 1.749630 -0.003723
v -0.082965 1.749764 -0.004865
v -0.091585 1.755483 0.002996
v -0.088341 1.754469 -0.000814
v -0.091742 1.755721 0.002080
v -0.088513 1.754449 -0.001264
v -0.095221 1.754459 0.004373
v -0.094084 1.755110 0.002960
v -0.098266 1.753404 0.001888
v -0.097917 1.753942 0.001108
v -0.101487 1.748461 -0.001298
v -0.099391 1.749444 -0.002458
v -0.085650 1.752474 0.010239
v -0.081208 1.749516 0.008971
v -0.086141 1.753136 0.009087
v -0.081391 1.750043 0.008222
v -0.088729 1.752566 0.009989
v -0.088136 1.752918 0.008132
v -0.093202 1.752587 0.008659
v -0.091449 1.752546 0.006816
v -0.096005 1.750178 0.005048
v -0.094991 1.750530 0.003581
v -0.082338 1.750912 0.007363
v -0.077676 1.748079 0.007868
v -0.081534 1.751016 0.006640
v -0.077235 1.748492 0.006969
v -0.085436 1.753021 0.007246
v -0.084633 1.753063 0.006003
v -0.088879 1.751843 0.005140
v -0.087788 1.752288 0.004127
v -0.091867 1.751243 0.002672
v -0.090790 1.750901 0.001951
v -0.081228 1.752835 0.004959
v -0.079822 1.751791 0.004189
v -0.081319 1.751884 0.003459
v -0.079773 1.752070 0.003761
v -0.084983 1.753611 0.004957
v -0.084557 1.753818 0.003569
v -0.088681 1.752226 0.003744
v -0.087930 1.752846 0.002482
v -0.092052 1.751398 0.002106
v -0.091137 1.751150 0.001100
v -0.071055 1.747975 0.006165
v -0.066908 1.747003 0.006311
v -0.071033 1.748503 0.005681
v -0.067130 1.747179 0.005993
v -0.074729 1.748596 0.005825
v -0.074281 1.749216 0.005049
v -0.078314 1.748865 0.005527
v -0.078148 1.749289 0.004564
v -0.081665 1.749775 0.005131
v -0.080541 1.750064 0.004273
v -0.066363 1.743497 0.006910
v -0.070796 1.743611 0.007258
v -0.063832 1.745007 0.010126
v -0.065982 1.743497 0.012669
v -0.061555 1.744552 0.012289
v -0.063118 1.743415 0.015098
v -0.054189 1.743022 0.017712
v -0.058362 1.744366 0.015326
v -0.054982 1.743239 0.018285
v -0.058974 1.743653 0.017295
v -0.060195 1.741130 0.007622
v -0.063921 1.741874 0.008097
v -0.059109 1.742598 0.010096
v -0.060460 1.743839 0.012134
v -0.057750 1.743549 0.011783
v -0.058440 1.744376 0.014104
v -0.050593 1.741130 0.015348
v -0.054731 1.743125 0.013219
v -0.051408 1.741553 0.015957
v -0.055109 1.743187 0.015519
v -0.059174 1.741243 0.004942
v -0.060607 1.741895 0.007948
v -0.056003 1.741770 0.006299
v -0.055906 1.742649 0.009851
v -0.052522 1.743942 0.007578
v -0.052727 1.743053 0.010178
v -0.042814 1.741336 0.006230
v -0.049079 1.744418 0.007285
v -0.043646 1.741646 0.007247
v -0.048806 1.743311 0.008905
v -0.071149 1.739754 0.011181
v -0.073643 1.740281 0.011767
v -0.066973 1.742691 0.015484
v -0.067969 1.742225 0.017406
v -0.064013 1.741957 0.018474
v -0.065364 1.741564 0.020324
v -0.055470 1.740333 0.022620
v -0.060509 1.741750 0.021006
v -0.056410 1.740002 0.022847
v -0.061264 1.740385 0.022379
v -0.087415 1.748295 0.009295
v -0.090364 1.747799 0.010705
v -0.084900 1.751470 0.014222
v -0.086959 1.751016 0.015829
v -0.081499 1.749082 0.017299
v -0.083305 1.749754 0.019261
v -0.072585 1.741295 0.020285
v -0.076747 1.745100 0.019474
v -0.073766 1.741967 0.022789
v -0.079429 1.747138 0.022013
v -0.070451 1.738937 0.020679
v -0.073301 1.740323 0.023432
v -0.069417 1.739040 0.025247
v -0.072455 1.740509 0.027929
v -0.067917 1.738596 0.029265
v -0.070725 1.738937 0.030948
v -0.062216 1.736352 0.034913
v -0.064742 1.737645 0.032775
v -0.063677 1.736073 0.036296
v -0.067413 1.738161 0.033994
v -0.074133 1.740809 0.024218
v -0.078683 1.741615 0.026243
v -0.072706 1.740385 0.027459
v -0.077118 1.740716 0.029767
v -0.072089 1.740364 0.030776
v -0.075639 1.740095 0.032777
v -0.065749 1.739082 0.034909
v -0.068586 1.739734 0.033198
v -0.067171 1.738606 0.036638
v -0.072152 1.739692 0.035216
v -0.095794 1.747334 0.013978
v -0.097520 1.747024 0.014791
v -0.095323 1.749692 0.017631
v -0.097501 1.749640 0.019048
v -0.093392 1.749495 0.023734
v -0.094988 1.750054 0.025479
v -0.083562 1.743022 0.036484
v -0.088902 1.745928 0.031015
v -0.083873 1.743528 0.037556
v -0.089568 1.746703 0.032688
v -0.106384 1.742298 0.021312
v -0.106868 1.740013 0.023123
v -0.104775 1.742939 0.023668
v -0.105402 1.741977 0.025666
v -0.103145 1.746910 0.025922
v -0.103831 1.745452 0.027859
v -0.091606 1.750468 0.028223
v -0.099098 1.748254 0.027511
v -0.091831 1.749598 0.029251
v -0.099513 1.747686 0.029569
v -0.103312 1.746041 0.016352
v -0.103304 1.746010 0.018370
v -0.101422 1.749547 0.018807
v -0.101853 1.748875 0.020111
v -0.099614 1.749806 0.020564
v -0.099976 1.749278 0.021649
v -0.094677 1.751274 0.025604
v -0.097508 1.750240 0.022577
v -0.094676 1.751016 0.026128
v -0.098032 1.749350 0.023607
v -0.108678 1.742887 0.017010
v -0.108959 1.741926 0.018133
v -0.108021 1.744097 0.018893
v -0.108248 1.743476 0.019594
v -0.107116 1.745287 0.020168
v -0.107370 1.744687 0.020998
v -0.102474 1.747799 0.023666
v -0.105643 1.746600 0.021181
v -0.102479 1.747737 0.023979
v -0.105863 1.746300 0.022125
v -0.074549 1.755596 -0.025832
v -0.069878 1.752060 -0.025235
v -0.074190 1.756114 -0.027390
v -0.068817 1.751750 -0.025789
v -0.079400 1.757810 -0.027713
v -0.078419 1.758078 -0.029674
v -0.081994 1.758120 -0.030234
v -0.080671 1.757975 -0.031898
v -0.085447 1.754635 -0.032668
v -0.083701 1.754717 -0.034376
v -0.070639 1.753559 -0.028073
v -0.062570 1.748120 -0.027794
v -0.070698 1.754242 -0.029566
v -0.065202 1.748792 -0.029206
v -0.074967 1.755421 -0.029191
v -0.074236 1.755659 -0.030604
v -0.077668 1.755245 -0.030827
v -0.076665 1.754500 -0.032120
v -0.081972 1.754738 -0.033324
v -0.080211 1.754035 -0.034503
v -0.063469 1.749568 -0.024264
v -0.057874 1.749071 -0.022987
v -0.063678 1.749020 -0.025625
v -0.059197 1.749289 -0.024387
v -0.068425 1.751512 -0.025594
v -0.067932 1.751046 -0.026745
v -0.072104 1.754056 -0.026339
v -0.071081 1.753725 -0.027607
v -0.076399 1.757406 -0.028382
v -0.074743 1.757230 -0.029403
v -0.056218 1.747872 -0.023078
v -0.053146 1.748358 -0.023736
v -0.056463 1.748099 -0.023936
v -0.053427 1.748523 -0.024237
v -0.060135 1.747716 -0.022729
v -0.060064 1.747955 -0.023734
v -0.063634 1.747851 -0.023440
v -0.063220 1.747975 -0.024279
v -0.066413 1.748048 -0.024461
v -0.066020 1.748089 -0.024996
v -0.058346 1.747262 -0.018885
v -0.053900 1.747416 -0.019523
v -0.058543 1.747355 -0.019383
v -0.054168 1.747479 -0.019851
v -0.062425 1.747737 -0.019130
v -0.062229 1.747768 -0.019771
v -0.066055 1.748626 -0.020576
v -0.065561 1.748534 -0.021300
v -0.068687 1.749330 -0.022228
v -0.068269 1.749206 -0.022774
v -0.058485 1.747086 -0.018028
v -0.054131 1.747231 -0.018096
v -0.058680 1.747148 -0.018427
v -0.054369 1.747272 -0.018486
v -0.062610 1.747789 -0.018690
v -0.062551 1.747789 -0.018941
v -0.066797 1.748823 -0.019422
v -0.066480 1.748647 -0.019615
v -0.070737 1.748482 -0.019555
v -0.070404 1.748234 -0.019676
v -0.077344 1.757086 -0.016605
v -0.073865 1.755359 -0.016736
v -0.077260 1.756868 -0.017566
v -0.074044 1.755286 -0.017423
v -0.082247 1.757810 -0.017351
v -0.081601 1.757458 -0.018689
v -0.086805 1.757323 -0.018655
v -0.085761 1.757086 -0.020876
v -0.089844 1.756042 -0.020300
v -0.089250 1.755989 -0.022401
v -0.076007 1.756868 -0.015769
v -0.072783 1.754707 -0.016118
v -0.075954 1.756755 -0.016506
v -0.072845 1.754666 -0.016627
v -0.080568 1.758409 -0.016415
v -0.080293 1.758327 -0.017272
v -0.084947 1.758751 -0.017913
v -0.084650 1.758782 -0.018731
v -0.088617 1.758078 -0.019313
v -0.088442 1.758120 -0.019890
v -0.075486 1.755504 -0.014553
v -0.072210 1.753487 -0.014586
v -0.075389 1.756072 -0.015082
v -0.072191 1.753880 -0.015243
v -0.079957 1.756341 -0.014676
v -0.079732 1.756889 -0.015246
v -0.083739 1.755421 -0.015021
v -0.083575 1.755824 -0.016122
v -0.085392 1.752360 -0.016355
v -0.085369 1.752577 -0.017276
v -0.076311 1.756031 -0.018904
v -0.073091 1.754314 -0.018748
v -0.076211 1.755876 -0.019550
v -0.073082 1.754211 -0.019145
v -0.081083 1.757365 -0.019833
v -0.080760 1.757261 -0.020906
v -0.085904 1.757944 -0.022046
v -0.085166 1.757923 -0.023738
v -0.088384 1.756228 -0.024144
v -0.087619 1.756228 -0.025634
v -0.058504 1.750602 -0.013004
v -0.055421 1.749516 -0.012700
v -0.058420 1.750209 -0.013775
v -0.055455 1.749412 -0.013173
v -0.061786 1.749557 -0.013688
v -0.061423 1.749216 -0.014713
v -0.065817 1.748295 -0.015025
v -0.065499 1.748130 -0.015685
v -0.071765 1.750033 -0.016124
v -0.070822 1.748440 -0.016812
v -0.055205 1.750240 -0.010653
v -0.052224 1.749578 -0.010314
v -0.055089 1.749961 -0.011314
v -0.052221 1.749392 -0.010673
v -0.059427 1.749588 -0.011607
v -0.059151 1.749361 -0.012549
v -0.064533 1.748958 -0.013422
v -0.064217 1.748926 -0.014544
v -0.069739 1.748647 -0.015397
v -0.069517 1.748720 -0.016257
v -0.055958 1.750436 -0.009129
v -0.052938 1.749795 -0.008796
v -0.055857 1.750405 -0.009791
v -0.052935 1.749888 -0.009192
v -0.060233 1.750043 -0.010110
v -0.060001 1.749847 -0.010933
v -0.065415 1.749361 -0.011701
v -0.065139 1.749206 -0.012453
v -0.070596 1.748740 -0.013101
v -0.070378 1.748688 -0.013589
v -0.081374 1.753118 -0.049033
v -0.087441 1.749583 -0.050625
v -0.082595 1.755931 -0.046748
v -0.089056 1.752782 -0.048143
v -0.073496 1.755143 -0.046920
v -0.073713 1.755421 -0.045632
v -0.065290 1.754376 -0.047185
v -0.065337 1.754769 -0.046432
v -0.076655 1.754449 -0.041830
v -0.079417 1.753674 -0.043903
v -0.077320 1.754914 -0.041037
v -0.079929 1.753956 -0.043119
v -0.073297 1.753425 -0.039834
v -0.073691 1.753807 -0.038995
v -0.068417 1.751253 -0.036916
v -0.068672 1.751667 -0.036411
v -0.074383 1.755276 -0.035383
v -0.076840 1.754562 -0.038547
v -0.075741 1.756310 -0.033984
v -0.078471 1.755804 -0.038154
v -0.071670 1.754914 -0.032440
v -0.073056 1.756217 -0.031317
v -0.067257 1.750581 -0.029229
v -0.067560 1.750695 -0.028759
v -0.084260 1.757787 -0.040418
v -0.088027 1.757020 -0.041710
v -0.084518 1.757872 -0.038607
v -0.088959 1.757170 -0.040777
v -0.079920 1.756569 -0.039584
v -0.080394 1.757044 -0.038092
v -0.074731 1.753963 -0.038636
v -0.074784 1.754200 -0.038097
v -0.083840 1.757344 -0.038547
v -0.087353 1.755168 -0.040018
v -0.084150 1.757965 -0.036287
v -0.086747 1.756326 -0.038077
v -0.079326 1.756631 -0.037429
v -0.079956 1.757561 -0.035760
v -0.075098 1.754655 -0.037230
v -0.074727 1.754935 -0.036470
v -0.097355 1.759495 -0.034439
v -0.096196 1.753163 -0.037670
v -0.099754 1.759268 -0.030951
v -0.101435 1.752205 -0.033005
v -0.094021 1.758937 -0.031148
v -0.096671 1.759723 -0.028673
v -0.089938 1.755141 -0.028713
v -0.090714 1.755524 -0.027704
v -0.053573 1.748896 -0.017695
v -0.051728 1.747883 -0.020918
v -0.054262 1.749082 -0.018640
v -0.052099 1.748172 -0.021061
v -0.055444 1.749247 -0.016028
v -0.056046 1.748947 -0.017207
v -0.055784 1.747241 -0.014943
v -0.057469 1.748223 -0.016216
v -0.059474 1.744800 -0.014244
v -0.059539 1.744490 -0.014867
v -0.052264 1.748027 -0.016414
v -0.050482 1.746434 -0.019216
v -0.052536 1.748089 -0.016625
v -0.050759 1.746693 -0.019220
v -0.054267 1.748523 -0.015467
v -0.054448 1.748637 -0.015795
v -0.056330 1.748937 -0.015119
v -0.056308 1.748885 -0.015450
v -0.059185 1.746114 -0.013142
v -0.059212 1.745752 -0.013870
v -0.051397 1.746082 -0.014795
v -0.048953 1.744077 -0.016041
v -0.051642 1.746703 -0.015498
v -0.049317 1.744439 -0.016229
v -0.053221 1.746621 -0.014118
v -0.053433 1.746434 -0.014798
v -0.054897 1.744315 -0.013630
v -0.054770 1.744366 -0.014316
v -0.056571 1.743353 -0.013580
v -0.056611 1.742929 -0.014283
v -0.048451 1.743911 -0.016670
v -0.045430 1.742494 -0.017731
v -0.048741 1.744387 -0.017145
v -0.045975 1.742898 -0.017911
v -0.050527 1.745411 -0.016030
v -0.050669 1.745897 -0.016450
v -0.052046 1.747375 -0.015557
v -0.052085 1.747727 -0.016002
v -0.053535 1.748017 -0.015313
v -0.053538 1.748099 -0.015954
v -0.052545 1.747220 -0.001296
v -0.048797 1.747716 -0.001271
v -0.052399 1.747541 -0.002689
v -0.048757 1.747644 -0.002633
v -0.056125 1.746672 -0.002286
v -0.055995 1.747396 -0.003983
v -0.058836 1.745969 -0.003947
v -0.058371 1.746765 -0.005515
v -0.063144 1.745979 -0.008091
v -0.061514 1.745938 -0.009221
v -0.051104 1.747841 -0.002700
v -0.047277 1.747437 -0.002677
v -0.050955 1.747748 -0.004086
v -0.047239 1.747024 -0.004037
v -0.054678 1.747437 -0.003713
v -0.054541 1.747830 -0.005424
v -0.057404 1.747324 -0.005382
v -0.057791 1.746290 -0.007725
v -0.060605 1.746496 -0.007940
v -0.060847 1.746889 -0.009867
v -0.051529 1.746951 0.001249
v -0.048047 1.747758 -0.000333
v -0.051864 1.747107 0.000341
v -0.048232 1.747737 -0.001123
v -0.055267 1.745731 0.001014
v -0.055328 1.746114 -0.000045
v -0.058646 1.745400 -0.000145
v -0.058184 1.745452 -0.001206
v -0.062629 1.745173 -0.002346
v -0.061390 1.745380 -0.003373
v -0.140265 1.729232 -0.078971
v -0.139970 1.729285 -0.077983
v -0.133397 1.732697 -0.078390
v -0.133689 1.732676 -0.076788
v -0.126765 1.731311 -0.078294
v -0.129701 1.733028 -0.077943
v -0.126959 1.730991 -0.076455
v -0.130042 1.733400 -0.076656
v -0.136557 1.729884 -0.067934
v -0.136336 1.729954 -0.067194
v -0.134056 1.732531 -0.067855
v -0.133870 1.732728 -0.066939
v -0.127419 1.731208 -0.070254
v -0.130250 1.732583 -0.068455
v -0.127198 1.731197 -0.068863
v -0.130214 1.732934 -0.067241
v -0.135889 1.730637 -0.064056
v -0.135845 1.730620 -0.063286
v -0.133651 1.733131 -0.064648
v -0.133663 1.733017 -0.062853
v -0.129348 1.731301 -0.067272
v -0.132045 1.733173 -0.066040
v -0.129254 1.731528 -0.065124
v -0.132329 1.733876 -0.064303
v -0.139899 1.728581 -0.070772
v -0.139616 1.728705 -0.070073
v -0.136078 1.730649 -0.071228
v -0.135662 1.730691 -0.069745
v -0.130684 1.729936 -0.074792
v -0.133421 1.731197 -0.073180
v -0.129660 1.730246 -0.073754
v -0.133186 1.732242 -0.070965
v -0.128733 1.733245 -0.085371
v -0.129113 1.732997 -0.085196
v -0.124805 1.733545 -0.078422
v -0.125936 1.733669 -0.078365
v -0.118557 1.733462 -0.069482
v -0.121983 1.733876 -0.073784
v -0.119404 1.732997 -0.068918
v -0.122934 1.733762 -0.073589
v -0.132158 1.731745 -0.088415
v -0.133151 1.731528 -0.088024
v -0.128847 1.733079 -0.082947
v -0.130455 1.732852 -0.082470
v -0.117898 1.732697 -0.069718
v -0.122028 1.733214 -0.074731
v -0.119302 1.732562 -0.069845
v -0.123790 1.733235 -0.074708
v -0.065632 1.745886 -0.053955
v -0.066845 1.744315 -0.055792
v -0.066303 1.746299 -0.053650
v -0.068159 1.744149 -0.055848
v -0.065106 1.747629 -0.052104
v -0.065938 1.748100 -0.051868
v -0.066225 1.747644 -0.048980
v -0.066893 1.747820 -0.048638
v -0.063212 1.745665 -0.053747
v -0.064631 1.744288 -0.055791
v -0.063720 1.746349 -0.052631
v -0.066301 1.744384 -0.054882
v -0.061800 1.747603 -0.052074
v -0.062237 1.747893 -0.051270
v -0.060719 1.749237 -0.049185
v -0.061026 1.749040 -0.048808
v -0.057699 1.746920 -0.042856
v -0.058717 1.744190 -0.045484
v -0.058480 1.746827 -0.042691
v -0.059698 1.744004 -0.045224
v -0.057263 1.748813 -0.040852
v -0.058053 1.748813 -0.040896
v -0.057349 1.749950 -0.037938
v -0.058025 1.749857 -0.037644
v -0.059309 1.745761 -0.055058
v -0.061064 1.741904 -0.057162
v -0.060251 1.745694 -0.054757
v -0.062156 1.742017 -0.056698
v -0.058478 1.748803 -0.052986
v -0.059656 1.748410 -0.052903
v -0.057379 1.750767 -0.049836
v -0.058292 1.750912 -0.049747
v -0.050492 1.743983 -0.044114
v -0.054456 1.743549 -0.045871
v -0.050256 1.744242 -0.042406
v -0.054507 1.743880 -0.043900
v -0.046297 1.743952 -0.043462
v -0.046306 1.744046 -0.041758
v -0.040142 1.739609 -0.042712
v -0.039010 1.737303 -0.041354
v -0.050532 1.743715 -0.046511
v -0.054521 1.743022 -0.047899
v -0.050095 1.744315 -0.044032
v -0.054537 1.743405 -0.045849
v -0.044747 1.742287 -0.046626
v -0.044102 1.742370 -0.043877
v -0.040187 1.737510 -0.048722
v -0.037571 1.735287 -0.045186
v -0.049456 1.743435 -0.057386
v -0.055374 1.741681 -0.060032
v -0.048408 1.743911 -0.055215
v -0.055680 1.741326 -0.057716
v -0.040706 1.741005 -0.055893
v -0.040074 1.741657 -0.053787
v -0.035540 1.737603 -0.055029
v -0.035222 1.735535 -0.052156
v -0.058279 1.740096 -0.068119
v -0.063765 1.732796 -0.069803
v -0.059408 1.740723 -0.065899
v -0.064548 1.733523 -0.067479
v -0.053688 1.743158 -0.066805
v -0.054975 1.744503 -0.065484
v -0.050810 1.744933 -0.065449
v -0.051562 1.746119 -0.064367
v -0.052349 1.747220 -0.031321
v -0.056052 1.745080 -0.031624
v -0.051640 1.745607 -0.028020
v -0.054644 1.744894 -0.028031
v -0.050581 1.748058 -0.032348
v -0.049372 1.747241 -0.029729
v -0.050855 1.746941 -0.036349
v -0.049324 1.747096 -0.034660
v -0.058793 1.741968 -0.064935
v -0.064233 1.734507 -0.066157
v -0.059930 1.742809 -0.062813
v -0.065078 1.735909 -0.064292
v -0.054174 1.745968 -0.063986
v -0.055038 1.745884 -0.062319
v -0.049067 1.745540 -0.063450
v -0.050795 1.745861 -0.062125
v -0.068654 1.714472 -0.131023
v -0.068113 1.710096 -0.131259
v -0.084782 1.701927 -0.128173
v -0.081993 1.698681 -0.130539
v -0.097666 1.683428 -0.121969
v -0.093104 1.691024 -0.123723
v -0.088762 1.686170 -0.125956
v -0.086518 1.691170 -0.126765
v -0.085862 1.704728 -0.123916
v -0.084926 1.703842 -0.127223
v -0.094574 1.696319 -0.122364
v -0.091735 1.694593 -0.125273
v -0.100044 1.682647 -0.122224
v -0.097882 1.689850 -0.123336
v -0.096212 1.684345 -0.123801
v -0.094451 1.689317 -0.123741
v -0.089550 1.708654 -0.122760
v -0.088612 1.706847 -0.124549
v -0.097776 1.703514 -0.119927
v -0.096342 1.699357 -0.121333
v -0.106026 1.692295 -0.119245
v -0.103015 1.697692 -0.117880
v -0.099896 1.687494 -0.122748
v -0.098858 1.692901 -0.122932
v -0.112431 1.700547 -0.118386
v -0.110007 1.699936 -0.118634
v -0.111060 1.690815 -0.124560
v -0.108107 1.690402 -0.122295
v -0.106503 1.678468 -0.123914
v -0.110044 1.684032 -0.123567
v -0.103027 1.680829 -0.122648
v -0.106124 1.685107 -0.121975
v -0.056867 1.701812 -0.132428
v -0.057053 1.697893 -0.132035
v -0.071993 1.698597 -0.130555
v -0.071315 1.693405 -0.129832
v -0.088048 1.688878 -0.126908
v -0.082828 1.694663 -0.129731
v -0.080715 1.686177 -0.129868
v -0.077298 1.689031 -0.130070
v -0.066430 1.665577 -0.134196
v -0.069115 1.665184 -0.134558
v -0.071191 1.676177 -0.133493
v -0.074605 1.675019 -0.133938
v -0.082801 1.688858 -0.128052
v -0.077725 1.684853 -0.130174
v -0.083261 1.683478 -0.130107
v -0.079586 1.680955 -0.133245
v -0.149681 1.715659 -0.030369
v -0.146873 1.717014 -0.034388
v -0.150829 1.712960 -0.032558
v -0.147195 1.715122 -0.039918
v -0.154889 1.711399 -0.025202
v -0.155203 1.708121 -0.026844
v -0.157590 1.703115 -0.021688
v -0.157763 1.702940 -0.022447
v -0.111965 1.670022 -0.127054
v -0.112563 1.670470 -0.126722
v -0.108596 1.671855 -0.129388
v -0.109764 1.672349 -0.128725
v -0.098996 1.679297 -0.126129
v -0.103746 1.674860 -0.128164
v -0.101142 1.679107 -0.125264
v -0.104643 1.675329 -0.127357
v -0.099012 1.669569 -0.134199
v -0.099674 1.670515 -0.133630
v -0.096636 1.672102 -0.133943
v -0.097931 1.673156 -0.132845
v -0.090905 1.680511 -0.128501
v -0.093420 1.676322 -0.132022
v -0.092703 1.680524 -0.127621
v -0.094924 1.677071 -0.130436
v -0.080557 1.671834 -0.134662
v -0.081309 1.671958 -0.134631
v -0.081737 1.676384 -0.133907
v -0.082854 1.675774 -0.134310
v -0.088872 1.683407 -0.128340
v -0.084603 1.680148 -0.133013
v -0.089807 1.682318 -0.128511
v -0.085297 1.679745 -0.133016
v -0.149348 1.706162 -0.096112
v -0.147181 1.700485 -0.096679
v -0.152135 1.704672 -0.091130
v -0.147953 1.696286 -0.092034
v -0.153923 1.710722 -0.089173
v -0.154304 1.707475 -0.087429
v -0.156120 1.710184 -0.083121
v -0.156372 1.709305 -0.082953
v -0.146372 1.694631 -0.102269
v -0.143240 1.690268 -0.103456
v -0.147347 1.692449 -0.099659
v -0.145663 1.690195 -0.099983
v -0.149355 1.697692 -0.098066
v -0.149946 1.694497 -0.097760
v -0.151548 1.697785 -0.093040
v -0.151800 1.696658 -0.092860
v -0.153549 1.713121 -0.071174
v -0.149841 1.709138 -0.073530
v -0.153286 1.712418 -0.070022
v -0.150137 1.709026 -0.071195
v -0.154772 1.715314 -0.067883
v -0.154770 1.713266 -0.067158
v -0.157347 1.713008 -0.061877
v -0.157995 1.711777 -0.061561
v -0.149356 1.720852 -0.039493
v -0.147470 1.717243 -0.041688
v -0.148685 1.720079 -0.038187
v -0.147068 1.717676 -0.039610
v -0.150591 1.723065 -0.036418
v -0.150300 1.722009 -0.035806
v -0.152215 1.723850 -0.030697
v -0.151996 1.722712 -0.031451
v -0.092129 1.733715 0.060692
v -0.106293 1.734387 0.059006
v -0.096330 1.725276 0.067377
v -0.109822 1.724977 0.065765
v -0.096995 1.722764 0.069959
v -0.107904 1.720644 0.068944
v -0.089611 1.705515 0.063033
v -0.095459 1.717045 0.071544
v -0.096836 1.705649 0.062145
v -0.104110 1.713509 0.070755
v -0.107275 1.733911 0.062087
v -0.117952 1.731574 0.059042
v -0.109054 1.725866 0.066129
v -0.119372 1.721285 0.066310
v -0.106685 1.721057 0.068149
v -0.116254 1.715742 0.068032
v -0.094064 1.707759 0.063777
v -0.101833 1.715018 0.069727
v -0.105625 1.703198 0.063618
v -0.112633 1.711275 0.070068
v -0.094565 1.729165 0.065401
v -0.109316 1.730033 0.062225
v -0.109265 1.729620 0.064704
v -0.120413 1.725970 0.064074
v -0.119632 1.727593 0.061566
v -0.124475 1.725018 0.061373
v -0.118062 1.721688 0.066373
v -0.128771 1.715349 0.061629
v -0.115281 1.717272 0.068093
v -0.125513 1.710375 0.065349
v -0.105188 1.704346 0.063481
v -0.112292 1.712309 0.069409
v -0.113390 1.701709 0.063405
v -0.117553 1.707862 0.067807
v -0.119946 1.724811 0.063348
v -0.126925 1.721967 0.060151
v -0.062537 1.728265 0.060244
v -0.065485 1.729465 0.060812
v -0.067608 1.723012 0.068811
v -0.075385 1.725917 0.066528
v -0.071203 1.716207 0.071235
v -0.079052 1.719485 0.071885
v -0.078347 1.705742 0.062963
v -0.075722 1.711813 0.067456
v -0.086824 1.706528 0.062417
v -0.081929 1.714046 0.068027
v -0.065376 1.725338 0.065984
v -0.069948 1.730147 0.063428
v -0.042677 1.693374 0.060406
v -0.036806 1.690003 0.055605
v -0.044702 1.701388 0.063179
v -0.038465 1.709775 0.058605
v -0.050343 1.701616 0.062253
v -0.050144 1.717211 0.061864
v -0.057070 1.700892 0.060488
v -0.055603 1.700861 0.063278
v -0.066458 1.703994 0.062394
v -0.058597 1.713560 0.068592
v -0.041881 1.698514 0.061903
v -0.035732 1.697966 0.057484
v -0.035749 1.704687 0.056711
v -0.042617 1.700334 0.062290
v -0.047075 1.701378 0.064647
v -0.041881 1.715545 0.062830
v -0.142140 1.689083 0.044678
v -0.138748 1.689217 0.047006
v -0.141368 1.700789 0.051749
v -0.134215 1.695701 0.052696
v -0.136204 1.708969 0.057235
v -0.130492 1.698080 0.055850
v -0.120813 1.704884 0.061799
v -0.127918 1.709103 0.063033
v -0.121231 1.702381 0.059842
v -0.127422 1.700282 0.059577
v -0.142145 1.695112 0.047427
v -0.136545 1.693519 0.050096
v -0.125692 1.686627 -0.122461
v -0.122462 1.688210 -0.123236
v -0.120391 1.680071 -0.124518
v -0.115552 1.683370 -0.125977
v -0.108613 1.673064 -0.124169
v -0.114634 1.676173 -0.124332
v -0.104099 1.678842 -0.124573
v -0.109872 1.680038 -0.123930
v -0.156543 1.702557 0.002023
v -0.146097 1.706497 -0.007709
v -0.156938 1.700789 0.001082
v -0.146951 1.705029 -0.009886
v -0.158642 1.698504 0.005890
v -0.158912 1.697263 0.005485
v -0.159791 1.691864 0.009699
v -0.159770 1.691503 0.009605
v -0.135135 1.725727 -0.088211
v -0.130953 1.724135 -0.087021
v -0.133099 1.723886 -0.089252
v -0.129954 1.722871 -0.087576
v -0.141108 1.725138 -0.092200
v -0.138648 1.723886 -0.093693
v -0.144628 1.721518 -0.097207
v -0.143653 1.720598 -0.098204
v -0.079455 1.655205 -0.134713
v -0.081959 1.656333 -0.136409
v -0.076518 1.663427 -0.134548
v -0.080380 1.664947 -0.135789
v -0.078688 1.678069 -0.130877
v -0.076121 1.671048 -0.133979
v -0.083224 1.679228 -0.130877
v -0.081234 1.670459 -0.134465
v -0.086419 1.655971 -0.138436
v -0.088618 1.655164 -0.136978
v -0.083834 1.663158 -0.137981
v -0.087260 1.664130 -0.136699
v -0.084545 1.676064 -0.131735
v -0.083103 1.670148 -0.133586
v -0.087231 1.673344 -0.131723
v -0.087489 1.669393 -0.132242
v -0.060642 1.685226 -0.132387
v -0.061180 1.684729 -0.132190
v -0.072368 1.687677 -0.129574
v -0.072140 1.686632 -0.129863
v -0.077795 1.686208 -0.127993
v -0.075791 1.687283 -0.128230
v -0.077356 1.685443 -0.128343
v -0.075179 1.686343 -0.128602
v -0.033830 1.730457 0.025308
v -0.042111 1.738286 0.024420
v -0.035856 1.729661 0.028348
v -0.043449 1.736217 0.026496
v -0.032197 1.726238 0.023255
v -0.033701 1.725070 0.026911
v -0.031031 1.719754 0.019020
v -0.033221 1.719423 0.026031
v -0.035882 1.733611 0.025440
v -0.040697 1.732857 0.027812
v -0.036944 1.726796 0.035287
v -0.043472 1.730592 0.034073
v -0.038047 1.725080 0.036115
v -0.044552 1.730592 0.034719
v -0.035666 1.724336 0.033482
v -0.036097 1.723488 0.035365
v -0.033939 1.718999 0.029074
v -0.036118 1.719217 0.033499
v -0.039913 1.729154 0.034964
v -0.040437 1.728306 0.035830
v -0.149302 1.720960 -0.075179
v -0.149898 1.713473 -0.075796
v -0.150021 1.719915 -0.072808
v -0.150091 1.713949 -0.074027
v -0.143962 1.726141 -0.069826
v -0.144842 1.724930 -0.068578
v -0.145129 1.727464 -0.063028
v -0.145497 1.727072 -0.063117
v -0.052055 1.724852 0.059252
v -0.057338 1.727551 0.061291
v -0.055278 1.719113 0.065779
v -0.061494 1.722826 0.067359
v -0.058688 1.714905 0.067732
v -0.064961 1.716890 0.069198
v -0.069082 1.704315 0.062205
v -0.062181 1.710065 0.066638
v -0.073756 1.705308 0.062210
v -0.067821 1.711864 0.067358
v -0.053717 1.721440 0.061809
v -0.059441 1.724894 0.064213
v -0.019558 1.707666 -0.004624
v -0.017618 1.702578 0.005367
v -0.018794 1.705380 -0.004184
v -0.017346 1.701161 0.006156
v -0.022697 1.709176 -0.010103
v -0.022362 1.706476 -0.010074
v -0.027786 1.708803 -0.020488
v -0.025627 1.705887 -0.016686
v -0.018363 1.705618 0.000636
v -0.017810 1.703571 0.000546
v -0.050952 1.669259 -0.131146
v -0.053750 1.668794 -0.132728
v -0.060849 1.677377 -0.131714
v -0.065134 1.675494 -0.133059
v -0.075209 1.682278 -0.128809
v -0.069570 1.680065 -0.129719
v -0.075410 1.681151 -0.129429
v -0.071281 1.678566 -0.130163
v -0.035422 1.733911 -0.059661
v -0.039221 1.737075 -0.050305
v -0.032855 1.730892 -0.055953
v -0.038655 1.736486 -0.048783
v -0.033951 1.727810 -0.065688
v -0.033607 1.723467 -0.060644
v -0.034180 1.717231 -0.071142
v -0.034259 1.716176 -0.063681
v -0.037254 1.735080 -0.054590
v -0.035363 1.733011 -0.051425
v -0.079574 1.734697 0.058040
v -0.090432 1.735876 0.057171
v -0.087903 1.726807 0.066478
v -0.097572 1.728482 0.065133
v -0.088580 1.723829 0.069178
v -0.098024 1.723342 0.067778
v -0.083966 1.707283 0.063005
v -0.087565 1.717831 0.070582
v -0.090562 1.705256 0.063225
v -0.096769 1.716559 0.069085
v -0.085456 1.730292 0.063846
v -0.093802 1.733880 0.059088
v -0.068932 1.731057 0.060308
v -0.081875 1.734552 0.058780
v -0.077852 1.723797 0.066750
v -0.089113 1.726290 0.065335
v -0.078274 1.721347 0.068837
v -0.089274 1.722050 0.067780
v -0.075930 1.706311 0.062684
v -0.077494 1.716197 0.070030
v -0.081772 1.708245 0.063230
v -0.086959 1.716652 0.068834
v -0.075208 1.727438 0.065305
v -0.085770 1.731574 0.062132
v -0.127885 1.721481 0.061176
v -0.133460 1.717262 0.057050
v -0.123077 1.714625 0.067232
v -0.134621 1.706239 0.058795
v -0.120490 1.711305 0.068722
v -0.131121 1.703354 0.059689
v -0.113590 1.702102 0.062041
v -0.117864 1.707790 0.068855
v -0.121479 1.695991 0.060162
v -0.126724 1.700768 0.061274
v -0.127136 1.717821 0.064589
v -0.135666 1.709631 0.058838
v -0.065877 1.716895 -0.110283
v -0.069840 1.717904 -0.108733
v -0.058541 1.719795 -0.106030
v -0.066080 1.721751 -0.104580
v -0.048448 1.723961 -0.093054
v -0.055028 1.722315 -0.103884
v -0.056235 1.723778 -0.089698
v -0.062073 1.722993 -0.101626
v -0.076408 1.723576 -0.099205
v -0.077619 1.727681 -0.097453
v -0.069868 1.722914 -0.098521
v -0.072461 1.730380 -0.095779
v -0.056042 1.722340 -0.092431
v -0.063650 1.724920 -0.099139
v -0.058040 1.725334 -0.087122
v -0.067087 1.730743 -0.095326
v -0.071624 1.715578 -0.108742
v -0.074265 1.718012 -0.107766
v -0.064868 1.719030 -0.105512
v -0.070751 1.721984 -0.103609
v -0.056637 1.721399 -0.097467
v -0.060603 1.721690 -0.103017
v -0.063141 1.724031 -0.093069
v -0.067461 1.723659 -0.100836
v -0.038946 1.691089 0.059481
v -0.040138 1.705142 0.062802
v -0.050387 1.709196 0.064723
v -0.056945 1.706332 0.066629
v -0.062016 1.702320 0.060487
v -0.038081 1.697904 0.061087
v -0.037797 1.702082 0.061328
v -0.044127 1.708183 0.066316
v -0.130414 1.719454 0.059130
v -0.128581 1.710210 0.064398
v -0.124638 1.707366 0.067214
v -0.120219 1.704212 0.066566
v -0.131252 1.714253 0.061713
v -0.117105 1.698813 0.062088
v -0.158398 1.669559 0.026086
v -0.161327 1.677490 0.004293
v -0.165774 1.680500 -0.017982
v -0.166912 1.679765 -0.040034
v -0.167663 1.676198 -0.063151
v -0.163360 1.669497 -0.080343
v -0.151511 1.658567 -0.099480
v -0.020005 1.669517 0.028905
v -0.015258 1.677873 0.005614
v -0.012710 1.680189 -0.016908
v -0.010324 1.680407 -0.038351
v -0.012560 1.678462 -0.062472
v -0.014575 1.672909 -0.082977
v -0.026505 1.664905 -0.102069
v -0.016963 1.691637 0.007456
v -0.016810 1.695143 -0.016566
v -0.014779 1.693726 -0.038260
v -0.013805 1.691047 -0.063467
v -0.022125 1.683002 -0.084807
v -0.033326 1.672496 -0.104334
v -0.022747 1.681141 0.035176
v -0.157234 1.691244 0.006658
v -0.157984 1.694781 -0.017461
v -0.164938 1.693705 -0.039902
v -0.164371 1.688566 -0.064062
v -0.159963 1.679548 -0.081667
v -0.149024 1.664471 -0.100646
v -0.151826 1.681606 0.032014
v -0.033793 1.721078 -0.093581
v -0.036824 1.728791 -0.087430
v -0.032801 1.722319 -0.090871
v -0.036099 1.729059 -0.085970
v -0.031555 1.714791 -0.094892
v -0.030314 1.715825 -0.092115
v -0.031912 1.706435 -0.094416
v -0.030697 1.707800 -0.091434
v -0.035879 1.725814 -0.090977
v -0.034924 1.726197 -0.089136
v -0.033137 1.723674 -0.089577
v -0.036904 1.730156 -0.085102
v -0.032158 1.724315 -0.086973
v -0.036122 1.729361 -0.085178
v -0.030438 1.718007 -0.090901
v -0.029765 1.719444 -0.088237
v -0.031103 1.707449 -0.092388
v -0.029491 1.710685 -0.087899
v -0.034677 1.726672 -0.087957
v -0.034155 1.727376 -0.085934
v -0.032149 1.724573 -0.086605
v -0.036128 1.729824 -0.084089
v -0.032071 1.725608 -0.084871
v -0.035641 1.729826 -0.083191
v -0.030060 1.720416 -0.087855
v -0.029421 1.720726 -0.086076
v -0.029915 1.711358 -0.088663
v -0.028750 1.712826 -0.085003
v -0.034092 1.727686 -0.085351
v -0.033512 1.727717 -0.083946
v -0.033189 1.727458 -0.083472
v -0.036786 1.732466 -0.079189
v -0.032624 1.728648 -0.079462
v -0.036279 1.733453 -0.076220
v -0.031480 1.725462 -0.083912
v -0.030887 1.726248 -0.080651
v -0.029531 1.717128 -0.084654
v -0.028413 1.717438 -0.079832
v -0.034199 1.729289 -0.081691
v -0.033967 1.730592 -0.078231
v -0.036439 1.734387 -0.069700
v -0.039736 1.736807 -0.064991
v -0.035865 1.733022 -0.066667
v -0.037112 1.739165 -0.056036
v -0.034715 1.729744 -0.074857
v -0.033874 1.728813 -0.069532
v -0.028474 1.716290 -0.081558
v -0.033621 1.718027 -0.070209
v -0.037813 1.735494 -0.068206
v -0.037342 1.734222 -0.065252
v -0.034152 1.731853 -0.062220
v -0.036053 1.738420 -0.055620
v -0.034204 1.732350 -0.061156
v -0.035499 1.738079 -0.055346
v -0.030911 1.727686 -0.068487
v -0.030745 1.726724 -0.065499
v -0.027087 1.716755 -0.076353
v -0.026301 1.717262 -0.068357
v -0.034855 1.733829 -0.060072
v -0.034697 1.733756 -0.059344
v -0.033881 1.732598 -0.058638
v -0.035256 1.738048 -0.054692
v -0.032797 1.731119 -0.056595
v -0.034598 1.736993 -0.053351
v -0.030911 1.726600 -0.064761
v -0.030224 1.724325 -0.061144
v -0.026686 1.717945 -0.068907
v -0.027296 1.716921 -0.061135
v -0.034776 1.736869 -0.054447
v -0.034402 1.736414 -0.053711
v -0.033894 1.732722 -0.052390
v -0.038603 1.738172 -0.041869
v -0.034083 1.732454 -0.052010
v -0.038656 1.738120 -0.041686
v -0.032457 1.728772 -0.056927
v -0.030572 1.721843 -0.051355
v -0.027699 1.717397 -0.060855
v -0.028663 1.715918 -0.053782
v -0.037742 1.736227 -0.045435
v -0.036737 1.729010 -0.044115
v -0.036440 1.728131 -0.042922
v -0.038572 1.730571 -0.028395
v -0.035231 1.725328 -0.040264
v -0.038215 1.730344 -0.027408
v -0.032169 1.723704 -0.048891
v -0.030582 1.719713 -0.043233
v -0.028581 1.715597 -0.053199
v -0.028973 1.714739 -0.045470
v -0.037991 1.729403 -0.038922
v -0.037587 1.727903 -0.035635
v -0.033037 1.725100 -0.016971
v -0.034241 1.730478 -0.000184
v -0.029322 1.722102 -0.009205
v -0.033345 1.730126 0.006446
v -0.033354 1.721595 -0.025413
v -0.027912 1.717779 -0.013927
v -0.029913 1.714170 -0.035375
v -0.029807 1.713384 -0.021205
v -0.033086 1.727644 -0.011117
v -0.031274 1.724708 -0.005152
v -0.146609 1.722050 -0.000688
v -0.145647 1.718276 -0.007651
v -0.147749 1.721130 -0.000187
v -0.146008 1.718151 -0.006928
v -0.144350 1.726073 0.003104
v -0.144924 1.725400 0.004010
v -0.140966 1.727738 0.008248
v -0.142002 1.726672 0.008226
v -0.146027 1.724056 0.003710
v -0.143806 1.718617 -0.006018
v -0.147536 1.722133 0.004042
v -0.145131 1.718865 -0.002691
v -0.144432 1.724542 0.007800
v -0.145858 1.723157 0.007524
v -0.144377 1.719548 0.016594
v -0.144775 1.718689 0.016817
v -0.147914 1.721657 0.004893
v -0.144833 1.719175 -0.002870
v -0.149307 1.719579 0.006030
v -0.145928 1.719754 -0.000605
v -0.147250 1.720499 0.008441
v -0.148917 1.718369 0.008522
v -0.146883 1.713849 0.017840
v -0.147069 1.713560 0.017578
v -0.151200 1.716197 -0.000223
v -0.144786 1.717852 -0.004822
v -0.152015 1.714253 -0.001208
v -0.145911 1.715732 -0.005373
v -0.151711 1.714853 0.005975
v -0.152540 1.712608 0.006487
v -0.151413 1.709413 0.012378
v -0.151554 1.708876 0.012585
v -0.142108 1.720954 -0.011573
v -0.138384 1.721761 -0.017906
v -0.144188 1.721078 -0.006645
v -0.139380 1.721678 -0.011401
v -0.138589 1.727872 -0.008762
v -0.142080 1.726507 -0.002147
v -0.135177 1.732929 -0.007277
v -0.137708 1.731481 -0.001202
v -0.143899 1.723508 -0.027086
v -0.142256 1.723488 -0.029158
v -0.143250 1.720964 -0.021562
v -0.140050 1.720385 -0.019533
v -0.139660 1.729010 -0.025382
v -0.139323 1.727138 -0.020998
v -0.134203 1.736227 -0.022020
v -0.134660 1.733736 -0.016382
v -0.142410 1.727092 -0.039732
v -0.145045 1.719924 -0.041251
v -0.142316 1.727404 -0.032968
v -0.143397 1.722712 -0.032231
v -0.138763 1.731989 -0.038982
v -0.139480 1.730985 -0.032522
v -0.133406 1.734463 -0.035401
v -0.133186 1.735253 -0.031911
v -0.028417 1.722940 0.005401
v -0.032227 1.726693 0.015489
v -0.027114 1.721709 0.008731
v -0.031572 1.726032 0.022200
v -0.029046 1.721419 0.000327
v -0.024888 1.715732 0.003162
v -0.028806 1.717665 -0.010006
v -0.027470 1.714843 -0.005666
v -0.029188 1.724614 0.009092
v -0.029003 1.723198 0.014815
v -0.138639 1.721399 0.027964
v -0.142293 1.713167 0.026422
v -0.136712 1.719320 0.033913
v -0.140581 1.711140 0.033359
v -0.134710 1.725349 0.029331
v -0.131894 1.724925 0.034152
v -0.131020 1.727086 0.032021
v -0.129161 1.726259 0.035222
v -0.145226 1.718607 -0.051503
v -0.148355 1.714297 -0.055144
v -0.143536 1.720053 -0.045032
v -0.146185 1.716795 -0.045331
v -0.142246 1.722758 -0.049263
v -0.142235 1.724787 -0.045266
v -0.138592 1.729480 -0.046629
v -0.138785 1.730565 -0.044574
v -0.137741 1.727189 -0.012437
v -0.139427 1.724387 -0.018846
v -0.139820 1.726672 -0.007406
v -0.138819 1.723632 -0.009276
v -0.134522 1.733487 -0.010895
v -0.136788 1.731419 -0.003884
v -0.132373 1.740385 -0.006006
v -0.134489 1.739609 -0.003084
v -0.139660 1.729165 -0.026327
v -0.140440 1.726114 -0.030013
v -0.138690 1.726796 -0.019712
v -0.139888 1.724211 -0.019614
v -0.135653 1.734366 -0.023944
v -0.135451 1.732846 -0.017511
v -0.130030 1.743466 -0.022654
v -0.131883 1.738689 -0.015280
v -0.140083 1.730348 -0.039437
v -0.142763 1.722972 -0.041428
v -0.139885 1.730488 -0.032614
v -0.141068 1.726036 -0.032696
v -0.136257 1.733618 -0.038590
v -0.136951 1.733269 -0.032511
v -0.130280 1.740572 -0.034001
v -0.129177 1.740051 -0.033534
v -0.142111 1.722964 -0.051013
v -0.145722 1.716304 -0.054312
v -0.140774 1.724164 -0.044772
v -0.143954 1.719552 -0.044767
v -0.138488 1.728055 -0.048748
v -0.138804 1.730406 -0.044776
v -0.133919 1.733054 -0.046097
v -0.134141 1.733540 -0.044095
v -0.040697 1.734260 -0.078536
v -0.041564 1.737383 -0.072782
v -0.039635 1.733630 -0.074974
v -0.041035 1.737989 -0.070097
v -0.040371 1.729445 -0.084708
v -0.038148 1.730667 -0.079856
v -0.033071 1.716652 -0.092740
v -0.030255 1.719382 -0.084558
v -0.040497 1.735688 -0.075747
v -0.039695 1.736552 -0.073309
v -0.036222 1.734180 -0.073807
v -0.040841 1.737894 -0.069331
v -0.035336 1.733332 -0.071378
v -0.040351 1.737665 -0.067608
v -0.033313 1.730199 -0.077179
v -0.033880 1.728927 -0.074180
v -0.030510 1.717086 -0.087062
v -0.028798 1.718627 -0.079539
v -0.038147 1.735955 -0.071799
v -0.037584 1.735523 -0.069380
v -0.035905 1.733818 -0.069504
v -0.040395 1.737579 -0.065196
v -0.035443 1.732598 -0.066944
v -0.040173 1.736890 -0.062968
v -0.033586 1.728751 -0.073573
v -0.034087 1.724801 -0.068171
v -0.028901 1.719062 -0.079361
v -0.034160 1.717779 -0.070278
v -0.037757 1.735266 -0.067501
v -0.037521 1.734315 -0.064890
v -0.035528 1.732484 -0.051024
v -0.040656 1.733270 -0.038592
v -0.035884 1.729216 -0.048322
v -0.040408 1.732701 -0.037619
v -0.033259 1.726911 -0.057392
v -0.032831 1.722143 -0.051905
v -0.033956 1.716549 -0.063501
v -0.029941 1.717883 -0.053706
v -0.038249 1.732267 -0.047308
v -0.037840 1.730809 -0.044253
v -0.037037 1.727986 -0.027613
v -0.036360 1.732195 -0.010254
v -0.033147 1.724305 -0.018667
v -0.035927 1.732598 -0.002868
v -0.035826 1.724687 -0.034758
v -0.034135 1.719434 -0.024024
v -0.030435 1.716393 -0.043770
v -0.032114 1.715918 -0.029982
v -0.036937 1.730188 -0.021739
v -0.032873 1.726631 -0.013397
v -0.063135 1.633458 0.070037
v -0.047916 1.633365 0.068904
v -0.068697 1.640263 0.074280
v -0.043237 1.641317 0.068418
v -0.074355 1.649662 0.080436
v -0.037356 1.650325 0.064800
v -0.064194 1.678959 0.072393
v -0.035216 1.673674 0.052169
v -0.034702 1.632155 0.055750
v -0.027852 1.642858 0.047315
v -0.026332 1.661658 0.028355
v -0.021280 1.625279 0.019860
v -0.018731 1.645237 -0.004603
v -0.025390 1.605796 0.038239
v -0.042723 1.630046 0.062545
v -0.028319 1.596188 -0.063601
v -0.051670 1.625289 0.069246
v -0.050665 1.618143 0.063120
v -0.049728 1.594689 0.065723
v -0.067921 1.620222 0.068022
v -0.069482 1.606096 0.071374
v -0.017636 1.607792 -0.009146
v -0.010664 1.633085 -0.022575
v -0.001622 1.631473 -0.034333
v -0.001976 1.616261 -0.040852
v -0.015893 1.588226 -0.017539
v -0.004350 1.600252 -0.035801
v -0.022554 1.621359 -0.068966
v -0.014234 1.633138 -0.051454
v -0.027589 1.585931 0.026987
v -0.043293 1.576241 0.056227
v -0.054955 1.566407 0.068708
v -0.057786 1.583159 0.068918
v -0.070713 1.596117 0.072378
v -0.088821 1.566686 0.087053
v -0.040586 1.552425 -0.065075
v -0.070183 1.551102 0.073812
v -0.068720 1.539106 0.067725
v -0.073239 1.586406 0.075171
v -0.062963 1.625888 0.069916
v -0.068563 1.628226 0.067533
v -0.077635 1.627719 0.068757
v -0.019199 1.642010 -0.066756
v -0.055190 1.550802 0.065023
v -0.041240 1.556086 0.042828
v -0.015654 1.664895 -0.037415
v -0.028941 1.568051 0.017152
v -0.024000 1.581659 -0.024118
v -0.019568 1.599684 -0.041357
v -0.015148 1.620532 -0.049352
v -0.013159 1.639177 -0.037223
v -0.029335 1.560295 -0.038193
v -0.029296 1.646995 -0.088702
v -0.021140 1.677997 -0.064013
v -0.049459 1.655382 -0.110143
v -0.044555 1.688762 -0.102447
v -0.066172 1.659869 -0.120908
v -0.065501 1.693519 -0.114910
v -0.024041 1.680448 0.006922
v -0.033763 1.549426 -0.001447
v -0.042308 1.536976 0.022285
v -0.057294 1.532953 0.053713
v -0.061300 1.557513 0.068815
v -0.047985 1.513461 -0.011068
v -0.060542 1.562012 0.069010
v -0.068856 1.565642 0.077916
v -0.083629 1.585714 0.085691
v -0.082136 1.568578 0.086208
v -0.088812 1.537607 0.073293
v -0.068099 1.572798 0.077610
v -0.082188 1.575455 0.083959
v -0.088841 1.573863 0.084973
v -0.068942 1.580791 0.074553
v -0.082359 1.580305 0.082934
v -0.088854 1.584090 0.089089
v -0.083580 1.589571 0.094526
v -0.076064 1.590377 0.087320
v -0.077820 1.612269 0.078512
v -0.077318 1.601660 0.083393
v -0.083944 1.600273 0.093528
v -0.084183 1.613045 0.085148
v -0.081836 1.631483 0.075128
v -0.088966 1.648018 0.079466
v -0.067284 1.530844 0.064498
v -0.036149 1.528103 -0.030098
v -0.037537 1.540120 -0.016910
v -0.048009 1.529127 0.007478
v -0.061138 1.524370 0.048764
v -0.068002 1.522664 0.058312
v -0.088755 1.526470 0.075006
v -0.088742 1.518569 0.066928
v -0.067753 1.515973 0.031471
v -0.064332 1.505777 0.006515
v -0.041080 1.599953 -0.085766
v -0.035895 1.625102 -0.091384
v -0.058471 1.605517 -0.103991
v -0.055525 1.630718 -0.112521
v -0.032783 1.540575 -0.050375
v -0.047538 1.558764 -0.074182
v -0.062395 1.563801 -0.088132
v -0.059275 1.707024 0.055808
v -0.034664 1.696187 0.035330
v -0.069414 1.632982 -0.119926
v -0.070882 1.608598 -0.111694
v -0.078576 1.567193 -0.095900
v -0.089009 1.659776 -0.125189
v -0.088920 1.609405 -0.116937
v -0.088844 1.567037 -0.096574
v -0.026915 1.463730 -0.023010
v -0.017430 1.478012 -0.044118
v -0.055784 1.443865 -0.003418
v -0.031846 1.502427 -0.079326
v -0.016995 1.493812 -0.068090
v -0.044430 1.510461 -0.085895
v -0.064155 1.519003 -0.092973
v -0.077173 1.521392 -0.096343
v -0.088767 1.522519 -0.097793
v -0.005895 1.422242 -0.003511
v -0.088508 1.381860 0.020699
v -0.043318 1.389854 0.019142
v 0.012014 1.454899 -0.041126
v -0.000816 1.480927 -0.092044
v 0.023017 1.477339 -0.071340
v -0.013972 1.479645 -0.102182
v -0.040057 1.481579 -0.106344
v -0.065622 1.488456 -0.105566
v 0.072488 1.447970 -0.101949
v 0.085249 1.448405 -0.058965
v 0.057018 1.438322 -0.129357
v 0.024268 1.424765 -0.149305
v -0.022720 1.412749 -0.144661
v -0.090550 1.115547 -0.129667
v -0.066647 0.883070 -0.167339
v -0.090864 1.075567 -0.124579
v -0.035796 1.062931 -0.131042
v -0.073691 0.941454 0.056375
v -0.064126 0.862795 0.031160
v -0.068508 0.847684 -0.155685
v -0.084158 0.822711 -0.061398
v -0.076825 0.872192 0.039246
v -0.073778 1.559757 0.072686
v -0.069029 1.560109 0.068445
v -0.065451 1.559995 0.070683
v -0.071477 1.560657 0.073444
v -0.083877 1.560284 0.079192
v -0.088811 1.558030 0.076205
v -0.074691 1.557762 0.066319
v -0.070120 1.555869 0.063100
v -0.067993 1.560471 0.065492
v -0.073493 1.560615 0.068496
v -0.086192 1.560678 0.074646
v -0.063791 1.634017 0.065221
v -0.048459 1.634099 0.063258
v -0.043409 1.631390 0.058484
v -0.052222 1.625899 0.063739
v -0.063296 1.626385 0.064919
v -0.069326 1.628856 0.062957
v -0.094012 0.854315 -0.129150
v -0.057561 0.984597 -0.141859
v -0.095416 0.894686 -0.150701
v -0.090956 1.096746 -0.128995
v -0.114748 1.633365 0.070042
v -0.129967 1.633220 0.068914
v -0.109209 1.640190 0.074285
v -0.134674 1.641162 0.068429
v -0.103582 1.649611 0.080439
v -0.140588 1.650148 0.064811
v -0.113847 1.678876 0.072399
v -0.142811 1.673488 0.052182
v -0.143180 1.631969 0.055762
v -0.150069 1.642641 0.047329
v -0.151659 1.661441 0.028369
v -0.156586 1.625041 0.019874
v -0.159209 1.644988 -0.004588
v -0.152404 1.605579 0.038252
v -0.135151 1.629890 0.062555
v -0.149463 1.595982 -0.063589
v -0.126185 1.625164 0.069254
v -0.127167 1.618009 0.063128
v -0.128021 1.594545 0.065732
v -0.109917 1.620149 0.068027
v -0.108306 1.606034 0.071378
v -0.160174 1.607543 -0.009130
v -0.167237 1.632817 -0.022558
v -0.176277 1.631162 -0.034314
v -0.175872 1.615951 -0.040832
v -0.161852 1.587968 -0.017523
v -0.173441 1.599953 -0.035782
v -0.155316 1.621121 -0.068951
v -0.163675 1.632879 -0.051438
v -0.150137 1.585724 0.027000
v -0.134393 1.576086 0.056237
v -0.122694 1.566293 0.068715
v -0.119922 1.583056 0.068925
v -0.107040 1.596055 0.072382
v -0.088798 1.550968 0.081120
v -0.137043 1.552248 -0.065064
v -0.107412 1.551040 0.073815
v -0.108835 1.539034 0.067730
v -0.104478 1.586355 0.075174
v -0.114894 1.625796 0.069921
v -0.109303 1.628153 0.067537
v -0.100229 1.627678 0.068761
v -0.158744 1.641762 -0.066740
v -0.122407 1.550678 0.065031
v -0.136380 1.555921 0.042839
v -0.162363 1.664637 -0.037399
v -0.148725 1.567844 0.017165
v -0.153723 1.581442 -0.024104
v -0.158221 1.599435 -0.041342
v -0.162716 1.620273 -0.049335
v -0.164768 1.638918 -0.037206
v -0.148316 1.560088 -0.038179
v -0.148669 1.646788 -0.088688
v -0.156928 1.677760 -0.063998
v -0.128540 1.655247 -0.110133
v -0.133560 1.688607 -0.102437
v -0.111845 1.659787 -0.120898
v -0.112632 1.693437 -0.114900
v -0.154018 1.680220 0.006936
v -0.143843 1.549230 -0.001435
v -0.135249 1.536811 0.022295
v -0.120242 1.532840 0.053721
v -0.116318 1.557420 0.068822
v -0.129498 1.513315 -0.011059
v -0.117092 1.561919 0.069016
v -0.108790 1.565579 0.077920
v -0.094085 1.585703 0.085692
v -0.095519 1.568547 0.086210
v -0.109572 1.572725 0.077615
v -0.095490 1.575435 0.083960
v -0.108757 1.580719 0.074557
v -0.095337 1.580284 0.082935
v -0.088846 1.579622 0.084815
v -0.094145 1.589561 0.094527
v -0.101665 1.590336 0.087323
v -0.099987 1.612238 0.078514
v -0.100452 1.601618 0.083396
v -0.088862 1.589374 0.096530
v -0.093819 1.600253 0.093529
v -0.093626 1.613024 0.085149
v -0.096039 1.631462 0.075129
v -0.088881 1.599922 0.094073
v -0.088904 1.612600 0.086167
v -0.088937 1.631038 0.076729
v -0.110244 1.530771 0.064503
v -0.141389 1.527917 -0.030087
v -0.140040 1.539943 -0.016899
v -0.129525 1.528982 0.007487
v -0.116370 1.524267 0.048770
v -0.109497 1.522592 0.058316
v -0.088709 1.496139 0.012406
v -0.109730 1.515891 0.031475
v -0.113119 1.505695 0.006520
v -0.088732 1.511020 0.037476
v -0.136720 1.599787 -0.085756
v -0.141994 1.624916 -0.091373
v -0.119353 1.605413 -0.103985
v -0.122388 1.630594 -0.112511
v -0.144803 1.540378 -0.050362
v -0.130115 1.558619 -0.074173
v -0.115280 1.563708 -0.088126
v -0.089019 1.678307 0.075760
v -0.118868 1.706921 0.055816
v -0.089074 1.708814 0.059758
v -0.143446 1.695991 0.035341
v -0.108509 1.632920 -0.119926
v -0.106954 1.608536 -0.111684
v -0.099112 1.567162 -0.095898
v -0.089070 1.695401 -0.117692
v -0.088965 1.634523 -0.123380
v -0.150315 1.463130 -0.021427
v -0.159821 1.477597 -0.043014
v -0.088074 1.435138 0.005532
v -0.121453 1.443751 -0.003411
v -0.145613 1.502229 -0.079313
v -0.160268 1.493543 -0.066969
v -0.133058 1.510306 -0.085886
v -0.113364 1.518920 -0.092967
v -0.100356 1.521350 -0.096341
v -0.171320 1.419864 0.000594
v -0.133731 1.389409 0.019734
v -0.188886 1.453556 -0.036322
v -0.176304 1.480813 -0.090720
v -0.199554 1.476956 -0.065921
v -0.163341 1.479459 -0.101843
v -0.137335 1.481413 -0.106332
v -0.111795 1.488372 -0.105561
v -0.088712 1.490896 -0.105158
v -0.248095 1.449873 -0.096323
v -0.261508 1.446699 -0.050055
v -0.232718 1.440773 -0.125613
v -0.200413 1.426523 -0.146999
v -0.153961 1.413410 -0.143420
v -0.088562 1.408654 -0.127330
v -0.204518 0.947670 0.043371
v -0.242459 0.935053 -0.003000
v -0.212491 1.094048 -0.056428
v -0.175434 1.111183 -0.110722
v -0.121470 0.882642 -0.157795
v -0.220019 1.036913 -0.062226
v -0.146371 1.063521 -0.120112
v -0.188744 0.993161 0.043872
v -0.154711 0.991061 0.056729
v -0.117697 0.994784 0.063713
v -0.189791 0.918042 -0.154703
v -0.073701 0.997947 0.059799
v -0.225810 0.980699 -0.080271
v -0.189109 0.988455 -0.127164
v -0.091082 0.864906 0.036539
v -0.116036 0.847460 -0.143741
v -0.230629 0.932727 -0.094624
v -0.157002 0.761514 0.050762
v -0.221808 0.763136 0.046099
v -0.263338 0.763339 -0.009399
v -0.243917 0.763178 -0.087017
v -0.191018 0.763694 -0.122015
v -0.102603 0.753886 -0.001514
v -0.129263 0.763857 -0.102593
v -0.087252 0.825185 -0.052186
v -0.088814 1.560264 0.077715
v -0.088812 1.559602 0.081037
v -0.103848 1.559695 0.072689
v -0.108598 1.560037 0.068449
v -0.112176 1.559913 0.070688
v -0.106152 1.560595 0.073447
v -0.093749 1.560264 0.079193
v -0.088712 1.559664 0.072576
v -0.102929 1.557710 0.066322
v -0.107494 1.555807 0.063104
v -0.109637 1.560399 0.065496
v -0.104136 1.560554 0.068499
v -0.091437 1.560667 0.074647
v -0.114096 1.633924 0.065226
v -0.129428 1.633965 0.063266
v -0.134469 1.631235 0.058493
v -0.125636 1.625775 0.063747
v -0.114564 1.626292 0.064925
v -0.108542 1.628784 0.062961
v -0.252242 0.890862 -0.009872
v -0.237444 0.889608 -0.100069
v -0.218871 0.896056 0.040139
v -0.127686 0.984928 -0.134476
v -0.115531 0.930989 0.057351
v -0.194020 0.867396 -0.151900
v -0.159949 0.892980 0.047977
v -0.155666 0.947432 0.053355
v -0.191449 1.047254 -0.097978
v -0.085053 0.821090 -0.050754
v -0.092142 0.999923 -0.131104
v -0.194724 1.077678 -0.091294
v -0.159779 1.093221 -0.116803
vn -0.1369 0.5373 0.8322
vn 0.2390 0.4713 0.8490
vn 0.0363 0.5315 0.8463
vn -0.0551 0.5878 0.8071
vn 0.2286 0.5530 0.8012
vn 0.1021 0.5652 0.8186
vn 0.1572 0.6243 0.7652
vn 0.3302 0.6839 0.6506
vn 0.2687 0.6550 0.7063
vn 0.3766 0.7228 0.5794
vn 0.3637 0.6754 0.6415
vn 0.3091 0.7279 0.6121
vn 0.1538 0.9488 0.2761
vn 0.3353 0.8914 0.3050
vn 0.2776 0.9163 0.2887
vn 0.1498 0.9825 -0.1110
vn 0.2963 0.9540 -0.0465
vn 0.2201 0.9708 -0.0956
vn 0.2478 0.8121 -0.5284
vn 0.1939 0.8433 -0.5013
vn 0.1181 0.8540 -0.5067
vn 0.1238 0.5474 -0.8276
vn -0.0136 0.5910 -0.8065
vn 0.0565 0.5658 -0.8226
vn -0.0631 0.3142 -0.9472
vn -0.0288 0.3327 -0.9426
vn -0.0286 0.3329 -0.9425
vn -0.0204 0.3391 -0.9405
vn -0.0198 0.3395 -0.9404
vn -0.2184 0.1826 -0.9586
vn -0.0344 0.2346 -0.9715
vn -0.1950 0.2275 -0.9541
vn -0.2575 0.2117 -0.9428
vn -0.0743 0.1578 -0.9847
vn -0.2438 0.2106 -0.9467
vn -0.3040 0.1887 -0.9338
vn -0.0893 0.1219 -0.9885
vn -0.2359 0.1692 -0.9569
vn -0.2320 0.0988 -0.9677
vn -0.1084 -0.0219 -0.9939
vn -0.2054 0.0491 -0.9774
vn 0.3366 0.8017 -0.4939
vn 0.2832 0.8677 0.4085
vn 0.3675 0.8168 0.4447
vn 0.4786 0.8764 -0.0538
vn 0.3043 0.8754 0.3755
vn 0.1369 0.5649 -0.8137
vn 0.4081 0.7697 0.4909
vn 0.4485 0.8455 0.2899
vn -0.0665 -0.0760 -0.9949
vn 0.0037 0.1318 -0.9913
vn 0.0679 0.2140 -0.9745
vn 0.1194 0.2286 -0.9662
vn 0.3255 0.6851 0.6517
vn 0.3254 0.6851 0.6517
vn 0.3399 0.6955 0.6331
vn 0.4854 0.4165 0.7687
vn 0.5891 0.2794 0.7582
vn -0.0317 0.1152 -0.9928
vn 0.0156 0.4487 0.8935
vn -0.2545 0.4073 0.8771
vn -0.0108 0.4532 0.8913
vn 0.1119 0.4249 0.8983
vn -0.2356 0.3808 0.8942
vn -0.1569 0.3591 0.9200
vn -0.2317 0.6345 0.7374
vn -0.3210 0.6536 0.6853
vn -0.3733 0.6093 0.6995
vn -0.5158 0.6258 0.5850
vn -0.3454 0.6619 0.6653
vn -0.3436 0.6617 0.6664
vn -0.3467 0.6622 0.6643
vn -0.3846 0.6640 0.6413
vn -0.4986 0.8333 0.2386
vn -0.3499 0.8623 0.3662
vn -0.3082 0.8969 0.3171
vn -0.4748 0.8588 -0.1925
vn -0.3108 0.9502 -0.0224
vn -0.2942 0.9523 -0.0815
vn -0.2601 0.7696 -0.5831
vn -0.2945 0.7927 -0.5337
vn -0.1849 0.8180 -0.5447
vn 0.0377 0.5990 -0.7999
vn -0.1113 0.5641 -0.8182
vn -0.0809 0.5618 -0.8233
vn 0.1388 0.3588 -0.9230
vn -0.0239 0.3190 -0.9474
vn -0.0251 0.3143 -0.9490
vn -0.0235 0.3185 -0.9476
vn -0.0257 0.3140 -0.9491
vn 0.2591 0.2451 -0.9342
vn 0.0702 0.2838 -0.9563
vn 0.1568 0.2558 -0.9539
vn 0.2965 0.2312 -0.9266
vn 0.1250 0.2413 -0.9624
vn 0.2391 0.2437 -0.9399
vn 0.3273 0.2307 -0.9163
vn 0.1277 0.1824 -0.9749
vn 0.3004 0.2432 -0.9223
vn 0.2927 0.1641 -0.9420
vn 0.1593 0.1114 -0.9809
vn 0.3203 0.1446 -0.9362
vn -0.3200 0.7932 -0.5181
vn -0.3165 0.7732 0.5496
vn -0.3421 0.7029 0.6237
vn -0.3930 0.9195 -0.0044
vn -0.4350 0.7748 0.4587
vn -0.1596 0.5807 -0.7983
vn -0.3523 0.6811 0.6419
vn -0.3458 0.8446 0.4088
vn 0.0805 0.1486 -0.9856
vn 0.1500 0.2570 -0.9547
vn 0.0427 0.3150 -0.9481
vn -0.0823 0.2814 -0.9561
vn -0.3471 0.6620 0.6642
vn -0.3598 0.6385 0.6804
vn -0.3932 0.3138 0.8642
vn -0.3880 0.3499 0.8527
vn 0.0738 0.1114 -0.9910
vn -0.1654 0.2579 -0.9519
vn -0.0085 0.2315 -0.9728
vn -0.1175 0.2545 -0.9599
vn 0.1265 0.1985 -0.9719
vn 0.1963 0.2387 -0.9510
vn 0.0065 0.2665 -0.9638
vn 0.0750 0.2347 -0.9692
vn -0.0483 0.2797 -0.9589
vn -0.1239 0.6257 0.7702
vn -0.4389 -0.6464 0.6242
vn -0.8223 0.1519 0.5485
vn -0.8522 0.1471 0.5021
vn -0.8787 0.0817 0.4704
vn -0.1045 0.6180 0.7792
vn -0.2306 -0.7763 0.5866
vn -0.2673 0.4614 0.8460
vn -0.2769 0.5425 0.7931
vn -0.2235 0.5560 0.8006
vn -0.2181 0.5573 0.8012
vn -0.2722 -0.6886 0.6721
vn -0.2478 0.4065 0.8794
vn -0.2412 0.5643 0.7896
vn -0.2541 0.5693 0.7819
vn -0.9732 -0.0295 0.2281
vn -0.9561 0.0076 0.2931
vn 0.4007 -0.6525 0.6433
vn -0.8923 0.2604 0.3687
vn -0.8377 0.5114 0.1915
vn -0.9776 -0.1228 0.1708
vn -0.1374 0.6129 0.7781
vn -0.1872 0.5728 0.7981
vn -0.2377 0.5734 0.7840
vn -0.7703 0.5885 0.2456
vn -0.0435 0.5553 0.8305
vn -0.0420 0.5552 0.8307
vn -0.0513 0.5539 0.8310
vn -0.0785 0.5972 0.7982
vn -0.0786 0.5972 0.7982
vn 0.1350 -0.6839 0.7170
vn 0.6745 0.1619 0.7203
vn 0.6970 0.1073 0.7090
vn 0.6478 0.0370 0.7610
vn -0.2085 0.5361 0.8180
vn -0.2085 0.5362 0.8180
vn -0.1355 0.5498 0.8242
vn -0.1250 -0.7784 0.6152
vn -0.1642 0.4877 0.8574
vn -0.1773 0.5265 0.8315
vn -0.1930 0.4955 0.8469
vn -0.1530 0.4904 0.8580
vn -0.2065 -0.7038 0.6797
vn -0.2261 0.4358 0.8712
vn -0.1755 0.5609 0.8091
vn -0.2273 0.5204 0.8231
vn -0.0788 0.4139 0.9069
vn 0.1754 0.8251 0.5371
vn 0.8831 -0.0771 0.4629
vn 0.8768 0.0224 0.4803
vn 0.8006 0.1840 0.5702
vn 0.7706 0.5312 0.3521
vn 0.5854 0.7887 0.1875
vn 0.3953 -0.7853 0.4765
vn 0.5389 -0.6971 0.4729
vn 0.2905 0.9545 0.0671
vn 0.2449 -0.8637 0.4406
vn -0.4970 -0.8069 0.3192
vn 0.8427 -0.2508 0.4764
vn -0.0976 0.4930 0.8645
vn -0.0994 0.5194 0.8487
vn -0.1883 0.5862 0.7880
vn 0.7054 0.5386 0.4608
vn -0.1521 -0.1906 -0.9698
vn -0.0334 -0.1986 -0.9795
vn -0.1595 0.0266 -0.9868
vn -0.1871 -0.2934 -0.9375
vn -0.8592 0.1769 0.4801
vn 0.2617 -0.0736 0.9623
vn 0.7505 0.2527 -0.6107
vn -0.9011 0.1792 0.3949
vn -0.3749 0.1887 -0.9077
vn 0.0921 -0.0449 0.9947
vn -0.0098 0.1112 -0.9937
vn 0.2278 0.2633 -0.9374
vn -0.6876 0.1810 -0.7032
vn -0.0433 0.1239 -0.9914
vn -0.2098 0.2764 -0.9379
vn -0.2769 0.2951 -0.9144
vn -0.4325 0.2587 -0.8637
vn -0.5654 0.2412 -0.7887
vn -0.7189 0.2679 -0.6414
vn -0.8845 0.2914 -0.3643
vn 0.9883 -0.0676 0.1370
vn -0.8209 -0.3444 0.4556
vn 0.9635 -0.0960 0.2500
vn -0.9656 0.2487 0.0764
vn -0.0757 0.0992 -0.9922
vn -0.9169 0.1395 0.3740
vn 0.9982 0.0054 -0.0591
vn 0.8961 -0.0370 -0.4423
vn 0.9978 -0.0376 -0.0540
vn 0.8507 -0.1708 -0.4970
vn 0.9996 -0.0085 0.0277
vn 0.8497 -0.1248 -0.5123
vn -0.6813 0.2073 0.7021
vn -0.2781 -0.0452 0.9595
vn 0.0858 -0.0313 0.9958
vn -0.1324 0.2127 -0.9681
vn 0.0280 -0.5569 -0.8301
vn -0.1511 -0.9630 -0.2234
vn 0.9158 -0.3644 -0.1691
vn -0.0147 -0.9955 -0.0934
vn 0.0880 -0.9777 0.1906
vn 0.5323 -0.0626 0.8442
vn 0.1386 -0.0776 0.9873
vn -0.0635 -0.0694 0.9956
vn -0.8169 0.1762 0.5491
vn -0.0893 0.0091 0.9960
vn -0.2458 -0.1136 0.9626
vn -0.1740 -0.0191 0.9846
vn 0.0219 0.0278 0.9994
vn -0.5891 0.0960 0.8023
vn -0.0935 0.2434 -0.9654
vn 0.6826 -0.5347 -0.4982
vn 0.9664 -0.2271 -0.1206
vn 0.9549 -0.2971 0.0018
vn -0.1577 0.1879 -0.9695
vn -0.1500 0.1842 -0.9714
vn -0.3279 -0.5081 -0.7965
vn -0.4207 -0.5405 -0.7286
vn 0.7260 -0.5296 -0.4387
vn -0.0042 -0.9730 -0.2308
vn 0.8370 -0.5463 -0.0325
vn 0.6687 -0.7260 0.1605
vn -0.0480 -0.0573 0.9972
vn 0.2537 -0.3810 0.8891
vn 0.1810 -0.1298 0.9749
vn -0.0599 0.0209 0.9980
vn 0.0281 -0.0455 0.9986
vn -0.7846 0.0077 0.6200
vn -0.9887 0.1493 0.0109
vn -0.7066 -0.1671 0.6876
vn -0.9627 0.2702 0.0108
vn 0.9048 0.2138 -0.3682
vn 0.9706 0.2401 0.0157
vn 0.9808 0.1725 0.0912
vn 0.9975 -0.0707 0.0051
vn -0.9920 -0.1139 -0.0546
vn -0.5931 -0.1869 -0.7832
vn 0.1080 -0.0605 0.9923
vn 0.0817 0.2545 -0.9636
vn -0.8939 0.1423 -0.4251
vn 0.5772 0.0252 0.8162
vn 0.4675 0.0055 0.8840
vn -0.0155 0.1560 -0.9876
vn 0.5251 0.2594 -0.8105
vn 0.0734 0.1312 -0.9886
vn 0.0318 0.2678 -0.9630
vn 0.1639 0.2481 -0.9548
vn 0.2797 0.2077 -0.9373
vn 0.4657 0.2125 -0.8590
vn 0.6075 0.2672 -0.7480
vn 0.7745 0.3342 -0.5370
vn -0.9425 -0.1645 0.2908
vn -0.9081 -0.2277 0.3514
vn -0.9938 -0.1008 0.0469
vn -0.9097 -0.2553 0.3275
vn 0.9505 0.2340 -0.2044
vn -0.1794 0.0749 0.9809
vn -0.9852 -0.1507 -0.0813
vn 0.9078 0.2513 0.3357
vn -0.9981 -0.0463 0.0409
vn -0.9978 -0.0527 -0.0404
vn 0.7374 0.0410 0.6742
vn 0.5709 -0.0789 0.8172
vn -0.1639 0.1522 -0.9747
vn -0.0119 -0.0432 0.9990
vn -0.5476 -0.2556 -0.7968
vn -0.9865 -0.1290 -0.1011
vn -0.5166 -0.8520 -0.0847
vn -0.8027 0.5453 0.2417
vn -0.1855 -0.9775 -0.1005
vn -0.4484 -0.8819 0.1454
vn 0.8849 -0.2192 0.4110
vn 0.0501 -0.6228 0.7808
vn 0.2387 -0.2702 0.9327
vn 0.3714 -0.0215 0.9282
vn 0.5843 0.0397 0.8106
vn 0.5475 -0.0334 0.8361
vn 0.4202 -0.0258 0.9071
vn 0.0401 0.0069 0.9992
vn 0.4130 0.2548 -0.8744
vn -0.9910 0.1042 -0.0840
vn -0.8808 -0.3462 -0.3229
vn -0.9624 0.2113 0.1704
vn -0.5986 0.7996 -0.0491
vn -0.9478 0.2788 0.1547
vn -0.0136 -0.2813 0.9595
vn -0.4153 -0.0835 -0.9058
vn 0.8779 0.0736 0.4732
vn 0.0120 0.1945 -0.9808
vn -0.9389 -0.0753 -0.3360
vn -0.8470 -0.4323 -0.3093
vn -0.6815 0.6691 0.2963
vn -0.4250 -0.8927 -0.1500
vn -0.9666 0.2522 0.0446
vn -0.9977 0.0006 -0.0679
vn 0.9137 0.1169 0.3891
vn 0.2549 -0.6799 0.6876
vn 0.1369 -0.1823 0.9737
vn 0.3314 -0.0018 0.9435
vn -0.2689 0.0840 0.9595
vn 0.9449 0.1646 0.2831
vn 0.9805 0.1503 -0.1264
vn -0.0685 -0.0211 0.9974
vn 0.8820 0.3672 -0.2954
vn -0.9916 0.1182 0.0518
vn -0.9875 0.1552 0.0283
vn -0.9670 0.1127 0.2285
vn 0.4032 -0.0786 0.9117
vn 0.0971 -0.0069 -0.9952
vn -0.2709 0.0573 0.9609
vn -0.6246 0.1455 -0.7673
vn 0.5625 -0.0810 0.8228
vn 0.0551 -0.0115 -0.9984
vn 0.6148 0.0821 0.7844
vn -0.7157 0.1683 0.6778
vn 0.0524 -0.0860 -0.9949
vn 0.0278 -0.1414 -0.9896
vn -0.8585 0.0839 0.5060
vn 0.0517 0.0703 0.9962
vn -0.2720 0.1184 -0.9550
vn -0.8106 0.0454 0.5839
vn -0.7760 0.1972 -0.5991
vn -0.4147 0.2087 0.8857
vn -0.2254 0.0640 -0.9722
vn 0.8085 0.1991 -0.5538
vn -0.2328 0.0770 -0.9695
vn 0.9246 0.1201 0.3614
vn -0.9147 0.2045 -0.3485
vn 0.2896 0.0236 -0.9569
vn 0.5375 0.0879 -0.8387
vn 0.6728 0.1632 -0.7216
vn 0.9260 -0.1009 0.3639
vn 0.0391 -0.0062 0.9992
vn -0.1677 -0.0836 0.9823
vn -0.0975 0.0749 -0.9924
vn 0.2498 0.0230 0.9680
vn 0.0019 -0.0138 -0.9999
vn -0.0470 -0.0691 0.9965
vn 0.8333 0.2223 0.5062
vn -0.4056 0.1371 -0.9037
vn -0.3953 0.1449 -0.9071
vn -0.3951 0.1451 -0.9071
vn 0.9398 0.2160 -0.2649
vn -0.8809 0.1252 0.4565
vn -0.0059 -0.0359 0.9993
vn 0.6867 -0.2974 0.6633
vn 0.0821 -0.0306 0.9962
vn 0.9630 0.2284 0.1431
vn 0.4456 -0.3325 0.8312
vn 0.4596 -0.0700 0.8854
vn -0.2442 -0.0760 0.9667
vn -0.2444 -0.0758 0.9667
vn -0.2417 -0.0695 0.9679
vn 0.2127 -0.0036 0.9771
vn 0.3173 -0.1050 0.9425
vn 0.3778 -0.2989 0.8763
vn -0.9893 0.1079 0.0978
vn 0.8958 -0.0013 0.4444
vn 0.6943 0.0230 0.7193
vn 0.0515 -0.0446 0.9977
vn 0.5038 -0.2163 0.8363
vn 0.2823 -0.1347 0.9498
vn -0.2029 0.0456 0.9781
vn -0.2027 0.0467 0.9781
vn -0.2112 0.0512 0.9761
vn -0.1814 0.0136 0.9833
vn -0.0539 -0.0249 0.9982
vn 0.2535 -0.1115 0.9609
vn 0.3077 -0.2330 0.9225
vn -0.7090 0.1404 0.6911
vn 0.8404 0.0338 0.5409
vn -0.7108 -0.2101 0.6713
vn 0.8294 -0.0965 0.5502
vn -0.5841 -0.3061 0.7517
vn -0.2565 -0.0984 0.9615
vn -0.2154 -0.0800 0.9732
vn 0.5459 -0.1357 0.8268
vn 0.2833 -0.1876 0.9405
vn 0.3264 0.0243 -0.9449
vn 0.7483 0.1264 0.6512
vn -0.8115 -0.1944 0.5510
vn 0.0819 -0.0532 0.9952
vn 0.1589 -0.1051 0.9817
vn 0.0557 -0.1123 0.9921
vn -0.0195 0.0424 0.9989
vn -0.0924 -0.0694 0.9933
vn 0.2110 -0.1518 0.9656
vn -0.1971 -0.0241 0.9801
vn -0.1941 -0.0252 0.9807
vn -0.1971 -0.0237 0.9801
vn 0.6560 0.1652 0.7364
vn 0.2050 -0.0390 0.9780
vn -0.5998 -0.1511 0.7858
vn -0.4056 -0.2726 0.8725
vn -0.0673 -0.1340 0.9887
vn 0.3380 0.0374 0.9404
vn 0.1522 -0.0134 0.9883
vn 0.1242 -0.1300 0.9837
vn 0.1125 -0.0278 0.9933
vn 0.5575 0.1554 0.8155
vn -0.3374 0.0410 0.9405
vn -0.2375 -0.1140 0.9647
vn -0.1177 -0.1079 0.9872
vn 0.4916 -0.2663 0.8291
vn 0.2531 -0.0013 0.9674
vn -0.2414 -0.0691 0.9680
vn 0.0170 -0.1290 0.9915
vn -0.9274 0.1239 -0.3529
vn 0.3092 0.0681 0.9486
vn 0.1209 -0.0511 0.9913
vn 0.3761 -0.1142 0.9195
vn 0.0392 -0.0338 0.9987
vn -0.0011 -0.0957 0.9954
vn -0.0474 0.0664 0.9967
vn 0.0286 -0.0439 0.9986
vn 0.0789 -0.0594 0.9951
vn 0.8424 0.0596 -0.5355
vn 0.1020 -0.1157 0.9880
vn -0.9096 -0.0540 0.4119
vn 0.2825 -0.0982 0.9542
vn 0.5459 -0.3489 0.7617
vn 0.0745 -0.0900 0.9932
vn 0.8411 0.2809 0.4623
vn 0.9010 0.1850 0.3924
vn 0.8389 0.0935 0.5362
vn 0.6851 0.1187 0.7187
vn 0.5688 0.1097 0.8151
vn 0.5713 0.1052 0.8140
vn 0.5690 0.1093 0.8150
vn 0.3748 0.0653 0.9248
vn 0.1573 0.0741 0.9848
vn 0.2153 0.0626 0.9745
vn 0.2459 0.1160 0.9623
vn 0.1378 0.2291 0.9636
vn -0.0101 0.3023 0.9532
vn -0.0032 0.3311 0.9436
vn -0.1637 0.2581 0.9522
vn 0.3439 0.0247 0.9387
vn 0.9504 0.1245 -0.2852
vn 0.9601 0.0807 -0.2678
vn -0.0791 0.0972 -0.9921
vn -0.0794 0.0967 -0.9921
vn -0.0699 0.0941 -0.9931
vn 0.7072 0.0243 -0.7066
vn 0.1240 -0.0480 0.9911
vn 0.0924 -0.0323 0.9952
vn 0.5247 0.0289 -0.8508
vn 0.0435 0.0015 -0.9991
vn -0.0698 0.0938 -0.9931
vn 0.8896 0.0660 0.4520
vn -0.0267 0.0562 -0.9981
vn 0.9622 0.1673 -0.2150
vn 0.9504 0.0010 -0.3109
vn 0.9152 -0.0127 -0.4029
vn 0.8148 -0.1004 -0.5710
vn 0.6847 -0.0393 -0.7277
vn 0.5604 0.0410 -0.8272
vn 0.4405 0.0542 -0.8961
vn 0.2389 -0.0635 -0.9690
vn 0.1187 -0.1042 -0.9874
vn 0.0783 -0.1386 -0.9873
vn 0.0344 -0.1251 -0.9916
vn 0.0227 -0.1125 -0.9934
vn -0.1141 0.0742 -0.9907
vn -0.1778 -0.0126 -0.9840
vn -0.1455 -0.0474 -0.9882
vn 0.9214 -0.0436 -0.3862
vn 0.8627 0.0419 -0.5039
vn 0.7385 0.1022 -0.6664
vn 0.5638 0.1030 -0.8194
vn 0.2675 0.0549 -0.9620
vn 0.3508 0.0918 -0.9319
vn -0.0949 -0.1548 -0.9834
vn -0.0877 -0.1645 -0.9825
vn -0.0943 -0.1549 -0.9834
vn -0.0877 -0.1651 -0.9824
vn -0.0016 -0.1623 -0.9867
vn 0.0500 -0.1043 -0.9933
vn 0.0597 -0.1166 -0.9914
vn 0.0628 -0.1326 -0.9892
vn 0.0819 -0.1021 -0.9914
vn 0.1317 -0.0637 -0.9892
vn 0.0308 -0.0419 -0.9986
vn -0.1514 -0.1621 -0.9751
vn -0.1326 -0.1370 -0.9817
vn -0.0663 -0.1138 -0.9913
vn 0.0002 -0.1002 -0.9950
vn -0.0173 -0.1464 -0.9891
vn -0.0177 -0.1464 -0.9891
vn -0.0225 -0.1466 -0.9889
vn -0.0229 -0.1466 -0.9889
vn -0.0070 -0.1314 -0.9913
vn 0.0933 0.0918 -0.9914
vn -0.0367 -0.0273 -0.9990
vn -0.1281 -0.1282 -0.9834
vn -0.0190 -0.1000 -0.9948
vn 0.0188 -0.0849 -0.9962
vn -0.0435 -0.1349 -0.9899
vn -0.0846 -0.1610 -0.9833
vn -0.0678 -0.1405 -0.9878
vn -0.0423 -0.1231 -0.9915
vn -0.0512 0.0917 -0.9945
vn -0.0852 -0.0351 -0.9957
vn -0.0266 -0.0646 -0.9976
vn 0.0116 -0.0717 -0.9974
vn -0.0295 -0.1196 -0.9924
vn -0.0924 -0.1899 -0.9775
vn -0.1074 -0.1480 -0.9831
vn -0.0894 -0.1303 -0.9874
vn -0.0865 -0.1161 -0.9895
vn -0.0910 0.0878 -0.9920
vn 0.1384 0.1103 -0.9842
vn -0.0422 0.1306 -0.9905
vn -0.0852 0.1489 -0.9852
vn 0.0545 0.1402 -0.9886
vn 0.0534 0.0212 -0.9984
vn -0.0122 -0.0494 -0.9987
vn 0.0232 -0.0592 -0.9980
vn -0.0254 -0.0868 -0.9959
vn -0.0409 -0.1464 -0.9884
vn -0.0409 -0.1468 -0.9883
vn -0.0371 -0.1493 -0.9881
vn -0.0246 -0.1939 -0.9807
vn -0.0010 -0.1329 -0.9911
vn 0.0210 -0.1103 -0.9937
vn 0.0239 -0.1328 -0.9909
vn -0.0269 0.0908 -0.9955
vn -0.0563 0.1197 -0.9912
vn -0.1753 0.0545 -0.9830
vn 0.0341 -0.1373 0.9899
vn 0.0397 -0.0496 0.9980
vn 0.6864 -0.1627 0.7088
vn 0.8335 -0.1321 0.5366
vn -0.8873 0.0624 0.4569
vn -0.7316 -0.1974 0.6525
vn -0.5616 -0.0849 0.8231
vn -0.2740 -0.1040 0.9561
vn -0.3196 -0.2175 0.9223
vn 0.7886 0.1861 0.5861
vn -0.8483 -0.0496 0.5272
vn -0.4290 0.0157 0.9032
vn -0.0366 -0.0522 0.9980
vn 0.9576 -0.0446 0.2846
vn -0.9175 -0.0523 0.3943
vn -0.2435 -0.0900 0.9657
vn -0.3053 -0.1331 0.9429
vn -0.8302 0.1419 0.5390
vn -0.8035 -0.0035 0.5952
vn -0.0292 0.0065 0.9996
vn -0.4074 -0.1984 0.8914
vn -0.0565 -0.0489 0.9972
vn 0.0180 -0.0738 0.9971
vn -0.2460 -0.1123 0.9628
vn 0.0294 -0.0691 0.9972
vn -0.6888 0.0451 0.7236
vn 0.5087 0.0546 0.8592
vn -0.1047 -0.0755 0.9916
vn 0.5246 -0.3032 0.7955
vn 0.5596 -0.2709 0.7832
vn -0.2100 -0.1200 0.9703
vn 0.9950 0.0798 -0.0604
vn -0.4960 0.0800 0.8646
vn 0.6248 0.0582 0.7786
vn 0.1682 -0.0796 0.9825
vn 0.2683 -0.1438 0.9525
vn -0.0505 -0.1161 0.9920
vn -0.0531 -0.1192 0.9915
vn -0.0556 -0.1217 0.9910
vn -0.0556 -0.1221 0.9910
vn 0.6720 0.1680 0.7213
vn -0.3774 0.1232 0.9178
vn 0.7400 -0.0794 0.6679
vn -0.3010 -0.1707 0.9382
vn 0.3702 -0.1760 0.9121
vn 0.1776 -0.1211 0.9766
vn -0.1233 -0.1547 0.9802
vn -0.5141 0.1100 0.8506
vn -0.2164 0.0689 0.9739
vn -0.5307 -0.0679 0.8449
vn 0.6377 -0.1456 0.7564
vn -0.3307 -0.1600 0.9301
vn 0.4116 -0.2423 0.8786
vn 0.1698 -0.1249 0.9775
vn 0.3129 0.0029 0.9498
vn 0.6183 -0.1300 0.7752
vn 0.0716 -0.0686 0.9951
vn 0.3599 -0.1794 0.9156
vn 0.8929 0.1300 0.4310
vn -0.8039 0.1213 0.5822
vn 0.9411 0.0879 -0.3265
vn -0.6465 0.1470 -0.7486
vn 0.5715 0.1048 0.8139
vn -0.9973 0.0664 0.0307
vn -0.2721 0.0390 -0.9615
vn 0.9456 0.1802 -0.2709
vn -0.4208 0.1323 -0.8975
vn -0.0259 0.0735 -0.9970
vn -0.9346 0.2840 0.2140
vn -0.9551 0.2058 0.2133
vn -0.9842 0.0838 -0.1557
vn -0.9332 0.1198 -0.3389
vn -0.8544 0.1343 -0.5020
vn -0.7773 0.1390 -0.6136
vn -0.6556 0.0252 -0.7546
vn -0.5040 -0.1673 -0.8473
vn -0.3683 -0.2359 -0.8993
vn -0.1854 -0.2657 -0.9461
vn 0.0023 -0.2954 -0.9554
vn 0.1272 -0.3784 -0.9169
vn 0.1254 -0.3818 -0.9157
vn 0.1270 -0.3787 -0.9168
vn -0.9961 0.0605 -0.0648
vn -0.9264 0.1764 -0.3326
vn -0.8487 0.1590 -0.5043
vn -0.6866 0.0897 -0.7215
vn -0.5332 0.0164 -0.8458
vn -0.5088 0.0568 -0.8590
vn 0.0884 -0.3247 -0.9417
vn -0.0479 -0.1949 -0.9797
vn -0.1622 -0.2058 -0.9651
vn -0.3015 -0.1901 -0.9343
vn -0.4459 -0.1197 -0.8870
vn -0.2581 -0.0592 -0.9643
vn -0.0302 -0.1768 -0.9838
vn -0.1381 -0.1080 -0.9845
vn -0.1609 -0.1729 -0.9717
vn -0.1927 -0.1314 -0.9724
vn -0.3124 0.0472 -0.9488
vn -0.1955 0.0078 -0.9807
vn -0.1589 -0.0653 -0.9851
vn -0.1300 -0.1402 -0.9816
vn -0.1068 -0.1579 -0.9817
vn -0.1561 -0.0719 -0.9851
vn -0.1581 -0.0725 -0.9848
vn -0.1599 -0.0728 -0.9844
vn -0.2383 0.0878 -0.9672
vn -0.1203 -0.0081 -0.9927
vn -0.1858 -0.0812 -0.9792
vn -0.1507 -0.1704 -0.9738
vn -0.1774 -0.1105 -0.9779
vn -0.1600 -0.0731 -0.9844
vn -0.0974 0.0732 -0.9926
vn -0.3780 0.0297 -0.9253
vn -0.2845 0.0582 -0.9569
vn -0.1096 0.0519 -0.9926
vn 0.0656 -0.0978 -0.9930
vn -0.0006 -0.0610 -0.9981
vn -0.0164 -0.1623 -0.9866
vn -0.0201 -0.1456 -0.9891
vn -0.0498 -0.0965 -0.9941
vn -0.0341 -0.1236 -0.9917
vn -0.1069 -0.0964 -0.9896
vn 0.9652 0.0387 -0.2587
vn -0.1850 -0.1272 -0.9745
vn -0.0557 0.0731 -0.9958
vn -0.8137 0.1397 -0.5643
vn 0.2305 -0.0312 0.9726
vn 0.2339 -0.0217 0.9720
vn 0.2324 -0.0288 0.9722
vn 0.2317 -0.0325 0.9722
vn 0.1342 -0.1126 0.9845
vn -0.1076 -0.0852 0.9905
vn -0.3883 0.0485 0.9203
vn 0.1557 -0.0191 0.9876
vn -0.5784 -0.0811 0.8117
vn 0.5095 -0.1306 0.8505
vn -0.2092 -0.1509 0.9662
vn -0.2290 -0.0855 0.9697
vn -0.2145 0.3287 0.9197
vn 0.0808 -0.1613 0.9836
vn -0.1986 0.0364 0.9794
vn -0.8754 -0.1141 0.4697
vn -0.8703 -0.1465 0.4702
vn -0.3117 -0.0690 0.9477
vn -0.3478 0.0849 -0.9337
vn 0.0059 -0.0260 0.9996
vn 0.1088 0.1046 0.9885
vn 0.0880 0.1505 0.9847
vn 0.0203 0.0184 0.9996
vn -0.1937 -0.0251 0.9807
vn -0.3823 -0.0063 0.9240
vn -0.4929 0.0862 0.8658
vn -0.6802 0.2480 0.6898
vn -0.7841 0.3175 0.5333
vn -0.7961 0.2529 0.5497
vn 0.0881 0.1184 0.9891
vn -0.9942 0.1073 0.0096
vn -0.9901 0.1236 0.0662
vn 0.2723 -0.0927 0.9577
vn -0.2932 -0.0861 0.9522
vn 0.2516 -0.0552 0.9663
vn -0.5051 0.1933 -0.8411
vn 0.9528 0.1399 0.2693
vn -0.6027 0.1380 -0.7859
vn 0.0809 -0.0015 -0.9967
vn 0.0218 0.0304 -0.9993
vn 0.0600 0.0452 -0.9972
vn -0.2684 0.1671 -0.9487
vn -0.7647 0.1734 -0.6206
vn -0.2310 0.2236 -0.9469
vn 0.8228 0.1057 -0.5585
vn -0.2330 0.2070 -0.9502
vn -0.9171 0.1679 -0.3616
vn 0.2639 -0.0153 -0.9644
vn 0.5005 0.0694 -0.8629
vn 0.6470 0.1182 -0.7532
vn -0.0674 0.1821 -0.9810
vn 0.0640 0.0874 -0.9941
vn -0.4060 0.1368 -0.9036
vn 0.9708 0.1878 -0.1493
vn -0.8785 0.2157 0.4262
vn 0.8668 0.0800 0.4921
vn 0.9071 -0.0371 0.4193
vn 0.8550 -0.0473 0.5164
vn 0.7080 -0.0039 0.7062
vn 0.5677 -0.0280 0.8228
vn 0.3944 -0.1031 0.9132
vn 0.9134 0.2439 -0.3259
vn 0.9503 0.1620 -0.2658
vn 0.1517 -0.0560 0.9868
vn 0.0973 0.0012 0.9953
vn -0.0211 -0.1363 0.9904
vn -0.1988 -0.1514 0.9683
vn -0.3785 -0.0786 0.9223
vn -0.4807 -0.0134 0.8768
vn -0.6858 0.0621 0.7251
vn -0.8391 0.0852 0.5372
vn -0.8342 0.1255 0.5369
vn 0.0690 -0.0482 0.9964
vn -0.9838 0.1778 0.0234
vn -0.9830 0.1741 0.0588
vn 0.3004 0.2939 0.9074
vn -0.1324 -0.1265 -0.9831
vn 0.0269 0.0854 -0.9960
vn -0.0768 0.1071 -0.9913
vn -0.1355 0.0344 -0.9902
vn -0.1583 -0.1299 -0.9788
vn -0.0717 -0.1277 -0.9892
vn 0.0745 -0.0637 -0.9952
vn 0.0383 -0.1606 0.9863
vn 0.2122 -0.0823 0.9738
vn 0.0020 0.1184 -0.9930
vn 0.1723 -0.3319 -0.9275
vn 0.2829 0.0732 -0.9564
vn 0.2338 -0.0213 0.9721
vn 0.6176 0.1060 0.7793
vn -0.1724 -0.0057 0.9850
vn -0.6284 0.0447 0.7766
vn -0.2031 -0.0347 0.9785
vn 0.0531 0.0390 0.9978
vn 0.1595 0.0012 0.9872
vn -0.1160 0.0247 0.9929
vn 0.1719 -0.0414 0.9842
vn -0.1933 0.0705 0.9786
vn -0.1036 0.0733 0.9919
vn -0.1554 0.1469 0.9769
vn -0.1077 0.2369 0.9655
vn -0.0507 0.2839 0.9575
vn -0.1605 0.3245 0.9322
vn 0.3044 0.3117 0.9001
vn 0.2409 0.0122 -0.9705
vn 0.2862 -0.0274 -0.9578
vn 0.2444 -0.0317 -0.9692
vn 0.2014 -0.3281 -0.9229
vn 0.2016 -0.3276 -0.9231
vn 0.1963 -0.3277 -0.9242
vn 0.1990 -0.3337 -0.9214
vn 0.1909 -0.3277 -0.9253
vn 0.2125 -0.3096 -0.9268
vn 0.2148 -0.3499 -0.9118
vn 0.2721 -0.2935 -0.9164
vn 0.1360 -0.2806 -0.9501
vn 0.0106 -0.1957 -0.9806
vn -0.1831 -0.1579 -0.9703
vn 0.2122 0.0867 -0.9734
vn 0.2108 0.0787 -0.9744
vn 0.2124 0.0869 -0.9733
vn -0.0128 -0.0961 -0.9953
vn -0.2435 -0.0866 -0.9660
vn 0.1886 -0.1630 -0.9684
vn 0.2856 -0.1947 -0.9384
vn 0.2184 0.3996 0.8903
vn -0.2916 0.2316 0.9281
vn 0.2585 -0.0473 0.9649
vn 0.2329 -0.0338 0.9719
vn -0.2308 -0.0332 0.9724
vn -0.1891 -0.1364 0.9724
vn -0.0500 -0.0761 0.9958
vn -0.1641 -0.0189 0.9863
vn 0.2688 -0.0084 0.9631
vn 0.2533 -0.0829 0.9638
vn -0.5821 -0.1517 0.7989
vn 0.1992 -0.3329 -0.9217
vn 0.2236 0.0224 -0.9744
vn 0.2111 0.0784 -0.9743
vn 0.0642 -0.1274 -0.9898
vn 0.2455 0.1142 -0.9627
vn 0.2623 -0.2066 -0.9426
vn 0.2762 -0.2100 -0.9379
vn 0.0636 -0.1574 -0.9855
vn -0.0368 -0.1493 -0.9881
vn -0.0419 -0.0960 -0.9945
vn 0.1550 0.1129 -0.9814
vn 0.1157 0.0405 -0.9925
vn -0.0519 -0.1973 -0.9790
vn 0.1677 -0.3417 -0.9247
vn 0.1842 -0.3902 -0.9021
vn 0.1253 -0.3822 -0.9156
vn 0.1178 0.4358 0.8923
vn -0.1381 -0.7415 0.6565
vn -0.6991 -0.0855 0.7099
vn -0.6691 -0.1518 0.7275
vn -0.6006 -0.1906 0.7765
vn 0.1462 0.4526 0.8797
vn 0.1544 0.4537 0.8777
vn 0.1465 0.4526 0.8796
vn 0.5718 -0.6735 0.4684
vn 0.3107 0.2813 0.9079
vn 0.2407 0.3389 0.9095
vn 0.2087 0.3302 0.9205
vn 0.1547 0.4537 0.8776
vn 0.1036 -0.7612 0.6402
vn 0.1650 0.2695 0.9488
vn 0.2138 0.3745 0.9023
vn 0.2988 0.3304 0.8953
vn -0.8176 -0.2737 0.5066
vn -0.9700 0.0520 0.2373
vn -0.8563 -0.1462 0.4954
vn -0.7697 -0.0702 0.6345
vn -0.8318 0.2953 0.4699
vn -0.7747 -0.3927 0.4956
vn 0.1549 0.3364 0.9289
vn 0.2164 0.3572 0.9086
vn 0.1449 0.3400 0.9292
vn -0.7789 0.3530 0.5184
vn -0.0601 0.4070 0.9114
vn -0.0599 0.4082 0.9109
vn -0.0578 0.4032 0.9133
vn 0.4429 -0.6841 0.5795
vn 0.8694 0.1127 0.4810
vn 0.8692 0.1124 0.4815
vn 0.8630 0.1150 0.4919
vn 0.8627 0.1156 0.4924
vn 0.7464 0.0457 0.6639
vn 0.0895 0.4471 0.8900
vn 0.3985 -0.7518 0.5253
vn 0.2437 0.3015 0.9218
vn 0.2478 0.3008 0.9209
vn 0.2439 0.3013 0.9218
vn 0.2059 0.3826 0.9007
vn 0.1961 0.3234 0.9257
vn 0.1876 0.4498 0.8732
vn 0.4286 -0.6859 0.5881
vn 0.2481 0.3010 0.9208
vn 0.2015 0.4008 0.8937
vn 0.2022 0.3439 0.9170
vn 0.9458 0.0111 0.3245
vn 0.9390 0.1097 0.3258
vn 0.8330 0.0555 0.5505
vn 0.8123 0.5377 0.2257
vn 0.5290 -0.7518 0.3937
vn 0.7308 -0.5894 0.3442
vn 0.2513 -0.8658 0.4326
vn 0.5066 -0.4265 0.7493
vn 0.9353 -0.1429 0.3237
vn -0.0489 0.3565 0.9330
vn 0.2091 0.3799 0.9011
vn 0.2457 0.3098 0.9185
vn 0.7499 0.5418 0.3796
vn 0.1500 -0.0180 0.9885
vn 0.1119 0.3077 0.9449
vn 0.0907 0.5727 0.8147
vn 0.0926 0.7313 0.6758
vn -0.9889 0.1078 0.1019
vn -0.9594 0.2497 0.1314
vn -0.9685 0.1439 0.2034
vn -0.9495 0.2486 0.1916
vn -0.9835 0.1053 0.1473
vn -0.9881 0.1383 0.0669
vn -0.9893 0.1310 0.0636
vn -0.9893 0.1318 0.0631
vn -0.9650 0.2446 0.0944
vn -0.9701 0.2357 0.0583
vn -0.9778 0.1682 0.1253
vn -0.9788 0.1901 0.0757
vn -0.9789 0.1898 0.0757
vn -0.9795 0.1866 0.0755
vn -0.9881 0.1382 0.0679
vn -0.9796 0.1861 0.0755
vn -0.9795 0.1766 0.0973
vn -0.9689 0.1184 0.2172
vn -0.9729 0.1904 0.1312
vn -0.9588 0.1470 0.2432
vn 0.8445 -0.5148 -0.1477
vn 0.8788 -0.1700 -0.4458
vn 0.7850 -0.4865 -0.3836
vn 0.9766 -0.1487 0.1552
vn 0.8560 -0.5148 -0.0480
vn 0.8551 -0.4854 0.1821
vn 0.9875 0.1291 -0.0900
vn 0.9856 -0.0750 0.1516
vn 0.9862 0.1209 0.1127
vn 0.8836 -0.0490 -0.4657
vn 0.9727 0.1224 -0.1974
vn 0.8550 0.1673 -0.4909
vn -0.0542 -0.8306 0.5542
vn -0.1540 -0.9487 0.2763
vn -0.2470 -0.9682 -0.0397
vn -0.3182 -0.8689 -0.3791
vn 0.2979 0.8823 0.3644
vn 0.2382 0.9702 0.0443
vn 0.1421 0.9463 -0.2904
vn 0.0370 0.8224 -0.5677
vn -0.0590 0.6448 -0.7621
vn -0.1827 0.3223 -0.9288
vn -0.3078 -0.1823 -0.9338
vn -0.3500 -0.6098 -0.7111
vn 0.0454 -0.6230 0.7809
vn 0.1695 -0.2386 0.9562
vn 0.2726 0.2139 0.9380
vn 0.3205 0.6411 0.6973
vn 0.8681 0.0126 0.4963
vn 0.8883 0.0981 0.4486
vn 0.9010 0.0569 0.4300
vn 0.8962 0.0919 0.4341
vn 0.8897 0.0268 0.4557
vn 0.8251 0.0696 0.5607
vn 0.8749 0.0667 0.4797
vn 0.8320 0.0381 0.5534
vn 0.8918 0.0546 0.4491
vn 0.8723 0.0567 0.4857
vn 0.8699 0.0595 0.4896
vn 0.8702 0.0599 0.4890
vn 0.8310 -0.0007 0.5563
vn 0.8419 0.0542 0.5369
vn 0.8577 0.0653 0.5099
vn 0.9064 0.0389 0.4206
vn 0.8722 0.0560 0.4860
vn 0.9107 0.0494 0.4102
vn -0.8491 -0.4034 -0.3411
vn -0.9773 -0.1035 -0.1847
vn -0.9148 -0.3800 -0.1370
vn -0.6817 -0.0606 -0.7291
vn -0.8111 -0.3739 -0.4498
vn -0.6412 -0.3141 -0.7001
vn -0.8338 0.2293 -0.5022
vn -0.6895 0.0964 -0.7178
vn -0.6907 0.2420 -0.6814
vn -0.9817 -0.0136 -0.1899
vn -0.8657 0.2314 -0.4438
vn -0.9540 0.1706 -0.2467
vn 0.4284 -0.8399 -0.3331
vn 0.2797 -0.9600 0.0116
vn 0.1505 -0.9543 0.2581
vn -0.0459 -0.8221 0.5675
vn 0.0220 0.8614 -0.5074
vn -0.1269 0.9523 -0.2775
vn -0.3067 0.9507 0.0451
vn -0.3683 0.8793 0.3019
vn -0.4566 0.6193 0.6387
vn -0.4761 0.1891 0.8588
vn -0.3603 -0.2807 0.8896
vn -0.1921 -0.6317 0.7511
vn 0.5164 -0.5962 -0.6147
vn 0.5076 -0.1397 -0.8502
vn 0.3596 0.3498 -0.8651
vn 0.1889 0.6671 -0.7206
vn 0.9596 -0.0105 0.2812
vn 0.9700 0.0544 0.2371
vn 0.9812 0.0425 0.1885
vn 0.9808 0.0454 0.1898
vn 0.9812 0.0430 0.1881
vn 0.9807 0.0459 0.1903
vn 0.9635 -0.0240 0.2666
vn 0.9226 -0.0144 0.3854
vn 0.9578 0.0464 0.2837
vn 0.9379 0.0185 0.3465
vn 0.9634 0.0391 0.2651
vn 0.9554 0.0588 0.2895
vn 0.9265 0.0384 0.3744
vn 0.9399 0.0551 0.3370
vn 0.9565 0.0359 0.2895
vn 0.9801 0.0021 0.1984
vn 0.9640 0.0588 0.2592
vn 0.9769 0.0563 0.2060
vn -0.9326 -0.3180 -0.1708
vn -0.9957 -0.0771 0.0523
vn -0.9562 -0.2880 0.0524
vn -0.8197 0.0007 -0.5728
vn -0.9074 -0.3194 -0.2731
vn -0.8066 -0.2915 -0.5143
vn -0.9182 0.2394 -0.3157
vn -0.8210 0.0396 -0.5695
vn -0.8181 0.2315 -0.5265
vn -0.9984 0.0428 0.0364
vn -0.9432 0.2392 -0.2307
vn -0.9737 0.2277 0.0122
vn 0.1990 -0.8830 -0.4251
vn 0.1383 -0.9755 -0.1709
vn 0.0421 -0.9797 0.1960
vn -0.0502 -0.8603 0.5074
vn 0.0711 0.8622 -0.5016
vn -0.0207 0.9789 -0.2034
vn -0.1060 0.9880 0.1123
vn -0.1821 0.8891 0.4200
vn -0.2380 0.6693 0.7039
vn -0.2616 0.2838 0.9225
vn -0.2223 -0.2410 0.9447
vn -0.1444 -0.6110 0.7784
vn 0.2721 -0.6339 -0.7240
vn 0.3023 -0.1790 -0.9363
vn 0.2636 0.2341 -0.9358
vn 0.1671 0.6405 -0.7496
vn -0.0810 -0.0442 0.9957
vn -0.2121 0.0512 0.9759
vn -0.8177 -0.3204 -0.4783
vn 0.9943 -0.0159 0.1052
vn -0.0052 -0.4860 -0.8740
vn -0.9234 -0.3321 -0.1927
vn -0.6849 -0.3748 -0.6249
vn -0.2986 0.0055 0.9544
vn -0.1817 -0.1022 0.9780
vn -0.6084 -0.3889 -0.6918
vn -0.1813 -0.0061 0.9834
vn -0.9610 -0.2739 0.0374
vn 0.8760 -0.0276 0.4815
vn -0.9953 -0.0968 0.0100
vn 0.7677 -0.1167 0.6301
vn -0.8231 -0.1697 0.5419
vn -0.6586 -0.2151 0.7210
vn -0.7676 -0.2486 0.5908
vn -0.1648 -0.0764 0.9834
vn 0.6636 -0.1204 0.7383
vn -0.8312 -0.2060 0.5164
vn -0.8368 -0.1990 0.5101
vn -0.8306 -0.2065 0.5172
vn 0.0444 -0.1019 -0.9938
vn -0.1710 0.0605 0.9834
vn 0.2072 -0.1182 -0.9711
vn -0.9394 -0.3379 -0.0579
vn 0.2474 0.0763 0.9659
vn 0.0532 0.2105 0.9761
vn 0.1582 0.1511 0.9758
vn 0.0338 -0.0852 -0.9958
vn 0.1966 -0.1136 -0.9739
vn -0.0666 0.4783 0.8757
vn -0.9426 -0.2145 0.2561
vn -0.8307 -0.3668 -0.4188
vn 0.3899 -0.0533 0.9193
vn 0.0591 -0.2590 -0.9641
vn 0.6625 -0.0961 0.7428
vn -0.6224 -0.2454 0.7433
vn 0.1688 -0.4082 -0.8972
vn -0.8829 -0.1251 0.4526
vn -0.9818 0.0943 -0.1649
vn -0.5056 0.3621 0.7831
vn -0.1633 0.5565 0.8146
vn -0.1600 0.5578 0.8144
vn 0.3957 0.4629 0.7932
vn 0.7404 -0.1951 -0.6433
vn 0.9379 0.1752 0.2995
vn -0.5379 0.1482 0.8299
vn 0.9913 0.0193 -0.1302
vn -0.4155 0.3671 0.8322
vn -0.3970 0.2792 0.8743
vn -0.7468 -0.0597 0.6624
vn -0.0379 0.1412 0.9893
vn -0.1113 0.0616 -0.9919
vn 0.2169 -0.1992 -0.9557
vn 0.7603 0.4454 0.4729
vn 0.7102 0.7036 0.0231
vn -0.2117 0.8060 -0.5528
vn 0.2063 0.2031 -0.9572
vn -0.8317 0.5472 -0.0938
vn -0.2984 0.9107 0.2856
vn 0.9411 0.0004 -0.3382
vn 0.9243 -0.0112 -0.3814
vn -0.8871 0.3591 0.2901
vn -0.5144 0.4141 0.7509
vn 0.0248 -0.1718 -0.9848
vn -0.7001 -0.4476 0.5563
vn 0.0065 0.5818 0.8133
vn -0.0139 0.4369 0.8994
vn -0.4218 0.7202 0.5508
vn 0.8979 -0.0074 -0.4402
vn 0.1936 0.3801 -0.9045
vn 0.3338 -0.8888 0.3139
vn -0.4329 -0.2709 -0.8598
vn -0.6819 0.1137 0.7225
vn 0.9805 -0.0404 -0.1921
vn 0.4781 0.4426 0.7586
vn -0.7247 -0.0682 0.6857
vn 0.0962 0.3932 0.9144
vn -0.0965 0.1083 0.9894
vn 0.2329 0.2590 -0.9374
vn 0.9041 0.0118 -0.4273
vn 0.6180 0.0198 -0.7860
vn 0.6681 0.0697 -0.7408
vn -0.3756 0.0305 -0.9263
vn 0.8648 0.5020 0.0069
vn -0.4273 0.5427 0.7231
vn 0.4835 -0.3168 0.8160
vn 0.3458 -0.2799 0.8956
vn 0.2732 -0.3722 0.8870
vn 0.1833 -0.4434 0.8774
vn -0.1382 0.3817 0.9139
vn -0.1602 0.2123 0.9640
vn -0.7945 -0.2873 -0.5350
vn -0.9877 0.0024 -0.1563
vn -0.7742 0.0422 0.6316
vn 0.7509 -0.3531 0.5581
vn 0.7805 -0.2954 0.5510
vn 0.7968 -0.2651 0.5429
vn 0.9824 -0.1869 -0.0005
vn 0.8198 0.4784 0.3146
vn -0.3060 0.9471 -0.0964
vn 0.0252 -0.0319 -0.9992
vn -0.8942 0.4321 0.1169
vn -0.5944 -0.1373 -0.7924
vn -0.9813 0.1912 -0.0236
vn -0.2332 0.5316 0.8143
vn -0.2464 0.1270 -0.9608
vn 0.0805 0.3897 0.9174
vn -0.3264 -0.1373 -0.9352
vn -0.5652 0.5943 -0.5722
vn 0.3985 -0.3309 -0.8554
vn 0.9975 0.0702 -0.0045
vn -0.2663 0.3090 -0.9130
vn 0.8385 -0.2797 -0.4677
vn -0.3153 -0.0302 -0.9485
vn -0.1779 0.5147 0.8387
vn -0.1186 0.5206 0.8455
vn -0.1279 0.4718 0.8724
vn -0.1224 0.2818 0.9516
vn -0.4784 0.8050 -0.3510
vn 0.9469 0.3143 0.0678
vn -0.9572 -0.1619 0.2399
vn 0.9767 -0.2132 -0.0249
vn 0.5218 -0.2216 -0.8238
vn 0.4847 -0.2765 -0.8298
vn -0.0401 0.3821 -0.9233
vn 0.4086 -0.3895 0.8255
vn 0.0150 0.3493 -0.9369
vn 0.6510 0.7590 -0.0115
vn 0.0658 0.6149 -0.7858
vn -0.1615 0.5810 -0.7977
vn -0.2570 0.1289 0.9578
vn -0.1108 0.0688 0.9915
vn -0.0917 0.8189 0.5666
vn -0.1502 0.4361 0.8873
vn 0.0180 0.7595 0.6503
vn 0.9985 -0.0515 0.0177
vn 0.9969 -0.0744 0.0260
vn 0.7315 -0.3806 0.5658
vn 0.3370 0.9203 -0.1990
vn -0.5970 0.7202 -0.3533
vn 0.2509 -0.2120 -0.9445
vn -0.6471 0.4927 -0.5818
vn -0.8895 -0.0927 0.4475
vn -0.7424 0.6026 0.2926
vn -0.8432 -0.1971 0.5002
vn -0.8376 -0.1983 0.5090
vn -0.8438 -0.1968 0.4992
vn -0.0785 0.3150 -0.9458
vn 0.3482 0.2311 -0.9085
vn -0.0078 0.3212 -0.9470
vn -0.1725 0.3822 0.9078
vn -0.3458 0.2395 0.9072
vn -0.2559 0.4494 0.8559
vn -0.1180 0.4213 0.8992
vn -0.0786 0.5695 0.8182
vn -0.1386 0.4067 0.9030
vn -0.2118 0.3966 0.8932
vn 0.1605 0.2452 -0.9561
vn -0.5542 0.4732 0.6847
vn -0.1542 0.4367 0.8863
vn -0.5459 0.4215 0.7241
vn -0.1565 0.5591 0.8142
vn -0.1298 0.4186 0.8989
vn -0.0308 0.0517 -0.9982
vn 0.0198 0.2030 -0.9790
vn -0.0945 0.2538 -0.9626
vn -0.0660 0.4796 -0.8750
vn 0.6670 0.5560 0.4959
vn -0.2156 0.6400 0.7375
vn -0.1095 0.4257 0.8982
vn -0.1444 0.5199 0.8419
vn -0.0329 0.4277 0.9033
vn -0.0741 0.6829 0.7267
vn -0.0132 -0.4446 -0.8957
vn -0.6028 -0.4329 -0.6702
vn -0.7020 -0.5035 -0.5037
vn -0.8704 -0.3759 -0.3180
vn -0.9344 -0.2949 -0.1999
vn -0.9561 -0.2931 -0.0009
vn -0.9650 -0.2519 0.0736
vn -0.9201 -0.2531 0.2990
vn -0.8189 -0.2015 0.5375
vn -0.6583 -0.1800 0.7309
vn -0.6334 -0.1620 0.7566
vn -0.8086 -0.2107 0.5493
vn 0.5967 0.0461 -0.8012
vn -0.3532 -0.9114 -0.2110
vn 0.3130 0.9405 0.1326
vn 0.3141 0.9401 0.1327
vn 0.3244 0.9363 0.1344
vn -0.2207 -0.9613 -0.1650
vn -0.2525 -0.9571 -0.1422
vn -0.3482 -0.9075 -0.2349
vn 0.0221 0.4774 0.8784
vn -0.7300 0.6682 -0.1434
vn -0.2402 0.5759 0.7815
vn -0.1499 0.7242 -0.6731
vn 0.0015 0.4511 -0.8924
vn -0.0150 0.5182 0.8551
vn -0.1378 0.7448 0.6530
vn 0.0198 0.5341 0.8452
vn -0.0001 0.5015 0.8651
vn -0.0731 0.4759 0.8764
vn -0.1867 0.4024 0.8962
vn -0.2861 0.5518 0.7834
vn 0.3669 0.7919 0.4882
vn 0.2105 0.2843 -0.9353
vn 0.2515 0.2295 -0.9403
vn -0.3871 -0.1499 0.9098
vn -0.2520 0.0043 0.9677
vn -0.1475 -0.1412 -0.9789
vn -0.8146 -0.1858 0.5495
vn -0.7946 -0.1297 -0.5930
vn -0.0643 -0.2048 -0.9767
vn -0.9614 -0.1921 0.1970
vn -0.4678 -0.4700 -0.7485
vn -0.8419 -0.1686 0.5126
vn -0.7808 -0.1195 0.6133
vn -0.9299 -0.3543 -0.0987
vn -0.1617 -0.3700 -0.9148
vn -0.1712 -0.2361 0.9565
vn -0.9606 -0.2651 -0.0834
vn -0.6541 -0.2124 0.7260
vn -0.9674 -0.2377 -0.0870
vn -0.9173 0.0545 -0.3945
vn -0.7576 -0.2166 0.6158
vn -0.7571 -0.1243 0.6414
vn -0.1640 -0.1344 -0.9773
vn -0.9301 -0.2808 0.2366
vn -0.2276 -0.1791 0.9571
vn -0.5673 -0.4080 -0.7154
vn -0.6284 -0.1843 0.7557
vn -0.9909 0.1346 0.0043
vn -0.4561 -0.3705 -0.8091
vn -0.8421 0.1266 -0.5243
vn -0.8066 -0.0787 0.5859
vn -0.3159 -0.2180 -0.9234
vn -0.9231 0.3786 -0.0676
vn -0.7730 -0.0853 0.6286
vn -0.8508 -0.1954 0.4878
vn -0.9821 -0.1629 -0.0950
vn -0.3638 -0.1436 0.9203
vn -0.7361 -0.0518 -0.6749
vn -0.5427 -0.1474 0.8269
vn -0.9905 0.0740 0.1162
vn -0.4809 -0.1520 -0.8635
vn -0.6582 -0.4181 -0.6260
vn -0.8126 -0.2457 0.5284
vn -0.4090 -0.0977 -0.9073
vn -0.9215 -0.3142 -0.2283
vn -0.7200 -0.2646 0.6415
vn -0.8469 -0.3315 0.4157
vn -0.9866 -0.0070 0.1627
vn -0.7120 -0.2359 0.6613
vn -0.2569 -0.0668 -0.9641
vn -0.8878 -0.3059 0.3439
vn -0.7125 0.0806 -0.6971
vn -0.4648 -0.2024 0.8620
vn -0.9411 -0.3368 0.0295
vn -0.7075 -0.1026 -0.6993
vn -0.8016 -0.3576 -0.4790
vn -0.8471 -0.1181 0.5182
vn -0.4468 0.0456 -0.8935
vn -0.8228 -0.4559 -0.3393
vn -0.8349 -0.1318 0.5343
vn -0.8683 -0.0985 0.4862
vn -0.9840 -0.0564 0.1692
vn -0.7349 -0.2279 0.6387
vn -0.3008 0.0157 -0.9536
vn -0.9147 0.1159 0.3872
vn -0.3838 -0.1991 0.9017
vn -0.9633 -0.2647 0.0443
vn -0.8536 0.1380 -0.5024
vn -0.9248 0.0562 -0.3762
vn -0.6115 -0.2382 0.7545
vn -0.4736 0.0618 -0.8786
vn -0.9604 -0.0843 -0.2655
vn -0.9107 -0.0557 0.4094
vn -0.7725 -0.2195 0.5958
vn -0.8962 -0.4196 0.1441
vn -0.8640 -0.0820 0.4968
vn -0.2776 0.0502 -0.9594
vn -0.8042 -0.3786 0.4582
vn -0.3696 -0.2503 0.8949
vn -0.6673 0.1088 -0.7368
vn -0.4466 -0.2699 0.8530
vn -0.7099 -0.2356 0.6637
vn -0.4755 0.0414 -0.8788
vn -0.9911 0.0810 -0.1059
vn -0.4585 -0.3598 0.8126
vn -0.8768 -0.2040 0.4355
vn -0.9668 -0.0909 0.2387
vn -0.2793 0.0285 -0.9598
vn -0.8708 -0.1726 0.4602
vn -0.9074 -0.1865 0.3765
vn -0.3934 -0.1811 0.9013
vn -0.6160 0.1049 -0.7807
vn -0.4140 -0.1295 0.9010
vn -0.9871 -0.0140 0.1595
vn -0.9312 0.1542 -0.3303
vn -0.8672 0.1425 -0.4772
vn -0.4670 0.1654 -0.8686
vn -0.9988 0.0363 -0.0317
vn -0.8597 -0.1906 0.4738
vn -0.9691 0.1744 0.1745
vn -0.9699 0.1211 0.2110
vn -0.3175 0.1095 -0.9419
vn 0.3886 -0.3706 0.8436
vn -0.9365 0.1748 0.3041
vn -0.3576 -0.0859 0.9299
vn -0.6029 0.1864 -0.7757
vn -0.3877 -0.1165 0.9144
vn -0.9839 0.0380 0.1744
vn -0.9339 0.1141 -0.3389
vn -0.8618 0.1566 -0.4824
vn -0.7773 0.0490 0.6273
vn 0.8515 0.4927 0.1795
vn -0.0661 -0.0714 -0.9953
vn 0.1368 0.2375 -0.9617
vn 0.1408 0.2326 -0.9623
vn 0.1381 0.2376 -0.9615
vn 0.2890 0.2970 -0.9101
vn 0.1586 0.2431 -0.9570
vn 0.6199 -0.2802 -0.7329
vn -0.4330 -0.0692 0.8987
vn 0.4399 -0.0521 -0.8965
vn 0.9575 -0.1155 -0.2645
vn 0.2540 0.1337 0.9579
vn 0.2852 0.0803 0.9551
vn 0.2472 -0.0808 0.9656
vn 0.4881 -0.0216 -0.8725
vn 0.2237 0.0298 0.9742
vn 0.9992 -0.0389 0.0014
vn -0.1058 -0.0736 0.9917
vn -0.1334 -0.0398 0.9903
vn 0.2886 -0.0856 0.9536
vn 0.2192 -0.3302 -0.9181
vn 0.7436 -0.1435 0.6530
vn 0.7272 -0.3319 0.6009
vn -0.9652 -0.1921 -0.1777
vn -0.2307 -0.0917 0.9687
vn 0.7955 -0.2999 0.5266
vn -0.1122 -0.1009 -0.9885
vn -0.0687 0.3114 0.9478
vn 0.9779 -0.0651 -0.1987
vn 0.9672 0.0162 -0.2535
vn 0.9717 0.1949 -0.1334
vn 0.2298 0.2718 0.9345
vn -0.2220 0.2912 0.9306
vn 0.1201 0.0177 0.9926
vn 0.8588 0.2089 0.4677
vn -0.0398 0.2444 -0.9689
vn 0.9694 -0.1635 0.1829
vn 0.8983 -0.2853 -0.3340
vn 0.0927 -0.2822 -0.9549
vn -0.0313 -0.2501 -0.9677
vn 0.1015 -0.0520 0.9935
vn 0.5853 -0.3216 0.7443
vn -0.0344 -0.0638 -0.9974
vn 0.7826 -0.0425 0.6211
vn 0.9712 -0.1674 -0.1694
vn -0.9242 0.3393 0.1751
vn 0.3538 0.3640 0.8616
vn -0.0271 0.4013 0.9156
vn -0.9781 0.1964 0.0688
vn -0.1317 0.0030 0.9913
vn -0.7001 0.1969 0.6864
vn -0.9563 0.1355 0.2592
vn -0.0603 0.2149 0.9748
vn 0.2199 0.3512 0.9101
vn 0.3189 0.2656 0.9098
vn 0.7245 -0.0856 0.6840
vn 0.7003 -0.2324 -0.6749
vn 0.5135 0.0162 -0.8579
vn -0.0687 0.2460 0.9668
vn -0.9955 0.0942 0.0049
vn -0.1520 0.4643 0.8726
vn -0.2589 0.2118 -0.9424
vn 0.3982 0.9126 0.0924
vn 0.2831 0.7870 -0.5482
vn -0.3599 0.9241 0.1285
vn 0.2695 0.2332 -0.9343
vn 0.5208 0.6759 -0.5215
vn 0.9162 0.3899 -0.0920
vn -0.9207 -0.0926 -0.3792
vn -0.9176 -0.0669 -0.3919
vn 0.8949 0.2239 0.3860
vn 0.3873 0.3274 0.8618
vn 0.8815 -0.0557 0.4688
vn -0.1722 -0.4493 0.8766
vn -0.1070 0.5482 0.8295
vn 0.3998 0.4420 0.8030
vn 0.4066 0.7609 0.5056
vn 0.1436 0.7672 0.6252
vn -0.8691 -0.0924 -0.4860
vn -0.3596 0.9317 0.0519
vn 0.0835 0.3155 0.9452
vn 0.9310 0.2823 -0.2314
vn -0.7877 -0.1215 0.6040
vn 0.2487 -0.0904 0.9644
vn 0.7702 -0.3284 -0.5468
vn 0.1884 -0.0423 0.9812
vn 0.2789 0.4036 0.8714
vn 0.4240 0.2248 0.8773
vn -0.8940 -0.0562 -0.4446
vn -0.7218 -0.1166 -0.6823
vn -0.6585 -0.1374 -0.7399
vn 0.3406 0.1575 -0.9269
vn -0.7430 -0.0771 -0.6649
vn 0.0749 0.7643 -0.6405
vn 0.3378 0.1274 -0.9326
vn 0.8261 0.5065 0.2470
vn 0.5520 0.5061 0.6627
vn -0.5481 -0.1145 0.8285
vn -0.5067 0.0218 0.8619
vn -0.4085 -0.0868 0.9086
vn -0.2791 -0.2197 0.9348
vn 0.1936 -0.1718 0.9659
vn -0.3532 -0.0707 0.9329
vn -0.2927 0.0910 0.9518
vn 0.3693 -0.0151 0.9292
vn -0.1782 -0.0300 0.9835
vn 0.2697 0.3395 0.9011
vn 0.2182 0.4882 0.8450
vn 0.9044 0.2405 0.3525
vn 0.1847 -0.0228 0.9825
vn -0.0403 0.4759 0.8786
vn -0.9653 0.1822 -0.1873
vn -0.9124 -0.1302 0.3879
vn -0.8816 -0.0925 0.4629
vn -0.8172 -0.0642 0.5728
vn -0.9744 -0.0193 -0.2240
vn -0.0177 0.9950 -0.0987
vn 0.9934 0.0848 0.0774
vn 0.0956 0.4082 0.9079
vn -0.7495 0.4184 0.5130
vn -0.2230 -0.1099 0.9686
vn 0.3034 -0.2160 -0.9281
vn -0.0812 0.4935 0.8659
vn 0.6345 -0.7478 0.1954
vn 0.6717 0.2581 0.6945
vn -0.1746 0.1029 -0.9793
vn -0.1385 0.4552 0.8795
vn 0.9581 0.2851 0.0288
vn 0.9087 0.4117 -0.0690
vn -0.3206 0.9315 0.1718
vn 0.2320 -0.0123 -0.9726
vn 0.0914 0.4997 0.8614
vn 0.1099 0.4467 0.8879
vn 0.0561 0.3263 0.9436
vn 0.5860 0.7935 -0.1640
vn -0.2073 0.3353 -0.9190
vn -0.0790 -0.1589 -0.9841
vn -0.9557 -0.0099 -0.2942
vn -0.6765 -0.0846 0.7316
vn -0.9844 0.1730 0.0332
vn 0.0264 0.2432 -0.9696
vn 0.1803 0.2147 -0.9599
vn -0.5544 -0.0508 0.8307
vn -0.3333 -0.0062 0.9428
vn -0.0334 0.4329 -0.9008
vn -0.4246 0.8991 0.1068
vn 0.2254 0.7357 -0.6387
vn 0.1344 0.3649 0.9213
vn -0.2629 0.7209 0.6413
vn 0.1138 0.1224 0.9859
vn 0.0852 0.7046 0.7045
vn 0.3656 0.7026 0.6105
vn -0.0671 0.5311 0.8447
vn 0.3417 0.7784 0.5266
vn -0.8899 0.0653 0.4515
vn -0.2596 -0.1237 -0.9578
vn -0.9565 -0.0428 -0.2884
vn -0.9570 -0.0120 -0.2897
vn -0.7645 -0.0620 0.6416
vn -0.0497 0.7817 -0.6217
vn 0.6693 0.7085 -0.2238
vn 0.6853 0.4573 -0.5668
vn 0.6265 -0.2871 0.7246
vn -0.4223 0.7077 0.5664
vn 0.6427 0.7376 0.2070
vn -0.0538 -0.2553 0.9654
vn -0.9925 -0.1172 -0.0359
vn -0.3428 0.2840 -0.8955
vn 0.1112 0.3127 -0.9433
vn 0.2744 0.3788 0.8839
vn 0.2404 0.4224 0.8740
vn 0.4137 0.5670 0.7123
vn 0.5694 0.2761 0.7743
vn 0.1270 0.5478 0.8269
vn 0.1590 0.5189 0.8399
vn 0.3713 0.3918 0.8418
vn 0.9982 0.0008 -0.0606
vn 0.0427 0.4815 0.8754
vn -0.7940 0.5225 0.3108
vn 0.0363 0.4541 0.8902
vn -0.0368 0.5168 0.8553
vn -0.0832 0.0843 -0.9930
vn -0.1236 0.2731 -0.9540
vn 0.1397 0.2316 -0.9627
vn 0.0970 0.4265 -0.8993
vn -0.1597 0.8209 0.5483
vn 0.2919 0.6799 0.6727
vn 0.3161 0.4789 0.8190
vn 0.4727 0.3281 0.8179
vn -0.0614 0.4432 0.8943
vn 0.0753 0.6680 0.7404
vn 0.3652 -0.2238 -0.9036
vn 0.4133 -0.2933 -0.8621
vn 0.6997 -0.1700 -0.6939
vn 0.9525 -0.1754 -0.2491
vn 0.9795 -0.0775 -0.1861
vn 0.9968 -0.0552 -0.0583
vn 0.9859 -0.1328 0.1014
vn 0.8493 -0.1795 0.4965
vn 0.8066 -0.1736 0.5650
vn 0.6437 -0.1838 0.7429
vn 0.6260 -0.2334 0.7441
vn 0.7511 -0.2324 0.6179
vn -0.5852 -0.2169 -0.7813
vn 0.5104 0.0763 -0.8565
vn -0.6654 -0.1035 -0.7392
vn 0.6410 -0.7675 -0.0077
vn 0.7419 -0.4556 -0.4919
vn -0.0224 -0.9755 -0.2191
vn -0.1473 -0.9543 0.2600
vn -0.1128 0.5983 -0.7933
vn -0.2098 -0.9738 -0.0880
vn -0.3670 0.6949 0.6184
vn -0.1816 -0.9723 -0.1472
vn -0.4136 0.1718 -0.8941
vn 0.0102 -0.8986 0.4387
vn 0.1376 -0.9087 0.3942
vn -0.0733 0.3841 0.9204
vn 0.3257 0.9358 0.1347
vn 0.1105 0.7228 0.6821
vn 0.4795 0.1895 -0.8568
vn 0.0490 0.3302 -0.9426
vn 0.4330 0.6178 0.6564
vn 0.1021 0.5860 0.8039
vn 0.0296 0.5232 0.8517
vn 0.2774 0.3339 0.9009
vn 0.1455 0.5149 0.8448
vn 0.1541 0.5893 0.7931
vn 0.2760 0.6586 0.7000
vn -0.1812 0.7212 -0.6686
vn -0.2497 0.2939 -0.9227
vn -0.2667 0.2784 -0.9227
vn 0.3392 -0.0968 0.9357
vn 0.2823 -0.0572 0.9576
vn 0.7871 -0.2415 -0.5675
vn 0.8095 -0.2579 0.5275
vn 0.7033 -0.2175 -0.6768
vn 0.0543 -0.1952 -0.9793
vn 0.9403 -0.1719 0.2937
vn 0.6610 0.0557 -0.7484
vn 0.6444 -0.1609 0.7476
vn 0.8908 -0.1342 0.4340
vn 0.9682 -0.0848 -0.2354
vn 0.1528 -0.0354 -0.9876
vn 0.3048 -0.2940 0.9059
vn 0.9926 -0.1203 -0.0149
vn 0.6854 -0.2517 0.6832
vn 0.9330 -0.0567 -0.3554
vn 0.8299 -0.2202 -0.5126
vn 0.7469 -0.2712 0.6071
vn 0.8031 -0.2195 0.5539
vn 0.0972 -0.0742 -0.9925
vn 0.8664 -0.3878 0.3146
vn 0.3982 -0.2752 0.8750
vn 0.7353 -0.0490 -0.6760
vn 0.4393 -0.3421 0.8307
vn 0.9364 -0.2847 -0.2052
vn 0.7890 -0.0806 -0.6090
vn 0.7936 -0.1505 -0.5896
vn 0.8784 -0.1341 0.4588
vn 0.0214 -0.1321 -0.9910
vn 0.9011 -0.2922 -0.3204
vn 0.7861 -0.1224 0.6059
vn 0.8006 -0.3030 0.5170
vn 0.9404 -0.3402 -0.0039
vn 0.4709 -0.2367 0.8498
vn 0.4958 -0.4325 -0.7531
vn 0.5630 -0.2473 0.7886
vn 0.9484 -0.2098 -0.2378
vn 0.7209 -0.2518 -0.6457
vn 0.8021 -0.2064 -0.5604
vn 0.7582 -0.1953 0.6221
vn 0.1558 -0.2646 -0.9517
vn 0.9050 -0.1978 -0.3767
vn 0.8267 -0.1531 0.5414
vn 0.8535 -0.2368 0.4641
vn 0.9766 -0.2058 -0.0626
vn 0.8604 -0.1919 0.4722
vn 0.1287 -0.0363 -0.9910
vn 0.9632 -0.1877 0.1921
vn 0.4926 0.0398 -0.8693
vn 0.5662 -0.3123 0.7628
vn 0.9560 -0.2731 -0.1072
vn 0.6992 0.1244 -0.7040
vn 0.8487 0.1482 -0.5077
vn 0.6790 -0.2677 0.6836
vn 0.3650 0.0138 -0.9309
vn 0.9541 -0.0569 -0.2942
vn 0.8146 -0.2006 0.5442
vn 0.8785 -0.3025 0.3697
vn 0.9235 -0.3829 -0.0234
vn 0.8904 -0.1700 0.4222
vn 0.1692 0.0156 -0.9855
vn 0.8755 -0.4063 0.2617
vn 0.4740 -0.3173 0.8214
vn 0.9853 0.0078 -0.1705
vn 0.6563 -0.1216 -0.7447
vn 0.8389 -0.2515 -0.4826
vn 0.6657 -0.2746 0.6939
vn 0.3890 0.1479 -0.9093
vn 0.9482 -0.1768 -0.2638
vn 0.7699 -0.2025 0.6052
vn 0.9982 -0.0063 0.0603
vn 0.9892 0.0804 -0.1226
vn 0.9116 -0.0819 0.4029
vn 0.1243 0.1336 -0.9832
vn 0.9845 0.0187 0.1745
vn 0.4671 -0.2793 0.8390
vn 0.5481 0.0435 -0.8353
vn 0.6117 -0.2632 0.7461
vn 0.6900 -0.1332 0.7115
vn 0.3996 0.0767 -0.9135
vn 0.9302 -0.0353 -0.3653
vn 0.7618 -0.0855 0.6421
vn 0.9957 0.0655 0.0660
vn 0.9921 -0.0293 -0.1218
vn 0.0207 0.0711 -0.9973
vn 0.9016 -0.0113 0.4325
vn 0.9871 0.0529 0.1512
vn 0.5552 -0.1714 0.8139
vn 0.6006 0.0771 -0.7958
vn 0.6560 -0.1760 0.7339
vn 0.9630 -0.0555 -0.2638
vn 0.8878 -0.0163 -0.4598
vn 0.7674 0.0403 -0.6399
vn 0.2761 -0.0830 -0.9575
vn 0.9387 0.0040 -0.3448
vn 0.7578 -0.1021 0.6444
vn 0.9673 0.0963 0.2346
vn 0.9559 0.1109 -0.2721
vn 0.0678 -0.0492 -0.9965
vn 0.8397 -0.1017 0.5334
vn 0.9602 0.2725 -0.0616
vn 0.6543 -0.0798 0.7520
vn 0.5798 0.0487 -0.8133
vn 0.6677 -0.0831 0.7398
vn 0.6674 -0.0841 0.7399
vn 0.6652 -0.0939 0.7408
vn 0.9654 -0.0151 -0.2602
vn 0.8905 0.0185 -0.4545
vn 0.7863 0.0297 -0.6171
vn 0.6650 -0.0948 0.7408
vn 0.9963 -0.0223 -0.0830
vn 0.5469 0.2584 0.7963
vn -0.0171 0.2537 -0.9671
vn -0.3266 0.3028 -0.8954
vn -0.1776 0.2679 -0.9469
vn 0.0375 -0.2022 -0.9786
vn -0.2871 0.0093 -0.9579
vn -0.2646 0.2828 0.9220
vn -0.1048 0.3107 0.9447
vn -0.1048 0.3106 0.9447
vn -0.0437 0.3541 0.9342
vn -0.1190 0.3619 0.9246
vn -0.2083 0.4004 0.8924
vn -0.1765 0.4590 0.8707
vn -0.2094 0.4444 0.8710
vn -0.1774 0.5649 0.8059
vn -0.1595 0.4735 0.8662
vn -0.2121 0.5239 0.8250
vn -0.2060 0.5061 0.8375
vn -0.2060 0.5060 0.8375
vn -0.1284 0.4998 0.8566
vn -0.0828 0.5563 0.8268
vn -0.1066 0.5452 0.8315
vn -0.1347 0.5898 0.7962
vn -0.1346 0.5825 0.8016
vn -0.1348 0.5884 0.7973
vn -0.1344 0.5817 0.8023
vn -0.0567 0.6197 0.7828
vn -0.0568 0.6198 0.7827
vn -0.0666 0.5759 0.8148
vn -0.0278 0.6557 0.7545
vn -0.1252 0.5975 0.7920
vn -0.1287 0.6398 0.7577
vn -0.0921 0.6238 0.7761
vn -0.0903 0.6233 0.7768
vn -0.0913 0.6247 0.7755
vn -0.1358 0.6313 0.7635
vn -0.1557 0.5638 0.8111
vn -0.5304 0.5680 0.6293
vn -0.0816 0.5087 0.8571
vn -0.2292 0.4691 0.8529
vn -0.7618 0.2322 0.6048
vn -0.9689 -0.0058 0.2473
vn -0.1272 0.5866 0.7998
vn -0.1511 0.7541 0.6391
vn -0.1674 0.4559 0.8742
vn -0.1887 0.4219 0.8868
vn -0.1886 0.4219 0.8868
vn -0.2769 0.1833 0.9433
vn -0.2946 0.2024 0.9340
vn -0.1915 0.5748 0.7956
vn -0.2308 0.7382 0.6339
vn -0.2828 0.4317 0.8565
vn -0.2798 0.4088 0.8687
vn -0.2653 0.1746 0.9482
vn -0.2529 0.2373 0.9379
vn -0.3617 0.4447 0.8194
vn -0.2944 0.7138 0.6354
vn -0.3791 0.4206 0.8242
vn -0.4145 0.3601 0.8358
vn -0.4457 0.1655 0.8798
vn -0.4298 0.1814 0.8845
vn -0.3294 0.6547 0.6804
vn -0.1470 0.6434 0.7513
vn -0.4042 0.6325 0.6608
vn -0.1811 0.6179 0.7651
vn -0.1227 0.7548 0.6444
vn -0.1175 0.6091 0.7843
vn -0.0732 0.8109 0.5806
vn -0.1196 0.5787 0.8067
vn -0.0941 0.8398 0.5347
vn -0.0893 0.6219 0.7780
vn -0.1360 0.6187 0.7738
vn -0.0893 0.6454 0.7586
vn -0.2908 0.4627 0.8375
vn -0.3855 0.8079 0.4457
vn -0.0849 0.9400 0.3305
vn -0.1205 0.9394 0.3211
vn 0.9775 0.1663 0.1299
vn -0.1601 0.9867 0.0282
vn 0.8942 -0.3971 0.2068
vn -0.8699 0.4848 0.0907
vn -0.9820 0.1862 -0.0324
vn -0.6516 0.7554 -0.0686
vn -0.1582 -0.7119 0.6842
vn 0.8897 0.4436 0.1077
vn -0.5731 0.8160 0.0749
vn -0.9990 -0.0392 0.0217
vn -0.9227 0.3819 0.0526
vn -0.1154 0.9888 -0.0942
vn -0.1540 0.9744 0.1637
vn -0.9480 0.3165 -0.0342
vn -0.9995 0.0138 0.0274
vn 0.9507 0.0611 0.3040
vn -0.9838 -0.1618 0.0772
vn -0.9883 0.1198 -0.0945
vn 0.1270 0.9902 -0.0584
vn -0.7950 -0.2401 0.5571
vn -0.5982 0.7902 0.1332
vn -0.5980 0.7904 0.1332
vn 0.8228 0.5296 0.2062
vn -0.7408 0.6589 0.1310
vn -0.5886 -0.7711 0.2427
vn -0.7726 -0.5912 0.2316
vn -0.3406 -0.7292 0.5935
vn -0.4693 0.8782 0.0923
vn 0.0969 0.9953 0.0001
vn 0.0968 0.9953 0.0001
vn 0.0970 0.9953 0.0001
vn -0.9754 0.2127 -0.0570
vn -0.2696 -0.9080 0.3208
vn -0.0411 -0.9596 0.2782
vn -0.9988 0.0268 0.0409
vn -0.4378 -0.7304 0.5242
vn -0.2511 0.9637 0.0905
vn -0.9556 0.2665 0.1259
vn 0.7769 -0.5928 0.2121
vn -0.9999 -0.0000 -0.0135
vn 0.9755 -0.1623 0.1488
vn -0.4586 0.8638 0.2084
vn -0.0894 0.9917 0.0925
vn 0.2992 0.4059 0.8635
vn -0.1681 -0.0710 0.9832
vn -0.2136 0.1414 0.9666
vn -0.1876 0.5527 0.8120
vn -0.7968 0.3982 0.4546
vn -0.1232 0.5409 0.8320
vn -0.2511 0.5329 0.8081
vn -0.3577 0.5194 0.7761
vn -0.2138 0.5756 0.7892
vn -0.5364 0.3913 0.7478
vn -0.1088 0.2140 0.9708
vn -0.2458 0.1807 0.9523
vn -0.4433 0.1636 0.8813
vn -0.9292 0.2443 0.2773
vn -0.0331 0.3175 0.9477
vn -0.2080 0.4105 0.8878
vn -0.2164 0.4637 0.8591
vn -0.0519 0.3796 0.9237
vn -0.0539 0.3498 0.9353
vn -0.1214 0.4535 0.8830
vn -0.0872 0.3987 0.9129
vn -0.1060 0.4686 0.8770
vn -0.1123 0.5002 0.8586
vn -0.0258 0.4405 0.8974
vn -0.0157 0.3981 0.9172
vn -0.0965 0.5058 0.8572
vn -0.0847 0.4284 0.8996
vn -0.0848 0.4287 0.8995
vn -0.0454 0.5137 0.8567
vn -0.0065 0.5234 0.8521
vn 0.0087 0.5226 0.8525
vn -0.0325 0.4442 0.8954
vn -0.0440 0.5741 0.8176
vn -0.0681 0.5593 0.8262
vn -0.0043 0.5439 0.8392
vn -0.1197 0.6048 0.7873
vn -0.1575 0.4905 0.8571
vn -0.1575 0.4904 0.8571
vn 0.1703 0.6369 0.7519
vn -0.2515 0.4351 0.8645
vn -0.1607 0.4293 0.8887
vn 0.1231 0.2722 0.9543
vn 0.2053 0.2085 0.9562
vn -0.2439 0.5071 0.8267
vn -0.1211 0.7573 0.6418
vn -0.2147 0.4644 0.8592
vn -0.2147 0.4642 0.8593
vn -0.2654 0.3550 0.8964
vn -0.3340 0.2432 0.9106
vn -0.1879 0.3110 0.9317
vn -0.2070 0.5395 0.8161
vn -0.1389 0.7465 0.6508
vn -0.2146 0.4631 0.8599
vn -0.2097 0.3409 0.9164
vn -0.1992 0.2337 0.9517
vn -0.2300 0.3288 0.9160
vn -0.2060 0.4754 0.8553
vn -0.1564 0.7331 0.6619
vn -0.1879 0.4568 0.8695
vn -0.2174 0.3257 0.9202
vn -0.2256 0.2199 0.9491
vn -0.1513 0.2657 0.9521
vn 0.1377 0.6454 0.7513
vn 0.0174 0.5534 0.8327
vn 0.2072 0.6100 0.7649
vn 0.0623 0.5876 0.8067
vn -0.0266 0.7300 0.6829
vn -0.1013 0.5415 0.8346
vn -0.0589 0.8033 0.5927
vn -0.0589 0.8033 0.5926
vn -0.0471 0.5447 0.8373
vn -0.0445 0.8528 0.5203
vn -0.1607 0.5529 0.8176
vn -0.0886 0.6025 0.7932
vn -0.0522 0.5531 0.8315
vn -0.0822 0.9451 0.3162
vn -0.0502 0.9455 0.3216
vn -0.9587 0.2839 -0.0159
vn 0.0432 0.9981 -0.0440
vn -0.9931 0.1132 0.0314
vn 0.6717 0.7357 0.0867
vn 0.9277 0.2161 0.3046
vn 0.4376 0.8989 -0.0219
vn 0.1104 -0.7108 0.6946
vn -0.8290 0.5570 -0.0501
vn 0.2129 0.9771 0.0011
vn 0.9515 0.0367 0.3053
vn 0.8570 0.4168 0.3030
vn 0.1979 0.9779 -0.0676
vn -0.3516 -0.6731 0.6506
vn 0.1115 0.9899 -0.0876
vn 0.1004 0.9942 0.0373
vn 0.9275 0.1325 0.3496
vn 0.9357 0.1374 0.3250
vn -0.9491 0.0579 0.3095
vn 0.8048 -0.3752 0.4599
vn 0.9436 0.0290 0.3299
vn -0.1483 0.9878 -0.0482
vn 0.6335 -0.3759 0.6763
vn 0.4659 0.8824 0.0660
vn -0.7330 0.6631 0.1513
vn -0.0424 -0.2514 0.9669
vn 0.2347 -0.6156 0.7523
vn -0.0927 0.9957 0.0031
vn 0.9828 -0.0275 0.1828
vn -0.1213 -0.9092 0.3983
vn 0.9343 0.0666 0.3502
vn 0.3547 -0.4819 0.8012
vn 0.0933 0.9953 0.0266
vn 0.9255 0.2904 0.2430
vn 0.9389 0.0952 0.3307
vn -0.9865 -0.1357 0.0921
vn 0.3128 0.9498 -0.0036
vn -0.0703 0.2077 0.9757
vn -0.6855 -0.1631 0.7095
vn 0.3455 0.0137 0.9383
vn -0.1179 0.2097 0.9706
vn -0.0938 0.5266 0.8449
vn 0.4553 0.4459 0.7706
vn -0.2084 0.5170 0.8302
vn -0.2250 0.5013 0.8355
vn -0.1778 0.5075 0.8431
vn -0.0583 0.4858 0.8721
vn 0.1420 0.3407 0.9294
vn -0.2957 0.1926 0.9357
vn -0.2816 0.1845 0.9416
vn -0.1731 0.1892 0.9666
vn 0.8493 0.0370 0.5266
vn 0.0449 0.9983 -0.0379
vn -0.5001 0.8565 0.1277
vn -0.4999 0.8566 0.1277
vn 0.0307 -0.0215 0.9993
vn -0.0955 -0.0954 0.9908
vn 0.1222 -0.1835 0.9754
vn -0.1288 -0.0431 0.9907
vn 0.0088 0.0561 0.9984
vn 0.0815 0.0535 0.9952
vn 0.1439 -0.0446 0.9886
vn -0.1191 -0.1444 0.9823
vn -0.0873 -0.0732 0.9935
vn 0.2698 0.0797 0.9596
vn -0.1522 0.0315 0.9879
vn 0.1334 0.0392 0.9903
vn -0.1070 -0.0864 0.9905
vn -0.0989 -0.1896 0.9769
vn 0.2677 -0.0052 0.9635
vn -0.1485 -0.0954 0.9843
vn 0.0914 -0.1077 0.9900
vn 0.0898 -0.1033 0.9906
vn -0.0580 -0.0471 0.9972
vn 0.1352 -0.0766 0.9878
vn -0.0708 0.0030 0.9975
vn -0.1174 0.0462 0.9920
vn 0.2455 0.1236 0.9615
vn -0.1594 -0.0101 0.9872
vn 0.0820 0.1121 0.9903
vn 0.2501 -0.1026 0.9628
vn -0.1179 -0.0722 0.9904
vn -0.0503 -0.1316 0.9900
vn -0.0977 -0.1575 0.9827
vn -0.1831 0.0033 0.9831
vn 0.1286 -0.1340 0.9826
vn 0.1498 -0.1059 0.9830
vn -0.2449 -0.1024 0.9641
vn -0.0730 -0.1993 0.9772
vn -0.0989 -0.2183 0.9709
vn -0.3339 -0.0551 0.9410
vn -0.0134 0.3190 0.9477
vn 0.0609 0.2910 0.9548
vn 0.0373 0.2832 0.9583
vn 0.0667 0.2955 0.9530
vn 0.0624 0.3029 0.9510
vn 0.0617 0.3043 0.9506
vn 0.0675 0.2942 0.9534
vn 0.0354 0.3302 0.9432
vn 0.0769 0.3227 0.9434
vn 0.0648 0.2684 0.9611
vn 0.0647 0.2688 0.9610
vn 0.0669 0.2756 0.9590
vn 0.0616 0.3603 0.9308
vn 0.0637 0.3573 0.9318
vn 0.0611 0.3543 0.9331
vn 0.0647 0.2941 0.9536
vn 0.0482 0.3371 0.9402
vn 0.0793 0.3786 0.9222
vn 0.0756 0.4371 0.8962
vn 0.1061 0.4126 0.9047
vn 0.0787 0.4052 0.9108
vn 0.0095 0.4649 0.8853
vn 0.0827 0.3875 0.9181
vn 0.0679 0.4649 0.8827
vn 0.0667 0.3533 0.9331
vn 0.0469 0.4566 0.8884
vn 0.1094 0.3567 0.9278
vn 0.2827 0.1257 0.9509
vn 0.1994 0.1239 0.9721
vn 0.1566 0.3291 0.9312
vn -0.3423 0.5384 0.7700
vn 0.0672 0.2759 0.9588
vn 0.0631 0.2624 0.9629
vn -0.2220 0.1641 0.9611
vn -0.4993 0.2048 0.8419
vn 0.0588 0.3272 0.9431
vn 0.0034 0.7336 0.6796
vn 0.0868 0.3269 0.9411
vn 0.1466 0.2566 0.9553
vn 0.3576 0.1163 0.9266
vn 0.4276 0.2324 0.8736
vn 0.2436 0.3390 0.9087
vn 0.0207 0.7337 0.6792
vn 0.2318 0.3175 0.9195
vn 0.2319 0.3161 0.9199
vn 0.2325 0.3059 0.9232
vn 0.2325 0.3049 0.9236
vn 0.3164 0.1753 0.9323
vn 0.3071 0.2602 0.9154
vn 0.1597 0.3632 0.9179
vn 0.0289 0.7077 0.7059
vn 0.3956 -0.1433 0.9072
vn 0.2150 0.3249 0.9210
vn 0.2649 0.1934 0.9447
vn 0.2353 0.1984 0.9514
vn -0.1177 0.5601 0.8200
vn 0.0813 0.3782 0.9221
vn -0.2205 0.5098 0.8315
vn -0.0496 0.4781 0.8769
vn 0.0150 0.6880 0.7255
vn 0.0977 0.4717 0.8763
vn 0.0494 0.7305 0.6811
vn 0.1249 0.4789 0.8689
vn 0.0314 0.7656 0.6425
vn 0.0323 0.7657 0.6424
vn 0.0315 0.7660 0.6421
vn 0.2047 0.4190 0.8846
vn 0.0920 0.4666 0.8796
vn 0.1128 0.3897 0.9140
vn 0.1760 0.3688 0.9127
vn -0.2898 0.6890 0.6643
vn -0.0992 0.8958 0.4332
vn -0.1502 0.9215 0.3582
vn 0.9670 0.2536 -0.0233
vn -0.1638 0.9860 -0.0329
vn 0.9962 0.0655 0.0583
vn -0.7240 0.6857 -0.0750
vn -0.5635 0.8256 0.0278
vn 0.0426 -0.6765 0.7352
vn 0.8346 0.5398 -0.1102
vn -0.3623 0.9234 -0.1272
vn -0.9742 0.0129 0.2254
vn -0.8536 0.4274 0.2978
vn 0.4066 -0.6178 0.6731
vn 0.0174 0.9669 -0.2547
vn -0.0834 0.9910 -0.1046
vn -0.9613 -0.0015 0.2756
vn -0.9625 0.0005 0.2713
vn -0.9638 0.0007 0.2667
vn -0.9649 0.0003 0.2625
vn 0.9417 0.2664 0.2056
vn -0.7734 -0.4420 0.4544
vn -0.7734 -0.4419 0.4544
vn -0.9665 -0.0202 0.2557
vn 0.0440 0.9984 -0.0361
vn -0.5243 -0.4539 0.7205
vn -0.3135 0.9491 -0.0297
vn 0.7595 0.6282 0.1688
vn -0.6852 0.6727 0.2792
vn -0.3202 -0.7887 0.5247
vn -0.4837 -0.6964 0.5301
vn -0.4838 -0.6964 0.5301
vn -0.1488 -0.6052 0.7821
vn -0.1488 -0.6053 0.7820
vn -0.3881 0.9093 0.1499
vn 0.0730 0.9971 0.0204
vn -0.9877 -0.0481 0.1487
vn -0.1639 -0.8335 0.5276
vn 0.0131 -0.8435 0.5370
vn -0.9684 0.0320 0.2474
vn -0.1892 -0.6800 0.7083
vn -0.2022 0.9757 0.0839
vn -0.9447 0.1991 0.2604
vn 0.3885 -0.7875 0.4785
vn -0.9662 -0.0019 0.2579
vn 0.9567 -0.2318 0.1763
vn -0.4678 0.8814 -0.0653
vn 0.3855 0.3867 0.8378
vn 0.0615 -0.1815 0.9815
vn 0.0955 -0.0190 0.9952
vn 0.0593 0.3607 0.9308
vn -0.5997 0.2220 0.7688
vn 0.0724 0.3513 0.9335
vn 0.2372 0.3658 0.9000
vn 0.1928 0.3817 0.9040
vn 0.0744 0.3764 0.9235
vn -0.3055 0.0946 0.9475
vn 0.1250 -0.0625 0.9902
vn 0.3749 -0.0399 0.9262
vn 0.2683 -0.0147 0.9632
vn -0.8560 0.0130 0.5168
vn 0.0314 0.3336 0.9422
vn 0.0736 0.3177 0.9453
vn 0.0761 0.3170 0.9454
vn 0.0831 0.3241 0.9424
vn 0.0846 0.3258 0.9417
vn 0.0845 0.3258 0.9417
vn 0.0342 0.3400 0.9398
vn 0.0179 0.3275 0.9447
vn 0.0199 0.3277 0.9446
vn 0.0100 0.3273 0.9449
vn 0.0291 0.3353 0.9416
vn 0.0084 0.3277 0.9448
vn 0.0246 0.3201 0.9471
vn 0.0130 0.3236 0.9461
vn 0.0128 0.3236 0.9461
vn 0.0229 0.3555 0.9344
vn -0.0474 0.3634 0.9304
vn -0.0525 0.3630 0.9303
vn -0.0467 0.3641 0.9302
vn -0.0463 0.3632 0.9305
vn -0.0046 0.4826 0.8758
vn 0.0033 0.4412 0.8974
vn 0.0037 0.4415 0.8973
vn 0.0774 0.3886 0.9182
vn 0.0458 0.4013 0.9148
vn 0.0363 0.4314 0.9014
vn 0.0469 0.4306 0.9013
vn 0.0452 0.4309 0.9013
vn -0.0973 0.5110 0.8541
vn 0.0217 0.5198 0.8540
vn 0.1425 0.3968 0.9068
vn 0.0354 0.4302 0.9020
vn -0.0568 0.4028 0.9135
vn 0.0587 0.4578 0.8871
vn 0.1706 0.3757 0.9109
vn -0.0495 0.3506 0.9352
vn -0.0504 0.3506 0.9352
vn -0.0514 0.3505 0.9352
vn 0.4470 0.5089 0.7357
vn 0.4470 0.5089 0.7356
vn 0.0130 0.3238 0.9460
vn -0.0249 0.3086 0.9509
vn 0.3845 0.2405 0.8912
vn 0.3991 0.1112 0.9102
vn -0.0518 0.3490 0.9357
vn 0.0890 0.6997 0.7089
vn -0.0016 0.3291 0.9443
vn -0.0009 0.3290 0.9443
vn -0.0014 0.3288 0.9444
vn -0.0012 0.3286 0.9445
vn 0.0285 0.1547 0.9875
vn 0.1095 0.2571 0.9601
vn 0.1530 0.3824 0.9113
vn 0.0493 0.6957 0.7166
vn 0.1670 0.3285 0.9296
vn 0.1801 0.3117 0.9330
vn 0.2218 0.1367 0.9655
vn 0.1438 0.2957 0.9444
vn 0.2878 0.3897 0.8748
vn 0.1133 0.6899 0.7150
vn 0.4453 -0.1215 0.8871
vn 0.4454 -0.1215 0.8871
vn 0.3306 0.3174 0.8888
vn 0.3457 0.1385 0.9281
vn 0.3319 0.2288 0.9152
vn 0.1961 0.6081 0.7692
vn -0.0140 0.4121 0.9110
vn 0.3327 0.5195 0.7870
vn 0.1258 0.4893 0.8630
vn 0.0361 0.6846 0.7281
vn 0.0024 0.4642 0.8857
vn 0.0267 0.7222 0.6912
vn 0.1130 0.4873 0.8659
vn 0.0335 0.7658 0.6422
vn 0.0448 0.4464 0.8937
vn 0.1240 0.4577 0.8804
vn -0.0367 0.4363 0.8990
vn -0.0904 0.3461 0.9338
vn 0.3833 0.7191 0.5796
vn -0.1415 0.8998 0.4126
vn -0.0514 0.9455 0.3217
vn -0.9842 0.1601 0.0752
vn 0.1234 0.9907 0.0576
vn -0.9469 -0.1638 0.2766
vn 0.8364 0.5478 0.0168
vn 0.9715 0.2258 0.0718
vn 0.9715 0.2262 0.0716
vn 0.6477 0.7613 0.0302
vn 0.0981 -0.7026 0.7048
vn -0.9194 0.3929 0.0164
vn 0.4403 0.8948 -0.0736
vn 0.9835 0.1361 0.1195
vn 0.8874 0.4438 0.1249
vn -0.4090 -0.6488 0.6416
vn 0.0899 0.9658 -0.2433
vn 0.2428 0.9679 -0.0648
vn 0.9691 0.2463 0.0143
vn 0.9874 0.1452 0.0630
vn -0.9024 -0.2086 0.3771
vn 0.9708 -0.1721 0.1671
vn 0.9967 0.0349 0.0726
vn -0.1817 0.9810 0.0681
vn 0.8614 -0.0974 0.4985
vn 0.5360 0.8431 -0.0441
vn -0.8900 0.3558 0.2851
vn 0.7511 0.6399 0.1622
vn 0.0423 -0.2545 0.9661
vn 0.3360 -0.5707 0.7493
vn 0.4808 0.8634 0.1528
vn -0.1038 0.9852 0.1365
vn 0.9977 0.0618 0.0264
vn 0.9977 0.0619 0.0264
vn -0.2123 -0.8449 0.4909
vn 0.9944 0.0395 0.0979
vn 0.2490 0.9553 0.1594
vn 0.9293 0.3645 0.0603
vn -0.5912 -0.7084 0.3856
vn 0.9869 0.0362 0.1570
vn -0.8066 -0.4697 0.3589
vn 0.0679 0.1317 0.9890
vn -0.4401 -0.2973 0.8473
vn 0.5516 0.1217 0.8252
vn 0.0083 0.1834 0.9830
vn 0.0069 0.3716 0.9283
vn 0.6648 0.3145 0.6775
vn 0.0064 0.3285 0.9445
vn 0.1730 0.3615 0.9162
vn 0.2614 0.3867 0.8844
vn -0.0387 0.4307 0.9017
vn 0.3527 0.2895 0.8898
vn -0.1264 0.0167 0.9918
vn 0.2886 0.0103 0.9574
vn 0.3993 0.0211 0.9166
vn 0.9409 0.2102 0.2657
vn -0.2052 0.9787 -0.0000
vn 0.2115 0.9765 -0.0408
vn -0.3459 0.9383 -0.0001
vn -0.8338 0.5517 0.0203
vn 0.3922 0.9158 -0.0867
vn -0.1883 0.6629 -0.7247
vn -0.1972 0.7117 -0.6742
vn -0.2232 0.7352 -0.6401
vn -0.2674 0.7327 -0.6259
vn -0.3483 0.7250 -0.5942
vn 0.2776 -0.4709 0.8374
vn -0.3799 0.6608 -0.6473
vn -0.9103 0.3499 -0.2212
vn -0.1066 -0.0235 -0.9940
vn 0.2684 0.9121 -0.3097
vn 0.3505 0.8266 -0.4404
vn -0.4169 -0.4962 0.7616
vn 0.4514 -0.8180 -0.3564
vn 0.0228 0.9992 -0.0343
vn 0.5520 0.2166 0.8052
vn 0.6657 0.1467 0.7316
vn 0.7641 0.0719 0.6411
vn 0.8683 0.0640 0.4919
vn 0.0587 0.9977 -0.0338
vn -0.2076 0.9762 0.0627
vn -0.3491 0.9355 0.0540
vn -0.3501 0.6633 -0.6614
vn -0.3217 0.6845 -0.6542
vn -0.2556 0.6943 -0.6727
vn -0.1657 0.6644 -0.7288
vn -0.1793 0.7123 -0.6786
vn -0.2115 0.7418 -0.6364
vn -0.2538 0.7449 -0.6170
vn -0.3403 0.7400 -0.5802
vn 0.2857 -0.3786 0.8804
vn 0.3059 -0.3814 0.8723
vn 0.3604 -0.3674 0.8574
vn 0.5158 -0.4405 0.7348
vn 0.5151 -0.4248 0.7444
vn 0.4976 -0.3578 0.7901
vn 0.4448 -0.3273 0.8337
vn 0.4603 -0.3516 0.8152
vn 0.2007 -0.4549 0.8676
vn -0.3561 0.6768 -0.6443
vn -0.4948 0.8671 0.0575
vn -0.9268 0.3335 -0.1730
vn -0.0895 -0.0676 -0.9937
vn 0.5094 0.2513 0.8230
vn 0.1217 0.9838 -0.1320
vn 0.2378 0.9503 -0.2010
vn 0.3295 0.8801 -0.3419
vn 0.3853 0.7911 -0.4751
vn 0.3854 0.7911 -0.4751
vn 0.4187 0.2691 0.8673
vn 0.1845 0.2571 0.9486
vn 0.0448 0.2616 0.9641
vn -0.1213 0.2194 0.9681
vn -0.4987 -0.4375 0.7482
vn 0.4416 -0.8155 -0.3741
vn 0.0239 0.9993 -0.0296
vn 0.5522 0.1863 0.8126
vn 0.0445 0.9987 -0.0242
vn -0.1196 0.9907 0.0648
vn -0.3095 0.9443 0.1117
vn -0.3095 0.9443 0.1116
vn -0.4374 0.5949 -0.6744
vn -0.3435 0.6468 -0.6809
vn -0.2618 0.6826 -0.6823
vn -0.1786 0.6640 -0.7261
vn -0.1889 0.7125 -0.6758
vn -0.2179 0.7380 -0.6387
vn -0.2608 0.7385 -0.6217
vn -0.3449 0.7332 -0.5860
vn 0.3855 -0.2958 0.8740
vn 0.3589 -0.3238 0.8754
vn 0.3568 -0.3566 0.8634
vn 0.5019 -0.4327 0.7489
vn 0.4440 -0.3351 0.8310
vn 0.4592 -0.3597 0.8123
vn 0.2492 -0.4253 0.8700
vn -0.4070 0.6439 -0.6479
vn -0.5290 0.8398 0.1222
vn -0.9036 0.3774 -0.2026
vn -0.1001 -0.0433 -0.9940
vn 0.5113 0.2170 0.8316
vn 0.1266 0.9846 -0.1204
vn 0.2296 0.9550 -0.1878
vn 0.2965 0.9092 -0.2922
vn 0.3805 0.8187 -0.4301
vn 0.3961 0.2471 0.8843
vn 0.2805 0.2649 0.9226
vn 0.2060 0.2546 0.9449
vn -0.0246 0.1212 0.9923
vn -0.4399 -0.4492 0.7776
vn 0.4442 -0.8159 -0.3702
vn 0.4443 -0.8159 -0.3699
vn 0.0105 0.9989 -0.0465
vn 0.0660 0.9965 -0.0509
vn -0.0840 0.9960 0.0291
vn -0.3656 0.6654 -0.6509
vn -0.2759 0.6842 -0.6751
vn -0.1849 0.6631 -0.7254
vn -0.1945 0.7102 -0.6766
vn -0.2212 0.7362 -0.6396
vn -0.2641 0.7357 -0.6236
vn -0.3474 0.7288 -0.5901
vn -0.3833 0.6617 -0.6444
vn -0.9052 0.3619 -0.2230
vn -0.1053 -0.0312 -0.9940
vn 0.4497 -0.8161 -0.3629
vn -0.6038 0.7851 -0.1376
vn 0.5384 0.7005 0.4685
vn 0.0187 0.8516 0.5239
vn -0.2230 0.7270 0.6494
vn 0.7987 0.6009 -0.0315
vn 0.1702 0.7652 0.6209
vn 0.4976 0.7975 0.3410
vn 0.3600 0.9290 0.0861
vn -0.1196 0.7639 -0.6341
vn 0.8204 0.5613 0.1089
vn 0.1422 0.7663 0.6266
vn 0.2944 0.2198 0.9301
vn -0.4752 0.6230 0.6214
vn 0.1257 0.7583 0.6396
vn 0.6780 0.6849 0.2669
vn 0.6669 0.6390 0.3833
vn -0.3436 0.8123 0.4712
vn -0.2572 0.7125 0.6529
vn -0.1107 -0.3770 -0.9196
vn 0.1062 0.7669 0.6329
vn 0.5035 0.7279 0.4654
vn 0.5936 0.3625 -0.7185
vn 0.8483 0.3360 -0.4092
vn 0.9472 0.3163 -0.0528
vn 0.9545 0.2902 0.0691
vn -0.7670 0.5804 0.2735
vn -0.8741 0.4789 -0.0812
vn 0.7905 0.3594 -0.4959
vn -0.2697 0.6009 0.7524
vn -0.5799 0.5931 0.5585
vn -0.4298 0.7760 -0.4616
vn 0.5903 0.2089 0.7797
vn -0.9084 0.1473 -0.3913
vn -0.6490 -0.3407 -0.6802
vn -0.0426 0.7703 -0.6362
vn -0.4084 0.6262 0.6641
vn 0.6192 0.6710 0.4079
vn 0.4753 0.7268 0.4958
vn -0.0072 0.9999 -0.0089
vn -0.0607 0.9980 0.0189
vn -0.0607 0.9980 0.0190
vn 0.0538 0.6442 -0.7630
vn 0.0291 0.6720 -0.7400
vn -0.0639 0.6921 -0.7190
vn -0.1729 0.6607 -0.7305
vn -0.1373 0.7121 -0.6885
vn -0.0943 0.7381 -0.6680
vn -0.0454 0.7388 -0.6724
vn 0.0436 0.7324 -0.6795
vn 0.0584 -0.3823 0.9222
vn -0.0282 -0.3657 0.9303
vn 0.0363 0.6706 -0.7409
vn 0.7102 0.3421 -0.6153
vn -0.3763 -0.0256 -0.9261
vn 0.7379 -0.4997 0.4536
vn -0.5708 -0.8160 -0.0913
vn -0.0294 0.9994 -0.0170
vn -0.1045 0.2106 0.9720
vn -0.2411 0.1458 0.9595
vn -0.3747 0.0758 0.9240
vn -0.5307 0.0701 0.8447
vn -0.0641 0.9979 -0.0080
vn 0.2172 0.9746 -0.0550
vn 0.3351 0.9327 -0.1330
vn 0.0064 0.6600 -0.7512
vn -0.0155 0.6824 -0.7308
vn -0.0873 0.6918 -0.7168
vn -0.1945 0.6633 -0.7227
vn -0.1662 0.7083 -0.6861
vn -0.1147 0.7388 -0.6640
vn -0.0623 0.7419 -0.6677
vn 0.0324 0.7363 -0.6759
vn 0.1573 -0.3776 0.9125
vn 0.1363 -0.3790 0.9153
vn 0.0844 -0.3642 0.9275
vn -0.1102 -0.4350 0.8937
vn -0.1043 -0.4194 0.9018
vn -0.0679 -0.3530 0.9332
vn -0.0004 -0.3226 0.9465
vn -0.0227 -0.3483 0.9371
vn 0.2260 -0.4526 0.8626
vn 0.0168 0.6730 -0.7395
vn 0.4569 0.8657 -0.2044
vn 0.6930 0.3823 -0.6112
vn -0.3905 -0.0727 -0.9177
vn -0.0580 0.2430 0.9683
vn -0.1651 0.9852 -0.0452
vn -0.3097 0.9486 -0.0650
vn -0.4542 0.8769 -0.1572
vn -0.5601 0.7940 -0.2363
vn 0.0393 0.2633 0.9639
vn 0.2821 0.2575 0.9242
vn 0.4138 0.2651 0.8709
vn 0.5637 0.2288 0.7936
vn 0.8056 -0.4130 0.4247
vn -0.5690 -0.8142 -0.1154
vn -0.0292 0.9994 -0.0179
vn -0.1009 0.1910 0.9764
vn -0.0448 0.9990 0.0002
vn 0.1423 0.9898 0.0004
vn 0.3314 0.9421 -0.0517
vn 0.0741 0.5905 -0.8036
vn -0.0130 0.6426 -0.7661
vn -0.0883 0.6779 -0.7299
vn -0.1809 0.6614 -0.7279
vn -0.1493 0.7094 -0.6888
vn -0.1064 0.7370 -0.6675
vn -0.0598 0.7369 -0.6733
vn 0.0308 0.7285 -0.6843
vn 0.0693 -0.2906 0.9543
vn 0.0925 -0.3183 0.9435
vn 0.0923 -0.3520 0.9314
vn -0.0908 -0.4267 0.8998
vn -0.0230 -0.3554 0.9344
vn 0.1925 -0.4236 0.8852
vn 0.0486 0.6424 -0.7649
vn 0.5204 0.8414 -0.1456
vn 0.6998 0.3735 -0.6089
vn -0.3821 -0.0456 -0.9230
vn -0.3821 -0.0458 -0.9230
vn -0.0558 0.2225 0.9733
vn -0.1622 0.9851 -0.0569
vn -0.2841 0.9565 -0.0666
vn -0.3948 0.9105 -0.1228
vn -0.5328 0.8218 -0.2019
vn 0.0705 0.2528 0.9650
vn 0.1873 0.2708 0.9443
vn 0.2644 0.2580 0.9293
vn 0.4915 0.1230 0.8621
vn 0.7543 -0.4525 0.4757
vn -0.5715 -0.8123 -0.1163
vn -0.0228 0.9991 -0.0344
vn -0.0718 0.9974 -0.0090
vn 0.0976 0.9952 -0.0004
vn 0.2174 0.9752 -0.0416
vn 0.0511 0.6374 -0.7688
vn 0.0230 0.6655 -0.7460
vn -0.0704 0.6859 -0.7243
vn -0.1769 0.6618 -0.7285
vn -0.1451 0.7086 -0.6906
vn -0.1032 0.7331 -0.6722
vn -0.0580 0.7334 -0.6773
vn 0.0329 0.7284 -0.6843
vn 0.0237 -0.3698 0.9288
vn 0.0201 -0.3643 0.9310
vn 0.0175 -0.3726 0.9278
vn 0.0612 -0.3760 0.9246
vn -0.0874 -0.4283 0.8994
vn -0.0540 -0.3562 0.9329
vn -0.0015 -0.3361 0.9418
vn -0.0230 -0.3615 0.9321
vn 0.0356 0.6634 -0.7475
vn 0.4260 0.8955 -0.1289
vn 0.6983 0.3552 -0.6215
vn -0.3774 -0.0339 -0.9254
vn -0.1581 0.9845 -0.0759
vn -0.2775 0.9565 -0.0902
vn -0.3823 0.9118 -0.1499
vn -0.5192 0.8253 -0.2220
vn -0.5723 -0.8136 -0.1029
vn 0.5535 0.7941 -0.2512
vn 0.1993 0.8568 0.4755
vn 0.1954 0.0745 -0.9779
vn -0.7697 0.6025 0.2110
vn 0.3105 0.7507 -0.5831
vn -0.4943 0.7062 -0.5070
vn -0.2840 -0.3998 -0.8715
vn -0.2977 0.7405 0.6025
vn -0.1780 0.7300 0.6598
vn -0.6291 0.0065 -0.7773
vn -0.5755 0.6128 0.5416
vn 0.5874 0.7427 -0.3215
vn -0.0919 0.3198 0.9430
vn 0.1084 0.5858 0.8032
vn -0.6679 0.5680 0.4809
vn 0.1034 0.4478 0.8881
vn 0.9260 0.2090 0.3145
vn 0.6057 0.2648 -0.7503
vn 0.1953 0.7634 0.6157
vn 0.4018 0.6113 -0.6819
vn -0.3502 0.6675 0.6571
vn -0.8672 0.3459 -0.3583
vn -0.9405 0.3371 -0.0433
vn 0.6798 0.7332 0.0180
vn 0.6372 0.7699 0.0355
vn -0.9125 0.3248 0.2487
vn -0.8711 0.3881 0.3009
vn -0.8924 0.4479 -0.0542
vn 0.7863 0.6079 -0.1100
vn 0.7015 0.5278 -0.4788
vn 0.4728 0.6777 0.5633
vn 0.7508 0.6058 0.2634
vn -0.7913 0.3926 0.4687
vn -0.3977 0.3296 0.8563
vn -0.7503 0.5345 0.3891
vn 0.1962 0.7696 0.6076
vn 0.2965 -0.1695 -0.9398
vn -0.3762 0.2020 0.9043
vn -0.1375 0.3564 0.9242
vn -0.2438 0.8505 0.4661
vn -0.5141 0.4648 0.7209
vn 0.2834 -0.8971 0.3390
vn 0.3429 -0.9382 -0.0469
vn 0.3422 -0.9331 -0.1107
vn 0.3393 -0.9011 0.2700
vn 0.2752 -0.9570 -0.0922
vn 0.2790 -0.9221 0.2682
vn 0.2695 -0.9607 0.0661
vn 0.3110 -0.8902 0.3328
vn 0.3218 -0.8875 0.3300
vn 0.3820 -0.7873 0.4840
vn 0.3713 -0.8301 0.4160
vn 0.4788 -0.6543 0.5854
vn 0.3570 -0.8903 0.2826
vn 0.6014 -0.5637 0.5661
vn 0.2082 -0.9535 0.2177
vn 0.7348 -0.4197 0.5328
vn 0.0654 -0.9739 0.2175
vn 0.7959 -0.3460 0.4968
vn 0.6830 -0.7267 0.0740
vn 0.7880 -0.5162 0.3355
vn -0.5446 -0.3026 0.7822
vn -0.4869 -0.2744 0.8292
vn 0.3114 -0.9476 0.0713
vn 0.1991 -0.9083 0.3679
vn 0.1329 -0.5407 0.8306
vn 0.2072 -0.5353 0.8188
vn 0.2185 -0.5790 0.7855
vn 0.3395 -0.4938 0.8006
vn 0.4817 -0.2979 0.8241
vn 0.5777 0.0130 0.8162
vn 0.6987 0.3181 0.6408
vn 0.7463 0.4834 0.4575
vn 0.8005 0.5160 0.3049
vn 0.9858 0.0288 0.1655
vn -0.0571 -0.8949 0.4425
vn 0.1458 -0.9599 0.2394
vn -0.0846 -0.5723 0.8157
vn -0.3163 -0.6454 0.6953
vn -0.0178 0.3368 0.9414
vn -0.1584 0.8419 0.5159
vn 0.0755 0.2883 0.9546
vn -0.0708 0.8136 0.5771
vn 0.2243 0.3699 0.9016
vn 0.0932 0.7898 0.6063
vn 0.3555 0.4931 0.7940
vn 0.2880 0.7268 0.6236
vn 0.4546 0.6079 0.6510
vn 0.4422 0.7024 0.5577
vn 0.5620 0.6490 0.5128
vn 0.5070 0.7519 0.4215
vn 0.6645 0.6495 0.3696
vn 0.6049 0.7602 0.2372
vn 0.7502 0.6179 0.2354
vn 0.7002 0.6985 0.1478
vn 0.8323 0.5372 0.1370
vn 0.8799 0.4661 0.0922
vn -0.4049 -0.7741 0.4867
vn 0.9975 -0.0168 0.0689
vn 0.3764 0.2042 0.9037
vn 0.5136 0.4673 0.7196
vn 0.2410 0.8522 0.4644
vn 0.1367 0.3586 0.9234
vn -0.2797 -0.8982 0.3392
vn -0.3359 -0.9021 0.2709
vn -0.3386 -0.9345 -0.1101
vn -0.3386 -0.9398 -0.0456
vn -0.2765 -0.9226 0.2689
vn -0.2729 -0.9576 -0.0924
vn -0.3081 -0.8909 0.3336
vn -0.2670 -0.9613 0.0680
vn -0.3788 -0.7884 0.4846
vn -0.3194 -0.8868 0.3341
vn -0.4761 -0.6563 0.5854
vn -0.3693 -0.8296 0.4188
vn -0.5990 -0.5661 0.5663
vn -0.3550 -0.8907 0.2839
vn -0.7340 -0.4200 0.5337
vn -0.2077 -0.9530 0.2207
vn -0.7954 -0.3461 0.4975
vn -0.0676 -0.9731 0.2203
vn -0.7885 -0.5152 0.3359
vn -0.6829 -0.7267 0.0745
vn 0.4891 -0.2715 0.8289
vn 0.5465 -0.3007 0.7816
vn -0.3079 -0.9486 0.0729
vn -0.1964 -0.9089 0.3680
vn -0.1307 -0.5412 0.8307
vn -0.2049 -0.5357 0.8192
vn -0.2165 -0.5792 0.7859
vn -0.3377 -0.4951 0.8005
vn -0.4805 -0.3019 0.8234
vn -0.5779 0.0080 0.8161
vn -0.6999 0.3150 0.6411
vn -0.7474 0.4816 0.4576
vn -0.8018 0.5142 0.3046
vn -0.9859 0.0257 0.1656
vn -0.1431 -0.9602 0.2401
vn 0.0598 -0.8950 0.4419
vn 0.0866 -0.5725 0.8153
vn 0.3193 -0.6445 0.6948
vn 0.1551 0.8428 0.5154
vn 0.0162 0.3361 0.9417
vn 0.0683 0.8145 0.5761
vn -0.0763 0.2888 0.9543
vn -0.0945 0.7909 0.6047
vn -0.2251 0.3696 0.9015
vn -0.2896 0.7275 0.6220
vn -0.3567 0.4927 0.7937
vn -0.4442 0.7012 0.5577
vn -0.4572 0.6058 0.6512
vn -0.5112 0.7482 0.4229
vn -0.5647 0.6458 0.5138
vn -0.6093 0.7559 0.2396
vn -0.6673 0.6463 0.3701
vn -0.7030 0.6956 0.1482
vn -0.7529 0.6142 0.2364
vn -0.8816 0.4629 0.0925
vn -0.8342 0.5342 0.1368
vn 0.4092 -0.7722 0.4861
vn -0.9974 -0.0195 0.0692
vn -0.3141 -0.8937 0.3205
vn -0.8160 -0.3947 0.4224
vn -0.9191 -0.3882 0.0678
vn -0.3784 -0.9248 -0.0384
vn -0.9231 -0.3673 -0.1138
vn -0.3904 -0.8936 -0.2213
vn 0.3914 0.8311 0.3951
vn -0.2989 0.8326 0.4663
vn -0.1948 0.6221 0.7584
vn 0.3477 0.6218 0.7017
vn -0.0736 0.3630 0.9289
vn 0.2670 0.3554 0.8958
vn -0.5899 0.2278 0.7747
vn -0.3207 0.1045 0.9414
vn -0.8095 0.3312 0.4848
vn -0.3632 0.9237 0.1221
vn -0.9085 0.3951 0.1363
vn -0.3707 0.9269 -0.0589
vn -0.9148 0.4011 -0.0485
vn 0.8722 -0.3636 -0.3273
vn 0.8751 0.4093 -0.2581
vn 0.9176 0.3925 -0.0633
vn 0.9123 -0.3874 -0.1327
vn 0.8944 0.3278 0.3042
vn 0.8854 -0.3979 0.2402
vn 0.7458 0.2225 0.6279
vn 0.7392 -0.3487 0.5762
vn 0.5110 0.0971 0.8541
vn 0.5072 -0.2635 0.8206
vn 0.3351 -0.8913 -0.3054
vn 0.3706 -0.9209 -0.1206
vn 0.3836 -0.8900 0.2466
vn 0.3770 0.9253 0.0425
vn 0.3443 0.9285 -0.1392
vn 0.3350 -0.7411 0.5818
vn -0.2041 -0.7379 0.6433
vn 0.2649 -0.5109 0.8178
vn -0.0764 -0.5132 0.8548
vn -0.5950 -0.3471 0.7250
vn -0.3242 -0.2627 0.9088
vn 0.3173 -0.8926 0.3203
vn 0.3818 -0.9235 -0.0386
vn 0.9205 -0.3849 0.0674
vn 0.8175 -0.3918 0.4221
vn 0.3937 -0.8921 -0.2215
vn 0.9244 -0.3639 -0.1140
vn -0.3943 0.8296 0.3955
vn -0.3495 0.6207 0.7018
vn 0.1929 0.6228 0.7583
vn 0.2961 0.8335 0.4665
vn -0.2680 0.3544 0.8959
vn 0.0726 0.3634 0.9288
vn 0.3205 0.1056 0.9413
vn 0.5892 0.2300 0.7746
vn 0.8084 0.3339 0.4848
vn 0.3600 0.9249 0.1223
vn 0.9071 0.3983 0.1363
vn 0.3676 0.9281 -0.0590
vn 0.9133 0.4043 -0.0486
vn -0.8711 -0.3659 -0.3276
vn -0.9109 -0.3907 -0.1326
vn -0.9191 0.3890 -0.0631
vn -0.8767 0.4061 -0.2579
vn -0.8954 0.3249 0.3044
vn -0.8838 -0.4013 0.2406
vn -0.7378 -0.3511 0.5765
vn -0.7464 0.2197 0.6282
vn -0.5061 -0.2653 0.8207
vn -0.5112 0.0954 0.8542
vn -0.3672 -0.9223 -0.1207
vn -0.3320 -0.8922 -0.3061
vn -0.3805 -0.8913 0.2468
vn -0.3802 0.9239 0.0427
vn -0.3478 0.9272 -0.1393
vn -0.3325 -0.7423 0.5818
vn 0.2067 -0.7372 0.6432
vn 0.0784 -0.5127 0.8550
vn -0.2630 -0.5118 0.8179
vn 0.5964 -0.3448 0.7248
vn 0.3253 -0.2615 0.9087
vn 0.1725 0.0802 0.9817
vn 0.2656 -0.0295 0.9636
vn 0.0384 0.0902 0.9952
vn 0.2683 -0.1610 0.9498
vn 0.1744 -0.2441 0.9540
vn 0.0364 -0.2486 0.9679
vn -0.0554 -0.1665 0.9845
vn -0.0546 -0.0178 0.9984
vn -0.1725 0.0797 0.9818
vn -0.2653 -0.0306 0.9637
vn -0.0385 0.0896 0.9952
vn -0.2674 -0.1618 0.9499
vn -0.1733 -0.2443 0.9541
vn -0.0356 -0.2484 0.9680
vn 0.0562 -0.1664 0.9845
vn 0.0549 -0.0176 0.9983
vn 0.9680 -0.0851 0.2360
vn 0.9948 -0.0026 0.1017
vn 0.9954 -0.0287 0.0912
vn 0.9979 -0.0193 -0.0612
vn 0.9904 -0.0338 -0.1340
vn 0.8376 -0.1615 -0.5218
vn -0.9732 -0.0395 0.2265
vn -0.9779 0.0585 0.2009
vn -0.9957 0.0724 0.0573
vn -0.9991 0.0377 -0.0196
vn -0.9713 -0.0183 -0.2371
vn -0.8307 -0.1434 -0.5379
vn -0.3744 0.5382 -0.7551
vn -0.0233 0.4067 -0.9133
vn -0.4624 0.3753 -0.8033
vn -0.2833 0.2388 -0.9288
vn -0.4079 0.5876 -0.6988
vn -0.5018 0.5153 -0.6948
vn -0.3949 0.5295 -0.7508
vn -0.2783 0.9601 0.0272
vn -0.1871 0.9776 -0.0964
vn -0.2019 0.9722 -0.1183
vn -0.3318 0.8336 -0.4416
vn -0.6136 0.7545 -0.2328
vn -0.4297 0.8984 -0.0903
vn -0.3890 0.9064 0.1645
vn -0.3907 0.8761 0.2823
vn -0.2829 0.7418 0.6081
vn -0.3183 0.8630 -0.3924
vn -0.6693 0.6806 0.2980
vn -0.5918 0.4946 0.6365
vn -0.3386 -0.0661 -0.9386
vn -0.5141 -0.2741 -0.8128
vn -0.5245 -0.2551 -0.8123
vn -0.5043 -0.2864 -0.8147
vn -0.5087 -0.4580 -0.7290
vn -0.6216 -0.6128 -0.4879
vn -0.2944 0.6176 -0.7293
vn -0.1194 0.2513 -0.9605
vn -0.5521 0.3264 -0.7672
vn -0.0585 0.3083 -0.9495
vn -0.2957 0.4111 -0.8623
vn -0.4397 0.5938 -0.6739
vn -0.8303 0.5571 0.0168
vn -0.6841 0.7184 0.1265
vn -0.7584 0.6317 -0.1610
vn -0.7394 0.6669 -0.0917
vn -0.7625 0.6432 0.0706
vn -0.8410 0.4491 -0.3016
vn -0.7639 0.6364 0.1071
vn -0.8173 0.5558 0.1521
vn -0.8565 0.4950 0.1463
vn -0.7637 0.3088 -0.5670
vn -0.9714 0.1708 -0.1648
vn -0.8054 0.5926 0.0145
vn -0.8054 0.5926 0.0144
vn -0.6306 0.7533 -0.1870
vn 0.1130 0.6479 -0.7533
vn 0.0732 0.6279 -0.7749
vn -0.1177 0.9021 -0.4151
vn -0.1653 0.9513 -0.2601
vn -0.3159 0.8711 -0.3760
vn -0.5826 0.7525 -0.3070
vn -0.2909 0.9416 -0.1696
vn -0.2017 0.9360 0.2885
vn -0.1640 0.9733 0.1608
vn -0.0678 0.9570 0.2820
vn -0.1434 0.8760 0.4605
vn -0.0979 0.9644 0.2458
vn 0.0322 0.9678 0.2497
vn 0.0400 0.6751 0.7367
vn 0.0400 0.6750 0.7368
vn 0.0815 -0.1101 0.9906
vn -0.6249 -0.2109 0.7517
vn -0.5036 0.2586 -0.8243
vn -0.2831 0.3490 -0.8934
vn -0.3419 0.4961 -0.7981
vn -0.5458 0.2373 -0.8037
vn -0.8506 -0.0377 -0.5244
vn -0.7909 -0.0398 -0.6106
vn -0.9461 0.0331 -0.3223
vn -0.9975 -0.0697 -0.0072
vn -0.2537 0.0779 -0.9641
vn -0.0839 0.0096 -0.9964
vn -0.9439 -0.0041 0.3303
vn -0.3371 0.2601 -0.9048
vn -0.5769 0.0494 -0.8153
vn -0.7593 0.0574 -0.6482
vn -0.6437 0.3530 -0.6789
vn -0.9553 0.2506 -0.1566
vn -0.9457 0.3243 -0.0214
vn -0.2157 0.3259 -0.9205
vn -0.0419 0.5040 -0.8627
vn -0.9048 0.1152 0.4099
vn -0.8850 0.1102 0.4523
vn -0.9958 0.0747 -0.0538
vn -0.8333 0.5433 -0.1024
vn -0.8020 0.5677 0.1858
vn -0.8029 0.5676 0.1824
vn -0.8002 0.5691 0.1889
vn -0.8667 0.4985 -0.0182
vn -0.4048 0.5086 -0.7599
vn -0.3844 0.5368 -0.7511
vn -0.6240 -0.2543 -0.7389
vn -0.4819 -0.1376 -0.8653
vn -0.7743 -0.0832 -0.6274
vn -0.8057 0.0480 -0.5904
vn -0.9172 -0.3067 -0.2541
vn -0.5324 -0.2512 0.8083
vn -0.8324 0.4302 0.3494
vn -0.7566 0.5746 0.3120
vn -0.7894 0.4876 0.3729
vn -0.8005 -0.1019 0.5906
vn -0.6345 -0.0855 0.7682
vn -0.9144 0.2878 0.2846
vn -0.9976 0.0064 0.0685
vn -0.4874 0.0577 -0.8713
vn -0.9924 0.0163 0.1219
vn -0.9310 0.2759 0.2389
vn -0.3689 0.5815 -0.7251
vn -0.2667 0.2149 -0.9395
vn -0.2013 0.4073 -0.8908
vn -0.9398 0.1047 0.3252
vn -0.9396 0.1045 0.3260
vn -0.9395 0.1075 0.3253
vn -0.9952 0.0828 0.0519
vn -0.6840 -0.1469 -0.7145
vn -0.9060 -0.0318 -0.4221
vn -0.8424 0.1147 -0.5265
vn -0.9560 0.1522 -0.2506
vn -0.9919 0.1267 0.0090
vn 0.1684 -0.2784 0.9456
vn -0.8119 -0.1102 0.5733
vn -0.8121 -0.1200 0.5710
vn -0.8122 -0.1216 0.5706
vn -0.4491 0.2695 -0.8519
vn 0.6042 0.0983 -0.7908
vn -0.9372 -0.2068 -0.2809
vn -0.6110 -0.2487 -0.7515
vn -0.9460 -0.3052 -0.1095
vn -0.0997 -0.2994 -0.9489
vn -0.0979 -0.3065 -0.9468
vn -0.0981 -0.3063 -0.9469
vn -0.1538 -0.1383 -0.9784
vn -0.0874 -0.4023 -0.9113
vn -0.0755 -0.4259 -0.9016
vn -0.0757 -0.4256 -0.9017
vn -0.0665 -0.4328 -0.8990
vn -0.0607 -0.2208 -0.9734
vn -0.1654 -0.1436 -0.9757
vn -0.2293 -0.1380 -0.9635
vn -0.6562 0.4243 -0.6240
vn 0.0404 0.3588 -0.9325
vn 0.1494 0.1338 -0.9797
vn 0.0214 0.0434 -0.9988
vn 0.1328 0.0979 -0.9863
vn -0.1240 0.8922 -0.4343
vn -0.1498 0.8832 -0.4444
vn -0.3227 0.8491 -0.4182
vn -0.2511 0.8283 -0.5008
vn -0.1349 0.9886 0.0673
vn 0.1980 0.9688 -0.1491
vn 0.1558 0.9604 0.2310
vn 0.3431 0.9264 0.1551
vn 0.1700 0.9368 0.3057
vn 0.1243 0.9099 0.3958
vn 0.3924 0.8954 0.2107
vn 0.3776 0.9214 0.0918
vn 0.4886 0.6316 0.6019
vn 0.4557 0.4870 0.7451
vn -0.0141 -0.1362 0.9906
vn 0.0427 -0.2310 0.9720
vn 0.2107 -0.2049 -0.9558
vn 0.4664 -0.2250 -0.8555
vn 0.4610 -0.3446 -0.8178
vn 0.4775 -0.4523 -0.7532
vn 0.4965 -0.4395 -0.7486
vn 0.6165 -0.5485 -0.5648
vn 0.0081 0.7962 -0.6049
vn -0.0009 0.0261 -0.9997
vn 0.1034 0.1551 -0.9825
vn 0.1655 -0.0243 -0.9859
vn 0.5353 0.4031 -0.7422
vn 0.4011 0.5834 -0.7063
vn 0.5982 0.7370 -0.3145
vn 0.7102 0.6915 0.1321
vn 0.8181 0.5746 -0.0245
vn 0.8425 0.5114 0.1694
vn 0.8728 0.4065 -0.2702
vn 0.8270 0.5343 -0.1749
vn 0.8406 0.5199 -0.1520
vn 0.7357 0.6043 0.3059
vn 0.7672 0.5290 0.3627
vn 0.5817 0.3624 -0.7282
vn 0.9159 0.2485 -0.3152
vn 0.8288 0.5573 0.0492
vn 0.8085 0.5744 0.1281
vn 0.0092 0.7035 -0.7107
vn -0.0329 0.5475 -0.8361
vn 0.2845 0.9118 -0.2962
vn 0.3561 0.8359 -0.4177
vn 0.1521 0.7787 -0.6087
vn 0.2269 0.9652 -0.1305
vn 0.2906 0.9523 -0.0935
vn 0.3505 0.9329 0.0826
vn 0.2777 0.9186 0.2811
vn 0.3072 0.9439 0.1210
vn 0.2018 0.8920 0.4046
vn 0.1521 0.9225 0.3548
vn 0.1628 0.9220 0.3514
vn 0.1526 0.9226 0.3542
vn 0.1768 0.9482 0.2638
vn 0.1310 0.7215 0.6799
vn -0.5880 0.2164 -0.7794
vn 0.2125 -0.1004 -0.9720
vn 0.9623 0.0335 0.2701
vn 0.9608 0.0293 0.2758
vn 0.9607 0.0291 0.2762
vn 0.3543 0.1470 -0.9235
vn 0.8623 -0.0238 -0.5058
vn 0.9526 -0.0030 -0.3041
vn 0.9955 0.0714 -0.0620
vn 0.2465 0.3079 -0.9190
vn 0.0391 -0.0001 -0.9992
vn 0.0524 -0.0248 -0.9983
vn -0.1165 0.3643 -0.9240
vn 0.6139 0.2643 -0.7438
vn 0.7771 0.1879 -0.6007
vn 0.8535 0.0699 -0.5164
vn 0.9282 0.2884 -0.2351
vn 0.9356 0.3502 0.0448
vn -0.0603 0.0446 -0.9972
vn 0.2091 0.1501 -0.9663
vn 0.9939 0.0177 0.1085
vn 0.9958 0.0907 -0.0081
vn 0.9182 0.3736 -0.1315
vn 0.8617 0.4916 -0.1258
vn 0.7924 0.5568 0.2492
vn 0.8258 0.5420 0.1557
vn 0.3203 0.2090 -0.9240
vn -0.2313 0.4149 -0.8800
vn 0.5145 -0.0603 -0.8554
vn 0.6859 -0.1222 -0.7174
vn 0.8847 -0.0329 -0.4650
vn 0.8940 -0.0203 -0.4477
vn 0.9358 -0.1725 -0.3074
vn 0.1695 0.2201 -0.9606
vn 0.6263 -0.2453 0.7400
vn 0.8603 0.3103 0.4044
vn 0.8952 0.4319 0.1101
vn 0.8213 0.5356 0.1964
vn 0.9734 -0.0193 0.2285
vn 0.9764 0.0435 0.2117
vn 0.9923 0.0037 0.1239
vn 0.9910 0.0138 0.1331
vn 0.9704 0.0979 0.2210
vn 0.8527 -0.1589 0.4976
vn 0.0524 0.3168 -0.9471
vn 0.0524 0.3168 -0.9470
vn -0.0298 0.1140 -0.9930
vn 0.2380 0.2700 -0.9330
vn 0.9783 -0.0361 0.2040
vn 0.9868 -0.0303 0.1593
vn 0.3426 -0.0946 -0.9347
vn 0.8718 0.0810 -0.4831
vn 0.9717 -0.0176 -0.2355
vn 0.9994 0.0083 -0.0342
vn 0.9781 0.0330 0.2056
vn 0.9383 -0.1841 -0.2929
vn 0.5740 -0.3653 -0.7329
vn 0.9140 -0.4057 0.0014
vn 0.1141 -0.3354 -0.9351
vn 0.0840 -0.0319 -0.9960
vn 0.1011 -0.3885 -0.9159
vn 0.0178 -0.4473 -0.8942
vn 0.0168 -0.2316 -0.9727
vn 0.0805 -0.1477 -0.9858
vn 0.1261 -0.1277 -0.9838
vn -0.6971 -0.3134 -0.6448
vn -0.9518 -0.3061 -0.0212
vn -0.2093 -0.2304 -0.9503
vn 0.6263 -0.2890 -0.7240
vn 0.9678 -0.2227 -0.1178
vn 0.1430 -0.2803 -0.9492
vn -0.6368 0.6323 0.4412
vn -0.7670 0.6076 -0.2062
vn -0.2685 0.7980 0.5396
vn 0.9859 0.0881 0.1419
vn -0.9566 0.2905 -0.0247
vn 0.9593 -0.0248 0.2812
vn -0.9500 0.2535 0.1825
vn 0.2571 0.9529 -0.1607
vn 0.8913 0.4508 -0.0484
vn 0.2528 0.7530 0.6075
vn 0.9477 0.3125 0.0641
vn 0.9961 0.0782 0.0405
vn -0.3962 0.9170 0.0457
vn -0.6164 0.5984 0.5119
vn -0.1164 0.8303 0.5450
vn 0.9741 0.0452 0.2217
vn -0.9960 0.0651 0.0607
vn -0.9965 0.0690 0.0482
vn -0.9961 0.0654 0.0596
vn 0.9588 -0.0914 0.2688
vn -0.9633 0.2380 0.1239
vn 0.0286 0.8656 0.4998
vn 0.7929 0.6085 -0.0312
vn 0.2625 0.6723 0.6921
vn 0.9735 0.2070 -0.0975
vn 0.9785 -0.0233 0.2047
vn -0.4079 0.7794 -0.4756
vn -0.8458 0.3813 0.3732
vn -0.2060 0.9749 0.0843
vn 0.9867 0.1623 0.0067
vn -0.7600 0.3685 0.5354
vn 0.9841 0.0070 -0.1777
vn -0.9693 0.1332 0.2065
vn 0.4895 0.8461 0.2108
vn 0.8819 0.4278 -0.1982
vn 0.2049 0.9750 0.0855
vn 0.8405 0.5330 -0.0973
vn 0.9809 0.1946 0.0033
vn -0.1036 0.5797 -0.8082
vn 0.0535 0.4728 -0.8795
vn -0.1373 0.5542 -0.8210
vn 0.0175 0.4375 -0.8990
vn -0.2044 0.3261 -0.9230
vn -0.1190 0.1902 -0.9745
vn -0.3506 0.0255 -0.9362
vn -0.2390 0.2269 -0.9441
vn -0.4284 0.4962 -0.7551
vn -0.3299 0.1360 -0.9342
vn -0.4152 0.1237 -0.9013
vn -0.3135 0.1204 -0.9419
vn -0.4376 0.6135 -0.6574
vn -0.3949 0.5745 -0.7169
vn -0.3356 0.5177 -0.7870
vn -0.4401 0.5111 -0.7383
vn -0.1136 0.4938 -0.8621
vn -0.3864 0.4718 -0.7926
vn -0.2592 0.6021 -0.7551
vn -0.4424 0.5787 -0.6851
vn -0.3913 0.4958 -0.7753
vn -0.0541 0.9977 0.0399
vn -0.2095 0.9686 -0.1339
vn -0.3906 0.9025 -0.1815
vn -0.1608 0.9836 -0.0813
vn -0.1354 0.9744 -0.1797
vn -0.2265 0.9665 -0.1210
vn -0.0811 0.9955 -0.0481
vn -0.1121 0.9928 -0.0428
vn -0.2060 0.9781 -0.0313
vn -0.5482 0.6876 -0.4760
vn -0.2798 0.9184 -0.2797
vn -0.2172 0.9746 -0.0540
vn -0.2388 0.9494 -0.2038
vn -0.2650 0.9062 -0.3294
vn -0.5191 0.8127 -0.2647
vn -0.3247 0.9456 0.0201
vn -0.1683 0.8938 0.4157
vn -0.4596 0.7283 0.5083
vn -0.4422 0.8710 0.2140
vn -0.4611 0.8585 0.2246
vn -0.3737 0.8771 0.3018
vn -0.1662 0.8905 0.4236
vn -0.2818 0.8815 0.3788
vn -0.4311 0.8799 0.1999
vn -0.3789 0.7481 0.5447
vn -0.2111 0.8803 0.4249
vn -0.3360 0.7950 0.5051
vn -0.3841 0.9229 -0.0277
vn -0.5151 0.8556 -0.0507
vn -0.3457 0.9331 0.0991
vn -0.3057 0.9381 0.1631
vn -0.2568 0.9356 -0.2422
vn -0.4157 0.8927 -0.1740
vn -0.3162 0.5359 0.7829
vn -0.3721 0.5996 0.7086
vn -0.6936 0.5120 0.5067
vn -0.0660 -0.1401 0.9879
vn -0.2004 -0.1931 0.9605
vn -0.5249 -0.0827 -0.8471
vn -0.3897 0.0959 -0.9160
vn -0.3521 -0.0194 -0.9357
vn -0.5558 -0.1873 -0.8099
vn -0.6124 0.1077 -0.7831
vn -0.3425 -0.0506 -0.9382
vn -0.5079 -0.2994 -0.8077
vn -0.4212 -0.1607 -0.8926
vn -0.5614 -0.1009 -0.8214
vn -0.6164 -0.3041 -0.7263
vn -0.5679 -0.3484 -0.7457
vn -0.5054 -0.3574 -0.7854
vn -0.6774 -0.3800 -0.6299
vn -0.6768 -0.3846 -0.6277
vn -0.6762 -0.3849 -0.6282
vn -0.6785 -0.3750 -0.6316
vn -0.4947 -0.4419 -0.7483
vn -0.7458 -0.5330 -0.3996
vn -0.7520 -0.4728 -0.4593
vn -0.6848 -0.3952 -0.6122
vn -0.3826 0.5333 -0.7544
vn -0.4039 0.4259 -0.8096
vn -0.1931 0.5610 -0.8050
vn -0.2244 0.2008 -0.9536
vn -0.2076 0.2397 -0.9484
vn -0.0404 0.2105 -0.9768
vn -0.1326 0.2005 -0.9707
vn -0.1744 0.2193 -0.9599
vn -0.3215 0.0577 -0.9451
vn -0.2973 0.1435 -0.9439
vn -0.2758 0.5018 -0.8199
vn -0.3440 0.2423 -0.9072
vn -0.5237 0.1759 -0.8336
vn -0.6295 0.4037 -0.6639
vn -0.3158 0.5947 -0.7393
vn -0.2328 0.5892 -0.7737
vn -0.7133 0.6882 0.1327
vn -0.5553 0.8216 0.1286
vn -0.5352 0.8412 -0.0770
vn -0.7314 0.6819 0.0111
vn -0.6109 0.7915 -0.0189
vn -0.5893 0.8076 -0.0213
vn -0.7400 0.5431 -0.3968
vn -0.7400 0.5431 -0.3967
vn -0.4032 0.8551 -0.3259
vn -0.5541 0.8212 -0.1365
vn -0.7278 0.6828 0.0645
vn -0.3052 0.9223 -0.2370
vn -0.2519 0.9651 -0.0712
vn -0.8140 0.5758 0.0770
vn -0.6735 0.6979 -0.2436
vn -0.5041 0.7769 -0.3771
vn -0.7944 0.5286 -0.2993
vn -0.6988 0.7056 0.1176
vn -0.8130 0.5101 0.2807
vn -0.7418 0.6695 -0.0385
vn -0.5508 0.8337 0.0402
vn -0.5235 0.8426 0.1266
vn -0.8514 0.3563 0.3849
vn -0.6213 0.7188 0.3119
vn -0.6057 0.7917 0.0797
vn -0.8094 0.4739 0.3468
vn -0.6294 0.6186 0.4703
vn -0.6450 0.6047 0.4673
vn -0.7577 0.1833 -0.6263
vn -0.9710 0.0515 -0.2334
vn -0.8389 0.2392 -0.4889
vn -0.8296 0.1922 -0.5243
vn -0.8513 0.4739 -0.2254
vn -0.8964 0.4366 0.0766
vn -0.7924 0.5969 -0.1258
vn -0.8255 0.5500 -0.1266
vn -0.7031 0.7045 -0.0960
vn -0.8376 0.5378 -0.0961
vn -0.8525 0.5185 0.0660
vn -0.6682 0.6959 -0.2630
vn 0.0154 0.4693 -0.8829
vn 0.0388 0.4844 -0.8740
vn -0.0203 0.5831 -0.8121
vn -0.1295 0.7593 -0.6377
vn -0.1911 0.6162 -0.7641
vn -0.0517 0.6285 -0.7761
vn -0.3019 0.9415 -0.1499
vn -0.3703 0.9262 0.0707
vn -0.1651 0.9863 -0.0046
vn -0.4133 0.8940 -0.1733
vn -0.4324 0.9007 -0.0428
vn -0.1942 0.9586 -0.2081
vn -0.4832 0.8697 -0.1009
vn -0.5548 0.8201 -0.1398
vn -0.4937 0.6895 -0.5300
vn -0.5896 0.7202 -0.3656
vn -0.5613 0.6541 -0.5070
vn -0.4574 0.8231 -0.3366
vn -0.5190 0.7529 -0.4047
vn -0.4806 0.8764 -0.0312
vn -0.2054 0.9784 0.0223
vn -0.1723 0.7698 0.6145
vn -0.2584 0.7856 0.5622
vn -0.3299 0.9083 0.2571
vn -0.4666 0.8745 -0.1322
vn -0.3440 0.9032 0.2566
vn -0.2777 0.9605 0.0183
vn -0.4332 0.8166 0.3814
vn -0.4865 0.8119 0.3228
vn -0.1193 0.8970 0.4255
vn -0.4380 0.8024 0.4053
vn -0.4381 0.8247 0.3577
vn -0.1399 0.9151 0.3783
vn -0.4748 0.8672 0.1504
vn -0.4807 0.8738 0.0736
vn -0.0291 0.9796 0.1987
vn -0.3782 0.9253 0.0274
vn -0.1808 0.9531 0.2429
vn 0.0696 0.8970 0.4366
vn -0.0977 0.6223 0.7766
vn -0.0653 0.6089 0.7905
vn 0.0169 0.5766 0.8169
vn 0.0114 -0.1307 0.9914
vn -0.3126 0.1912 -0.9304
vn -0.2042 0.2569 -0.9446
vn -0.4351 0.3630 -0.8240
vn -0.2868 0.2039 -0.9360
vn -0.7337 -0.0070 -0.6794
vn -0.8015 -0.0010 -0.5980
vn -0.8552 0.0080 -0.5182
vn -0.9952 -0.0614 -0.0758
vn -0.1253 0.5968 -0.7925
vn -0.3349 0.3306 -0.8824
vn -0.4363 0.4017 -0.8052
vn -0.3446 0.1441 -0.9276
vn -0.1884 0.0721 -0.9794
vn -0.2389 0.2234 -0.9450
vn -0.1501 0.0976 -0.9838
vn -0.9473 -0.0681 0.3129
vn -0.9913 0.0882 0.0978
vn -0.4986 0.4688 -0.7291
vn -0.6226 0.4341 -0.6510
vn -0.4440 -0.1592 -0.8818
vn -0.3856 0.2402 -0.8909
vn -0.4436 0.1271 -0.8872
vn -0.6067 -0.0355 -0.7942
vn -0.7608 -0.0646 -0.6458
vn -0.9571 -0.0135 -0.2896
vn -0.9562 0.1486 -0.2524
vn -0.7155 0.2127 -0.6655
vn -0.9175 0.1761 -0.3567
vn -0.9100 0.2424 -0.3363
vn -0.9540 0.1706 -0.2464
vn -0.9679 0.1286 -0.2158
vn -0.9182 0.3480 -0.1894
vn -0.9950 0.0999 -0.0019
vn -0.9917 0.1108 -0.0656
vn -0.9502 0.3112 -0.0170
vn -0.1706 0.2609 -0.9502
vn -0.1741 0.2997 -0.9380
vn -0.1551 0.3392 -0.9278
vn -0.0072 0.4317 -0.9020
vn -0.3231 0.4705 -0.8212
vn -0.3439 0.5956 -0.7260
vn -0.3433 0.5949 -0.7268
vn -0.3431 0.5948 -0.7270
vn -0.9603 0.1412 0.2407
vn -0.9779 0.1360 0.1589
vn -0.9579 0.2790 0.0673
vn -0.9184 0.2208 0.3282
vn -0.9083 0.2599 0.3279
vn -0.8341 0.2844 0.4727
vn -0.9429 -0.0007 0.3330
vn -0.9258 0.3746 0.0514
vn -0.8927 0.4286 0.1395
vn -0.9040 0.4212 -0.0736
vn -0.7777 0.5273 -0.3424
vn -0.7777 0.5727 -0.2592
vn -0.7944 0.4056 0.4521
vn -0.7977 0.5615 0.2200
vn -0.8037 0.5663 0.1830
vn -0.8459 0.5288 0.0691
vn -0.7965 0.5869 0.1455
vn -0.7762 0.6231 -0.0967
vn -0.3824 0.4890 -0.7840
vn -0.3644 0.6638 -0.6532
vn -0.3650 -0.0925 -0.9264
vn -0.3085 0.0180 -0.9511
vn -0.5824 -0.2350 -0.7782
vn -0.5474 -0.0736 -0.8336
vn -0.6154 0.0505 -0.7866
vn -0.6813 -0.1865 -0.7078
vn -0.7943 0.0247 -0.6070
vn -0.7418 -0.0584 -0.6680
vn -0.7740 0.0740 -0.6288
vn -0.7184 -0.2349 -0.6548
vn -0.7618 -0.3199 -0.5633
vn -0.8757 -0.2026 -0.4383
vn -0.8026 -0.3553 -0.4792
vn -0.8457 -0.3399 -0.4115
vn -0.9379 -0.3053 -0.1649
vn -0.3462 0.6533 -0.6734
vn -0.8119 -0.1087 0.5736
vn -0.8794 0.3256 0.3474
vn -0.7710 0.4790 0.4198
vn -0.7911 0.5288 0.3074
vn -0.7852 0.4460 0.4296
vn -0.8127 0.4628 0.3541
vn -0.8037 0.5657 0.1847
vn -0.7591 0.4971 0.4202
vn -0.6595 0.7490 -0.0635
vn -0.6427 0.6286 0.4380
vn -0.9323 0.2507 0.2608
vn -0.9164 0.2975 0.2678
vn -0.9148 0.1731 0.3650
vn -0.9547 0.2787 0.1042
vn -0.9700 0.1600 0.1829
vn -0.9704 0.2392 -0.0337
vn -0.9034 0.1271 0.4094
vn -0.8728 0.1119 0.4751
vn -0.9104 0.3599 -0.2039
vn -0.9304 0.1896 -0.3137
vn -0.9987 -0.0501 -0.0129
vn -0.9695 -0.0796 0.2320
vn -0.9896 -0.0708 0.1252
vn -0.3652 0.5965 -0.7147
vn -0.6241 0.4672 -0.6262
vn -0.6081 0.4208 -0.6731
vn -0.1341 0.2290 -0.9641
vn -0.1385 0.3023 -0.9431
vn -0.2590 0.2993 -0.9184
vn -0.1123 0.4719 -0.8745
vn -0.3421 0.5956 -0.7268
vn -0.3333 0.6373 -0.6948
vn -0.8979 0.1798 0.4019
vn -0.9439 0.3240 0.0630
vn -0.6864 -0.2199 -0.6932
vn -0.7767 0.1288 -0.6166
vn -0.9601 0.0980 -0.2619
vn -0.9872 0.1538 -0.0415
vn -0.9736 -0.0450 0.2237
vn -0.9992 -0.0375 -0.0145
vn -0.8764 -0.2918 -0.3832
vn -0.8964 -0.3320 -0.2938
vn -0.9287 -0.3406 -0.1470
vn -0.7344 -0.4083 -0.5421
vn -0.6877 -0.4023 -0.6043
vn -0.5519 -0.3568 -0.7537
vn -0.9021 -0.3090 -0.3012
vn -0.9091 -0.2507 -0.3326
vn -0.9629 -0.2210 -0.1551
vn -0.0996 -0.2990 -0.9490
vn -0.4086 -0.2799 -0.8687
vn -0.4345 -0.2248 -0.8722
vn -0.2012 -0.1127 -0.9731
vn -0.3910 -0.2565 -0.8839
vn -0.3660 -0.2686 -0.8910
vn -0.1328 -0.3417 -0.9304
vn -0.3753 -0.4086 -0.8320
vn -0.3005 -0.4490 -0.8415
vn -0.0661 -0.4326 -0.8991
vn -0.2911 -0.3883 -0.8744
vn -0.3082 -0.3842 -0.8703
vn -0.0570 -0.4378 -0.8973
vn -0.3104 -0.4289 -0.8484
vn -0.2887 -0.2167 -0.9326
vn -0.1072 -0.2243 -0.9686
vn -0.2258 -0.1923 -0.9550
vn -0.2088 -0.0990 -0.9729
vn -0.2031 -0.0632 -0.9771
vn -0.0870 -0.0493 -0.9950
vn -0.1473 -0.1152 -0.9824
vn -0.5995 0.5573 -0.5744
vn -0.5967 0.5924 -0.5413
vn -0.5974 0.4358 -0.6732
vn -0.0049 0.2029 -0.9792
vn -0.1966 0.3134 -0.9291
vn -0.2883 0.5155 -0.8070
vn 0.2333 0.2380 -0.9428
vn 0.3398 0.3324 -0.8798
vn 0.2293 0.2545 -0.9395
vn 0.1515 0.1675 -0.9742
vn 0.1023 0.0557 -0.9932
vn 0.0610 -0.0074 -0.9981
vn 0.0359 0.1056 -0.9938
vn 0.0393 0.1749 -0.9838
vn 0.1328 0.1545 -0.9790
vn 0.0112 0.8787 -0.4773
vn -0.2406 0.9227 -0.3012
vn -0.1656 0.8768 -0.4514
vn -0.1849 0.8883 -0.4205
vn 0.1144 0.7891 -0.6035
vn 0.3557 0.7168 -0.5998
vn -0.1845 0.8987 -0.3979
vn 0.3057 0.9351 -0.1793
vn 0.0669 0.9809 -0.1829
vn -0.2831 0.7584 -0.5871
vn -0.1409 0.8319 -0.5368
vn -0.1890 0.8101 -0.5550
vn -0.2445 0.9474 -0.2065
vn 0.0045 0.8001 -0.5999
vn 0.2519 0.9481 -0.1942
vn 0.1201 0.9520 -0.2815
vn 0.2061 0.9517 -0.2275
vn 0.0174 0.9935 -0.1129
vn 0.3424 0.9395 -0.0124
vn 0.3446 0.8594 0.3777
vn 0.2891 0.9385 0.1887
vn 0.3759 0.9262 -0.0281
vn 0.1270 0.9907 0.0482
vn 0.1268 0.9907 0.0485
vn -0.0567 0.9739 0.2199
vn 0.1378 0.6031 0.7856
vn 0.1236 0.7464 0.6539
vn 0.1250 0.9523 0.2785
vn 0.1433 0.9220 0.3596
vn 0.1809 0.9151 0.3605
vn 0.2130 0.9065 0.3645
vn 0.2926 0.8156 0.4993
vn 0.3476 0.9228 0.1663
vn 0.4845 0.8497 0.2081
vn 0.2518 0.8203 -0.5135
vn 0.2662 0.9608 -0.0771
vn 0.1061 0.9083 0.4046
vn 0.3203 0.9267 0.1968
vn 0.0639 0.9895 0.1300
vn 0.1459 0.8891 0.4338
vn 0.5014 0.6889 0.5234
vn 0.2012 0.7001 0.6851
vn 0.2610 0.6772 0.6880
vn 0.1325 -0.1102 -0.9850
vn 0.2492 -0.1709 -0.9533
vn 0.3907 -0.1805 -0.9026
vn 0.3017 -0.1476 -0.9419
vn 0.4918 -0.1635 -0.8552
vn 0.5137 -0.2663 -0.8156
vn 0.4635 -0.0280 -0.8857
vn 0.5311 -0.0583 -0.8453
vn 0.6646 -0.2792 -0.6930
vn 0.4717 -0.4259 -0.7721
vn 0.6800 -0.3308 -0.6543
vn 0.6878 -0.3842 -0.6159
vn 0.4850 -0.4298 -0.7616
vn 0.6865 -0.3399 -0.6428
vn 0.6716 -0.3473 -0.6544
vn 0.6424 -0.2278 -0.7318
vn 0.7702 -0.2719 -0.5769
vn 0.7071 -0.5436 -0.4522
vn 0.2541 0.6314 -0.7326
vn 0.2037 0.6193 -0.7583
vn 0.2951 0.6620 -0.6890
vn 0.1228 0.0323 -0.9919
vn 0.0717 0.3006 -0.9510
vn 0.0752 0.1874 -0.9794
vn 0.1232 0.2976 -0.9467
vn 0.0516 0.1192 -0.9915
vn -0.0724 0.1289 -0.9890
vn 0.0964 -0.0466 -0.9943
vn 0.6164 0.2450 -0.7484
vn 0.4148 0.2113 -0.8850
vn 0.3689 0.3064 -0.8775
vn -0.1184 0.8635 -0.4902
vn -0.1052 0.9048 -0.4126
vn 0.5485 0.6386 -0.5398
vn 0.0044 0.9067 -0.4217
vn 0.1184 0.8318 -0.5423
vn 0.5861 0.7307 -0.3501
vn 0.3192 0.9205 -0.2255
vn 0.5740 0.8101 -0.1195
vn 0.7562 0.6168 0.2183
vn 0.6728 0.7398 0.0038
vn 0.5987 0.7819 0.1739
vn 0.8168 0.5499 0.1747
vn 0.6696 0.7423 0.0266
vn 0.7482 0.6575 -0.0882
vn 0.8826 0.4701 -0.0032
vn 0.6707 0.7265 0.1493
vn 0.6183 0.7841 0.0537
vn 0.8903 0.4377 -0.1255
vn 0.6779 0.7351 -0.0008
vn 0.6722 0.7330 -0.1040
vn 0.8270 0.5621 -0.0095
vn 0.5795 0.8097 -0.0922
vn 0.5653 0.7266 0.3905
vn 0.8177 0.5729 -0.0571
vn 0.4567 0.7892 0.4106
vn 0.5224 0.7908 0.3190
vn 0.7540 0.5944 0.2796
vn 0.4472 0.6785 0.5828
vn 0.4705 0.8609 0.1936
vn 0.7879 0.5886 0.1812
vn 0.8326 0.2435 -0.4974
vn 0.9084 0.0761 -0.4111
vn 0.7225 0.1886 -0.6651
vn 0.8914 0.4231 -0.1628
vn 0.9422 0.1852 -0.2792
vn 0.8988 0.0948 -0.4281
vn 0.7472 0.6069 0.2710
vn 0.9348 0.3289 0.1344
vn 0.9575 0.2478 -0.1474
vn 0.8176 0.5607 0.1309
vn 0.8601 0.5065 -0.0602
vn 0.8858 0.4289 0.1770
vn -0.1406 0.7716 -0.6203
vn -0.3838 0.8749 -0.2953
vn -0.2554 0.7153 -0.6505
vn 0.0915 0.6741 -0.7330
vn 0.2794 0.6981 -0.6593
vn 0.1285 0.6194 -0.7745
vn 0.4231 0.9061 0.0007
vn 0.3411 0.9399 0.0146
vn 0.3408 0.9400 -0.0129
vn 0.2785 0.8762 -0.3933
vn 0.3885 0.7862 -0.4805
vn 0.3806 0.8255 -0.4168
vn 0.0848 0.6747 -0.7332
vn 0.3578 0.7739 -0.5226
vn 0.2162 0.6396 -0.7377
vn 0.2719 0.9610 -0.0508
vn 0.4924 0.8700 -0.0241
vn 0.5323 0.8435 -0.0724
vn 0.2318 0.9709 -0.0597
vn 0.3263 0.9061 -0.2693
vn 0.4022 0.8579 -0.3199
vn 0.3453 0.9383 0.0166
vn 0.2886 0.9526 -0.0968
vn 0.3428 0.9362 -0.0779
vn 0.4016 0.9108 -0.0956
vn 0.2751 0.9088 0.3138
vn 0.3127 0.9439 0.1065
vn 0.2268 0.8938 0.3869
vn 0.4778 0.8285 0.2920
vn 0.4478 0.8885 0.0998
vn 0.1635 0.9212 0.3531
vn 0.2710 0.9331 0.2363
vn 0.3897 0.9046 0.1725
vn 0.1846 0.9315 0.3135
vn 0.2556 0.8797 0.4010
vn 0.2236 0.8825 0.4138
vn 0.1329 0.8502 0.5094
vn 0.1834 0.8428 0.5060
vn 0.2835 0.9462 0.1562
vn 0.0633 0.6751 0.7350
vn 0.0914 0.8003 0.5926
vn 0.1166 0.7505 0.6504
vn 0.3714 -0.3054 0.8768
vn 0.0068 -0.1787 0.9839
vn -0.6679 0.2411 -0.7041
vn -0.4789 0.1851 -0.8581
vn -0.3543 0.1576 -0.9217
vn 0.1584 0.3045 -0.9392
vn 0.2159 0.3690 -0.9040
vn 0.9360 0.0528 -0.3481
vn 0.7892 0.0273 -0.6135
vn 0.8217 0.1182 -0.5576
vn 0.9132 -0.0116 -0.4074
vn 0.9979 -0.0002 -0.0650
vn 0.0451 0.0509 -0.9977
vn 0.1465 0.1394 -0.9793
vn 0.1066 0.0677 -0.9920
vn 0.0387 0.0280 -0.9989
vn 0.0665 0.0453 -0.9968
vn 0.0306 -0.0071 -0.9995
vn 0.9949 0.0745 0.0682
vn -0.5273 0.1434 -0.8375
vn -0.5156 0.4597 -0.7231
vn -0.2532 0.3912 -0.8848
vn 0.6116 0.1720 -0.7722
vn 0.3987 0.0397 -0.9162
vn 0.4161 0.1551 -0.8960
vn 0.9376 0.0551 -0.3434
vn 0.9359 0.0780 -0.3435
vn 0.8447 0.1213 -0.5213
vn 0.8966 0.1993 -0.3954
vn 0.8650 0.1468 -0.4799
vn 0.8137 0.1145 -0.5699
vn 0.9450 0.3250 -0.0382
vn 0.9810 0.1650 -0.1024
vn 0.9351 0.1560 -0.3180
vn 0.9442 0.3186 -0.0842
vn 0.9985 0.0293 -0.0452
vn 0.9898 0.0830 0.1156
vn -0.0680 0.0774 -0.9947
vn 0.0746 0.1472 -0.9863
vn 0.0686 0.1052 -0.9921
vn 0.1820 0.2304 -0.9559
vn 0.0995 0.2599 -0.9605
vn 0.1583 0.1434 -0.9769
vn 0.9526 0.2638 0.1514
vn 0.9576 0.1612 0.2387
vn 0.9374 -0.0995 0.3338
vn 0.9210 0.3883 0.0325
vn 0.9317 0.2774 0.2343
vn 0.9903 0.0060 0.1385
vn 0.8042 0.4153 -0.4252
vn 0.8765 0.4128 -0.2475
vn 0.9338 0.2793 -0.2235
vn 0.8043 0.5039 -0.3149
vn 0.8597 0.5100 -0.0284
vn 0.9262 0.3743 -0.0462
vn 0.7894 0.6117 0.0524
vn 0.8378 0.5424 -0.0619
vn 0.8069 0.5482 0.2199
vn 0.7808 0.5911 0.2026
vn 0.7700 0.6380 -0.0072
vn 0.8020 0.5713 -0.1744
vn 0.0890 0.2649 -0.9602
vn 0.1864 0.3373 -0.9228
vn 0.4594 -0.1575 -0.8741
vn 0.4373 -0.0011 -0.8993
vn 0.4211 0.1954 -0.8857
vn 0.8040 -0.0339 -0.5937
vn 0.6333 -0.1417 -0.7608
vn 0.5465 -0.2197 -0.8081
vn 0.8601 0.0597 -0.5066
vn 0.8057 -0.1211 -0.5798
vn 0.7933 -0.0988 -0.6008
vn 0.9141 -0.1140 -0.3891
vn 0.8121 -0.2898 -0.5065
vn 0.8119 -0.2903 -0.5065
vn 0.8145 -0.2849 -0.5053
vn 0.8100 -0.2224 -0.5427
vn 0.9504 -0.2059 -0.2329
vn 0.8485 -0.2800 -0.4490
vn 0.8150 -0.2853 -0.5043
vn 0.5319 -0.2762 0.8005
vn 0.7219 0.5307 0.4441
vn 0.7165 0.3316 0.6137
vn 0.8549 0.2262 0.4669
vn 0.5130 0.8536 -0.0905
vn 0.6252 0.3170 0.7132
vn 0.7847 0.0779 0.6150
vn 0.4259 0.8765 -0.2243
vn 0.5377 0.8303 -0.1468
vn 0.8592 0.4524 0.2391
vn 0.7486 -0.2458 0.6157
vn 0.9362 0.0986 0.3372
vn 0.9495 0.1281 0.2863
vn 0.9902 0.0527 0.1297
vn 0.6088 -0.0244 -0.7929
vn 0.9892 -0.0275 0.1437
vn 0.9902 -0.0271 0.1369
vn 0.9911 -0.0274 0.1300
vn 0.9910 -0.0549 0.1221
vn 0.9912 -0.0518 0.1222
vn 0.9912 -0.0514 0.1222
vn 0.9631 0.1197 0.2412
vn 0.9235 0.0865 0.3737
vn 0.9683 -0.0408 0.2463
vn 0.9978 0.0633 0.0217
vn 0.9866 -0.0232 0.1617
vn 0.9786 0.1136 0.1717
vn 0.9808 -0.0604 0.1854
vn 0.9579 -0.0679 0.2789
vn 0.9845 0.0943 -0.1476
vn -0.5054 0.3420 -0.7922
vn -0.5758 0.3630 -0.7326
vn -0.0097 0.3309 -0.9436
vn -0.0651 0.0940 -0.9934
vn 0.0924 0.0367 -0.9950
vn 0.1336 -0.0064 -0.9910
vn 0.1911 0.2787 -0.9412
vn 0.1917 0.2784 -0.9411
vn 0.1907 0.2799 -0.9409
vn 0.2224 0.2338 -0.9465
vn 0.9856 -0.0683 0.1549
vn 0.9664 0.2400 0.0921
vn 0.9534 -0.0665 -0.2943
vn 0.8343 0.0223 -0.5509
vn 0.7554 0.1114 -0.6457
vn 0.9382 -0.0035 -0.3462
vn 0.9850 -0.0311 0.1696
vn 0.9358 -0.0320 0.3512
vn 0.9209 -0.3581 -0.1538
vn 0.8926 -0.3508 -0.2833
vn 0.8781 -0.2899 -0.3806
vn 0.5281 -0.4521 -0.7188
vn 0.6679 -0.4332 -0.6052
vn 0.6910 -0.4615 -0.5564
vn 0.9679 -0.2420 -0.0675
vn 0.9176 -0.2411 -0.3161
vn 0.8957 -0.3569 -0.2653
vn 0.4403 -0.3270 -0.8362
vn 0.4757 -0.2776 -0.8347
vn 0.0866 -0.2284 -0.9697
vn 0.4725 -0.1031 -0.8753
vn 0.5067 -0.1459 -0.8497
vn 0.1054 -0.0608 -0.9926
vn 0.2912 -0.4283 -0.8554
vn 0.3663 -0.3973 -0.8414
vn 0.1326 -0.3378 -0.9318
vn 0.2229 -0.4657 -0.8564
vn 0.2486 -0.4905 -0.8352
vn 0.0550 -0.4691 -0.8814
vn 0.1977 -0.2190 -0.9555
vn 0.2017 -0.4064 -0.8912
vn -0.0000 -0.4159 -0.9094
vn 0.1743 -0.1283 -0.9763
vn 0.1872 -0.1878 -0.9642
vn 0.0396 -0.2465 -0.9683
vn 0.0827 -0.0869 -0.9928
vn 0.0651 -0.0389 -0.9971
vn 0.0503 -0.0863 -0.9950
vn -0.7545 -0.3311 -0.5667
vn -0.7307 -0.4975 -0.4674
vn -0.6523 -0.4596 -0.6027
vn -0.8804 -0.3931 -0.2653
vn -0.8531 -0.4467 -0.2696
vn -0.9602 -0.2749 -0.0483
vn -0.1920 -0.5563 -0.8085
vn -0.5533 -0.5360 -0.6376
vn -0.4734 -0.3241 -0.8191
vn 0.6076 -0.2482 -0.7545
vn 0.7373 -0.3998 -0.5446
vn 0.7623 -0.2974 -0.5749
vn 0.9256 -0.3083 -0.2196
vn 0.8962 -0.4350 -0.0875
vn 0.9307 -0.2897 -0.2233
vn 0.5330 -0.1780 -0.8272
vn 0.5788 -0.4727 -0.6645
vn 0.1552 -0.5342 -0.8310
vn -0.0202 0.8325 0.5537
vn -0.0790 0.7821 0.6181
vn -0.5647 0.5650 0.6016
vn -0.6564 0.5546 -0.5114
vn -0.5418 0.7939 -0.2758
vn -0.6203 0.7733 0.1316
vn -0.3280 0.9090 0.2571
vn -0.4235 0.8981 -0.1186
vn -0.2505 0.9038 -0.3469
vn -0.9895 0.0992 0.1049
vn -0.7118 0.2116 -0.6698
vn -0.6177 0.4635 -0.6353
vn -0.8317 0.4815 -0.2764
vn -0.9891 -0.0191 0.1463
vn -0.9380 0.3082 0.1588
vn 0.2335 0.9656 -0.1140
vn 0.3298 0.9319 -0.1511
vn 0.3601 0.9149 -0.1823
vn 0.5936 0.8040 -0.0346
vn 0.5254 0.8503 -0.0311
vn 0.8790 0.4404 -0.1826
vn 0.2239 0.9562 -0.1885
vn 0.3339 0.9413 0.0505
vn 0.2644 0.8569 0.4425
vn 0.8343 0.5146 0.1980
vn 0.8819 0.4714 -0.0072
vn 0.9120 0.3306 0.2427
vn 0.9940 0.1094 -0.0031
vn -0.4369 0.8882 0.1421
vn -0.3602 0.9263 -0.1105
vn -0.4172 0.9050 0.0833
vn -0.6052 0.5382 0.5866
vn -0.6519 0.7276 0.2135
vn -0.5545 0.6408 0.5310
vn -0.3362 0.9367 0.0973
vn -0.3545 0.8887 0.2909
vn 0.0108 0.9899 0.1414
vn -0.9884 0.0714 0.1343
vn -0.9960 0.0647 0.0617
vn -0.8022 0.2633 0.5358
vn -0.9493 0.3011 0.0907
vn -0.9531 -0.1519 0.2617
vn -0.9532 -0.1519 0.2614
vn -0.9531 -0.1519 0.2616
vn -0.9649 0.2392 0.1085
vn 0.1587 0.9868 0.0329
vn 0.1186 0.9908 0.0658
vn 0.1299 0.8966 0.4235
vn 0.3877 0.6704 0.6326
vn 0.4015 0.8781 0.2603
vn 0.7858 0.6141 0.0737
vn 0.3376 0.9389 0.0674
vn 0.3769 0.9070 0.1881
vn 0.2824 0.7545 0.5925
vn 0.8854 0.4181 -0.2033
vn 0.9104 0.4135 -0.0103
vn 0.9898 0.1419 0.0119
vn 0.9884 0.0668 0.1363
vn -0.4488 0.8446 -0.2920
vn -0.5980 0.6098 -0.5201
vn -0.3576 0.7079 -0.6092
vn -0.8979 0.3184 0.3040
vn -0.8564 0.4942 0.1492
vn -0.7616 0.6430 -0.0808
vn -0.3879 0.9151 -0.1099
vn -0.2542 0.9608 -0.1104
vn -0.1985 0.9786 0.0545
vn -0.9899 0.0629 0.1272
vn -0.8543 0.5181 -0.0409
vn -0.8083 0.5759 0.1228
vn -0.6139 0.3850 0.6891
vn -0.9993 -0.0232 0.0307
vn -0.8540 0.3671 0.3688
vn 0.3334 0.9232 0.1912
vn 0.1195 0.9647 -0.2347
vn 0.3833 0.9229 -0.0375
vn 0.6688 0.7101 -0.2202
vn 0.6994 0.7133 0.0449
vn 0.8695 0.4494 -0.2051
vn 0.2726 0.9173 0.2904
vn 0.4080 0.8598 0.3070
vn 0.3824 0.8709 0.3086
vn -0.4625 0.3178 -0.8277
vn 0.8197 0.5327 -0.2106
vn 0.8171 0.5358 -0.2127
vn 0.8144 0.5393 -0.2143
vn 0.8198 0.5323 -0.2112
vn 0.8196 0.5140 -0.2532
vn 0.9999 0.0052 -0.0161
vn -0.3342 0.5191 -0.7867
vn 0.9308 0.3620 0.0502
vn 0.9799 0.1103 0.1661
vn 0.9897 0.0473 0.1349
vn 0.9848 0.1727 -0.0195
vn 0.9962 0.0586 0.0639
vn 0.9526 0.3035 0.0201
vn 0.9932 0.0568 -0.1016
vn 0.9800 0.1730 -0.0979
vn 0.9917 0.1251 0.0284
vn 0.9810 0.0328 0.1913
vn 0.9907 0.1091 0.0811
vn 0.9389 0.2921 0.1822
vn 0.9956 0.0243 0.0900
vn 0.9823 0.0683 0.1744
vn 0.9826 -0.0625 0.1748
vn 0.9907 0.0493 0.1266
vn 0.9845 -0.0209 0.1741
vn 0.9665 -0.0428 0.2530
vn 0.9606 0.0289 0.2763
vn 0.9967 -0.0208 -0.0783
vn 0.9908 -0.0584 0.1220
vn 0.9688 0.0821 0.2337
vn 0.9892 -0.0268 0.1440
vn 0.9647 0.0208 0.2624
vn 0.9551 -0.0831 0.2842
vn 0.9993 0.0059 0.0374
vn 0.9905 0.0721 0.1169
vn 0.9966 0.0059 0.0824
vn 0.9943 -0.0318 0.1019
vn 0.9765 0.0349 0.2127
vn -0.9691 0.1313 -0.2087
vn -0.9766 0.0977 0.1918
vn -0.9831 0.0764 0.1663
vn -0.9789 -0.0880 -0.1845
vn -0.9447 0.3272 0.0203
vn -0.9502 0.2186 0.2223
vn -0.9229 0.3323 0.1943
vn -0.9914 0.0951 0.0900
vn -0.9955 0.0778 0.0549
vn -0.9912 -0.0193 0.1310
vn -0.9043 0.3887 0.1767
vn -0.9543 0.1987 0.2232
vn -0.9923 0.0868 0.0885
vn -1.0000 0.0033 -0.0043
vn -0.9751 -0.0798 0.2069
vn -0.9879 0.0940 0.1230
vn -0.9588 0.2632 0.1069
vn -0.9556 0.2947 -0.0010
vn -0.9584 0.2174 0.1848
vn -0.9582 0.1770 0.2248
vn -0.9684 -0.0091 0.2492
vn -0.9960 -0.0868 -0.0217
vn -0.9520 -0.1007 0.2892
vn -0.9885 -0.0474 0.1433
vn -0.9869 -0.0078 0.1608
vn -0.9628 -0.0548 0.2647
vn -0.9394 0.1104 0.3247
vn -0.9862 0.1342 0.0967
vn -0.9603 0.2790 -0.0027
vn -0.9121 0.2189 0.3465
vn 0.1938 0.9109 -0.3642
vn -0.1044 0.9936 0.0431
vn -0.5822 0.7077 0.4003
vn -0.5310 0.8059 -0.2616
vn -0.6610 0.7173 -0.2204
vn -0.7638 0.5589 -0.3229
vn -0.0615 0.8220 -0.5661
vn -0.6126 0.7043 -0.3587
vn -0.7048 0.6496 -0.2851
vn -0.2617 0.6703 -0.6945
vn -0.5929 0.6739 -0.4409
vn -0.7154 0.6545 -0.2446
vn 0.0229 0.8492 -0.5276
vn -0.3817 0.8934 -0.2371
vn -0.1245 0.2630 0.9567
vn -0.1001 0.9931 0.0608
vn -0.2130 0.9766 0.0295
vn -0.1292 0.9909 -0.0390
vn -0.3241 0.9460 0.0102
vn -0.2668 0.9614 0.0667
vn -0.1378 0.9901 0.0279
vn 0.7495 0.6237 -0.2218
vn -0.1367 0.3996 -0.9064
vn 0.1089 0.3918 -0.9136
vn 0.6159 0.6955 -0.3701
vn 0.2876 0.9374 -0.1966
vn -0.2144 0.9760 -0.0382
vn 0.3665 0.9117 0.1855
vn -0.0768 0.9100 0.4073
vn -0.2510 0.9321 0.2612
vn 0.1267 0.9879 -0.0890
vn 0.3775 0.9214 0.0922
vn -0.0907 0.9899 -0.1088
vn 0.0907 0.9521 -0.2921
vn 0.0874 0.9755 -0.2018
vn -0.1934 0.9368 0.2917
vn 0.0292 0.7971 0.6032
vn 0.1121 0.8641 0.4906
vn 0.1119 0.8642 0.4905
vn 0.4165 0.8822 0.2195
vn -0.3076 0.6933 -0.6517
vn -0.1770 0.9816 0.0710
vn -0.0933 0.9944 -0.0487
vn -0.1542 0.9477 -0.2796
vn 0.2417 0.9462 -0.2152
vn -0.0181 0.9965 -0.0822
vn -0.0342 0.9836 -0.1773
vn 0.2384 0.9312 -0.2759
vn -0.5740 0.8188 -0.0133
vn -0.9540 0.2922 -0.0676
vn -0.2840 0.6919 -0.6638
vn -0.1839 0.8772 -0.4435
vn -0.5775 0.8152 -0.0435
vn 0.5321 0.6550 -0.5365
vn -0.3411 0.9047 -0.2554
vn -0.4511 0.8410 -0.2988
vn 0.0148 0.8706 -0.4917
vn 0.0147 0.8707 -0.4917
vn -0.0882 0.9095 -0.4063
vn -0.3084 0.8786 -0.3647
vn -0.2485 0.9686 0.0094
vn -0.1689 0.9530 0.2517
vn 0.0286 0.9924 0.1198
vn -0.6190 0.7853 0.0105
vn -0.3492 0.9365 -0.0316
vn -0.2553 0.9613 0.1039
vn 0.1668 0.9428 -0.2887
vn 0.1297 0.9258 -0.3551
vn -0.3241 0.9064 -0.2708
vn 0.3591 0.7813 -0.5106
vn 0.0940 0.8833 -0.4592
vn 0.0181 0.9724 -0.2327
vn 0.0177 0.9725 -0.2324
vn 0.0701 0.8741 -0.4807
vn -0.0723 0.8671 -0.4928
vn 0.0983 0.9530 -0.2865
vn -0.0651 0.9969 -0.0433
vn 0.4993 0.8596 0.1084
vn 0.4472 0.7941 0.4115
vn 0.0953 0.8509 -0.5166
vn 0.2954 0.8464 -0.4432
vn 0.4522 0.8484 -0.2752
vn -0.3484 0.9313 -0.1062
vn -0.3420 0.9384 -0.0496
vn -0.2290 0.9715 0.0604
vn -0.4761 0.8728 -0.1073
vn -0.5131 0.8578 -0.0296
vn -0.4785 0.8349 0.2719
vn -0.3729 0.9274 0.0290
vn -0.2226 0.9735 -0.0520
vn -0.0651 0.8895 0.4523
vn -0.2279 0.9733 0.0284
vn -0.2156 0.9731 -0.0814
vn -0.1465 0.9889 -0.0260
vn -0.1865 0.7875 -0.5874
vn -0.1866 0.7876 -0.5872
vn -0.8187 0.4151 -0.3968
vn -0.7700 0.4327 -0.4689
vn -0.2158 0.8403 -0.4972
vn -0.4044 0.8227 -0.3996
vn -0.3847 0.8867 -0.2566
vn -0.3438 0.8733 -0.3453
vn -0.3360 0.9404 0.0521
vn -0.2352 0.9719 0.0045
vn -0.1644 0.9799 0.1126
vn 0.0629 0.9892 -0.1324
vn 0.0570 0.9974 -0.0436
vn 0.0388 0.9992 0.0107
vn -0.2224 0.9508 -0.2159
vn -0.2227 0.9507 -0.2157
vn -0.0793 0.9930 -0.0879
vn 0.7437 0.4266 -0.5148
vn 0.6913 0.5174 -0.5044
vn 0.4997 0.7940 -0.3462
vn 0.2614 0.9551 -0.1397
vn 0.1452 0.9873 -0.0641
vn -0.0142 0.9989 0.0441
vn 0.8799 0.3964 -0.2619
vn 0.0480 0.3409 -0.9389
vn -0.1374 0.3132 -0.9397
vn 0.8287 0.5209 -0.2047
vn -0.0214 0.6819 -0.7311
vn -0.1687 0.6037 -0.7791
vn 0.8057 0.5506 0.2184
vn -0.1805 0.7610 -0.6231
vn 0.0074 0.7871 -0.6168
vn 0.3655 0.7732 0.5182
vn -0.0552 0.9104 -0.4100
vn -0.2327 0.7668 -0.5983
vn 0.8232 0.4770 -0.3078
vn 0.3188 0.1279 -0.9392
vn 0.2099 0.1900 -0.9591
vn 0.5414 0.6028 -0.5861
vn 0.3094 0.0635 -0.9488
vn 0.2941 0.2381 -0.9256
vn 0.5437 0.7531 -0.3704
vn 0.4457 0.3005 -0.8432
vn 0.2778 0.3259 -0.9037
vn 0.3263 0.8831 -0.3372
vn 0.5477 0.2398 -0.8016
vn 0.4202 0.2870 -0.8609
vn 0.0608 0.9981 -0.0019
vn 0.1352 0.9867 0.0906
vn -0.4684 0.8834 0.0173
vn 0.5959 0.4215 0.6836
vn 0.2992 0.9044 0.3041
vn 0.2615 0.9627 0.0695
vn 0.5648 0.7083 0.4234
vn 0.5650 0.7082 0.4234
vn 0.2567 0.9633 0.0787
vn 0.4593 0.8867 0.0537
vn 0.6666 0.6415 0.3795
vn 0.1830 0.9828 -0.0230
vn 0.0617 0.9864 0.1527
vn 0.5922 0.6297 0.5028
vn 0.2641 0.9641 -0.0260
vn -0.1415 0.9302 -0.3387
vn 0.8359 0.5327 0.1325
vn 0.8411 0.5121 -0.1742
vn 0.3638 0.9309 -0.0322
vn -0.5776 0.7917 -0.1989
vn -0.6781 0.7289 0.0941
vn -0.3381 0.8302 0.4432
vn -0.4626 0.8509 -0.2491
vn -0.6891 0.7238 0.0347
vn -0.3072 0.8721 0.3810
vn -0.2053 0.8537 0.4787
vn -0.3260 0.8388 0.4360
vn -0.1136 0.9172 0.3818
vn 0.2491 0.8342 0.4920
vn -0.3311 0.9240 0.1910
vn -0.3314 0.9240 0.1908
vn -0.5086 0.8561 0.0920
vn -0.3692 0.6535 -0.6608
vn -0.2570 0.9551 0.1472
vn 0.1145 0.9921 -0.0519
vn 0.1965 0.9803 0.0184
vn 0.3327 0.9359 0.1156
vn -0.2424 0.9580 0.1532
vn -0.5028 0.8614 0.0724
vn -0.6465 0.6814 -0.3432
vn -0.0063 0.9996 -0.0282
vn -0.0062 0.9996 -0.0278
vn -0.6184 0.6790 0.3957
vn -0.6833 0.6979 0.2148
vn -0.6576 0.7518 0.0486
vn -0.8539 0.5173 0.0561
vn -0.9543 0.2955 0.0446
vn -0.9500 0.3119 -0.0115
vn -0.8981 0.4389 -0.0271
vn -0.0890 0.9792 0.1821
vn -0.0995 0.9949 -0.0144
vn -0.2093 0.9723 0.1043
vn -0.4372 0.8948 -0.0907
vn -0.3320 0.9284 -0.1669
vn -0.0230 0.9524 0.3041
vn -0.4861 0.7306 0.4795
vn -0.3810 0.6799 0.6266
vn 0.5957 0.8030 -0.0207
vn -0.3315 0.8777 0.3461
vn -0.4194 0.8360 0.3538
vn -0.2529 0.8221 0.5100
vn 0.1285 0.9314 0.3407
vn -0.0030 0.9810 0.1939
vn -0.2533 0.9261 0.2798
vn -0.0356 0.9093 0.4146
vn 0.5586 0.8274 -0.0571
vn 0.5587 0.8274 -0.0571
vn -0.3153 0.9232 0.2199
vn -0.2692 0.9604 -0.0725
vn -0.3079 0.0004 -0.9514
vn -0.1389 0.9788 0.1502
vn 0.1548 0.9649 0.2122
vn -0.5445 0.7700 0.3325
vn -0.5443 0.7703 0.3323
vn -0.8034 0.5103 -0.3069
vn 0.2886 0.9502 0.1176
vn -0.2204 0.9244 0.3112
vn -0.2205 0.9245 0.3109
vn -0.4551 0.8571 0.2415
vn -0.9609 0.2372 -0.1430
vn 0.0518 0.9917 0.1175
vn 0.2118 0.9675 0.1379
vn 0.2117 0.9675 0.1379
vn 0.2117 0.9675 0.1380
vn -0.2463 0.9580 0.1468
vn -0.7944 0.4871 -0.3629
vn 0.1091 0.9920 0.0628
vn 0.2608 0.8766 0.4044
vn -0.3771 0.8674 0.3248
vn -0.6957 0.4128 -0.5879
vn 0.5225 0.8337 0.1790
vn 0.3147 0.9003 -0.3008
vn 0.4725 0.8497 -0.2342
vn 0.3643 0.8979 -0.2470
vn 0.0295 0.7643 -0.6441
vn 0.3397 0.7859 -0.5167
vn 0.3396 0.7862 -0.5164
vn 0.3614 0.9157 -0.1758
vn 0.2532 0.9662 -0.0481
vn -0.2286 0.8965 -0.3795
vn 0.0150 0.8288 0.5594
vn 0.2048 0.9565 0.2079
vn 0.2357 0.9716 -0.0235
vn -0.1564 0.9065 -0.3921
vn 0.1009 0.6381 0.7633
vn 0.0997 0.9915 -0.0842
vn 0.0998 0.9914 -0.0843
vn 0.0998 0.9914 -0.0842
vn 0.1071 0.9788 -0.1745
vn -0.3994 0.8855 -0.2374
vn 0.3849 0.9214 0.0538
vn -0.1451 0.9432 0.2989
vn -0.4138 0.8879 0.2010
vn -0.6878 0.6163 -0.3836
vn 0.5723 0.7710 0.2794
vn -0.0982 0.9440 0.3149
vn -0.0604 0.9972 0.0450
vn -0.3768 0.8970 -0.2311
vn -0.3768 0.8970 -0.2312
vn 0.3944 0.7438 0.5396
vn 0.4639 0.7709 0.4365
vn -0.2722 0.9620 -0.0209
vn -0.1855 0.9670 -0.1744
vn 0.2160 0.9205 -0.3256
vn 0.3518 0.9156 -0.1950
vn -0.3520 0.9265 0.1328
vn -0.3235 0.9426 -0.0831
vn 0.1816 0.7610 0.6228
vn 0.0449 0.7302 0.6818
vn -0.0141 0.8596 0.5108
vn 0.1951 0.8583 0.4747
vn -0.2018 0.9793 0.0133
vn -0.1929 0.9261 0.3242
vn -0.2012 0.9408 0.2727
vn 0.1055 0.9633 0.2469
vn 0.1055 0.9633 0.2466
vn 0.0827 0.8565 -0.5094
vn 0.0442 0.9105 -0.4112
vn 0.2927 0.9493 -0.1149
vn 0.4150 0.9096 0.0185
vn -0.0591 0.9694 -0.2382
vn -0.3597 0.9330 -0.0048
vn 0.0008 0.9040 0.4276
vn 0.4287 0.8356 0.3434
vn -0.1845 0.9422 -0.2797
vn 0.0053 0.9743 0.2252
vn -0.0946 0.8987 0.4283
vn -0.0235 0.6984 0.7153
vn -0.3668 0.8676 -0.3357
vn 0.2682 0.9347 0.2334
vn 0.5749 0.8140 0.0832
vn 0.6611 0.7426 0.1073
vn 0.3552 0.9291 -0.1033
vn 0.3615 0.9270 0.0997
vn 0.1904 0.9792 0.0696
vn 0.2584 0.9088 0.3276
vn 0.1783 0.9775 0.1123
vn 0.0529 0.9951 0.0835
vn 0.0416 0.9878 0.1502
vn 0.1042 0.9571 0.2705
vn -0.3503 0.8025 -0.4829
vn 0.0919 0.9945 -0.0498
vn 0.5417 0.8400 0.0306
vn 0.5877 0.7929 -0.1609
vn -0.8120 0.5393 0.2229
vn -0.9075 0.4176 -0.0460
vn -0.4712 0.8322 0.2922
vn -0.2531 0.8961 0.3647
vn -0.2531 0.8959 0.3650
vn -0.8821 0.4709 -0.0127
vn -0.4171 0.8602 0.2936
vn -0.4529 0.8166 0.3579
vn -0.6093 0.7217 0.3284
vn -0.9243 0.3755 0.0682
vn -0.8587 0.4967 0.1263
vn -0.7419 0.6568 0.1351
vn -0.4617 0.8709 0.1682
vn 0.5052 0.7574 0.4137
vn 0.2771 0.9099 0.3087
vn 0.0058 0.9993 0.0377
vn -0.4664 0.7680 -0.4389
vn 0.6170 0.7558 -0.2190
vn 0.2779 0.8954 0.3480
vn -0.1004 0.9643 -0.2450
vn 0.1293 0.9118 -0.3897
vn 0.0601 0.9867 -0.1514
vn 0.4431 0.8476 -0.2921
vn 0.5886 0.8016 0.1048
vn 0.4839 0.7820 0.3929
vn -0.0925 0.9464 0.3094
vn -0.0925 0.9464 0.3095
vn -0.0208 0.9694 0.2444
vn -0.0130 0.9817 0.1899
vn 0.0155 0.9916 0.1284
vn -0.0073 0.9820 0.1888
vn 0.1043 0.9887 0.1075
vn 0.2063 0.9766 0.0605
vn 0.2442 0.9697 0.0094
vn -0.0285 0.9890 0.1454
vn 0.1567 0.9857 0.0612
vn 0.2510 0.9538 -0.1652
vn -0.0335 0.5619 -0.8265
vn 0.4361 0.8817 -0.1800
vn 0.1748 0.9672 -0.1842
vn -0.0267 0.9841 -0.1755
vn -0.2661 0.9498 -0.1646
vn 0.5486 0.8292 -0.1070
vn 0.3363 0.9406 -0.0459
vn 0.0904 0.9959 0.0003
vn 0.0905 0.9959 0.0003
vn -0.1737 0.9848 -0.0073
vn 0.4534 0.6703 0.5876
vn 0.1044 0.6821 0.7238
vn 0.1044 0.6820 0.7238
vn -0.2911 0.8589 0.4214
vn -0.8856 0.4606 0.0593
vn 0.4751 0.8646 -0.1639
vn 0.2953 0.9528 -0.0710
vn 0.1305 0.9914 0.0054
vn -0.4346 0.8756 -0.2111
vn 0.3255 0.8826 -0.3393
vn 0.3255 0.8825 -0.3393
vn -0.1836 0.8931 -0.4106
vn -0.1688 0.9230 -0.3458
vn 0.2587 0.6977 -0.6680
vn 0.2508 0.8915 -0.3773
vn -0.0603 0.9476 -0.3138
vn -0.0515 0.9890 -0.1388
vn -0.0515 0.9986 0.0067
vn 0.1794 0.9809 0.0753
vn -0.0693 0.9837 -0.1660
vn -0.0540 0.9708 -0.2337
vn -0.0614 0.9802 -0.1880
vn -0.1187 0.5820 -0.8045
vn 0.0542 0.7659 -0.6407
vn 0.0618 0.9505 -0.3045
vn 0.0253 0.9106 -0.4126
vn 0.3939 0.8950 -0.2095
vn 0.3939 0.8950 -0.2094
vn 0.5000 0.8293 -0.2497
vn 0.3844 0.8273 -0.4095
vn 0.4161 0.8466 -0.3317
vn 0.6811 0.7284 0.0743
vn -0.1189 0.9836 -0.1353
vn 0.2498 0.9623 -0.1077
vn 0.4555 0.8702 -0.1876
vn -0.3594 0.8682 -0.3423
vn 0.1803 0.9289 -0.3235
vn 0.3887 0.8406 -0.3773
vn -0.7208 0.2785 -0.6348
vn 0.0560 0.9974 -0.0461
vn 0.5432 0.7959 0.2672
vn 0.4191 0.9079 -0.0115
vn 0.0090 0.9982 -0.0590
vn -0.4102 0.7049 0.5787
vn -0.4477 0.6286 0.6359
vn 0.5326 0.8388 -0.1132
vn 0.5326 0.8388 -0.1131
vn 0.2867 0.9555 0.0700
vn 0.2866 0.9555 0.0701
vn 0.1748 0.9833 0.0503
vn -0.7648 0.6013 -0.2315
vn 0.7016 0.6657 0.2543
vn 0.1648 0.9553 0.2453
vn -0.8240 0.5665 -0.0052
vn -0.5500 0.7973 -0.2485
vn 0.5085 0.7698 0.3859
vn 0.6319 0.6608 0.4051
vn 0.7816 0.5217 0.3420
vn 0.3364 0.8788 0.3384
vn -0.0814 0.9931 0.0843
vn -0.1858 0.9357 0.2998
vn -0.4227 0.8485 0.3183
vn -0.2160 0.9709 0.1039
vn 0.1473 0.9744 -0.1695
vn -0.0740 0.9932 0.0895
vn -0.1743 0.9742 -0.1433
vn 0.0842 0.9835 -0.1601
vn -0.1458 0.9817 0.1226
vn -0.3036 0.9016 0.3082
vn -0.2123 0.9644 0.1579
vn -0.0779 0.9952 0.0601
vn -0.4612 0.8872 -0.0105
vn -0.1293 0.9806 -0.1474
vn 0.5649 0.8210 0.0830
vn -0.7376 0.6713 0.0735
vn -0.7376 0.6712 0.0736
vn -0.0628 0.9681 -0.2425
vn 0.3906 0.9070 -0.1575
vn -0.7405 0.6706 0.0435
vn -0.4458 0.8761 -0.1835
vn 0.5413 0.8234 -0.1706
vn -0.4598 0.8844 0.0801
vn -0.4629 0.8691 -0.1740
vn 0.1587 0.8881 -0.4314
vn -0.0862 0.9959 -0.0258
vn -0.0862 0.9959 -0.0257
vn -0.0005 0.9990 -0.0446
vn -0.1895 0.9437 0.2710
vn -0.2063 0.9709 -0.1217
vn -0.0585 0.9981 0.0170
vn -0.0406 0.9872 0.1543
vn 0.0054 0.7331 -0.6801
vn 0.0054 0.7330 -0.6802
vn 0.1501 0.6891 -0.7090
vn 0.4477 0.8753 0.1826
vn 0.4477 0.8754 0.1826
vn 0.4476 0.8754 0.1826
vn -0.1658 0.8472 -0.5048
vn -0.3374 0.7621 -0.5526
vn -0.3669 0.8804 -0.3004
vn -0.2692 0.7116 -0.6490
vn -0.0958 0.7073 -0.7004
vn -0.1161 0.9361 -0.3321
vn -0.1158 0.9359 -0.3326
vn -0.2815 0.5565 -0.7817
vn -0.2659 0.5872 -0.7645
vn -0.1428 0.8331 -0.5343
vn -0.0337 0.9871 -0.1565
vn 0.0446 0.9934 -0.1057
vn 0.5854 0.7438 0.3226
vn -0.1086 0.9735 -0.2012
vn 0.2714 0.9455 -0.1797
vn 0.7056 0.6968 -0.1288
vn -0.3221 0.9463 0.0277
vn 0.3030 0.8854 -0.3526
vn 0.6762 0.7324 0.0797
vn -0.6657 0.5905 -0.4561
vn -0.3854 0.6690 -0.6355
vn -0.0619 0.6605 -0.7483
vn -0.3814 0.8591 0.3413
vn -0.2381 0.8690 0.4338
vn 0.4308 0.8920 -0.1369
vn -0.5869 0.5453 -0.5985
vn -0.5012 0.7586 -0.4163
vn 0.0509 0.9981 -0.0350
vn -0.4193 0.0421 -0.9069
vn -0.5071 -0.0309 -0.8613
vn -0.2730 0.2018 -0.9406
vn -0.2635 0.0015 -0.9647
vn -0.4124 0.1688 -0.8952
vn -0.6590 0.4614 -0.5940
vn -0.4587 0.2646 -0.8483
vn -0.4955 0.2830 -0.8212
vn -0.5057 0.2424 -0.8279
vn 0.2409 0.2594 -0.9352
vn 0.4873 0.0261 -0.8728
vn 0.3871 0.4705 -0.7930
vn -0.2810 -0.0545 -0.9581
vn -0.0135 -0.0432 -0.9990
vn -0.1037 -0.1264 -0.9865
vn -0.1357 0.5049 -0.8524
vn 0.2047 0.4059 -0.8907
vn 0.1015 0.1149 -0.9882
vn -0.7464 0.6248 -0.2295
vn -0.8245 0.4343 -0.3629
vn -0.9473 0.2618 -0.1844
vn -0.3150 0.6594 -0.6826
vn -0.3150 0.6594 -0.6827
vn -0.2076 0.6590 -0.7229
vn -0.2075 0.6588 -0.7231
vn -0.5296 -0.1036 -0.8419
vn -0.3061 0.7131 -0.6307
vn -0.3002 0.6169 -0.7275
vn -0.3053 0.4154 -0.8568
vn -0.4125 0.5369 -0.7359
vn -0.4129 0.5366 -0.7360
vn 0.0454 0.3006 -0.9527
vn 0.1486 0.1736 -0.9735
vn -0.8137 -0.3163 -0.4877
vn -0.8705 -0.1015 -0.4815
vn -0.9277 -0.0301 -0.3721
vn -0.7275 -0.4026 -0.5556
vn -0.7774 -0.1095 -0.6194
vn -0.9071 0.1320 -0.3998
vn -0.7594 -0.6319 -0.1549
vn -0.9230 -0.2736 -0.2707
vn -0.8988 0.0384 -0.4367
vn -0.7927 -0.5782 0.1933
vn -0.8569 -0.5122 -0.0586
vn -0.9389 -0.2002 -0.2798
vn -0.0840 0.6909 0.7181
vn -0.1445 0.6215 0.7699
vn -0.1460 0.1957 0.9697
vn 0.0560 -0.6393 0.7669
vn -0.2977 0.6641 0.6859
vn -0.1332 0.2737 0.9525
vn -0.1006 0.2501 0.9630
vn 0.1920 -0.4985 0.8454
vn -0.1296 0.5441 0.8290
vn -0.1619 0.3724 0.9138
vn -0.3755 0.2632 0.8887
vn -0.4468 0.2157 0.8683
vn -0.2991 0.0432 0.9533
vn 0.1563 -0.4990 0.8524
vn -0.5298 0.3542 0.7706
vn 0.4217 0.7131 0.5601
vn 0.0926 0.4663 0.8797
vn -0.1395 -0.5398 0.8302
vn -0.1121 -0.5522 0.8262
vn 0.0782 0.6166 0.7833
vn 0.1194 -0.2649 0.9568
vn 0.4347 -0.4075 0.8031
vn 0.3262 -0.3560 0.8757
vn -0.4180 -0.6758 0.6071
vn 0.2121 -0.0859 0.9735
vn 0.2738 -0.2403 0.9313
vn -0.3997 -0.1781 0.8992
vn -0.4981 -0.3439 0.7960
vn -0.4056 -0.3497 0.8445
vn -0.5553 -0.3591 0.7501
vn -0.0030 -0.4313 0.9022
vn -0.4617 -0.4764 0.7482
vn -0.0302 0.0288 -0.9991
vn 0.0538 -0.2160 -0.9749
vn -0.3062 0.0716 -0.9493
vn -0.6589 0.6381 -0.3983
vn -0.9365 0.2931 -0.1926
vn -0.9879 0.1552 -0.0072
vn -0.9879 0.1551 -0.0073
vn -0.9879 0.1552 -0.0073
vn 0.4599 0.7180 -0.5225
vn 0.3032 0.8277 -0.4722
vn 0.0506 0.7862 -0.6159
vn 0.0699 0.4062 -0.9111
vn 0.2016 0.1466 -0.9684
vn 0.3962 -0.0636 -0.9160
vn -0.2755 0.1931 -0.9417
vn -0.2465 0.5741 -0.7808
vn -0.4298 0.1454 -0.8911
vn -0.2317 0.2548 -0.9388
vn -0.3830 0.1419 -0.9128
vn -0.2017 0.0994 -0.9744
vn 0.3007 0.5604 0.7717
vn 0.8507 0.1685 0.4979
vn 0.9453 -0.0092 0.3261
vn 0.4480 0.5320 0.7186
vn 0.1990 0.7495 0.6314
vn 0.7540 0.2078 0.6231
vn 0.9239 -0.0803 0.3742
vn 0.3019 0.3847 0.8723
vn -0.9759 0.0762 -0.2045
vn -0.7355 0.6711 0.0933
vn -0.8439 0.4702 -0.2583
vn 0.2984 0.1501 0.9426
vn 0.0697 -0.3253 0.9430
vn 0.5189 0.3727 0.7694
vn -0.0909 -0.5511 0.8295
vn 0.5448 0.5611 0.6232
vn 0.9723 0.2335 0.0094
vn 0.8663 0.1460 -0.4776
vn 0.8914 0.0934 -0.4434
vn 0.9544 0.2816 -0.0995
vn 0.0211 0.3622 -0.9319
vn -0.0613 0.5494 -0.8333
vn 0.2662 0.3273 -0.9067
vn 0.7264 0.6872 0.0089
vn 0.9686 0.1841 -0.1673
vn 0.9989 -0.0325 -0.0352
vn 0.6994 0.7110 0.0727
vn 0.0031 0.7681 0.6403
vn -0.0842 0.5561 0.8268
vn -0.1673 0.1760 0.9701
vn 0.0373 -0.5112 0.8586
vn -0.0312 0.7095 0.7040
vn 0.0965 0.7204 0.6868
vn -0.0113 0.5615 0.8274
vn -0.0976 0.1799 0.9788
vn -0.1277 -0.6040 0.7867
vn -0.0379 0.4814 0.8757
vn -0.7362 0.3843 0.5570
vn -0.4795 0.1010 0.8717
vn -0.2079 -0.2917 0.9336
vn 0.3470 -0.5457 0.7628
vn -0.5601 0.0857 0.8240
vn -0.0058 0.9947 -0.1031
vn -0.0041 0.8076 -0.5897
vn 0.0274 0.7616 -0.6475
vn 0.6255 0.7131 -0.3166
vn -0.0957 0.4051 -0.9093
vn 0.1156 0.3924 -0.9125
vn 0.2495 0.9549 -0.1610
vn 0.0610 0.7261 -0.6849
vn 0.1216 0.6105 -0.7826
vn 0.8199 -0.2311 0.5238
vn 0.7862 0.1301 0.6041
vn 0.4651 0.0947 0.8802
vn -0.2377 -0.5195 0.8207
vn 0.8816 0.0014 0.4720
vn 0.7918 0.2637 0.5509
vn -0.0890 0.3922 0.9156
vn -0.7243 0.3700 0.5817
vn -0.5971 -0.2919 0.7472
vn -0.4226 -0.5289 0.7359
vn -0.1858 -0.5859 0.7888
vn -0.6157 -0.0279 0.7875
vn -0.9172 0.2920 0.2710
vn -0.9152 0.3720 0.1550
vn -0.9344 0.3197 0.1569
vn -0.9802 0.1953 -0.0321
vn -0.9113 0.2384 -0.3358
vn -0.7782 0.1937 -0.5974
vn 0.9675 0.0945 0.2346
vn 0.9782 0.1916 0.0807
vn 0.9537 0.2872 0.0897
vn 0.9760 0.2132 -0.0450
vn 0.8958 0.3074 -0.3211
vn 0.6805 0.4128 -0.6054
vn 0.9448 0.2079 0.2531
vn 0.9360 0.3513 0.0208
vn 0.8929 0.4497 0.0213
vn 0.8930 0.4497 0.0180
vn 0.8930 0.4497 0.0181
vn 0.8930 0.4497 0.0147
vn 0.8709 0.2631 -0.4152
vn 0.8359 0.1485 -0.5284
vn -0.9163 0.2793 0.2870
vn -0.9014 0.4305 0.0460
vn -0.8278 0.5259 0.1956
vn -0.8536 0.5145 -0.0818
vn -0.8647 0.3544 -0.3559
vn -0.7508 0.2274 -0.6202
vn 0.5710 0.7002 -0.4287
vn 0.7869 0.3870 -0.4807
vn 0.9276 -0.0678 -0.3673
vn 0.6629 0.5690 -0.4866
vn 0.6028 0.7067 -0.3703
vn 0.6026 0.7068 -0.3705
vn 0.7678 0.4763 -0.4286
vn 0.9528 -0.0012 -0.3036
vn 0.7047 0.5865 -0.3992
vn 0.6092 0.7368 -0.2932
vn 0.7850 0.5079 -0.3546
vn 0.9444 0.0403 -0.3264
vn 0.7098 0.6082 -0.3553
vn 0.5978 0.7310 -0.3291
vn 0.6984 0.6547 -0.2891
vn 0.9421 0.2420 -0.2322
vn 0.6874 0.6637 -0.2948
vn 0.6993 0.6722 -0.2430
vn 0.9082 0.4167 -0.0393
vn 0.9539 0.1833 0.2375
vn 0.7193 0.6733 0.1710
vn 0.7873 0.5079 -0.3495
vn 0.8433 0.5360 0.0378
vn 0.9131 0.4030 -0.0624
vn 0.8506 0.4981 -0.1684
vn 0.9123 0.3628 -0.1899
vn 0.9123 0.3628 -0.1900
vn 0.9128 0.4080 -0.0150
vn 0.9182 0.3821 0.1045
vn 0.8998 0.3858 -0.2036
vn 0.9746 0.1601 0.1568
vn 0.9500 0.2987 0.0905
vn 0.9401 0.3114 0.1386
vn 0.9001 0.1875 0.3933
vn 0.9263 0.3766 -0.0128
vn 0.8102 0.5570 0.1827
vn 0.9357 0.3501 0.0433
vn 0.8408 0.5205 0.1486
vn 0.8670 0.4950 -0.0572
vn 0.8397 0.4945 -0.2244
vn 0.9331 0.3300 -0.1426
vn 0.8393 0.5329 -0.1075
vn -0.7229 0.5525 -0.4149
vn -0.7468 0.6382 -0.1872
vn -0.6586 0.7204 0.2176
vn -0.8038 0.4020 -0.4385
vn -0.7333 0.6538 0.1866
vn -0.7303 0.5853 0.3522
vn -0.8176 0.3846 -0.4285
vn -0.7004 0.6144 0.3631
vn -0.7357 0.5323 0.4188
vn -0.5745 0.5148 -0.6364
vn -0.9312 0.3644 0.0090
vn -0.8419 0.3902 0.3728
vn 0.2517 -0.9652 0.0712
vn -0.7780 0.5423 -0.3172
vn -0.7459 0.6307 -0.2141
vn -0.1192 -0.9375 -0.3269
vn -0.8071 0.5052 0.3055
vn -0.8424 0.4977 0.2066
vn -0.9541 0.2958 0.0472
vn -0.7940 0.6079 -0.0056
vn -0.4991 0.8665 -0.0063
vn 0.7395 0.6702 0.0620
vn 0.8501 0.4821 -0.2121
vn 0.8921 0.4019 -0.2064
vn 0.8154 0.5778 0.0349
vn -0.8657 0.3513 0.3564
vn -0.6983 0.5655 0.4389
vn -0.5851 0.6770 0.4465
vn -0.8058 0.5902 0.0481
vn -0.9011 0.4336 0.0025
vn -0.7942 0.5303 -0.2967
vn -0.9713 0.2248 -0.0783
vn -0.8190 0.5453 -0.1784
vn -0.8850 0.3683 -0.2849
vn -0.9588 0.2431 0.1468
vn -0.8586 0.4651 0.2157
vn -0.8580 0.4983 0.1247
vn -0.9520 0.3015 0.0537
vn -0.6658 0.7460 -0.0135
vn -0.7176 0.6831 0.1356
vn -0.8595 0.5105 0.0252
vn -0.8892 0.4525 -0.0684
vn -0.5179 0.7537 -0.4046
vn 0.3025 0.8925 -0.3347
vn 0.7123 0.6236 -0.3220
vn 0.6371 0.6339 -0.4385
vn 0.9157 0.2727 -0.2951
vn 0.5882 0.8084 -0.0205
vn 0.9112 0.3990 0.1023
vn 0.9182 0.3806 -0.1096
vn 0.6831 0.7302 -0.0113
vn 0.7343 0.6610 0.1546
vn 0.9655 0.2161 0.1451
vn 0.9182 0.0691 0.3901
vn 0.7238 0.6657 0.1818
vn 0.8078 0.5688 0.1546
vn 0.9490 0.2291 0.2165
vn 0.9417 0.2580 -0.2158
vn 0.7865 0.4809 0.3875
vn 0.8106 0.5739 -0.1167
vn 0.9536 0.2595 -0.1526
vn 0.8953 0.4339 0.1009
vn 0.8682 0.4489 -0.2115
vn 0.1153 -0.4847 0.8670
vn 0.1701 -0.2336 0.9573
vn 0.3258 -0.1330 0.9360
vn 0.4776 0.2222 0.8500
vn 0.8024 -0.1680 0.5727
vn 0.9276 0.1692 0.3332
vn 0.9817 0.0944 0.1654
vn 0.9797 0.0948 0.1765
vn 0.9800 0.0947 0.1749
vn 0.9348 -0.0247 0.3543
vn 0.6515 -0.3270 0.6846
vn 0.9693 0.2110 0.1264
vn 0.9742 0.1263 -0.1871
vn 0.3193 0.1431 0.9368
vn 0.9701 -0.0011 0.2425
vn 0.8867 -0.0588 0.4586
vn 0.8720 -0.0752 0.4837
vn 0.9253 -0.1176 -0.3605
vn 0.9795 -0.1290 0.1548
vn 0.4006 0.1740 0.8996
vn 0.5266 0.1739 0.8321
vn 0.0561 0.2942 0.9541
vn 0.4885 0.1325 0.8625
vn 0.1097 -0.5515 0.8269
vn -0.0718 0.0551 0.9959
vn 0.9019 -0.2130 0.3759
vn 0.6476 -0.0394 0.7610
vn 0.8335 -0.1890 0.5191
vn 0.6796 -0.0784 0.7293
vn 0.6634 -0.4125 0.6242
vn 0.9627 -0.1103 0.2472
vn 0.4644 -0.7680 -0.4411
vn 0.3730 -0.3699 -0.8509
vn 0.7117 0.0784 -0.6981
vn 0.5658 0.8217 -0.0684
vn 0.8979 -0.2939 -0.3278
vn 0.9480 -0.2508 -0.1960
vn 0.9572 0.0730 -0.2801
vn 0.8203 0.1154 -0.5601
vn 0.5428 0.1245 -0.8305
vn 0.9819 0.0944 0.1641
vn 0.9024 -0.4296 -0.0336
vn 0.9106 -0.3574 0.2075
vn 0.8339 -0.3996 0.3806
vn 0.8279 -0.2069 0.5213
vn 0.2894 -0.1952 0.9371
vn 0.5435 -0.2565 0.7993
vn 0.4865 -0.2458 0.8384
vn 0.6160 -0.3160 -0.7216
vn 0.9266 -0.1558 -0.3422
vn 0.4686 0.3010 0.8306
vn 0.6180 0.0724 0.7829
vn 0.4303 -0.8256 0.3649
vn 0.8062 0.1360 0.5758
vn 0.9327 0.0575 0.3561
vn 0.5657 0.3060 0.7658
vn 0.3052 0.0538 0.9508
vn 0.3714 -0.4789 0.7955
vn 0.7918 0.2626 0.5514
vn 0.7335 0.3527 0.5810
vn 0.7474 0.1971 0.6345
vn 0.6202 -0.3936 0.6786
vn 0.9098 -0.2919 0.2951
vn 0.8287 -0.5569 0.0562
vn 0.9517 -0.3060 0.0242
vn 0.7047 -0.5156 0.4874
vn 0.7235 -0.6607 0.2000
vn 0.4251 -0.6110 0.6678
vn 0.6135 -0.7768 0.1425
vn 0.3658 -0.0444 0.9296
vn 0.8043 -0.2884 -0.5195
vn 0.6505 -0.3010 -0.6973
vn 0.7505 -0.5403 0.3806
vn 0.9756 -0.1722 0.1362
vn 0.7840 -0.2409 -0.5721
vn 0.8625 -0.1461 -0.4844
vn 0.7063 -0.1162 -0.6983
vn 0.9491 0.1763 0.2608
vn 0.3740 -0.3752 -0.8481
vn 0.4209 -0.3239 -0.8473
vn 0.4985 -0.0666 -0.8643
vn 0.1783 -0.4035 -0.8974
vn 0.8103 0.1777 0.5585
vn 0.6296 0.0148 0.7768
vn 0.7130 0.2581 -0.6519
vn 0.8247 0.3546 -0.4406
vn 0.0976 0.0199 -0.9950
vn 0.3650 0.0528 -0.9295
vn 0.5566 0.1532 -0.8165
vn 0.9362 0.2540 0.2427
vn 0.1977 0.4523 0.8697
vn 0.4040 0.7050 0.5828
vn 0.4308 0.8834 -0.1842
vn 0.3168 0.5796 -0.7508
vn 0.1506 0.3706 -0.9165
vn 0.4475 0.5850 0.6764
vn 0.4106 0.8914 -0.1918
vn 0.4710 0.7810 -0.4101
vn 0.3043 0.8270 -0.4727
vn -0.0987 0.4649 -0.8798
vn 0.1472 0.7014 -0.6974
vn 0.3374 0.4496 0.8271
vn 0.3535 -0.6493 0.6734
vn 0.0628 -0.5310 0.8451
vn 0.2990 -0.6786 0.6709
vn -0.2015 0.8785 -0.4332
vn -0.0043 -0.9994 -0.0351
vn -0.0743 -0.9972 -0.0093
vn -0.5651 0.8192 -0.0978
vn 0.0565 0.9934 0.1000
vn 0.3593 0.9307 0.0684
vn -0.0126 -0.9925 -0.1212
vn -0.5824 -0.8068 -0.0990
vn -0.3647 0.9019 0.2314
vn 0.7180 -0.6687 -0.1931
vn -0.1135 -0.4852 0.8670
vn -0.1691 -0.2341 0.9574
vn -0.3252 -0.1340 0.9361
vn -0.4781 0.2205 0.8501
vn -0.8016 -0.1709 0.5729
vn -0.9281 0.1659 0.3334
vn -0.9820 0.0910 0.1656
vn -0.9803 0.0914 0.1750
vn -0.9800 0.0914 0.1767
vn -0.9346 -0.0279 0.3545
vn -0.6503 -0.3292 0.6846
vn -0.9700 0.2077 0.1267
vn -0.9746 0.1229 -0.1870
vn -0.3196 0.1420 0.9368
vn -0.9701 -0.0044 0.2427
vn -0.8864 -0.0619 0.4588
vn -0.8716 -0.0782 0.4840
vn -0.9250 -0.1209 -0.3603
vn -0.9790 -0.1325 0.1550
vn -0.4009 0.1725 0.8997
vn -0.5270 0.1721 0.8323
vn -0.4887 0.1308 0.8626
vn -0.1077 -0.5517 0.8270
vn 0.0717 0.0555 0.9959
vn -0.9010 -0.2160 0.3761
vn -0.6473 -0.0417 0.7611
vn -0.8328 -0.1919 0.5192
vn -0.6792 -0.0808 0.7295
vn -0.6618 -0.4146 0.6245
vn -0.9622 -0.1136 0.2475
vn -0.4615 -0.7698 -0.4409
vn -0.3719 -0.3712 -0.8508
vn -0.7122 0.0759 -0.6979
vn -0.5693 0.8193 -0.0685
vn -0.8969 -0.2970 -0.3277
vn -0.9471 -0.2542 -0.1958
vn -0.9575 0.0696 -0.2799
vn -0.8208 0.1125 -0.5600
vn -0.5433 0.1226 -0.8305
vn -0.9822 0.0910 0.1643
vn -0.9009 -0.4327 -0.0335
vn -0.9093 -0.3605 0.2078
vn -0.8325 -0.4025 0.3808
vn -0.8271 -0.2097 0.5215
vn -0.2884 -0.1959 0.9373
vn -0.5425 -0.2586 0.7993
vn -0.4853 -0.2473 0.8386
vn -0.6151 -0.3181 -0.7214
vn -0.9262 -0.1590 -0.3420
vn -0.4694 0.2995 0.8306
vn -0.6181 0.0703 0.7830
vn -0.4271 -0.8273 0.3651
vn -0.8065 0.1332 0.5760
vn -0.9328 0.0541 0.3563
vn -0.5666 0.3040 0.7659
vn -0.3052 0.0528 0.9508
vn -0.3692 -0.4801 0.7957
vn -0.7925 0.2599 0.5517
vn -0.7345 0.3502 0.5813
vn -0.7479 0.1946 0.6346
vn -0.0936 0.5371 0.8383
vn -0.2311 0.1595 0.9598
vn -0.1618 0.4521 0.8772
vn -0.6185 -0.3959 0.6787
vn -0.9087 -0.2950 0.2953
vn -0.8267 -0.5598 0.0563
vn -0.9507 -0.3092 0.0244
vn -0.7027 -0.5180 0.4878
vn -0.7213 -0.6631 0.2002
vn -0.3741 -0.8187 0.4356
vn -0.6107 -0.7789 0.1427
vn -0.8034 -0.2913 -0.5193
vn -0.6496 -0.3033 -0.6972
vn -0.7484 -0.5431 0.3807
vn -0.9750 -0.1756 0.1365
vn -0.7833 -0.2436 -0.5719
vn -0.8621 -0.1491 -0.4843
vn -0.7060 -0.1187 -0.6982
vn -0.1280 0.4738 0.8713
vn -0.9497 0.1731 0.2610
vn -0.3726 -0.3765 -0.8482
vn -0.4198 -0.3255 -0.8472
vn -0.4985 -0.0682 -0.8642
vn -0.8081 0.1860 0.5589
vn -0.2801 -0.1128 0.9533
vn -0.6123 0.0161 0.7905
vn -0.7141 0.2557 -0.6517
vn -0.8346 0.3441 -0.4301
vn -0.3654 0.0515 -0.9294
vn -0.5574 0.1513 -0.8164
vn -0.9363 0.2525 0.2439
vn -0.1482 0.4565 0.8773
vn -0.3575 0.7157 0.6000
vn -0.4517 0.8768 -0.1649
vn -0.3233 0.5780 -0.7492
vn -0.1520 0.3700 -0.9165
vn -0.4134 0.5998 0.6851
vn -0.4208 0.8981 -0.1282
vn -0.4843 0.7763 -0.4035
vn -0.3212 0.8376 -0.4419
vn 0.0926 0.4592 -0.8835
vn 0.1818 0.3080 -0.9338
vn -0.1594 0.7029 -0.6932
vn -0.7852 0.2553 -0.5642
vn -0.8255 0.1188 -0.5518
vn -0.1645 -0.0511 0.9851
vn 0.1318 -0.3578 -0.9245
vn -0.6797 -0.1246 -0.7229
vn -0.2655 0.0079 0.9641
vn -0.9781 0.0570 -0.1999
vn -0.8153 0.0582 0.5761
vn -0.3384 0.4487 0.8271
vn -0.3516 -0.6499 0.6738
vn -0.4165 0.1482 0.8970
vn -0.0612 -0.5309 0.8452
vn -0.2969 -0.6796 0.6708
vn 0.1988 0.8795 -0.4324
vn 0.0077 -0.9994 -0.0346
vn -0.1361 -0.9906 -0.0138
vn 0.0770 -0.9970 -0.0092
vn 0.5625 0.8211 -0.0972
vn -0.0593 0.9932 0.0998
vn -0.3626 0.9295 0.0681
vn 0.0157 -0.9924 -0.1219
vn 0.5853 -0.8047 -0.0996
vn 0.3617 0.9032 0.2311
vn -0.7155 -0.6715 -0.1927
vn -0.9679 0.2046 -0.1458
vn -0.8081 0.1433 0.5714
vn -0.1550 -0.0909 0.9837
vn -0.7765 0.1089 -0.6206
vn -0.0992 0.0329 0.9945
vn -0.0391 -0.1931 -0.9804
vn -0.2857 0.2496 -0.9253
vn -0.0214 -0.2157 0.9762
vn 0.4208 -0.1451 0.8955
vn 0.0079 0.2827 -0.9592
vn -0.5118 0.0008 -0.8591
vn -0.7519 0.0518 -0.6572
vn 0.4371 -0.4834 0.7585
vn 0.1953 0.1119 0.9743
vn 0.3734 -0.8092 0.4535
vn 0.0915 0.5374 0.8383
vn 0.0506 -0.2330 0.9712
vn 0.2308 0.1602 0.9597
vn 0.1603 0.4528 0.8771
vn 0.3772 -0.8173 0.4356
vn 0.2843 -0.9291 0.2363
vn 0.2994 -0.4458 0.8436
vn 0.0489 0.1852 0.9815
vn 0.1266 0.4742 0.8713
vn 0.1993 -0.2838 -0.9380
vn 0.1549 0.1876 -0.9700
vn 0.1771 -0.0634 -0.9822
vn 0.2847 -0.1090 0.9524
vn 0.0548 0.3367 0.9400
vn 0.0555 0.2578 -0.9646
vn -0.1916 0.3091 -0.9315
vn -0.3067 0.2202 -0.9260
vn 0.4161 0.1496 0.8969
vn 0.0866 -0.7451 0.6613
vn -0.1751 0.9421 -0.2858
vn 0.1427 -0.9897 -0.0116
vn 0.0859 -0.8966 0.4345
vn -0.5510 -0.7841 -0.2856
vn -0.1470 0.1324 -0.9802
vn -0.0571 0.2938 0.9542
vn -0.4355 -0.4846 0.7586
vn -0.1956 0.1114 0.9743
vn -0.3716 -0.8101 0.4535
vn -0.0497 -0.2332 0.9712
vn -0.2809 -0.9301 0.2366
vn -0.4229 -0.6125 0.6679
vn -0.3662 -0.0470 0.9294
vn -0.2984 -0.4459 0.8439
vn -0.0493 0.1850 0.9815
vn -0.1774 -0.4041 -0.8973
vn -0.1986 -0.2846 -0.9378
vn -0.1559 0.1870 -0.9699
vn -0.1771 -0.0639 -0.9821
vn -0.0978 0.0196 -0.9950
vn -0.0485 0.3401 0.9392
vn -0.0566 0.2576 -0.9646
vn 0.0768 0.2030 -0.9762
vn -0.0832 -0.7455 0.6613
vn 0.1712 0.9430 -0.2855
vn 0.0693 -0.0796 0.9944
vn 0.0592 -0.8905 0.4511
vn 0.3367 -0.8705 -0.3590
vn -0.0501 0.1285 -0.9904
vn 0.0531 -0.2618 0.9637
vn -0.2012 0.0604 -0.9777
vn -0.1258 -0.0549 -0.9905
vt 0.499200 0.512100
vt 0.505100 0.474600
vt 0.508000 0.475500
vt 0.501600 0.512800
vt 0.482100 0.507600
vt 0.485000 0.471700
vt 0.494900 0.473300
vt 0.491000 0.510200
vt 0.508700 0.451700
vt 0.512200 0.451800
vt 0.487800 0.449100
vt 0.498200 0.450800
vt 0.510200 0.430300
vt 0.514300 0.430600
vt 0.488700 0.428800
vt 0.500000 0.429500
vt 0.513600 0.411400
vt 0.517700 0.411800
vt 0.489600 0.413900
vt 0.501200 0.412300
vt 0.515400 0.397500
vt 0.516100 0.382700
vt 0.519200 0.381800
vt 0.519200 0.397600
vt 0.492300 0.400800
vt 0.493500 0.384900
vt 0.504000 0.383900
vt 0.503200 0.398700
vt 0.513700 0.360100
vt 0.516700 0.359100
vt 0.491000 0.362300
vt 0.501700 0.360800
vt 0.511600 0.330800
vt 0.515200 0.330200
vt 0.489500 0.332400
vt 0.499600 0.331800
vt 0.512100 0.300600
vt 0.516200 0.300200
vt 0.489100 0.304300
vt 0.500300 0.302400
vt 0.511300 0.276300
vt 0.515300 0.275600
vt 0.486400 0.279400
vt 0.498900 0.278000
vt 0.509100 0.257600
vt 0.507000 0.244400
vt 0.510800 0.243000
vt 0.513200 0.257300
vt 0.484500 0.260600
vt 0.482600 0.246600
vt 0.495100 0.245800
vt 0.497400 0.259300
vt 0.503100 0.223100
vt 0.507200 0.222000
vt 0.479900 0.226400
vt 0.491900 0.225100
vt 0.499900 0.205600
vt 0.504000 0.203600
vt 0.478000 0.208700
vt 0.489500 0.207800
vt 0.495600 0.185300
vt 0.499800 0.183800
vt 0.474500 0.189800
vt 0.486000 0.188000
vt 0.487500 0.363100
vt 0.485300 0.333700
vt 0.490500 0.384900
vt 0.484400 0.306000
vt 0.486900 0.414700
vt 0.489500 0.401300
vt 0.472200 0.209100
vt 0.468500 0.189500
vt 0.477500 0.246600
vt 0.474700 0.227600
vt 0.479200 0.261300
vt 0.481300 0.280700
vt 0.486100 0.429300
vt 0.485400 0.448600
vt 0.482400 0.471600
vt 0.479300 0.507700
vt 0.449000 0.187800
vt 0.450800 0.187300
vt 0.459300 0.220900
vt 0.457100 0.222200
vt 0.431500 0.192000
vt 0.439400 0.189500
vt 0.448600 0.223500
vt 0.439700 0.226000
vt 0.463700 0.245200
vt 0.461300 0.245500
vt 0.452700 0.245800
vt 0.443100 0.248700
vt 0.464800 0.266200
vt 0.462600 0.266500
vt 0.454300 0.267000
vt 0.444000 0.268400
vt 0.466900 0.283500
vt 0.464300 0.284500
vt 0.454600 0.282900
vt 0.443900 0.282400
vt 0.467100 0.297700
vt 0.469700 0.297700
vt 0.472800 0.314200
vt 0.470100 0.313600
vt 0.446400 0.294400
vt 0.456900 0.295000
vt 0.458900 0.312500
vt 0.448900 0.311100
vt 0.472800 0.339500
vt 0.470500 0.338600
vt 0.458300 0.337700
vt 0.448300 0.334800
vt 0.471300 0.370500
vt 0.468100 0.370400
vt 0.455700 0.369200
vt 0.445400 0.367800
vt 0.470100 0.399300
vt 0.465900 0.398700
vt 0.454500 0.396500
vt 0.443600 0.394100
vt 0.468100 0.420800
vt 0.464000 0.419500
vt 0.452000 0.416700
vt 0.439900 0.414200
vt 0.460800 0.438400
vt 0.465700 0.439000
vt 0.463000 0.453800
vt 0.458700 0.452300
vt 0.436100 0.433400
vt 0.449200 0.435800
vt 0.446600 0.449800
vt 0.433800 0.448200
vt 0.458600 0.475000
vt 0.454300 0.473200
vt 0.443200 0.470600
vt 0.431600 0.468700
vt 0.455300 0.493000
vt 0.451200 0.490800
vt 0.440700 0.488300
vt 0.429200 0.487300
vt 0.450200 0.512800
vt 0.445600 0.511000
vt 0.436900 0.507700
vt 0.426100 0.505200
vt 0.442200 0.366500
vt 0.445300 0.334100
vt 0.445600 0.310800
vt 0.439500 0.392500
vt 0.443800 0.294500
vt 0.441400 0.282000
vt 0.420800 0.504800
vt 0.424100 0.486000
vt 0.427100 0.467400
vt 0.429500 0.447900
vt 0.431700 0.432800
vt 0.435400 0.413400
vt 0.441000 0.268400
vt 0.440600 0.249500
vt 0.437400 0.226000
vt 0.429300 0.192000
vt 0.194600 0.867900
vt 0.201400 0.867900
vt 0.204000 0.877300
vt 0.197900 0.877300
vt 0.201100 0.886200
vt 0.206200 0.885000
vt 0.208900 0.890200
vt 0.204000 0.889300
vt 0.205300 0.898100
vt 0.199800 0.898000
vt 0.201700 0.905200
vt 0.196200 0.905700
vt 0.198600 0.912600
vt 0.191100 0.915600
vt 0.211100 0.867700
vt 0.211600 0.876500
vt 0.211800 0.884100
vt 0.213200 0.889800
vt 0.212000 0.897900
vt 0.210600 0.904800
vt 0.209700 0.912100
vt 0.220600 0.867200
vt 0.220100 0.875200
vt 0.220400 0.883000
vt 0.221100 0.889300
vt 0.220600 0.897500
vt 0.220500 0.905300
vt 0.220100 0.911900
vt 0.189000 0.904100
vt 0.192000 0.897600
vt 0.196100 0.888100
vt 0.181600 0.854200
vt 0.180500 0.853300
vt 0.182400 0.852100
vt 0.183100 0.852400
vt 0.196100 0.885600
vt 0.194300 0.878000
vt 0.191100 0.868800
vt 0.184500 0.911600
vt 0.249400 0.863900
vt 0.246900 0.867800
vt 0.239700 0.867100
vt 0.240700 0.864600
vt 0.243900 0.877300
vt 0.238000 0.877100
vt 0.240500 0.885700
vt 0.237900 0.889000
vt 0.233800 0.890000
vt 0.235800 0.884600
vt 0.241800 0.897700
vt 0.237000 0.897900
vt 0.245200 0.905300
vt 0.239900 0.904600
vt 0.249600 0.915200
vt 0.242700 0.911800
vt 0.230600 0.867700
vt 0.230700 0.864600
vt 0.229400 0.875400
vt 0.229500 0.889600
vt 0.230000 0.883900
vt 0.230000 0.897700
vt 0.231200 0.904600
vt 0.231200 0.911500
vt 0.253800 0.918300
vt 0.253300 0.919700
vt 0.250800 0.918300
vt 0.243700 0.918400
vt 0.249100 0.897600
vt 0.252000 0.904100
vt 0.245100 0.888100
vt 0.245100 0.885600
vt 0.250200 0.869000
vt 0.247000 0.878000
vt 0.251900 0.866400
vt 0.256500 0.911600
vt 0.258400 0.913100
vt 0.259000 0.921000
vt 0.264800 0.918300
vt 0.266100 0.920000
vt 0.259900 0.922000
vt 0.253500 0.861200
vt 0.254700 0.864300
vt 0.255200 0.955200
vt 0.252400 0.952700
vt 0.252700 0.952500
vt 0.256500 0.954000
vt 0.703300 0.743500
vt 0.709300 0.741000
vt 0.707200 0.751900
vt 0.701100 0.752800
vt 0.704500 0.731100
vt 0.710300 0.730800
vt 0.722200 0.784500
vt 0.722500 0.784000
vt 0.734100 0.783800
vt 0.735000 0.785700
vt 0.769900 0.484200
vt 0.760700 0.484000
vt 0.758100 0.454700
vt 0.767300 0.455000
vt 0.063700 0.601200
vt 0.071500 0.600300
vt 0.074100 0.623100
vt 0.064400 0.623200
vt 0.202600 0.463100
vt 0.199500 0.468900
vt 0.195200 0.468200
vt 0.189600 0.463300
vt 0.602600 0.488500
vt 0.630700 0.484300
vt 0.634700 0.562000
vt 0.609300 0.567000
vt 0.081400 0.555700
vt 0.087000 0.495600
vt 0.103800 0.492200
vt 0.101000 0.548500
vt 0.818000 0.481000
vt 0.840000 0.482800
vt 0.841500 0.561800
vt 0.824400 0.561600
vt 0.193100 0.539000
vt 0.194900 0.483100
vt 0.199600 0.483300
vt 0.199700 0.539800
vt 0.782300 0.483100
vt 0.790000 0.562700
vt 0.771700 0.562800
vt 0.672100 0.559000
vt 0.675700 0.480700
vt 0.696600 0.479700
vt 0.687700 0.560100
vt 0.885900 0.488300
vt 0.878900 0.565900
vt 0.859300 0.562900
vt 0.862400 0.484900
vt 0.770800 0.580400
vt 0.754800 0.579600
vt 0.754900 0.560900
vt 0.807600 0.582200
vt 0.789500 0.580200
vt 0.807400 0.562100
vt 0.825000 0.582500
vt 0.840700 0.583300
vt 0.857200 0.585200
vt 0.875300 0.587700
vt 0.903200 0.569900
vt 0.899800 0.593300
vt 0.174900 0.344400
vt 0.186200 0.356300
vt 0.176500 0.365800
vt 0.166100 0.350400
vt 0.264400 0.330000
vt 0.272600 0.336800
vt 0.254700 0.365000
vt 0.244000 0.352700
vt 0.152900 0.331000
vt 0.162400 0.326800
vt 0.067100 0.579800
vt 0.042500 0.581800
vt 0.039700 0.561600
vt 0.064200 0.561500
vt 0.081000 0.573200
vt 0.097900 0.565500
vt 0.782900 0.354800
vt 0.771900 0.367000
vt 0.763600 0.329300
vt 0.769700 0.323500
vt 0.838900 0.277300
vt 0.828400 0.317000
vt 0.812000 0.304200
vt 0.821600 0.269300
vt 0.780200 0.310400
vt 0.793100 0.288400
vt 0.795100 0.341100
vt 0.790000 0.379300
vt 0.778900 0.392700
vt 0.195000 0.361500
vt 0.199100 0.363600
vt 0.197400 0.379900
vt 0.189100 0.374800
vt 0.807100 0.358700
vt 0.114600 0.549900
vt 0.112900 0.562800
vt 0.129800 0.549700
vt 0.127500 0.563500
vt 0.186800 0.483600
vt 0.185800 0.546300
vt 0.729800 0.483200
vt 0.743400 0.484300
vt 0.737900 0.561800
vt 0.718600 0.561300
vt 0.767900 0.404500
vt 0.770800 0.400100
vt 0.771500 0.426600
vt 0.765900 0.429800
vt 0.762500 0.405500
vt 0.762600 0.379600
vt 0.765200 0.378700
vt 0.757200 0.335800
vt 0.760600 0.333400
vt 0.767500 0.374200
vt 0.202700 0.364600
vt 0.203900 0.364900
vt 0.203800 0.380800
vt 0.202400 0.380900
vt 0.202200 0.419500
vt 0.199400 0.417500
vt 0.196700 0.442000
vt 0.187800 0.440600
vt 0.194200 0.416800
vt 0.175100 0.461900
vt 0.170300 0.484300
vt 0.065000 0.497400
vt 0.167800 0.547000
vt 0.149100 0.546900
vt 0.152600 0.485200
vt 0.146000 0.562200
vt 0.165500 0.562500
vt 0.205200 0.546300
vt 0.204300 0.562000
vt 0.184800 0.562300
vt 0.118600 0.490300
vt 0.714500 0.481700
vt 0.702500 0.560100
vt 0.201000 0.364200
vt 0.200700 0.380900
vt 0.798600 0.481900
vt 0.760300 0.431200
vt 0.755200 0.336100
vt 0.202100 0.443300
vt 0.038400 0.498900
vt 0.112000 0.665600
vt 0.103800 0.665400
vt 0.090500 0.643600
vt 0.098700 0.643000
vt 0.930300 0.604300
vt 0.933900 0.577700
vt 0.801300 0.259400
vt 0.723200 0.299200
vt 0.734400 0.317100
vt 0.722500 0.343200
vt 0.707500 0.312300
vt 0.748900 0.455600
vt 0.221200 0.485500
vt 0.220800 0.547700
vt 0.205300 0.483000
vt 0.912800 0.491800
vt 0.271200 0.494000
vt 0.287200 0.499800
vt 0.288700 0.558600
vt 0.273700 0.555400
vt 0.254000 0.487900
vt 0.256300 0.551300
vt 0.655200 0.481500
vt 0.655100 0.559400
vt 0.739100 0.580700
vt 0.703500 0.581300
vt 0.720200 0.581400
vt 0.688400 0.581800
vt 0.673200 0.581900
vt 0.658500 0.581000
vt 0.639700 0.583400
vt 0.614800 0.590000
vt 0.218400 0.376900
vt 0.223600 0.406800
vt 0.218100 0.414800
vt 0.209600 0.381000
vt 0.232200 0.391200
vt 0.228500 0.371000
vt 0.221000 0.358500
vt 0.238300 0.346400
vt 0.254300 0.322000
vt 0.332300 0.590900
vt 0.334600 0.570500
vt 0.355900 0.572700
vt 0.352500 0.590000
vt 0.133700 0.488200
vt 0.701700 0.281800
vt 0.713600 0.276200
vt 0.315800 0.580700
vt 0.301300 0.573600
vt 0.301500 0.560200
vt 0.315900 0.563300
vt 0.736100 0.354800
vt 0.742200 0.322300
vt 0.749000 0.325600
vt 0.746700 0.366100
vt 0.214200 0.362700
vt 0.208900 0.364900
vt 0.288200 0.572600
vt 0.273800 0.570500
vt 0.752200 0.431500
vt 0.737100 0.455900
vt 0.746500 0.431400
vt 0.756900 0.404300
vt 0.750300 0.402700
vt 0.757800 0.377200
vt 0.754300 0.336500
vt 0.751800 0.375300
vt 0.752500 0.333300
vt 0.205600 0.365100
vt 0.204900 0.380500
vt 0.206000 0.418400
vt 0.208900 0.443600
vt 0.213600 0.415900
vt 0.216900 0.442700
vt 0.216500 0.464300
vt 0.232000 0.465800
vt 0.237600 0.487200
vt 0.237900 0.549300
vt 0.302800 0.504200
vt 0.256600 0.568100
vt 0.237300 0.565800
vt 0.219000 0.564400
vt 0.945400 0.496300
vt 0.737100 0.391000
vt 0.206400 0.380800
vt 0.207500 0.364900
vt 0.224000 0.439100
vt 0.319000 0.508400
vt 0.337500 0.512500
vt 0.363500 0.515500
vt 0.584700 0.600300
vt 0.579200 0.575600
vt 0.255700 0.580700
vt 0.235200 0.578900
vt 0.705600 0.598900
vt 0.711300 0.635200
vt 0.697200 0.637700
vt 0.691600 0.600100
vt 0.145200 0.576300
vt 0.127200 0.577300
vt 0.839700 0.593000
vt 0.855500 0.594700
vt 0.853100 0.603000
vt 0.838600 0.602500
vt 0.272700 0.582300
vt 0.689600 0.591400
vt 0.704000 0.590500
vt 0.288200 0.584900
vt 0.111400 0.579300
vt 0.097200 0.581900
vt 0.720400 0.589700
vt 0.721500 0.597300
vt 0.739100 0.588200
vt 0.739300 0.595900
vt 0.084300 0.584400
vt 0.218000 0.578000
vt 0.202000 0.576000
vt 0.807600 0.590300
vt 0.824100 0.591700
vt 0.822200 0.601000
vt 0.806600 0.598700
vt 0.074000 0.587600
vt 0.874000 0.597700
vt 0.871600 0.607300
vt 0.772000 0.587700
vt 0.789800 0.588600
vt 0.789700 0.596500
vt 0.771500 0.594700
vt 0.641800 0.593000
vt 0.644700 0.602900
vt 0.620900 0.611300
vt 0.617500 0.601600
vt 0.315500 0.593000
vt 0.301900 0.588800
vt 0.897300 0.604800
vt 0.894900 0.615800
vt 0.675400 0.590900
vt 0.677800 0.599900
vt 0.660500 0.591000
vt 0.663200 0.600600
vt 0.325300 0.597000
vt 0.183100 0.575800
vt 0.164600 0.576200
vt 0.754900 0.586700
vt 0.755700 0.594100
vt 0.325400 0.600800
vt 0.331800 0.595400
vt 0.332500 0.605800
vt 0.325800 0.605100
vt 0.064200 0.590100
vt 0.073100 0.594600
vt 0.188700 0.685100
vt 0.180400 0.685100
vt 0.179000 0.666100
vt 0.188500 0.666700
vt 0.290900 0.671100
vt 0.281700 0.689600
vt 0.278700 0.689900
vt 0.287600 0.671300
vt 0.197500 0.641500
vt 0.187100 0.641800
vt 0.183400 0.616000
vt 0.198000 0.617000
vt 0.321900 0.621700
vt 0.329600 0.623100
vt 0.327200 0.629200
vt 0.315800 0.628500
vt 0.272400 0.704400
vt 0.276000 0.704100
vt 0.274100 0.715400
vt 0.270100 0.714900
vt 0.273800 0.728400
vt 0.270700 0.727600
vt 0.121100 0.723700
vt 0.131000 0.723900
vt 0.129600 0.743400
vt 0.117000 0.745500
vt 0.238500 0.744300
vt 0.238500 0.760100
vt 0.228800 0.760500
vt 0.228300 0.743100
vt 0.260500 0.726800
vt 0.260400 0.714000
vt 0.263700 0.703800
vt 0.045600 0.630700
vt 0.042800 0.603000
vt 0.305200 0.625200
vt 0.309600 0.618000
vt 0.292200 0.620900
vt 0.279700 0.638600
vt 0.262500 0.635800
vt 0.276400 0.615600
vt 0.197200 0.666900
vt 0.265300 0.669100
vt 0.258200 0.688300
vt 0.245300 0.686800
vt 0.251100 0.667800
vt 0.242100 0.703300
vt 0.229300 0.702600
vt 0.233800 0.686300
vt 0.208600 0.741200
vt 0.208300 0.758500
vt 0.200500 0.756700
vt 0.202000 0.741400
vt 0.149600 0.742200
vt 0.159800 0.741700
vt 0.158100 0.757600
vt 0.149600 0.757500
vt 0.170800 0.721800
vt 0.179900 0.721800
vt 0.179800 0.740400
vt 0.171500 0.740100
vt 0.250200 0.726700
vt 0.251400 0.713600
vt 0.254200 0.703700
vt 0.097000 0.596300
vt 0.111200 0.591300
vt 0.114600 0.608500
vt 0.098300 0.616100
vt 0.296200 0.613800
vt 0.100600 0.625000
vt 0.111200 0.639400
vt 0.087600 0.629200
vt 0.302900 0.644700
vt 0.306200 0.644700
vt 0.120800 0.685000
vt 0.113200 0.684300
vt 0.147100 0.700900
vt 0.137800 0.700800
vt 0.131700 0.685100
vt 0.142400 0.684900
vt 0.132700 0.758000
vt 0.120500 0.759300
vt 0.274000 0.749800
vt 0.271400 0.749400
vt 0.239300 0.713200
vt 0.683400 0.638900
vt 0.280900 0.608100
vt 0.078800 0.629200
vt 0.206000 0.667200
vt 0.207700 0.641700
vt 0.224500 0.666900
vt 0.221300 0.685800
vt 0.212300 0.685000
vt 0.214700 0.666700
vt 0.218300 0.702900
vt 0.210800 0.702200
vt 0.215600 0.759200
vt 0.216700 0.741100
vt 0.201800 0.724200
vt 0.194200 0.741100
vt 0.194500 0.723600
vt 0.226300 0.713500
vt 0.145300 0.586300
vt 0.165000 0.587000
vt 0.166400 0.605100
vt 0.149000 0.603500
vt 0.258600 0.613200
vt 0.263900 0.605800
vt 0.218700 0.640600
vt 0.211600 0.617000
vt 0.224700 0.616300
vt 0.124900 0.665600
vt 0.181700 0.702200
vt 0.170500 0.701700
vt 0.167900 0.683900
vt 0.186100 0.740700
vt 0.193900 0.756600
vt 0.187300 0.756400
vt 0.187400 0.723200
vt 0.217300 0.713200
vt 0.233500 0.590100
vt 0.228000 0.607300
vt 0.213700 0.607200
vt 0.217100 0.588700
vt 0.240700 0.614300
vt 0.245100 0.605800
vt 0.161600 0.638200
vt 0.144900 0.635800
vt 0.134600 0.613000
vt 0.152500 0.613500
vt 0.163800 0.666300
vt 0.148500 0.665900
vt 0.152100 0.685100
vt 0.268900 0.688700
vt 0.259100 0.746300
vt 0.255400 0.762400
vt 0.247000 0.761000
vt 0.249100 0.745200
vt 0.142100 0.723700
vt 0.139300 0.743100
vt 0.209700 0.712800
vt 0.883700 0.646500
vt 0.867300 0.640400
vt 0.245600 0.636300
vt 0.238200 0.667400
vt 0.231200 0.638400
vt 0.197000 0.685700
vt 0.202800 0.702000
vt 0.204500 0.684800
vt 0.171600 0.758100
vt 0.217800 0.724800
vt 0.228700 0.725100
vt 0.202100 0.713000
vt 0.194500 0.712300
vt 0.194900 0.701900
vt 0.651300 0.638600
vt 0.633500 0.639500
vt 0.198400 0.607600
vt 0.087700 0.642400
vt 0.068000 0.630900
vt 0.277900 0.669900
vt 0.188400 0.701800
vt 0.314600 0.602500
vt 0.315000 0.597400
vt 0.301000 0.597800
vt 0.301100 0.593300
vt 0.287600 0.593400
vt 0.287400 0.589200
vt 0.271400 0.591100
vt 0.272000 0.587000
vt 0.252800 0.590000
vt 0.254100 0.585500
vt 0.234300 0.584800
vt 0.267200 0.763500
vt 0.260100 0.768900
vt 0.253500 0.768800
vt 0.246400 0.768900
vt 0.241300 0.768800
vt 0.229300 0.767100
vt 0.216300 0.766700
vt 0.208900 0.765900
vt 0.200800 0.765500
vt 0.193800 0.764700
vt 0.352900 0.600600
vt 0.351900 0.608900
vt 0.591400 0.614100
vt 0.596200 0.624700
vt 0.773300 0.630700
vt 0.757100 0.630600
vt 0.667100 0.637600
vt 0.182600 0.586500
vt 0.200500 0.587100
vt 0.182100 0.605800
vt 0.726000 0.632200
vt 0.742300 0.630100
vt 0.348000 0.633100
vt 0.345800 0.637700
vt 0.618300 0.654000
vt 0.614200 0.650400
vt 0.626400 0.649000
vt 0.627200 0.653300
vt 0.639000 0.649400
vt 0.640100 0.655600
vt 0.652900 0.652100
vt 0.651800 0.659900
vt 0.668500 0.654400
vt 0.665900 0.664000
vt 0.685500 0.661800
vt 0.679300 0.670600
vt 0.694600 0.678100
vt 0.689000 0.681400
vt 0.700500 0.690000
vt 0.694100 0.691700
vt 0.704300 0.699100
vt 0.697600 0.700700
vt 0.707100 0.709900
vt 0.701000 0.710800
vt 0.709000 0.720200
vt 0.703600 0.720800
vt 0.709400 0.780900
vt 0.711100 0.777800
vt 0.721100 0.779000
vt 0.733800 0.779400
vt 0.742500 0.780300
vt 0.742000 0.784800
vt 0.698800 0.659000
vt 0.703700 0.676100
vt 0.703700 0.767400
vt 0.714000 0.751800
vt 0.712600 0.764200
vt 0.715800 0.741000
vt 0.716900 0.730100
vt 0.716400 0.719700
vt 0.714200 0.708900
vt 0.711300 0.699000
vt 0.707000 0.688300
vt 0.716200 0.673700
vt 0.718700 0.686600
vt 0.722900 0.751400
vt 0.721100 0.765100
vt 0.723900 0.740000
vt 0.725000 0.729500
vt 0.724700 0.719600
vt 0.723600 0.708600
vt 0.720800 0.697700
vt 0.712800 0.656000
vt 0.729500 0.671800
vt 0.731500 0.685500
vt 0.733000 0.750900
vt 0.733100 0.765400
vt 0.734300 0.740200
vt 0.734600 0.729900
vt 0.734600 0.718600
vt 0.734200 0.707400
vt 0.732400 0.696500
vt 0.728300 0.653800
vt 0.743200 0.670100
vt 0.744700 0.684400
vt 0.744900 0.752300
vt 0.744800 0.766100
vt 0.744900 0.741500
vt 0.745200 0.730200
vt 0.745000 0.718800
vt 0.744800 0.707600
vt 0.744700 0.696200
vt 0.742400 0.652100
vt 0.707800 0.782100
vt 0.700800 0.779900
vt 0.700200 0.778200
vt 0.755500 0.782000
vt 0.755800 0.786100
vt 0.757700 0.669900
vt 0.757200 0.684100
vt 0.756000 0.753100
vt 0.755600 0.767800
vt 0.755500 0.742300
vt 0.757000 0.730800
vt 0.756800 0.718700
vt 0.756600 0.707500
vt 0.756700 0.695600
vt 0.757600 0.651700
vt 0.788900 0.632400
vt 0.293300 0.641700
vt 0.117200 0.700200
vt 0.120200 0.711200
vt 0.117400 0.711000
vt 0.115400 0.700100
vt 0.118400 0.723700
vt 0.129300 0.711000
vt 0.125700 0.700700
vt 0.084500 0.622200
vt 0.127100 0.636000
vt 0.118000 0.617300
vt 0.175100 0.640600
vt 0.111400 0.683900
vt 0.141300 0.711100
vt 0.083500 0.597700
vt 0.169000 0.615600
vt 0.137300 0.665700
vt 0.149100 0.710300
vt 0.156000 0.700600
vt 0.158600 0.710900
vt 0.131300 0.604400
vt 0.170700 0.712000
vt 0.181000 0.712200
vt 0.127500 0.588000
vt 0.188000 0.712300
vt 0.850900 0.640100
vt 0.834400 0.639600
vt 0.920100 0.629900
vt 0.901200 0.659700
vt 0.803800 0.634000
vt 0.568600 0.493800
vt 0.818600 0.636000
vt 0.769600 0.668500
vt 0.771600 0.651000
vt 0.052200 0.634000
vt 0.901700 0.664800
vt 0.889600 0.661700
vt 0.890200 0.659200
vt 0.878400 0.660600
vt 0.879200 0.655100
vt 0.864800 0.659900
vt 0.865300 0.653000
vt 0.851700 0.664600
vt 0.849100 0.655600
vt 0.841400 0.674200
vt 0.837600 0.668100
vt 0.833700 0.684000
vt 0.828100 0.681400
vt 0.827900 0.693200
vt 0.822200 0.692000
vt 0.822900 0.702100
vt 0.817700 0.701500
vt 0.818200 0.711300
vt 0.812100 0.710400
vt 0.813300 0.721500
vt 0.807000 0.720900
vt 0.810400 0.731600
vt 0.803400 0.731600
vt 0.815600 0.677500
vt 0.818100 0.658700
vt 0.797200 0.730600
vt 0.800300 0.720200
vt 0.804400 0.709700
vt 0.810100 0.699500
vt 0.812800 0.689700
vt 0.793000 0.684800
vt 0.795900 0.670800
vt 0.788700 0.730200
vt 0.789500 0.718800
vt 0.790800 0.708200
vt 0.791100 0.697100
vt 0.800300 0.653500
vt 0.779500 0.683600
vt 0.782200 0.668900
vt 0.778100 0.729500
vt 0.777600 0.718200
vt 0.778100 0.706900
vt 0.778900 0.696100
vt 0.785200 0.651600
vt 0.767100 0.683500
vt 0.767600 0.729600
vt 0.767900 0.717800
vt 0.767600 0.706600
vt 0.767500 0.695400
vt 0.238700 0.725300
vt 0.101300 0.664400
vt 0.217700 0.583700
vt 0.201500 0.581900
vt 0.163800 0.581500
vt 0.183000 0.581100
vt 0.145000 0.581400
vt 0.127400 0.582500
vt 0.111500 0.585200
vt 0.096800 0.588300
vt 0.084000 0.591300
vt 0.042500 0.592000
vt 0.925900 0.617100
vt 0.151000 0.722500
vt 0.269000 0.765500
vt 0.264500 0.768800
vt 0.698600 0.766800
vt 0.704800 0.775400
vt 0.740800 0.786100
vt 0.754300 0.786500
vt 0.810300 0.744700
vt 0.811800 0.754200
vt 0.805300 0.753200
vt 0.803900 0.742000
vt 0.787800 0.786900
vt 0.775600 0.786900
vt 0.776700 0.785600
vt 0.787300 0.786100
vt 0.140900 0.757900
vt 0.119200 0.760300
vt 0.114900 0.745900
vt 0.178600 0.757800
vt 0.133700 0.763500
vt 0.126300 0.764000
vt 0.141200 0.764200
vt 0.146200 0.764600
vt 0.157600 0.764400
vt 0.170500 0.764800
vt 0.177800 0.765300
vt 0.186200 0.765400
vt 0.801600 0.783700
vt 0.789000 0.780600
vt 0.799000 0.779300
vt 0.776600 0.780800
vt 0.767400 0.786000
vt 0.767700 0.780900
vt 0.807000 0.769200
vt 0.798400 0.765600
vt 0.798200 0.753000
vt 0.797100 0.741600
vt 0.789200 0.765700
vt 0.788900 0.752300
vt 0.788400 0.740700
vt 0.778000 0.765800
vt 0.778700 0.751300
vt 0.776500 0.740600
vt 0.766200 0.767100
vt 0.766100 0.752500
vt 0.765300 0.741500
vt 0.802100 0.785800
vt 0.809500 0.782100
vt 0.808800 0.784500
vt 0.124100 0.765100
vt 0.209500 0.723800
vt 0.160000 0.722300
vt 0.812300 0.769200
vt 0.806000 0.778400
vt 0.769300 0.786900
vt 0.075700 0.865200
vt 0.083100 0.865100
vt 0.084400 0.875500
vt 0.078400 0.875200
vt 0.081600 0.884000
vt 0.086300 0.883300
vt 0.088700 0.891300
vt 0.084400 0.888900
vt 0.085500 0.899300
vt 0.080600 0.897500
vt 0.082600 0.905700
vt 0.077200 0.904900
vt 0.079200 0.912700
vt 0.072100 0.914700
vt 0.092800 0.865600
vt 0.091800 0.875000
vt 0.092000 0.882800
vt 0.093000 0.891000
vt 0.091900 0.899400
vt 0.090600 0.906000
vt 0.090200 0.912600
vt 0.102000 0.865900
vt 0.101300 0.874800
vt 0.101100 0.882200
vt 0.101100 0.890800
vt 0.100900 0.899400
vt 0.100600 0.906900
vt 0.100700 0.913300
vt 0.070300 0.900900
vt 0.073300 0.894300
vt 0.062400 0.938300
vt 0.062700 0.940600
vt 0.055100 0.940000
vt 0.054900 0.938500
vt 0.077200 0.884800
vt 0.077200 0.882400
vt 0.075300 0.874700
vt 0.072100 0.865500
vt 0.065800 0.908400
vt 0.127900 0.865500
vt 0.124500 0.875200
vt 0.118200 0.876100
vt 0.121000 0.866100
vt 0.121300 0.884000
vt 0.118500 0.888800
vt 0.113800 0.890800
vt 0.116100 0.883300
vt 0.122600 0.897700
vt 0.117300 0.899300
vt 0.126000 0.905400
vt 0.120400 0.906400
vt 0.130700 0.915200
vt 0.123000 0.913500
vt 0.110600 0.875100
vt 0.111200 0.866500
vt 0.109200 0.890700
vt 0.110100 0.882800
vt 0.110100 0.899400
vt 0.111000 0.906300
vt 0.111400 0.913200
vt 0.130300 0.894500
vt 0.133300 0.901100
vt 0.126400 0.885000
vt 0.126400 0.882500
vt 0.131600 0.865700
vt 0.128200 0.874900
vt 0.137600 0.908500
vt 0.139600 0.910000
vt 0.135000 0.917900
vt 0.140200 0.919900
vt 0.145800 0.915300
vt 0.147100 0.917000
vt 0.140900 0.920900
vt 0.133900 0.838700
vt 0.134200 0.836900
vt 0.140200 0.837900
vt 0.139100 0.840700
vt 0.133400 0.821600
vt 0.129900 0.828100
vt 0.115700 0.828300
vt 0.119600 0.821600
vt 0.100800 0.828900
vt 0.103400 0.821600
vt 0.085800 0.821600
vt 0.083900 0.828900
vt 0.073100 0.821600
vt 0.074400 0.829300
vt 0.474000 0.107000
vt 0.458300 0.106600
vt 0.459600 0.088700
vt 0.474400 0.087600
vt 0.462200 0.071700
vt 0.475000 0.070100
vt 0.439600 0.106700
vt 0.442100 0.090200
vt 0.451200 0.078800
vt 0.489200 0.089300
vt 0.489400 0.107000
vt 0.506500 0.091800
vt 0.508300 0.108000
vt 0.487500 0.072400
vt 0.498300 0.079800
vt 0.488000 0.125000
vt 0.473200 0.126300
vt 0.485300 0.140600
vt 0.472900 0.142100
vt 0.504800 0.123200
vt 0.496200 0.133900
vt 0.458600 0.124600
vt 0.442500 0.122400
vt 0.460500 0.139800
vt 0.450700 0.133100
vt 0.474100 0.060200
vt 0.458200 0.061400
vt 0.451700 0.044900
vt 0.472900 0.044700
vt 0.414700 0.079100
vt 0.432400 0.084600
vt 0.431000 0.105400
vt 0.414100 0.104600
vt 0.445700 0.071500
vt 0.436600 0.061500
vt 0.518200 0.106600
vt 0.517700 0.084500
vt 0.533000 0.079500
vt 0.533000 0.106600
vt 0.494400 0.043500
vt 0.490600 0.060300
vt 0.503800 0.070900
vt 0.512900 0.059500
vt 0.471500 0.151500
vt 0.488100 0.151700
vt 0.491800 0.168500
vt 0.469600 0.166100
vt 0.530900 0.133700
vt 0.516400 0.128900
vt 0.501800 0.141800
vt 0.511000 0.153900
vt 0.432000 0.125800
vt 0.416000 0.129800
vt 0.447700 0.165000
vt 0.455300 0.149900
vt 0.443600 0.139100
vt 0.433600 0.148200
vt 0.474100 0.107000
vt 0.458400 0.106600
vt 0.459700 0.088800
vt 0.474600 0.087600
vt 0.462300 0.071700
vt 0.475200 0.070100
vt 0.439700 0.106700
vt 0.442300 0.090200
vt 0.451300 0.078800
vt 0.489400 0.089300
vt 0.489600 0.107000
vt 0.506700 0.091800
vt 0.508500 0.108000
vt 0.487700 0.072400
vt 0.498500 0.079800
vt 0.488200 0.125000
vt 0.473400 0.126300
vt 0.485500 0.140600
vt 0.473100 0.142100
vt 0.505000 0.123200
vt 0.496400 0.133900
vt 0.458800 0.124600
vt 0.442700 0.122400
vt 0.460700 0.139800
vt 0.450900 0.133100
vt 0.474200 0.060200
vt 0.458400 0.061400
vt 0.451900 0.044900
vt 0.473100 0.044700
vt 0.414900 0.079100
vt 0.432600 0.084600
vt 0.431200 0.105400
vt 0.414300 0.104600
vt 0.445900 0.071500
vt 0.436800 0.061500
vt 0.518400 0.106600
vt 0.517900 0.084500
vt 0.533200 0.079500
vt 0.533200 0.106600
vt 0.494600 0.043500
vt 0.490800 0.060300
vt 0.504000 0.070900
vt 0.513100 0.059500
vt 0.471700 0.151500
vt 0.488300 0.151700
vt 0.492000 0.168500
vt 0.469800 0.166100
vt 0.531100 0.133700
vt 0.516600 0.128900
vt 0.502000 0.141800
vt 0.511200 0.153900
vt 0.432200 0.125800
vt 0.416200 0.129800
vt 0.447900 0.165000
vt 0.455400 0.149900
vt 0.443800 0.139100
vt 0.433800 0.148200
vt 0.474100 0.107100
vt 0.458300 0.106700
vt 0.459600 0.088800
vt 0.474500 0.087700
vt 0.462200 0.071800
vt 0.475100 0.070200
vt 0.439600 0.106800
vt 0.442200 0.090300
vt 0.451200 0.078900
vt 0.489300 0.089400
vt 0.489500 0.107100
vt 0.506600 0.091900
vt 0.508400 0.108100
vt 0.487600 0.072500
vt 0.498400 0.079900
vt 0.488100 0.125100
vt 0.473300 0.126400
vt 0.485400 0.140700
vt 0.473000 0.142300
vt 0.504900 0.123300
vt 0.496300 0.134000
vt 0.458700 0.124700
vt 0.442600 0.122500
vt 0.460600 0.139900
vt 0.450800 0.133200
vt 0.474200 0.060300
vt 0.458300 0.061500
vt 0.451800 0.045000
vt 0.473000 0.044800
vt 0.414700 0.079200
vt 0.432500 0.084700
vt 0.431100 0.105500
vt 0.414100 0.104700
vt 0.445800 0.071600
vt 0.436700 0.061500
vt 0.518300 0.106700
vt 0.517800 0.084600
vt 0.533100 0.079600
vt 0.533100 0.106700
vt 0.494500 0.043600
vt 0.490700 0.060400
vt 0.503900 0.071000
vt 0.513000 0.059600
vt 0.471600 0.151600
vt 0.488200 0.151800
vt 0.491900 0.168600
vt 0.469700 0.166300
vt 0.531000 0.133800
vt 0.516500 0.129000
vt 0.501900 0.141900
vt 0.511100 0.154000
vt 0.432100 0.125900
vt 0.416100 0.129900
vt 0.447800 0.165100
vt 0.455300 0.150000
vt 0.443700 0.139200
vt 0.433700 0.148300
vt 0.598900 0.870200
vt 0.606400 0.870300
vt 0.609300 0.883000
vt 0.601000 0.883400
vt 0.400400 0.715600
vt 0.398400 0.707100
vt 0.407300 0.706600
vt 0.411400 0.715200
vt 0.596500 0.843500
vt 0.602100 0.844600
vt 0.604200 0.857600
vt 0.595700 0.857700
vt 0.602700 0.895600
vt 0.610500 0.894300
vt 0.611900 0.904100
vt 0.603800 0.906200
vt 0.579900 0.883900
vt 0.569500 0.880700
vt 0.564800 0.868700
vt 0.576700 0.870000
vt 0.404800 0.831200
vt 0.404300 0.836700
vt 0.396400 0.836800
vt 0.396500 0.832200
vt 0.404900 0.841700
vt 0.406500 0.848000
vt 0.399100 0.847200
vt 0.397300 0.841300
vt 0.391200 0.901500
vt 0.388200 0.910000
vt 0.382400 0.911000
vt 0.385000 0.901800
vt 0.413800 0.724600
vt 0.402700 0.725700
vt 0.593600 0.919000
vt 0.590400 0.909900
vt 0.598200 0.908700
vt 0.601000 0.916700
vt 0.405200 0.735100
vt 0.415400 0.734400
vt 0.416300 0.741600
vt 0.406700 0.742100
vt 0.403200 0.883600
vt 0.405600 0.874200
vt 0.416000 0.875900
vt 0.413800 0.885500
vt 0.391700 0.860700
vt 0.399800 0.858900
vt 0.398500 0.866400
vt 0.391800 0.867200
vt 0.391300 0.873700
vt 0.397500 0.873100
vt 0.396000 0.881400
vt 0.389900 0.881400
vt 0.414200 0.836300
vt 0.414600 0.841400
vt 0.415700 0.750000
vt 0.407900 0.749500
vt 0.393500 0.892300
vt 0.387300 0.892400
vt 0.563000 0.809900
vt 0.563500 0.805500
vt 0.575300 0.805300
vt 0.574700 0.809100
vt 0.424100 0.839600
vt 0.424200 0.846000
vt 0.415600 0.847900
vt 0.574400 0.819900
vt 0.561800 0.817900
vt 0.606500 0.914400
vt 0.612000 0.912000
vt 0.423800 0.773800
vt 0.413700 0.771500
vt 0.413900 0.766500
vt 0.423800 0.768400
vt 0.423500 0.804400
vt 0.424300 0.816900
vt 0.412800 0.817100
vt 0.412000 0.804300
vt 0.424600 0.778400
vt 0.413900 0.776200
vt 0.562800 0.800700
vt 0.575200 0.800900
vt 0.574200 0.827100
vt 0.561200 0.827100
vt 0.439800 0.825300
vt 0.424800 0.826000
vt 0.438900 0.816600
vt 0.407700 0.754100
vt 0.415300 0.754600
vt 0.414800 0.760100
vt 0.406100 0.760000
vt 0.596800 0.827600
vt 0.603100 0.828300
vt 0.587600 0.843700
vt 0.588000 0.827400
vt 0.391500 0.855000
vt 0.399400 0.854000
vt 0.417000 0.913200
vt 0.409600 0.910600
vt 0.414400 0.901500
vt 0.421200 0.901600
vt 0.439100 0.843200
vt 0.447900 0.842400
vt 0.446700 0.847300
vt 0.438300 0.847900
vt 0.440400 0.832800
vt 0.440300 0.829400
vt 0.448800 0.828200
vt 0.449400 0.832100
vt 0.424200 0.762100
vt 0.424200 0.757900
vt 0.438700 0.760700
vt 0.439400 0.765500
vt 0.580200 0.739200
vt 0.584800 0.726000
vt 0.595500 0.724700
vt 0.591500 0.739300
vt 0.422500 0.724800
vt 0.424500 0.734200
vt 0.424300 0.850300
vt 0.415900 0.853100
vt 0.600700 0.704700
vt 0.598300 0.714400
vt 0.588300 0.713400
vt 0.592400 0.703100
vt 0.460300 0.842500
vt 0.457200 0.847700
vt 0.452900 0.854900
vt 0.444500 0.854900
vt 0.450000 0.864500
vt 0.442300 0.866500
vt 0.454000 0.813700
vt 0.453200 0.804200
vt 0.457100 0.804000
vt 0.458400 0.812200
vt 0.546500 0.841200
vt 0.547100 0.828400
vt 0.561400 0.843100
vt 0.564400 0.754200
vt 0.562900 0.767700
vt 0.547500 0.769300
vt 0.548200 0.757600
vt 0.424300 0.751500
vt 0.424700 0.741200
vt 0.436300 0.740600
vt 0.438000 0.753000
vt 0.497600 0.790400
vt 0.498000 0.791200
vt 0.488900 0.785700
vt 0.488400 0.785600
vt 0.499400 0.842800
vt 0.499400 0.834600
vt 0.518000 0.832000
vt 0.518600 0.839700
vt 0.546200 0.818200
vt 0.440700 0.873900
vt 0.434900 0.874900
vt 0.436300 0.866900
vt 0.486300 0.844600
vt 0.486200 0.836200
vt 0.554900 0.906800
vt 0.570100 0.924200
vt 0.564500 0.928100
vt 0.550400 0.914300
vt 0.558500 0.933900
vt 0.544100 0.921400
vt 0.437700 0.855200
vt 0.589500 0.768900
vt 0.587900 0.783400
vt 0.574800 0.783200
vt 0.574800 0.765600
vt 0.449400 0.871700
vt 0.447900 0.881000
vt 0.438100 0.881800
vt 0.446600 0.815500
vt 0.445500 0.804400
vt 0.424200 0.791800
vt 0.438100 0.792300
vt 0.438400 0.804400
vt 0.477800 0.822500
vt 0.488100 0.824600
vt 0.487200 0.826500
vt 0.476400 0.825000
vt 0.539600 0.927100
vt 0.553400 0.939200
vt 0.548600 0.941900
vt 0.537000 0.930700
vt 0.515800 0.795900
vt 0.515900 0.801200
vt 0.503200 0.797500
vt 0.499000 0.789000
vt 0.469800 0.694500
vt 0.470900 0.693000
vt 0.489000 0.692700
vt 0.489600 0.695600
vt 0.562700 0.855500
vt 0.574900 0.856000
vt 0.417100 0.867800
vt 0.416500 0.858600
vt 0.425000 0.856700
vt 0.425500 0.867700
vt 0.407300 0.866700
vt 0.439300 0.779600
vt 0.439000 0.783500
vt 0.424700 0.782400
vt 0.424700 0.834300
vt 0.516800 0.814000
vt 0.530200 0.814000
vt 0.531900 0.820800
vt 0.517600 0.821500
vt 0.540600 0.907000
vt 0.536800 0.914800
vt 0.543500 0.900000
vt 0.533800 0.840400
vt 0.539600 0.840700
vt 0.539700 0.851300
vt 0.534200 0.851000
vt 0.431300 0.725200
vt 0.434800 0.733300
vt 0.558100 0.888900
vt 0.553100 0.886600
vt 0.549600 0.877000
vt 0.553100 0.876500
vt 0.453200 0.917100
vt 0.460600 0.913700
vt 0.460500 0.917400
vt 0.454100 0.921200
vt 0.449500 0.901200
vt 0.459900 0.898900
vt 0.459700 0.907000
vt 0.451400 0.909800
vt 0.444800 0.891500
vt 0.458900 0.891000
vt 0.458100 0.880000
vt 0.465200 0.848300
vt 0.468400 0.842800
vt 0.425000 0.830400
vt 0.414400 0.831600
vt 0.590100 0.870200
vt 0.592700 0.883900
vt 0.575300 0.897800
vt 0.581100 0.910000
vt 0.572100 0.908000
vt 0.425200 0.875500
vt 0.446500 0.922500
vt 0.448300 0.925900
vt 0.443900 0.916300
vt 0.440200 0.907000
vt 0.428600 0.921500
vt 0.424100 0.916800
vt 0.436000 0.900500
vt 0.420700 0.915300
vt 0.426700 0.900400
vt 0.560500 0.782800
vt 0.547400 0.782000
vt 0.422000 0.884600
vt 0.431600 0.882700
vt 0.586200 0.856400
vt 0.585500 0.921000
vt 0.473700 0.850200
vt 0.475800 0.843600
vt 0.546100 0.792300
vt 0.561900 0.792600
vt 0.439700 0.775800
vt 0.573800 0.844500
vt 0.433700 0.890200
vt 0.550500 0.745100
vt 0.568200 0.740000
vt 0.582400 0.702400
vt 0.577100 0.713400
vt 0.516000 0.788700
vt 0.531700 0.789900
vt 0.529900 0.796200
vt 0.557900 0.899400
vt 0.573300 0.922000
vt 0.546900 0.853000
vt 0.439900 0.837300
vt 0.455800 0.820800
vt 0.447900 0.824200
vt 0.461200 0.817900
vt 0.426800 0.890700
vt 0.427200 0.717700
vt 0.419900 0.716600
vt 0.416100 0.707300
vt 0.423800 0.707800
vt 0.400600 0.893600
vt 0.411000 0.894100
vt 0.406700 0.902400
vt 0.397800 0.902000
vt 0.438900 0.932200
vt 0.443000 0.937000
vt 0.587500 0.754400
vt 0.576600 0.754400
vt 0.515600 0.805000
vt 0.506300 0.805000
vt 0.504600 0.812300
vt 0.503000 0.812100
vt 0.503400 0.805000
vt 0.487700 0.783700
vt 0.498900 0.783600
vt 0.500600 0.820900
vt 0.499200 0.819600
vt 0.463300 0.810800
vt 0.465100 0.816400
vt 0.461600 0.804100
vt 0.467200 0.810400
vt 0.469000 0.814300
vt 0.471300 0.822200
vt 0.473300 0.819900
vt 0.468000 0.820000
vt 0.470600 0.817900
vt 0.433900 0.927300
vt 0.534600 0.770100
vt 0.533700 0.780000
vt 0.517200 0.777900
vt 0.518300 0.770300
vt 0.535100 0.814500
vt 0.538100 0.820000
vt 0.533500 0.830400
vt 0.463400 0.822300
vt 0.457600 0.825000
vt 0.475600 0.828000
vt 0.468300 0.827200
vt 0.448900 0.836700
vt 0.460200 0.830400
vt 0.544300 0.809800
vt 0.544200 0.805600
vt 0.539900 0.829600
vt 0.530400 0.801100
vt 0.516100 0.808800
vt 0.479100 0.787500
vt 0.478700 0.787200
vt 0.469500 0.836100
vt 0.476300 0.836600
vt 0.461400 0.836600
vt 0.466200 0.804500
vt 0.594300 0.898500
vt 0.394000 0.909400
vt 0.408500 0.859300
vt 0.408000 0.853900
vt 0.543900 0.886800
vt 0.454100 0.923100
vt 0.448500 0.927700
vt 0.485800 0.764700
vt 0.499100 0.767500
vt 0.499300 0.775500
vt 0.486800 0.773400
vt 0.443700 0.937300
vt 0.547200 0.942700
vt 0.535600 0.932700
vt 0.460900 0.918700
vt 0.469600 0.814000
vt 0.471500 0.816900
vt 0.467700 0.810200
vt 0.499100 0.819100
vt 0.502100 0.812100
vt 0.502100 0.805100
vt 0.474000 0.819200
vt 0.478200 0.821700
vt 0.466200 0.804600
vt 0.476300 0.781100
vt 0.487400 0.781300
vt 0.477200 0.784400
vt 0.391600 0.848800
vt 0.574500 0.790700
vt 0.380300 0.892800
vt 0.383300 0.882000
vt 0.615100 0.868900
vt 0.617400 0.881400
vt 0.611100 0.829600
vt 0.612300 0.843400
vt 0.377100 0.901400
vt 0.613300 0.856500
vt 0.384200 0.860500
vt 0.384400 0.857300
vt 0.385400 0.867800
vt 0.620300 0.903100
vt 0.619900 0.911100
vt 0.384500 0.851200
vt 0.374600 0.910500
vt 0.384700 0.874100
vt 0.619100 0.892700
vt 0.375500 0.883400
vt 0.377300 0.875300
vt 0.619100 0.837200
vt 0.620900 0.845100
vt 0.369100 0.902300
vt 0.372500 0.893000
vt 0.377600 0.859600
vt 0.377400 0.856400
vt 0.622300 0.855500
vt 0.624400 0.866000
vt 0.377800 0.863400
vt 0.628300 0.897700
vt 0.629100 0.909000
vt 0.625800 0.879200
vt 0.627400 0.889000
vt 0.377700 0.869100
vt 0.365500 0.911200
vt 0.370400 0.861800
vt 0.370100 0.859400
vt 0.631200 0.855100
vt 0.633100 0.865400
vt 0.370800 0.865400
vt 0.635800 0.896200
vt 0.636500 0.907400
vt 0.634500 0.877400
vt 0.635600 0.887600
vt 0.370100 0.869900
vt 0.629600 0.845700
vt 0.368900 0.876300
vt 0.364200 0.893300
vt 0.367000 0.884300
vt 0.358200 0.912500
vt 0.361600 0.902900
vt 0.627400 0.839100
vt 0.640400 0.855100
vt 0.642500 0.865100
vt 0.363400 0.867600
vt 0.362900 0.863600
vt 0.646100 0.895700
vt 0.644900 0.906300
vt 0.644300 0.875700
vt 0.645800 0.885800
vt 0.362700 0.872300
vt 0.638200 0.846100
vt 0.360700 0.878000
vt 0.355600 0.894900
vt 0.358100 0.885800
vt 0.350000 0.912500
vt 0.353000 0.903700
vt 0.636000 0.839300
vt 0.362300 0.861500
vt 0.656000 0.894300
vt 0.654800 0.904900
vt 0.651800 0.865400
vt 0.653700 0.875400
vt 0.655300 0.884500
vt 0.354200 0.875500
vt 0.354600 0.870000
vt 0.647300 0.846100
vt 0.649700 0.855300
vt 0.352100 0.880700
vt 0.345100 0.895600
vt 0.348600 0.887800
vt 0.340500 0.912600
vt 0.342100 0.904000
vt 0.644700 0.839000
vt 0.354300 0.865800
vt 0.354000 0.863200
vt 0.346000 0.876200
vt 0.346700 0.871500
vt 0.654500 0.846200
vt 0.657000 0.855400
vt 0.662900 0.884400
vt 0.664400 0.895200
vt 0.343600 0.881900
vt 0.335600 0.896200
vt 0.339500 0.888200
vt 0.331700 0.912800
vt 0.332800 0.904500
vt 0.652600 0.839000
vt 0.346500 0.867200
vt 0.346600 0.864600
vt 0.659300 0.865300
vt 0.664000 0.904300
vt 0.661100 0.875300
vt 0.658100 0.847100
vt 0.659900 0.855900
vt 0.666600 0.884500
vt 0.669600 0.895100
vt 0.338200 0.881600
vt 0.340500 0.876700
vt 0.330800 0.896700
vt 0.334600 0.888900
vt 0.326400 0.913200
vt 0.327900 0.904800
vt 0.657200 0.839800
vt 0.341700 0.867700
vt 0.342500 0.865600
vt 0.662300 0.865500
vt 0.341200 0.871500
vt 0.669400 0.903800
vt 0.664400 0.875100
vt 0.530600 0.808800
vt 0.530600 0.804900
vt 0.600100 0.740900
vt 0.603000 0.727000
vt 0.608800 0.728600
vt 0.604900 0.739900
vt 0.596700 0.767900
vt 0.599700 0.757100
vt 0.604800 0.754900
vt 0.602100 0.766500
vt 0.605100 0.716500
vt 0.606700 0.707300
vt 0.612200 0.709900
vt 0.610600 0.718400
vt 0.404900 0.776800
vt 0.396900 0.775600
vt 0.396900 0.771300
vt 0.404200 0.771300
vt 0.404600 0.766300
vt 0.397700 0.766800
vt 0.399600 0.761100
vt 0.391700 0.707700
vt 0.385300 0.707300
vt 0.384000 0.697000
vt 0.389200 0.698800
vt 0.414200 0.826900
vt 0.404400 0.827400
vt 0.404000 0.817400
vt 0.414000 0.782200
vt 0.404500 0.780300
vt 0.589700 0.819200
vt 0.392800 0.747600
vt 0.392300 0.742000
vt 0.398800 0.742600
vt 0.400200 0.749600
vt 0.391600 0.735600
vt 0.390000 0.727900
vt 0.395600 0.727900
vt 0.397500 0.736100
vt 0.585100 0.899100
vt 0.387400 0.716800
vt 0.393300 0.717000
vt 0.573300 0.727900
vt 0.607900 0.699000
vt 0.612600 0.702200
vt 0.595400 0.693900
vt 0.587700 0.691800
vt 0.403400 0.804200
vt 0.544800 0.799500
vt 0.601500 0.782100
vt 0.595700 0.782900
vt 0.412900 0.791700
vt 0.404000 0.790900
vt 0.399600 0.754600
vt 0.392300 0.753800
vt 0.561700 0.719800
vt 0.573300 0.702700
vt 0.418700 0.892700
vt 0.446700 0.761500
vt 0.448000 0.766600
vt 0.448400 0.777300
vt 0.447900 0.781200
vt 0.459400 0.766600
vt 0.457100 0.761300
vt 0.444900 0.753900
vt 0.453300 0.754100
vt 0.442500 0.741500
vt 0.450900 0.744500
vt 0.556400 0.733000
vt 0.543600 0.747400
vt 0.548800 0.736100
vt 0.541000 0.759600
vt 0.453300 0.794500
vt 0.458300 0.795700
vt 0.499800 0.825600
vt 0.486700 0.828500
vt 0.518200 0.761400
vt 0.498900 0.758800
vt 0.440800 0.733800
vt 0.560000 0.704800
vt 0.554500 0.696900
vt 0.569900 0.686000
vt 0.574900 0.689800
vt 0.548400 0.688900
vt 0.564000 0.679900
vt 0.449400 0.736800
vt 0.437900 0.726000
vt 0.447400 0.727000
vt 0.445400 0.793300
vt 0.439800 0.771100
vt 0.475100 0.765600
vt 0.476300 0.772600
vt 0.544000 0.683500
vt 0.542800 0.681500
vt 0.555200 0.672400
vt 0.558200 0.675300
vt 0.402300 0.699200
vt 0.410100 0.697900
vt 0.547200 0.703000
vt 0.542700 0.694600
vt 0.538400 0.687600
vt 0.535300 0.760300
vt 0.549900 0.709900
vt 0.540400 0.769800
vt 0.556600 0.722400
vt 0.450100 0.687800
vt 0.450500 0.685500
vt 0.459600 0.690400
vt 0.458900 0.692800
vt 0.446500 0.704700
vt 0.448500 0.694600
vt 0.458300 0.699500
vt 0.458600 0.708700
vt 0.458500 0.717400
vt 0.444100 0.714200
vt 0.457300 0.728800
vt 0.457700 0.737800
vt 0.458600 0.745100
vt 0.469400 0.697000
vt 0.468800 0.702900
vt 0.468800 0.710200
vt 0.461000 0.753400
vt 0.468500 0.717700
vt 0.465000 0.760800
vt 0.467600 0.766600
vt 0.401500 0.909700
vt 0.444200 0.683000
vt 0.444200 0.680200
vt 0.442100 0.689200
vt 0.439500 0.699100
vt 0.436100 0.707300
vt 0.421300 0.691600
vt 0.425500 0.687500
vt 0.428100 0.708400
vt 0.419200 0.692900
vt 0.416800 0.695200
vt 0.580500 0.690700
vt 0.433300 0.717600
vt 0.561400 0.711300
vt 0.577100 0.691000
vt 0.455800 0.787600
vt 0.446900 0.784900
vt 0.461500 0.790200
vt 0.589200 0.790800
vt 0.433900 0.675500
vt 0.435800 0.672000
vt 0.501500 0.797700
vt 0.488900 0.824300
vt 0.465400 0.791500
vt 0.463300 0.797700
vt 0.469900 0.794700
vt 0.467000 0.798000
vt 0.474800 0.788800
vt 0.472500 0.786700
vt 0.469200 0.788500
vt 0.471900 0.792100
vt 0.430800 0.681600
vt 0.538000 0.790500
vt 0.534800 0.795700
vt 0.464600 0.785900
vt 0.457900 0.783700
vt 0.469000 0.781700
vt 0.448300 0.772000
vt 0.460600 0.778800
vt 0.540300 0.780900
vt 0.469300 0.773100
vt 0.460900 0.772500
vt 0.394900 0.699400
vt 0.537200 0.685300
vt 0.537800 0.749000
vt 0.548900 0.721400
vt 0.546100 0.728900
vt 0.542200 0.737900
vt 0.536300 0.684500
vt 0.542600 0.680400
vt 0.444700 0.679500
vt 0.451100 0.685100
vt 0.436700 0.671400
vt 0.554700 0.671400
vt 0.518500 0.848400
vt 0.460000 0.690100
vt 0.472300 0.793100
vt 0.470400 0.795300
vt 0.467500 0.798800
vt 0.501200 0.798200
vt 0.475200 0.789700
vt 0.392300 0.759600
vt 0.384000 0.727600
vt 0.380500 0.716100
vt 0.616500 0.730300
vt 0.614600 0.743300
vt 0.609900 0.766600
vt 0.609100 0.781200
vt 0.378800 0.707200
vt 0.611500 0.754200
vt 0.385200 0.752200
vt 0.385400 0.748700
vt 0.385900 0.741900
vt 0.619300 0.703300
vt 0.618400 0.711300
vt 0.385100 0.757400
vt 0.377300 0.697800
vt 0.385400 0.735100
vt 0.619000 0.720000
vt 0.378500 0.734200
vt 0.376900 0.726200
vt 0.617200 0.765700
vt 0.616700 0.773800
vt 0.374400 0.715600
vt 0.371600 0.706400
vt 0.378200 0.753200
vt 0.378600 0.750200
vt 0.621000 0.743500
vt 0.618200 0.752800
vt 0.378900 0.746200
vt 0.627900 0.705600
vt 0.626900 0.714100
vt 0.623800 0.732900
vt 0.626000 0.722900
vt 0.378800 0.740700
vt 0.368700 0.697700
vt 0.370900 0.750700
vt 0.371500 0.748400
vt 0.629000 0.745600
vt 0.626500 0.756400
vt 0.372000 0.744200
vt 0.635800 0.707700
vt 0.635000 0.716400
vt 0.632000 0.735100
vt 0.634200 0.725100
vt 0.372000 0.739200
vt 0.624900 0.765800
vt 0.371100 0.732800
vt 0.369600 0.724800
vt 0.367500 0.713900
vt 0.364300 0.705200
vt 0.360600 0.697200
vt 0.624300 0.771700
vt 0.638200 0.746700
vt 0.635300 0.757000
vt 0.364000 0.746400
vt 0.364700 0.742200
vt 0.645000 0.708700
vt 0.644400 0.718800
vt 0.641600 0.736900
vt 0.643700 0.728200
vt 0.364900 0.737000
vt 0.633200 0.765900
vt 0.363700 0.730700
vt 0.361500 0.722900
vt 0.358100 0.715200
vt 0.354700 0.706500
vt 0.351700 0.698100
vt 0.632500 0.771600
vt 0.363100 0.748800
vt 0.654200 0.711400
vt 0.653700 0.720900
vt 0.650700 0.738500
vt 0.648000 0.747700
vt 0.652500 0.730200
vt 0.356200 0.739600
vt 0.356100 0.734100
vt 0.645400 0.757100
vt 0.642700 0.765900
vt 0.354700 0.728100
vt 0.351600 0.720700
vt 0.347700 0.713900
vt 0.343900 0.705100
vt 0.342400 0.696700
vt 0.640900 0.772100
vt 0.354900 0.747200
vt 0.355600 0.744500
vt 0.348200 0.738000
vt 0.347900 0.732800
vt 0.653600 0.757700
vt 0.650700 0.766100
vt 0.662000 0.721800
vt 0.660800 0.730800
vt 0.346100 0.726800
vt 0.342700 0.720200
vt 0.338300 0.712800
vt 0.335100 0.704600
vt 0.334100 0.696400
vt 0.648400 0.772300
vt 0.347500 0.745700
vt 0.347600 0.742600
vt 0.656500 0.748400
vt 0.662500 0.712400
vt 0.659000 0.739500
vt 0.657800 0.757700
vt 0.654900 0.766800
vt 0.666800 0.722400
vt 0.665500 0.731300
vt 0.342200 0.732500
vt 0.340600 0.726500
vt 0.337500 0.719700
vt 0.333500 0.711500
vt 0.330600 0.703600
vt 0.329400 0.695800
vt 0.652800 0.771500
vt 0.343400 0.744600
vt 0.342800 0.742200
vt 0.660900 0.748800
vt 0.342700 0.737900
vt 0.667200 0.713300
vt 0.663600 0.740000
vt 0.192900 0.961500
vt 0.185200 0.958400
vt 0.186000 0.955200
vt 0.193500 0.957000
vt 0.183600 0.957500
vt 0.185100 0.954400
vt 0.182800 0.956100
vt 0.184600 0.953300
vt 0.181300 0.950900
vt 0.183400 0.950400
vt 0.181200 0.947100
vt 0.183700 0.949100
vt 0.193000 0.948200
vt 0.184400 0.947400
vt 0.181000 0.941600
vt 0.188800 0.941800
vt 0.180800 0.939200
vt 0.188700 0.939600
vt 0.180900 0.934600
vt 0.188900 0.935200
vt 0.181700 0.921300
vt 0.187600 0.919800
vt 0.188100 0.921800
vt 0.181000 0.922700
vt 0.182500 0.920500
vt 0.187000 0.918400
vt 0.176100 0.850400
vt 0.180500 0.850000
vt 0.176700 0.854500
vt 0.178600 0.856600
vt 0.177000 0.846900
vt 0.181800 0.848600
vt 0.179100 0.844700
vt 0.184700 0.848000
vt 0.184400 0.843100
vt 0.188100 0.848100
vt 0.187800 0.854400
vt 0.183800 0.858800
vt 0.191400 0.848200
vt 0.191400 0.854500
vt 0.188400 0.860800
vt 0.189300 0.841300
vt 0.192200 0.863800
vt 0.200600 0.865300
vt 0.211000 0.864600
vt 0.220600 0.864200
vt 0.189800 0.918700
vt 0.190600 0.921600
vt 0.191700 0.934500
vt 0.191100 0.940000
vt 0.191100 0.941900
vt 0.194500 0.948500
vt 0.195200 0.956700
vt 0.195500 0.961900
vt 0.196700 0.919100
vt 0.196800 0.922100
vt 0.197400 0.935500
vt 0.197500 0.940900
vt 0.197400 0.942400
vt 0.197300 0.948700
vt 0.197500 0.956500
vt 0.197900 0.962400
vt 0.208700 0.918800
vt 0.208700 0.921500
vt 0.208900 0.935000
vt 0.208400 0.940600
vt 0.208500 0.942200
vt 0.208300 0.948700
vt 0.208500 0.956200
vt 0.205400 0.964200
vt 0.219400 0.918100
vt 0.219300 0.920700
vt 0.220000 0.934300
vt 0.219500 0.939800
vt 0.219400 0.941500
vt 0.219400 0.948800
vt 0.219800 0.955900
vt 0.221100 0.963600
vt 0.195700 0.848300
vt 0.195300 0.854900
vt 0.194800 0.841800
vt 0.199400 0.841900
vt 0.200800 0.848700
vt 0.200100 0.855300
vt 0.207700 0.842700
vt 0.209900 0.849100
vt 0.209800 0.855000
vt 0.221100 0.842000
vt 0.220700 0.849200
vt 0.220300 0.854600
vt 0.187900 0.951200
vt 0.187800 0.951500
vt 0.182300 0.862100
vt 0.176100 0.858900
vt 0.188100 0.952300
vt 0.180200 0.962100
vt 0.178000 0.959900
vt 0.173900 0.942800
vt 0.173700 0.941500
vt 0.173700 0.855500
vt 0.185700 0.852800
vt 0.188200 0.951000
vt 0.182300 0.963400
vt 0.175600 0.953700
vt 0.173100 0.851000
vt 0.189700 0.951500
vt 0.187000 0.965800
vt 0.181000 0.926500
vt 0.173100 0.927700
vt 0.173900 0.922600
vt 0.173300 0.936500
vt 0.182400 0.851100
vt 0.175000 0.919800
vt 0.174600 0.949000
vt 0.184500 0.850200
vt 0.182900 0.850400
vt 0.174100 0.845800
vt 0.176700 0.843000
vt 0.190000 0.967100
vt 0.189400 0.866400
vt 0.182700 0.913100
vt 0.176300 0.918200
vt 0.182500 0.840700
vt 0.186600 0.864300
vt 0.186100 0.850400
vt 0.189600 0.952900
vt 0.188500 0.952800
vt 0.187900 0.839300
vt 0.188300 0.952600
vt 0.199700 0.971300
vt 0.194600 0.971600
vt 0.219900 0.973100
vt 0.246700 0.842100
vt 0.242700 0.842200
vt 0.248500 0.831400
vt 0.249100 0.837400
vt 0.193200 0.832700
vt 0.202000 0.832500
vt 0.219300 0.832100
vt 0.188600 0.926700
vt 0.191500 0.926500
vt 0.197300 0.927000
vt 0.208800 0.926100
vt 0.219700 0.925400
vt 0.249800 0.960100
vt 0.247500 0.956500
vt 0.256200 0.958400
vt 0.258100 0.957400
vt 0.259000 0.956100
vt 0.257200 0.952600
vt 0.259600 0.951800
vt 0.257400 0.950500
vt 0.260100 0.947700
vt 0.257300 0.949100
vt 0.246700 0.947800
vt 0.251800 0.941800
vt 0.260500 0.942300
vt 0.256600 0.947300
vt 0.260800 0.940000
vt 0.251900 0.939800
vt 0.260900 0.935000
vt 0.252100 0.934900
vt 0.260600 0.923600
vt 0.252700 0.921700
vt 0.265600 0.851000
vt 0.265200 0.855000
vt 0.260900 0.853900
vt 0.261100 0.850600
vt 0.263400 0.857100
vt 0.259700 0.855000
vt 0.264600 0.847300
vt 0.260200 0.849100
vt 0.257500 0.848500
vt 0.262700 0.845300
vt 0.257500 0.843700
vt 0.253700 0.848700
vt 0.257900 0.859300
vt 0.253600 0.855400
vt 0.250200 0.855200
vt 0.250100 0.848800
vt 0.252300 0.841900
vt 0.249900 0.921100
vt 0.249200 0.939900
vt 0.249200 0.934400
vt 0.249000 0.941800
vt 0.244600 0.947800
vt 0.244800 0.955400
vt 0.246800 0.960900
vt 0.243300 0.921200
vt 0.242600 0.940200
vt 0.242900 0.934700
vt 0.242400 0.941800
vt 0.242700 0.948400
vt 0.243300 0.955800
vt 0.244200 0.962200
vt 0.230400 0.920900
vt 0.231100 0.918400
vt 0.230700 0.940100
vt 0.231100 0.934500
vt 0.230500 0.941700
vt 0.232700 0.948300
vt 0.234500 0.955300
vt 0.236700 0.963800
vt 0.246300 0.855400
vt 0.246400 0.848700
vt 0.241300 0.848700
vt 0.241200 0.855500
vt 0.231900 0.849800
vt 0.233500 0.841800
vt 0.230900 0.855300
vt 0.252800 0.951400
vt 0.252800 0.951000
vt 0.265100 0.859100
vt 0.258800 0.862300
vt 0.252800 0.952100
vt 0.262300 0.960000
vt 0.260300 0.962100
vt 0.267200 0.941700
vt 0.267000 0.943000
vt 0.267600 0.855700
vt 0.255800 0.853400
vt 0.258700 0.853200
vt 0.252400 0.950700
vt 0.258000 0.963400
vt 0.265100 0.953900
vt 0.268100 0.851200
vt 0.247000 0.973700
vt 0.241600 0.974600
vt 0.259200 0.853000
vt 0.250200 0.951400
vt 0.253400 0.965700
vt 0.267200 0.922800
vt 0.267900 0.927900
vt 0.260900 0.927100
vt 0.267600 0.936700
vt 0.259300 0.851800
vt 0.266300 0.949200
vt 0.258900 0.851100
vt 0.257300 0.850900
vt 0.264600 0.843200
vt 0.267200 0.846200
vt 0.251300 0.966400
vt 0.192400 0.837800
vt 0.258800 0.840900
vt 0.255500 0.851200
vt 0.250800 0.953100
vt 0.252800 0.840000
vt 0.234300 0.831600
vt 0.252700 0.926500
vt 0.249800 0.926000
vt 0.243300 0.926000
vt 0.230900 0.925600
vt 0.202300 0.717100
vt 0.201900 0.720700
vt 0.194400 0.720200
vt 0.194500 0.716500
vt 0.217200 0.717400
vt 0.217000 0.720600
vt 0.209400 0.720400
vt 0.209500 0.717100
vt 0.228300 0.720800
vt 0.227700 0.717500
vt 0.160400 0.717800
vt 0.170700 0.718600
vt 0.180400 0.718700
vt 0.187400 0.719500
vt 0.159300 0.714600
vt 0.170400 0.715900
vt 0.180600 0.715800
vt 0.187600 0.716500
vt 0.234900 0.717500
vt 0.235100 0.720800
vt 0.153300 0.717800
vt 0.153000 0.714500
vt 0.215100 0.824200
vt 0.196700 0.824200
vt 0.234300 0.824200
vt 0.249700 0.824200
vt 0.191300 0.824200
vt 0.072600 0.956600
vt 0.066500 0.955100
vt 0.067400 0.952100
vt 0.073300 0.952700
vt 0.064900 0.954200
vt 0.066500 0.951200
vt 0.064200 0.953100
vt 0.066000 0.950100
vt 0.063500 0.949300
vt 0.065500 0.948200
vt 0.063100 0.945600
vt 0.065700 0.947000
vt 0.074200 0.944600
vt 0.066300 0.945300
vt 0.070700 0.939800
vt 0.070600 0.937900
vt 0.062100 0.933700
vt 0.070200 0.933400
vt 0.062600 0.920900
vt 0.068800 0.919000
vt 0.069400 0.921000
vt 0.062100 0.922500
vt 0.063400 0.919800
vt 0.068300 0.917500
vt 0.057200 0.847900
vt 0.061700 0.847600
vt 0.061800 0.850800
vt 0.057600 0.851700
vt 0.062800 0.851600
vt 0.059300 0.853800
vt 0.057900 0.844100
vt 0.062600 0.846200
vt 0.059800 0.842000
vt 0.065400 0.845900
vt 0.065200 0.840600
vt 0.068800 0.846100
vt 0.068900 0.852400
vt 0.064700 0.856000
vt 0.072400 0.846200
vt 0.072300 0.852600
vt 0.069300 0.858000
vt 0.070400 0.838800
vt 0.073200 0.861200
vt 0.082000 0.862500
vt 0.091300 0.863200
vt 0.101200 0.863500
vt 0.070900 0.917900
vt 0.071700 0.920600
vt 0.073100 0.933200
vt 0.073100 0.937800
vt 0.073200 0.939600
vt 0.076400 0.944700
vt 0.075900 0.952600
vt 0.076000 0.956600
vt 0.078000 0.917600
vt 0.078300 0.920400
vt 0.078700 0.933500
vt 0.079200 0.938000
vt 0.079300 0.939500
vt 0.078900 0.945000
vt 0.078200 0.952300
vt 0.078600 0.958500
vt 0.090300 0.918000
vt 0.090400 0.920600
vt 0.089800 0.933500
vt 0.090200 0.938100
vt 0.090400 0.939600
vt 0.090500 0.945400
vt 0.090200 0.952400
vt 0.086200 0.959400
vt 0.101000 0.918300
vt 0.101000 0.920800
vt 0.100500 0.933600
vt 0.100900 0.938200
vt 0.101100 0.939700
vt 0.101400 0.946400
vt 0.101600 0.953200
vt 0.101200 0.960700
vt 0.076500 0.846400
vt 0.076300 0.853200
vt 0.075600 0.839200
vt 0.080000 0.839500
vt 0.081700 0.846500
vt 0.081400 0.853700
vt 0.089000 0.840000
vt 0.091000 0.847100
vt 0.091300 0.853500
vt 0.102100 0.840000
vt 0.102000 0.847800
vt 0.102000 0.853600
vt 0.069500 0.947800
vt 0.069500 0.948100
vt 0.063500 0.858800
vt 0.057200 0.855600
vt 0.069400 0.948500
vt 0.061700 0.958800
vt 0.059600 0.956800
vt 0.054900 0.852300
vt 0.064200 0.849900
vt 0.066600 0.849900
vt 0.069700 0.947600
vt 0.063700 0.960300
vt 0.057000 0.950600
vt 0.054400 0.847800
vt 0.063700 0.849600
vt 0.070800 0.947900
vt 0.068600 0.962600
vt 0.062000 0.926100
vt 0.054400 0.924600
vt 0.055100 0.919600
vt 0.054600 0.933400
vt 0.063800 0.848700
vt 0.056300 0.916800
vt 0.055900 0.945900
vt 0.065600 0.848200
vt 0.064200 0.848200
vt 0.055300 0.842500
vt 0.057900 0.839500
vt 0.070500 0.963900
vt 0.070500 0.863100
vt 0.063900 0.909800
vt 0.057400 0.915100
vt 0.063700 0.837300
vt 0.067700 0.860900
vt 0.066900 0.848400
vt 0.070900 0.949100
vt 0.069700 0.949000
vt 0.069200 0.836000
vt 0.069500 0.948800
vt 0.080600 0.967600
vt 0.075500 0.967600
vt 0.128300 0.839100
vt 0.123900 0.838900
vt 0.130500 0.834100
vt 0.069700 0.925500
vt 0.072600 0.925700
vt 0.078500 0.925600
vt 0.090100 0.925500
vt 0.100600 0.925800
vt 0.131400 0.956400
vt 0.127800 0.953000
vt 0.134300 0.952500
vt 0.135100 0.955300
vt 0.135200 0.951900
vt 0.136600 0.954600
vt 0.137500 0.953600
vt 0.136800 0.950500
vt 0.139100 0.949300
vt 0.137000 0.948500
vt 0.139500 0.945600
vt 0.136800 0.947200
vt 0.126600 0.945000
vt 0.131600 0.939900
vt 0.140100 0.940400
vt 0.136100 0.945400
vt 0.140300 0.938200
vt 0.131800 0.937900
vt 0.140400 0.933800
vt 0.132300 0.933500
vt 0.141400 0.922400
vt 0.133500 0.921300
vt 0.134300 0.919300
vt 0.146700 0.847900
vt 0.146100 0.851900
vt 0.142500 0.850900
vt 0.142500 0.847600
vt 0.144200 0.854000
vt 0.141500 0.851700
vt 0.146100 0.844200
vt 0.141500 0.846000
vt 0.138400 0.845300
vt 0.144400 0.842200
vt 0.134600 0.845300
vt 0.139100 0.856600
vt 0.135100 0.852200
vt 0.131500 0.852200
vt 0.131400 0.845300
vt 0.134200 0.858200
vt 0.130400 0.861300
vt 0.121800 0.863500
vt 0.111300 0.863400
vt 0.130800 0.921100
vt 0.131800 0.918300
vt 0.129200 0.938100
vt 0.129100 0.933600
vt 0.129200 0.939800
vt 0.125300 0.944800
vt 0.126000 0.952500
vt 0.126800 0.957800
vt 0.123900 0.921500
vt 0.124200 0.918700
vt 0.122500 0.938400
vt 0.122500 0.933900
vt 0.122600 0.939800
vt 0.122800 0.945300
vt 0.123900 0.952600
vt 0.124400 0.959200
vt 0.111500 0.921100
vt 0.111600 0.918600
vt 0.111500 0.938300
vt 0.111200 0.933800
vt 0.111600 0.939800
vt 0.112100 0.945600
vt 0.112600 0.952800
vt 0.117500 0.960700
vt 0.127400 0.852900
vt 0.127300 0.845500
vt 0.122300 0.846000
vt 0.122500 0.853400
vt 0.113200 0.848000
vt 0.114600 0.839400
vt 0.112600 0.853800
vt 0.132700 0.948100
vt 0.132600 0.947800
vt 0.146600 0.856000
vt 0.140200 0.859000
vt 0.132300 0.948700
vt 0.143200 0.957000
vt 0.141000 0.958800
vt 0.148100 0.938600
vt 0.148100 0.940000
vt 0.149000 0.852600
vt 0.137200 0.850200
vt 0.139700 0.849800
vt 0.132400 0.947500
vt 0.138900 0.960100
vt 0.146000 0.950800
vt 0.149600 0.848100
vt 0.140300 0.849400
vt 0.130600 0.948100
vt 0.134000 0.962200
vt 0.148200 0.919900
vt 0.149000 0.924800
vt 0.141100 0.926100
vt 0.148600 0.933600
vt 0.140400 0.848400
vt 0.147100 0.946100
vt 0.139800 0.847700
vt 0.138200 0.847600
vt 0.146000 0.839900
vt 0.148600 0.842900
vt 0.132000 0.963100
vt 0.133300 0.863300
vt 0.073600 0.834500
vt 0.136100 0.861200
vt 0.136700 0.848000
vt 0.130400 0.949400
vt 0.131900 0.949200
vt 0.132200 0.949100
vt 0.132600 0.926000
vt 0.129400 0.926300
vt 0.123400 0.926800
vt 0.111300 0.926100
vt 0.122300 0.970600
vt 0.102100 0.970100
vt 0.127700 0.970200
vt 0.084500 0.085200
vt 0.090500 0.084400
vt 0.092300 0.087600
vt 0.084300 0.088900
vt 0.076800 0.085400
vt 0.076700 0.089200
vt 0.069400 0.085500
vt 0.069100 0.089400
vt 0.061900 0.085500
vt 0.061200 0.089500
vt 0.054600 0.085200
vt 0.054100 0.089400
vt 0.032300 0.078400
vt 0.033300 0.082100
vt 0.028600 0.082400
vt 0.025700 0.080900
vt 0.033000 0.085000
vt 0.031400 0.088600
vt 0.025500 0.086600
vt 0.028400 0.084900
vt 0.028500 0.083700
vt 0.025000 0.083700
vt 0.090600 0.083200
vt 0.094400 0.083700
vt 0.076700 0.083300
vt 0.084300 0.083300
vt 0.090600 0.081900
vt 0.093300 0.079900
vt 0.054300 0.070900
vt 0.061400 0.071100
vt 0.061300 0.073100
vt 0.054100 0.072800
vt 0.061400 0.069100
vt 0.068700 0.068900
vt 0.068700 0.071000
vt 0.076100 0.068800
vt 0.075900 0.071100
vt 0.083600 0.069100
vt 0.083500 0.071200
vt 0.090300 0.069900
vt 0.090200 0.071300
vt 0.046700 0.072800
vt 0.047000 0.071200
vt 0.039700 0.073200
vt 0.040200 0.071400
vt 0.033400 0.073400
vt 0.033800 0.071700
vt 0.038100 0.077300
vt 0.031000 0.076800
vt 0.045900 0.076800
vt 0.053500 0.076900
vt 0.083700 0.073100
vt 0.090200 0.072500
vt 0.091900 0.075800
vt 0.083700 0.076900
vt 0.076100 0.073100
vt 0.076200 0.076900
vt 0.068900 0.073100
vt 0.068600 0.077000
vt 0.060600 0.077200
vt 0.040000 0.069700
vt 0.033800 0.070000
vt 0.032100 0.066600
vt 0.039000 0.065900
vt 0.047100 0.069500
vt 0.046800 0.065400
vt 0.054400 0.069000
vt 0.054500 0.065000
vt 0.084700 0.065700
vt 0.093000 0.068000
vt 0.077000 0.065100
vt 0.069100 0.065000
vt 0.061400 0.065100
vt 0.028500 0.070600
vt 0.025700 0.069300
vt 0.025400 0.074600
vt 0.028000 0.073200
vt 0.028300 0.071900
vt 0.025000 0.071900
vt 0.094100 0.071900
vt 0.054900 0.107700
vt 0.062000 0.107900
vt 0.061900 0.109900
vt 0.054700 0.109500
vt 0.061900 0.105900
vt 0.069100 0.105600
vt 0.069200 0.107800
vt 0.046900 0.109800
vt 0.047100 0.108100
vt 0.038900 0.110000
vt 0.039200 0.108400
vt 0.033100 0.109600
vt 0.033300 0.108100
vt 0.038000 0.113500
vt 0.031300 0.112700
vt 0.046300 0.113600
vt 0.054100 0.113600
vt 0.084500 0.109600
vt 0.090600 0.108800
vt 0.092400 0.112100
vt 0.084300 0.113300
vt 0.076900 0.109800
vt 0.076700 0.113600
vt 0.069400 0.109900
vt 0.069100 0.113800
vt 0.061200 0.113900
vt 0.039200 0.106600
vt 0.033300 0.106500
vt 0.032200 0.103100
vt 0.039000 0.102900
vt 0.047300 0.106300
vt 0.047300 0.102500
vt 0.055000 0.105900
vt 0.055100 0.101900
vt 0.090700 0.106300
vt 0.084300 0.105700
vt 0.085100 0.102200
vt 0.093300 0.104300
vt 0.061900 0.101900
vt 0.069500 0.101700
vt 0.028000 0.106800
vt 0.025500 0.105400
vt 0.025800 0.110700
vt 0.028000 0.109400
vt 0.028000 0.108200
vt 0.025000 0.108100
vt 0.090600 0.107700
vt 0.094500 0.108100
vt 0.076700 0.107700
vt 0.084300 0.107700
vt 0.054800 0.095500
vt 0.061900 0.095700
vt 0.061900 0.097700
vt 0.054600 0.097400
vt 0.046600 0.097500
vt 0.046800 0.095800
vt 0.039000 0.097500
vt 0.039200 0.095900
vt 0.046400 0.101600
vt 0.038400 0.101600
vt 0.054100 0.101600
vt 0.084500 0.097400
vt 0.090500 0.096600
vt 0.092300 0.099800
vt 0.084300 0.101100
vt 0.076800 0.097600
vt 0.076700 0.101400
vt 0.069400 0.097700
vt 0.069100 0.101600
vt 0.061200 0.101700
vt 0.033000 0.097200
vt 0.031400 0.100800
vt 0.025500 0.098800
vt 0.028400 0.097100
vt 0.028500 0.095900
vt 0.025000 0.095900
vt 0.090600 0.095400
vt 0.094400 0.095900
vt 0.090600 0.094100
vt 0.093300 0.092100
vt 0.399900 0.747900
vt 0.388000 0.715300
vt 0.392800 0.713200
vt 0.404600 0.745600
vt 0.316700 0.438700
vt 0.340800 0.471500
vt 0.364600 0.465900
vt 0.343100 0.441000
vt 0.417900 0.471500
vt 0.424800 0.478900
vt 0.404300 0.501300
vt 0.397900 0.495400
vt 0.514500 0.339600
vt 0.487700 0.323200
vt 0.472900 0.352600
vt 0.497200 0.368900
vt 0.565900 0.319800
vt 0.533400 0.352900
vt 0.531000 0.306900
vt 0.402500 0.460600
vt 0.384900 0.448800
vt 0.383500 0.483000
vt 0.514900 0.381600
vt 0.540700 0.359300
vt 0.522900 0.386800
vt 0.785700 0.328200
vt 0.807800 0.337100
vt 0.803900 0.344600
vt 0.784400 0.333300
vt 0.499000 0.293300
vt 0.795500 0.358100
vt 0.775900 0.344700
vt 0.371000 0.532000
vt 0.379100 0.541500
vt 0.366600 0.430100
vt 0.360600 0.501400
vt 0.411500 0.510900
vt 0.433700 0.490000
vt 0.373200 0.582800
vt 0.387500 0.551700
vt 0.384600 0.589000
vt 0.387300 0.639900
vt 0.373700 0.640400
vt 0.382000 0.680600
vt 0.392500 0.675200
vt 0.399700 0.705400
vt 0.613400 0.317900
vt 0.676600 0.311500
vt 0.676600 0.322800
vt 0.620300 0.326500
vt 0.585200 0.336600
vt 0.576400 0.330400
vt 0.719800 0.317800
vt 0.719600 0.310300
vt 0.758500 0.320100
vt 0.756000 0.324400
vt 0.747700 0.332500
vt 0.715000 0.327500
vt 0.413400 0.759500
vt 0.408600 0.763100
vt 0.413700 0.738100
vt 0.422100 0.751700
vt 0.550300 0.363100
vt 0.534200 0.390500
vt 0.447300 0.335700
vt 0.461100 0.306800
vt 0.054800 0.083300
vt 0.061900 0.083500
vt 0.046800 0.083600
vt 0.046600 0.085300
vt 0.038400 0.089400
vt 0.039000 0.085300
vt 0.046400 0.089400
vt 0.054900 0.081400
vt 0.055100 0.077400
vt 0.047300 0.077700
vt 0.047000 0.081800
vt 0.061900 0.081500
vt 0.061900 0.077500
vt 0.033200 0.095800
vt 0.047000 0.094000
vt 0.047300 0.089900
vt 0.039200 0.090000
vt 0.039200 0.094100
vt 0.054900 0.093600
vt 0.055100 0.089600
vt 0.085100 0.090000
vt 0.084300 0.093500
vt 0.076700 0.093300
vt 0.077400 0.089500
vt 0.069500 0.089500
vt 0.069100 0.093400
vt 0.061900 0.089700
vt 0.061900 0.093700
vt 0.069200 0.095600
vt 0.076700 0.095500
vt 0.084300 0.095500
vt 0.467700 0.277000
vt 0.377100 0.681300
vt 0.368500 0.640100
vt 0.612100 0.310800
vt 0.072100 0.560500
vt 0.125800 0.584900
vt 0.124400 0.599700
vt 0.062300 0.578200
vt 0.158100 0.510600
vt 0.169200 0.498000
vt 0.231000 0.508800
vt 0.222900 0.527000
vt 0.323200 0.521400
vt 0.318200 0.537800
vt 0.423800 0.524900
vt 0.421800 0.538200
vt 0.535300 0.525700
vt 0.538900 0.538300
vt 0.652700 0.527900
vt 0.658500 0.541700
vt 0.735900 0.518800
vt 0.737000 0.532200
vt 0.807300 0.512600
vt 0.813200 0.521500
vt 0.872400 0.502500
vt 0.875600 0.508200
vt 0.947000 0.481100
vt 0.946300 0.486000
vt 0.026100 0.532700
vt 0.043100 0.524100
vt 0.102600 0.473300
vt 0.098800 0.488700
vt 0.143000 0.553800
vt 0.214700 0.562300
vt 0.312400 0.561100
vt 0.419200 0.561000
vt 0.541500 0.555100
vt 0.662800 0.555500
vt 0.738000 0.545300
vt 0.818700 0.529600
vt 0.882400 0.516800
vt 0.953800 0.492000
vt 0.060300 0.471400
vt 0.055600 0.450100
vt 0.088200 0.528900
vt 0.053100 0.494600
vt 0.211900 0.589900
vt 0.217800 0.602200
vt 0.317700 0.586100
vt 0.326000 0.599100
vt 0.423700 0.584000
vt 0.427100 0.601200
vt 0.542900 0.574400
vt 0.540300 0.588400
vt 0.667600 0.565100
vt 0.676300 0.578400
vt 0.738700 0.553800
vt 0.743600 0.565600
vt 0.825100 0.540500
vt 0.830600 0.548000
vt 0.886500 0.525200
vt 0.889700 0.529600
vt 0.955300 0.497100
vt 0.959100 0.500600
vt 0.038900 0.481100
vt 0.965700 0.490600
vt 0.919100 0.227400
vt 0.928000 0.244400
vt 0.865900 0.265400
vt 0.865300 0.251800
vt 0.832200 0.176700
vt 0.767600 0.194000
vt 0.759500 0.175100
vt 0.821400 0.164200
vt 0.672300 0.204100
vt 0.667400 0.187500
vt 0.568800 0.205700
vt 0.566900 0.191200
vt 0.451400 0.205900
vt 0.455400 0.193500
vt 0.331300 0.209100
vt 0.337300 0.194800
vt 0.253700 0.198400
vt 0.254800 0.184500
vt 0.177400 0.187200
vt 0.183200 0.178600
vt 0.115000 0.173600
vt 0.118300 0.168000
vt 0.043800 0.151500
vt 0.044000 0.146400
vt 0.947700 0.191600
vt 0.964700 0.199500
vt 0.887900 0.139500
vt 0.891400 0.155400
vt 0.847700 0.220500
vt 0.775600 0.228800
vt 0.677600 0.228100
vt 0.571000 0.227200
vt 0.449000 0.221700
vt 0.327500 0.221400
vt 0.252700 0.211000
vt 0.171900 0.195200
vt 0.108400 0.182300
vt 0.037600 0.157100
vt 0.934900 0.116400
vt 0.930500 0.137900
vt 0.902400 0.195700
vt 0.937200 0.162300
vt 0.772500 0.268200
vt 0.778300 0.256800
vt 0.664200 0.265400
vt 0.672500 0.252700
vt 0.563200 0.267300
vt 0.567000 0.251600
vt 0.449800 0.254800
vt 0.447600 0.241400
vt 0.313700 0.244700
vt 0.322800 0.230800
vt 0.246700 0.231600
vt 0.252100 0.219400
vt 0.159800 0.213600
vt 0.165300 0.206200
vt 0.100800 0.195000
vt 0.104100 0.190700
vt 0.031700 0.165800
vt 0.035800 0.162000
vt 0.951900 0.148200
vt 0.025800 0.155100
vt 0.610400 0.487700
vt 0.489900 0.606600
vt 0.460100 0.595800
vt 0.595900 0.464200
vt 0.435800 0.584200
vt 0.577700 0.441200
vt 0.798200 0.920400
vt 0.606300 0.919700
vt 0.631800 0.870800
vt 0.771400 0.874700
vt 0.663100 0.800700
vt 0.745200 0.801200
vt 0.537200 0.775400
vt 0.607500 0.741800
vt 0.492100 0.797000
vt 0.589700 0.945100
vt 0.461700 0.813800
vt 0.578800 0.971600
vt 0.436000 0.828600
vt 0.964900 0.584700
vt 0.964000 0.834600
vt 0.943700 0.823400
vt 0.947400 0.591300
vt 0.909200 0.803800
vt 0.920100 0.610500
vt 0.871700 0.779700
vt 0.873800 0.632500
vt 0.801400 0.744500
vt 0.801100 0.663900
vt 0.820100 0.436200
vt 0.812800 0.459300
vt 0.801500 0.489400
vt 0.811500 0.943000
vt 0.826600 0.966500
vt 0.777100 0.537400
vt 0.634500 0.535600
vt 0.746500 0.606900
vt 0.664400 0.605400
vt 0.536300 0.629400
vt 0.609200 0.661800
vt 0.202100 0.084200
vt 0.187700 0.060800
vt 0.051800 0.192400
vt 0.081600 0.203200
vt 0.169400 0.037800
vt 0.027600 0.180800
vt 0.389900 0.516900
vt 0.363100 0.471300
vt 0.223600 0.467400
vt 0.198000 0.516200
vt 0.337000 0.397800
vt 0.254800 0.397300
vt 0.199200 0.338400
vt 0.128900 0.372000
vt 0.083800 0.393500
vt 0.181500 0.541700
vt 0.053400 0.410300
vt 0.170500 0.568100
vt 0.027700 0.425200
vt 0.556600 0.181300
vt 0.539100 0.187900
vt 0.535400 0.420000
vt 0.555700 0.431200
vt 0.501000 0.400300
vt 0.511900 0.207100
vt 0.465600 0.229100
vt 0.463400 0.376300
vt 0.392800 0.260500
vt 0.393100 0.341100
vt 0.404500 0.055800
vt 0.411900 0.032700
vt 0.393300 0.085900
vt 0.403200 0.539500
vt 0.418400 0.563000
vt 0.368800 0.134000
vt 0.226300 0.132200
vt 0.256200 0.202000
vt 0.338300 0.203500
vt 0.128000 0.225900
vt 0.200900 0.258400
vt 0.724800 0.753600
vt 0.753800 0.724800
vt 0.683800 0.753000
vt 0.753900 0.683400
vt 0.725300 0.654000
vt 0.684100 0.653600
vt 0.655500 0.682500
vt 0.655200 0.723700
vt 0.316600 0.350200
vt 0.345500 0.321400
vt 0.275600 0.349600
vt 0.345600 0.279900
vt 0.317000 0.250600
vt 0.275800 0.250100
vt 0.247200 0.279100
vt 0.247000 0.320300
vt 0.501000 0.485400
vt 0.521100 0.454600
vt 0.539500 0.463500
vt 0.531300 0.498800
vt 0.564400 0.468400
vt 0.561300 0.505700
vt 0.592200 0.469800
vt 0.590900 0.506300
vt 0.624200 0.469000
vt 0.624900 0.504700
vt 0.653000 0.469900
vt 0.654000 0.499800
vt 0.680600 0.466500
vt 0.682700 0.490300
vt 0.038800 0.439000
vt 0.063900 0.457400
vt 0.081100 0.426800
vt 0.064600 0.414500
vt 0.090600 0.469000
vt 0.102800 0.434700
vt 0.119200 0.476900
vt 0.129900 0.443700
vt 0.150500 0.480300
vt 0.158500 0.450500
vt 0.176500 0.479500
vt 0.182600 0.454400
vt 0.207600 0.474700
vt 0.210400 0.459300
vt 0.271600 0.883100
vt 0.268400 0.897200
vt 0.251100 0.889200
vt 0.254700 0.878500
vt 0.277900 0.861200
vt 0.281000 0.852800
vt 0.291700 0.849200
vt 0.291400 0.859700
vt 0.231100 0.820300
vt 0.227000 0.831100
vt 0.223600 0.830400
vt 0.224300 0.820600
vt 0.217200 0.827200
vt 0.219600 0.836600
vt 0.215600 0.843800
vt 0.209800 0.834000
vt 0.222600 0.838500
vt 0.316500 0.856000
vt 0.314500 0.841400
vt 0.337200 0.832600
vt 0.341400 0.849800
vt 0.365700 0.844900
vt 0.364000 0.827700
vt 0.385900 0.821500
vt 0.386700 0.838100
vt 0.398500 0.835600
vt 0.397200 0.819300
vt 0.410000 0.816200
vt 0.412300 0.832500
vt 0.424700 0.829500
vt 0.420800 0.812800
vt 0.431400 0.809100
vt 0.436900 0.826100
vt 0.446900 0.820500
vt 0.440800 0.804000
vt 0.449900 0.798800
vt 0.457100 0.814900
vt 0.472200 0.810200
vt 0.464300 0.792600
vt 0.480000 0.785100
vt 0.487800 0.804800
vt 0.512300 0.785000
vt 0.501900 0.767500
vt 0.508100 0.762500
vt 0.519100 0.779300
vt 0.540300 0.764100
vt 0.526800 0.745200
vt 0.533900 0.739800
vt 0.548500 0.759200
vt 0.565700 0.742000
vt 0.548200 0.726900
vt 0.552700 0.722900
vt 0.571100 0.736400
vt 0.577800 0.725000
vt 0.562000 0.712300
vt 0.570500 0.702100
vt 0.584300 0.713900
vt 0.592600 0.704900
vt 0.578900 0.693100
vt 0.587500 0.683100
vt 0.601200 0.695100
vt 0.606600 0.689200
vt 0.592700 0.677500
vt 0.596800 0.673400
vt 0.610500 0.684900
vt 0.616700 0.676900
vt 0.601500 0.667600
vt 0.605900 0.662300
vt 0.622300 0.669700
vt 0.625400 0.660100
vt 0.607500 0.651600
vt 0.609400 0.640400
vt 0.629000 0.649000
vt 0.211500 0.799700
vt 0.197300 0.809800
vt 0.190400 0.794100
vt 0.209000 0.781300
vt 0.203600 0.759500
vt 0.181100 0.772900
vt 0.173100 0.752100
vt 0.199900 0.738100
vt 0.192500 0.719700
vt 0.165600 0.734900
vt 0.158800 0.717900
vt 0.186200 0.702300
vt 0.179000 0.680400
vt 0.147900 0.695700
vt 0.137100 0.672300
vt 0.172000 0.657600
vt 0.162800 0.636600
vt 0.126500 0.651300
vt 0.116200 0.629700
vt 0.153700 0.614900
vt 0.134000 0.557700
vt 0.094200 0.585000
vt 0.092200 0.577500
vt 0.132100 0.548900
vt 0.308900 0.829400
vt 0.328300 0.818000
vt 0.277000 0.846900
vt 0.264500 0.852800
vt 0.260500 0.849000
vt 0.272800 0.840600
vt 0.214900 0.867900
vt 0.220300 0.862000
vt 0.225600 0.865000
vt 0.220600 0.872200
vt 0.258100 0.859500
vt 0.252500 0.856000
vt 0.295900 0.812100
vt 0.310800 0.799700
vt 0.320500 0.805300
vt 0.304200 0.818200
vt 0.354900 0.811900
vt 0.344200 0.797700
vt 0.389500 0.804400
vt 0.377200 0.806400
vt 0.368600 0.792700
vt 0.381900 0.789500
vt 0.414800 0.796700
vt 0.404200 0.801100
vt 0.398100 0.785300
vt 0.408400 0.779500
vt 0.435100 0.786100
vt 0.425500 0.792100
vt 0.418600 0.773600
vt 0.428100 0.766700
vt 0.456500 0.772600
vt 0.444400 0.780100
vt 0.437500 0.759700
vt 0.447900 0.751900
vt 0.476700 0.759700
vt 0.469600 0.764400
vt 0.458700 0.743800
vt 0.464900 0.740300
vt 0.504800 0.737900
vt 0.499400 0.745300
vt 0.486400 0.728000
vt 0.492200 0.719100
vt 0.522100 0.713500
vt 0.518700 0.717100
vt 0.505700 0.697600
vt 0.507800 0.694600
vt 0.543000 0.692100
vt 0.533500 0.701700
vt 0.516600 0.684000
vt 0.523300 0.673600
vt 0.556700 0.674600
vt 0.551600 0.682200
vt 0.530900 0.662300
vt 0.535000 0.655800
vt 0.330400 0.788000
vt 0.368200 0.773000
vt 0.354300 0.780900
vt 0.394500 0.758600
vt 0.384000 0.765500
vt 0.414600 0.744800
vt 0.405200 0.752200
vt 0.316800 0.889800
vt 0.343400 0.889500
vt 0.341400 0.918300
vt 0.313600 0.912100
vt 0.369500 0.889400
vt 0.372400 0.919000
vt 0.405800 0.885100
vt 0.411800 0.916600
vt 0.395400 0.917900
vt 0.391500 0.886700
vt 0.437800 0.880800
vt 0.446100 0.911300
vt 0.430500 0.912100
vt 0.422800 0.881600
vt 0.467100 0.874000
vt 0.478000 0.903800
vt 0.461400 0.910000
vt 0.452800 0.879500
vt 0.494900 0.860500
vt 0.507200 0.886900
vt 0.493500 0.897600
vt 0.480400 0.868100
vt 0.519500 0.845100
vt 0.532900 0.868600
vt 0.521500 0.875100
vt 0.509600 0.851800
vt 0.553600 0.817600
vt 0.571100 0.840200
vt 0.563900 0.845300
vt 0.547700 0.821200
vt 0.587700 0.792300
vt 0.603100 0.812100
vt 0.595900 0.819300
vt 0.580600 0.799400
vt 0.616200 0.757100
vt 0.636700 0.774200
vt 0.627300 0.787600
vt 0.609200 0.769500
vt 0.630500 0.733100
vt 0.653300 0.748400
vt 0.646000 0.759900
vt 0.623100 0.743900
vt 0.642400 0.714500
vt 0.666200 0.728100
vt 0.660300 0.736900
vt 0.637700 0.721800
vt 0.652800 0.695500
vt 0.677800 0.705500
vt 0.672000 0.719300
vt 0.646300 0.708000
vt 0.663200 0.676600
vt 0.685700 0.683900
vt 0.682000 0.692700
vt 0.658100 0.684300
vt 0.668900 0.666200
vt 0.650900 0.661000
vt 0.660900 0.610300
vt 0.680300 0.615400
vt 0.580700 0.593400
vt 0.585800 0.629100
vt 0.556900 0.618100
vt 0.552500 0.588200
vt 0.247400 0.875400
vt 0.243200 0.884800
vt 0.234700 0.879700
vt 0.239100 0.871500
vt 0.239000 0.847100
vt 0.233100 0.844200
vt 0.239200 0.835000
vt 0.246300 0.838300
vt 0.226800 0.854300
vt 0.231100 0.856700
vt 0.261600 0.751400
vt 0.284300 0.758300
vt 0.274500 0.775200
vt 0.257700 0.772200
vt 0.294000 0.741200
vt 0.265000 0.730500
vt 0.312500 0.706400
vt 0.302700 0.723500
vt 0.272100 0.710500
vt 0.280000 0.691100
vt 0.333200 0.676400
vt 0.322300 0.691400
vt 0.284100 0.669500
vt 0.289000 0.649200
vt 0.356300 0.650100
vt 0.344400 0.663300
vt 0.295200 0.625800
vt 0.303500 0.593900
vt 0.211300 0.854000
vt 0.204500 0.860400
vt 0.200800 0.857100
vt 0.208200 0.850600
vt 0.201700 0.842300
vt 0.193400 0.850900
vt 0.186100 0.844600
vt 0.195500 0.834200
vt 0.484000 0.551400
vt 0.474000 0.565100
vt 0.426900 0.528200
vt 0.436500 0.514100
vt 0.234600 0.869300
vt 0.230800 0.867600
vt 0.235600 0.859300
vt 0.239400 0.861300
vt 0.283200 0.803700
vt 0.296200 0.790300
vt 0.301100 0.793300
vt 0.288100 0.806300
vt 0.312000 0.775000
vt 0.319200 0.780500
vt 0.340300 0.743600
vt 0.353200 0.754900
vt 0.337700 0.765600
vt 0.328300 0.757400
vt 0.363100 0.721400
vt 0.379400 0.737900
vt 0.369100 0.745500
vt 0.353000 0.731700
vt 0.383700 0.703600
vt 0.399500 0.722300
vt 0.390400 0.730600
vt 0.373900 0.711700
vt 0.268200 0.836100
vt 0.256500 0.845700
vt 0.252700 0.842400
vt 0.263700 0.831600
vt 0.248400 0.853100
vt 0.244600 0.850400
vt 0.518000 0.642400
vt 0.514400 0.647400
vt 0.495100 0.636200
vt 0.503100 0.626900
vt 0.508000 0.657200
vt 0.501700 0.666700
vt 0.492900 0.653400
vt 0.497600 0.647000
vt 0.493000 0.677700
vt 0.490400 0.681200
vt 0.478800 0.670800
vt 0.482000 0.667300
vt 0.473200 0.697600
vt 0.467500 0.703800
vt 0.456900 0.689400
vt 0.462000 0.685300
vt 0.447600 0.717500
vt 0.442000 0.721200
vt 0.432000 0.709300
vt 0.437300 0.705500
vt 0.432800 0.729100
vt 0.423900 0.737200
vt 0.408800 0.714000
vt 0.421300 0.706200
vt 0.226200 0.840900
vt 0.231000 0.832200
vt 0.221300 0.850700
vt 0.238600 0.790800
vt 0.243200 0.770600
vt 0.250400 0.791300
vt 0.244500 0.748700
vt 0.247400 0.708900
vt 0.246700 0.727300
vt 0.248600 0.667400
vt 0.248200 0.688600
vt 0.247200 0.623300
vt 0.248900 0.645900
vt 0.606200 0.602400
vt 0.583200 0.640100
vt 0.580300 0.650400
vt 0.551200 0.636200
vt 0.553900 0.627500
vt 0.575300 0.655000
vt 0.570300 0.659200
vt 0.544200 0.642100
vt 0.547500 0.639400
vt 0.566500 0.662400
vt 0.562200 0.666600
vt 0.538400 0.649800
vt 0.541400 0.645700
vt 0.508600 0.566900
vt 0.500900 0.584600
vt 0.538000 0.606100
vt 0.538500 0.580700
vt 0.535500 0.614200
vt 0.533500 0.621300
vt 0.523000 0.611200
vt 0.524500 0.606300
vt 0.383600 0.492200
vt 0.404700 0.487000
vt 0.256200 0.810800
vt 0.265100 0.793300
vt 0.278300 0.801200
vt 0.265800 0.815800
vt 0.530900 0.625000
vt 0.528500 0.628900
vt 0.510700 0.617600
vt 0.515100 0.609500
vt 0.526100 0.632500
vt 0.228400 0.866400
vt 0.233300 0.858000
vt 0.259900 0.828700
vt 0.249500 0.840300
vt 0.256400 0.826200
vt 0.241800 0.848800
vt 0.483800 0.610800
vt 0.475800 0.619100
vt 0.450000 0.597400
vt 0.456400 0.588500
vt 0.405100 0.685700
vt 0.393600 0.695500
vt 0.377100 0.676200
vt 0.387800 0.664300
vt 0.304300 0.768600
vt 0.290900 0.786800
vt 0.318500 0.748800
vt 0.336900 0.718300
vt 0.327600 0.732800
vt 0.356800 0.693200
vt 0.346500 0.705700
vt 0.366800 0.685000
vt 0.084300 0.160800
vt 0.087000 0.117300
vt 0.113900 0.118900
vt 0.106200 0.155100
vt 0.523700 0.574300
vt 0.519300 0.598000
vt 0.456700 0.440000
vt 0.453600 0.432400
vt 0.458700 0.430200
vt 0.463300 0.437300
vt 0.442300 0.352000
vt 0.426200 0.351500
vt 0.418200 0.332100
vt 0.437600 0.331800
vt 0.234200 0.576500
vt 0.284100 0.573300
vt 0.245600 0.599600
vt 0.147100 0.599100
vt 0.108700 0.617500
vt 0.101200 0.605200
vt 0.140700 0.583000
vt 0.216600 0.540900
vt 0.255200 0.531400
vt 0.264100 0.546500
vt 0.222200 0.553100
vt 0.076600 0.636600
vt 0.084500 0.649200
vt 0.054000 0.668700
vt 0.045700 0.655600
vt 0.064600 0.617400
vt 0.068500 0.624000
vt 0.037200 0.642200
vt 0.032600 0.635200
vt 0.096700 0.670400
vt 0.108800 0.691300
vt 0.079600 0.712100
vt 0.066900 0.690500
vt 0.121700 0.714100
vt 0.134900 0.736000
vt 0.108300 0.757200
vt 0.093500 0.735000
vt 0.144700 0.753700
vt 0.155100 0.771100
vt 0.135100 0.792200
vt 0.121500 0.775000
vt 0.164900 0.789000
vt 0.175700 0.806900
vt 0.160400 0.820500
vt 0.147300 0.806700
vt 0.185500 0.820900
vt 0.406700 0.449300
vt 0.424600 0.445100
vt 0.424800 0.457300
vt 0.407600 0.468800
vt 0.404100 0.422300
vt 0.390300 0.418800
vt 0.391400 0.407300
vt 0.402600 0.411800
vt 0.456800 0.388300
vt 0.462500 0.388000
vt 0.461700 0.399800
vt 0.458000 0.400800
vt 0.468000 0.395900
vt 0.473800 0.404300
vt 0.467100 0.414300
vt 0.464300 0.406900
vt 0.460600 0.408600
vt 0.367100 0.412800
vt 0.343200 0.404500
vt 0.348400 0.386700
vt 0.369500 0.397600
vt 0.318700 0.397000
vt 0.296900 0.387800
vt 0.300900 0.368400
vt 0.323800 0.378000
vt 0.286400 0.381200
vt 0.274700 0.374200
vt 0.280000 0.356400
vt 0.289800 0.362300
vt 0.262700 0.369500
vt 0.250200 0.364800
vt 0.257200 0.349100
vt 0.268800 0.353000
vt 0.240900 0.358700
vt 0.231200 0.351700
vt 0.238200 0.338300
vt 0.248300 0.343800
vt 0.216000 0.345200
vt 0.201600 0.338300
vt 0.208900 0.325700
vt 0.223000 0.331800
vt 0.182800 0.315300
vt 0.174100 0.305500
vt 0.184400 0.292500
vt 0.190300 0.301100
vt 0.154400 0.288600
vt 0.148300 0.282100
vt 0.156300 0.269600
vt 0.160900 0.274500
vt 0.134200 0.262000
vt 0.129800 0.255800
vt 0.145400 0.250000
vt 0.147700 0.255200
vt 0.124300 0.244700
vt 0.118900 0.233000
vt 0.132800 0.226700
vt 0.139000 0.238200
vt 0.111600 0.221000
vt 0.105600 0.209000
vt 0.120700 0.200600
vt 0.126100 0.214100
vt 0.101200 0.200700
vt 0.098400 0.194500
vt 0.115400 0.189400
vt 0.117700 0.193800
vt 0.093500 0.186000
vt 0.089000 0.178500
vt 0.107700 0.176200
vt 0.111600 0.182900
vt 0.086700 0.170100
vt 0.106900 0.166200
vt 0.021000 0.176500
vt 0.019100 0.123900
vt 0.039200 0.122400
vt 0.042200 0.172300
vt 0.060700 0.169100
vt 0.059000 0.122000
vt 0.477400 0.370200
vt 0.483600 0.353900
vt 0.499000 0.369700
vt 0.489600 0.382500
vt 0.490700 0.332700
vt 0.496800 0.311700
vt 0.521500 0.330600
vt 0.510800 0.350100
vt 0.505000 0.294200
vt 0.512200 0.277400
vt 0.540300 0.298600
vt 0.531100 0.314700
vt 0.523600 0.257500
vt 0.535100 0.236800
vt 0.568500 0.256200
vt 0.554500 0.277900
vt 0.547000 0.217400
vt 0.559000 0.197700
vt 0.594900 0.217300
vt 0.581800 0.237000
vt 0.586900 0.146500
vt 0.589800 0.139200
vt 0.624700 0.171500
vt 0.621900 0.177500
vt 0.376800 0.389700
vt 0.358400 0.377900
vt 0.406400 0.407200
vt 0.410300 0.402600
vt 0.422600 0.412600
vt 0.418500 0.414800
vt 0.430300 0.390900
vt 0.440000 0.388800
vt 0.445700 0.402000
vt 0.438400 0.404100
vt 0.424100 0.423600
vt 0.429300 0.421100
vt 0.391900 0.375000
vt 0.384200 0.382100
vt 0.367900 0.370200
vt 0.376900 0.361200
vt 0.335500 0.364800
vt 0.346100 0.352900
vt 0.301500 0.347200
vt 0.312100 0.333600
vt 0.326600 0.337500
vt 0.315100 0.351700
vt 0.277400 0.338700
vt 0.286800 0.324000
vt 0.296900 0.329700
vt 0.288300 0.342800
vt 0.255600 0.326400
vt 0.265800 0.307500
vt 0.275000 0.317300
vt 0.265200 0.333800
vt 0.233800 0.311000
vt 0.247100 0.287300
vt 0.256600 0.297400
vt 0.246300 0.318500
vt 0.215900 0.296500
vt 0.232200 0.272300
vt 0.237600 0.276800
vt 0.221200 0.303100
vt 0.193800 0.269500
vt 0.211400 0.251800
vt 0.216400 0.258700
vt 0.200600 0.275600
vt 0.170800 0.247800
vt 0.191900 0.227500
vt 0.195500 0.231000
vt 0.172900 0.252200
vt 0.159700 0.221100
vt 0.179600 0.204100
vt 0.182000 0.218000
vt 0.164000 0.234300
vt 0.151600 0.198600
vt 0.175100 0.183500
vt 0.177100 0.189900
vt 0.155400 0.207800
vt 0.358300 0.345800
vt 0.326000 0.321900
vt 0.340500 0.330600
vt 0.302600 0.305600
vt 0.311700 0.313200
vt 0.284400 0.287200
vt 0.292500 0.297400
vt 0.362200 0.447300
vt 0.360500 0.475200
vt 0.331200 0.470500
vt 0.334500 0.443900
vt 0.307100 0.440800
vt 0.300400 0.468500
vt 0.273000 0.432100
vt 0.285700 0.436300
vt 0.277400 0.466100
vt 0.262000 0.465100
vt 0.241900 0.418300
vt 0.256300 0.424900
vt 0.245400 0.460300
vt 0.232100 0.451700
vt 0.216000 0.404900
vt 0.229400 0.411400
vt 0.218600 0.440200
vt 0.201700 0.430900
vt 0.189300 0.389300
vt 0.203400 0.397900
vt 0.186300 0.424100
vt 0.172400 0.413600
vt 0.167000 0.369800
vt 0.174700 0.379100
vt 0.157900 0.402000
vt 0.148700 0.392600
vt 0.134200 0.336100
vt 0.141100 0.341900
vt 0.120000 0.366200
vt 0.113700 0.359900
vt 0.107700 0.308500
vt 0.114100 0.317500
vt 0.092200 0.335300
vt 0.086200 0.326800
vt 0.082000 0.267700
vt 0.088100 0.281000
vt 0.066100 0.298600
vt 0.058800 0.283800
vt 0.070200 0.242000
vt 0.076800 0.254300
vt 0.050800 0.268500
vt 0.045500 0.256000
vt 0.060000 0.221200
vt 0.064100 0.229800
vt 0.040200 0.243500
vt 0.036800 0.233600
vt 0.050200 0.199400
vt 0.055800 0.211900
vt 0.033600 0.223600
vt 0.027800 0.210000
vt 0.044500 0.181400
vt 0.046200 0.188600
vt 0.023400 0.197300
vt 0.022200 0.187700
vt 0.431600 0.441400
vt 0.439400 0.437900
vt 0.442400 0.447100
vt 0.433200 0.452100
vt 0.434800 0.375900
vt 0.422700 0.379300
vt 0.266600 0.131100
vt 0.314400 0.102600
vt 0.316400 0.111000
vt 0.270500 0.139700
vt 0.446400 0.375400
vt 0.425600 0.251900
vt 0.429900 0.272700
vt 0.396500 0.281200
vt 0.389500 0.263000
vt 0.422800 0.207800
vt 0.424700 0.230100
vt 0.381400 0.246600
vt 0.376200 0.229600
vt 0.417100 0.153100
vt 0.420700 0.182200
vt 0.369600 0.213200
vt 0.361300 0.196000
vt 0.450600 0.388500
vt 0.454600 0.401700
vt 0.468900 0.424500
vt 0.473000 0.421800
vt 0.479300 0.429400
vt 0.474900 0.431800
vt 0.480500 0.414200
vt 0.487700 0.406600
vt 0.495900 0.419700
vt 0.487700 0.424600
vt 0.444000 0.436300
vt 0.440800 0.428200
vt 0.444900 0.426700
vt 0.448400 0.434500
vt 0.405600 0.363500
vt 0.399700 0.367700
vt 0.385900 0.352300
vt 0.393600 0.347400
vt 0.381600 0.331400
vt 0.371500 0.337700
vt 0.355800 0.298200
vt 0.367900 0.313000
vt 0.356400 0.321900
vt 0.341800 0.308300
vt 0.336200 0.274000
vt 0.344300 0.284600
vt 0.327800 0.295900
vt 0.319200 0.287700
vt 0.320200 0.252900
vt 0.327900 0.263200
vt 0.310300 0.279300
vt 0.302700 0.268900
vt 0.416000 0.398500
vt 0.421700 0.394500
vt 0.431200 0.407100
vt 0.426900 0.409900
vt 0.433700 0.419000
vt 0.438000 0.416900
vt 0.193800 0.172500
vt 0.214000 0.160900
vt 0.219500 0.170300
vt 0.196100 0.177800
vt 0.200100 0.188800
vt 0.214700 0.178700
vt 0.218900 0.185300
vt 0.203800 0.199500
vt 0.213700 0.210400
vt 0.228600 0.199700
vt 0.232700 0.203800
vt 0.217600 0.214700
vt 0.233000 0.233100
vt 0.246600 0.221400
vt 0.251500 0.226500
vt 0.237700 0.239000
vt 0.253600 0.251800
vt 0.267100 0.242600
vt 0.272100 0.248000
vt 0.259000 0.256200
vt 0.267500 0.266500
vt 0.284300 0.247000
vt 0.294600 0.258200
vt 0.275900 0.276700
vt 0.465100 0.427000
vt 0.470800 0.434000
vt 0.453900 0.355300
vt 0.452300 0.335100
vt 0.452900 0.315200
vt 0.436000 0.314400
vt 0.454300 0.274000
vt 0.453200 0.293600
vt 0.433400 0.294100
vt 0.458700 0.233600
vt 0.454700 0.254300
vt 0.467300 0.189800
vt 0.462200 0.212500
vt 0.454200 0.422700
vt 0.459700 0.419200
vt 0.168800 0.110500
vt 0.184500 0.106200
vt 0.181400 0.132600
vt 0.160600 0.141200
vt 0.132600 0.158600
vt 0.162300 0.151300
vt 0.163700 0.160800
vt 0.133500 0.169100
vt 0.137500 0.175600
vt 0.166700 0.164600
vt 0.169700 0.168400
vt 0.141500 0.181500
vt 0.144500 0.184900
vt 0.171500 0.172800
vt 0.173200 0.177100
vt 0.147900 0.189200
vt 0.182900 0.141200
vt 0.196000 0.134100
vt 0.196900 0.140200
vt 0.184000 0.148900
vt 0.299700 0.051100
vt 0.304100 0.070000
vt 0.254700 0.101700
vt 0.252900 0.081300
vt 0.330700 0.030700
vt 0.348000 0.037800
vt 0.185900 0.152800
vt 0.204900 0.139900
vt 0.207700 0.148000
vt 0.187700 0.156700
vt 0.189400 0.161800
vt 0.200600 0.102900
vt 0.218100 0.099300
vt 0.222300 0.118300
vt 0.202500 0.126600
vt 0.451000 0.433400
vt 0.447400 0.425700
vt 0.449900 0.424700
vt 0.426000 0.392600
vt 0.434800 0.405600
vt 0.441100 0.415600
vt 0.444200 0.414300
vt 0.236300 0.148800
vt 0.242300 0.157000
vt 0.302600 0.230600
vt 0.322600 0.211600
vt 0.332300 0.223800
vt 0.312000 0.242100
vt 0.411200 0.359300
vt 0.370900 0.287900
vt 0.362200 0.273100
vt 0.354800 0.260000
vt 0.347900 0.247400
vt 0.340300 0.236000
vt 0.312600 0.090700
vt 0.262400 0.120100
vt 0.258700 0.112900
vt 0.309700 0.082100
vt 0.487700 0.146800
vt 0.472700 0.166300
vt 0.439700 0.133200
vt 0.568400 0.182600
vt 0.577800 0.167300
vt 0.612800 0.194100
vt 0.603900 0.205800
vt 0.511300 0.115100
vt 0.503300 0.127100
vt 0.462300 0.112800
vt 0.475500 0.097000
vt 0.633100 0.229400
vt 0.660600 0.252300
vt 0.650800 0.264300
vt 0.623400 0.240600
vt 0.647600 0.212300
vt 0.676400 0.234400
vt 0.670800 0.240500
vt 0.642900 0.218000
vt 0.608600 0.260000
vt 0.635000 0.283800
vt 0.619500 0.303300
vt 0.593700 0.278900
vt 0.578000 0.299900
vt 0.602700 0.323900
vt 0.585300 0.344000
vt 0.562000 0.320000
vt 0.549900 0.336200
vt 0.570100 0.360000
vt 0.554300 0.375300
vt 0.537300 0.351800
vt 0.525100 0.368200
vt 0.540100 0.387900
vt 0.525100 0.399700
vt 0.511800 0.384200
vt 0.500000 0.395700
vt 0.138300 0.574800
vt 0.098600 0.598800
vt 0.096100 0.592300
vt 0.135900 0.566600
vt 0.205100 0.516300
vt 0.237100 0.501000
vt 0.246300 0.516300
vt 0.210900 0.528600
vt 0.057600 0.603700
vt 0.060800 0.610800
vt 0.028200 0.628300
vt 0.024400 0.621600
vt 0.580900 0.160600
vt 0.584000 0.153900
vt 0.619100 0.183500
vt 0.616000 0.188800
vt 0.525100 0.094000
vt 0.519300 0.103200
vt 0.488800 0.081300
vt 0.497400 0.071400
vt 0.656100 0.200300
vt 0.686600 0.222300
vt 0.681900 0.228300
vt 0.652200 0.206600
vt 0.524500 0.774800
vt 0.513800 0.756500
vt 0.519900 0.750700
vt 0.531200 0.769400
vt 0.513200 0.723900
vt 0.508900 0.730600
vt 0.496800 0.711200
vt 0.501200 0.704300
vt 0.571900 0.805600
vt 0.586200 0.826000
vt 0.579200 0.835700
vt 0.562800 0.811700
vt 0.288800 0.167900
vt 0.322500 0.139600
vt 0.325200 0.146100
vt 0.294100 0.174400
vt 0.483900 0.687300
vt 0.478400 0.692300
vt 0.459100 0.675600
vt 0.468400 0.667300
vt 0.352900 0.113200
vt 0.353400 0.118600
vt 0.448600 0.647700
vt 0.440400 0.655000
vt 0.420200 0.633000
vt 0.427300 0.626100
vt 0.165700 0.300000
vt 0.160100 0.295800
vt 0.168700 0.280900
vt 0.176100 0.286500
vt 0.179400 0.257600
vt 0.201100 0.237900
vt 0.206500 0.245000
vt 0.187200 0.263500
vt 0.122800 0.326400
vt 0.129300 0.332300
vt 0.106800 0.353800
vt 0.100900 0.343400
vt 0.223500 0.221200
vt 0.243100 0.202100
vt 0.250300 0.210900
vt 0.228400 0.227300
vt 0.264900 0.186000
vt 0.271000 0.193100
vt 0.554400 0.753500
vt 0.538800 0.735500
vt 0.543500 0.731100
vt 0.560100 0.747800
vt 0.530100 0.705000
vt 0.525600 0.709800
vt 0.510500 0.691100
vt 0.512900 0.687900
vt 0.602600 0.776900
vt 0.618800 0.795600
vt 0.610600 0.804800
vt 0.595100 0.784700
vt 0.276500 0.151400
vt 0.318500 0.123400
vt 0.319800 0.129800
vt 0.281200 0.158900
vt 0.499000 0.670200
vt 0.495900 0.674000
vt 0.477400 0.658200
vt 0.484400 0.649700
vt 0.358000 0.092200
vt 0.355900 0.097100
vt 0.464700 0.631100
vt 0.457500 0.639100
vt 0.435100 0.617700
vt 0.441200 0.609900
vt 0.143900 0.275900
vt 0.139000 0.269200
vt 0.151300 0.260900
vt 0.153800 0.265300
vt 0.166300 0.238500
vt 0.185200 0.220900
vt 0.188600 0.224100
vt 0.168500 0.243100
vt 0.093700 0.289600
vt 0.101400 0.299700
vt 0.080200 0.318300
vt 0.074000 0.307300
vt 0.207000 0.202900
vt 0.229100 0.183500
vt 0.234400 0.191200
vt 0.210600 0.206700
vt 0.251100 0.168200
vt 0.256500 0.176200
vt 0.495900 0.798400
vt 0.487600 0.778900
vt 0.494800 0.773000
vt 0.503700 0.791800
vt 0.491000 0.751300
vt 0.483500 0.755300
vt 0.471100 0.736700
vt 0.478800 0.732300
vt 0.539600 0.828900
vt 0.553900 0.854000
vt 0.543700 0.862400
vt 0.529100 0.838300
vt 0.303200 0.186200
vt 0.331800 0.157700
vt 0.336900 0.166300
vt 0.309500 0.194100
vt 0.460600 0.708300
vt 0.453400 0.713600
vt 0.436000 0.694600
vt 0.446900 0.685700
vt 0.362300 0.132400
vt 0.364900 0.138900
vt 0.429400 0.664800
vt 0.419600 0.673100
vt 0.401900 0.651300
vt 0.410700 0.642700
vt 0.195400 0.330900
vt 0.189400 0.323500
vt 0.196200 0.310600
vt 0.202300 0.318100
vt 0.205700 0.282500
vt 0.221700 0.263400
vt 0.227000 0.267900
vt 0.210700 0.289500
vt 0.151700 0.353000
vt 0.160700 0.361600
vt 0.140000 0.383600
vt 0.130000 0.375100
vt 0.243000 0.243300
vt 0.261700 0.223500
vt 0.269900 0.231800
vt 0.248400 0.247600
vt 0.282400 0.206000
vt 0.289200 0.213600
vt 0.274600 0.870200
vt 0.258200 0.868700
vt 0.291300 0.871300
vt 0.289100 0.887200
vt 0.287000 0.904600
vt 0.263500 0.862500
vt 0.268800 0.856500
vt 0.234800 0.809700
vt 0.224900 0.810400
vt 0.243700 0.808800
vt 0.237500 0.819700
vt 0.214500 0.817600
vt 0.204300 0.824700
vt 0.218300 0.847200
vt 0.319500 0.869900
vt 0.345700 0.866700
vt 0.367000 0.862400
vt 0.387400 0.857000
vt 0.400100 0.855000
vt 0.414700 0.851800
vt 0.429000 0.849600
vt 0.443400 0.846800
vt 0.454300 0.841300
vt 0.465200 0.835400
vt 0.480500 0.831100
vt 0.496200 0.826400
vt 0.525300 0.804800
vt 0.532100 0.798900
vt 0.514800 0.812800
vt 0.555600 0.784400
vt 0.564400 0.779600
vt 0.546400 0.789200
vt 0.584700 0.757700
vt 0.590800 0.750500
vt 0.578100 0.765100
vt 0.595600 0.739000
vt 0.600300 0.727300
vt 0.608300 0.717500
vt 0.616200 0.707000
vt 0.621400 0.701000
vt 0.625300 0.696400
vt 0.632800 0.686300
vt 0.639000 0.677400
vt 0.644500 0.670400
vt 0.632600 0.602900
vt 0.225900 0.789900
vt 0.227500 0.768800
vt 0.226900 0.746100
vt 0.227500 0.724100
vt 0.220800 0.705400
vt 0.215400 0.687500
vt 0.211000 0.666300
vt 0.206700 0.644700
vt 0.198400 0.623400
vt 0.190100 0.601700
vt 0.173900 0.531300
vt 0.171400 0.521700
vt 0.176300 0.540900
vt 0.288300 0.841000
vt 0.284700 0.832000
vt 0.248000 0.822000
vt 0.251300 0.866500
vt 0.243600 0.863600
vt 0.279400 0.826700
vt 0.274200 0.821400
vt 0.505100 0.820000
vt 0.537200 0.795500
vt 0.571300 0.772400
vt 0.689000 0.673200
vt 0.699400 0.621800
vt 0.214300 0.857300
vt 0.208000 0.863400
vt 0.410500 0.568300
vt 0.412100 0.557600
vt 0.364000 0.637500
vt 0.230000 0.877400
vt 0.226000 0.875200
vt 0.269800 0.818400
vt 0.521700 0.637700
vt 0.512200 0.629000
vt 0.491900 0.601300
vt 0.496400 0.594300
vt 0.463600 0.578300
vt 0.468400 0.572100
vt 0.515700 0.625200
vt 0.421000 0.537900
vt 0.416300 0.545600
vt 0.366500 0.506900
vt 0.373800 0.499700
vt 0.364400 0.531500
vt 0.362700 0.518300
vt 0.223400 0.873900
vt 0.336600 0.600500
vt 0.185500 0.581100
vt 0.181100 0.560100
vt 0.178700 0.550500
vt 0.173000 0.832800
vt 0.388900 0.450000
vt 0.388200 0.474700
vt 0.389400 0.430300
vt 0.405700 0.433800
vt 0.424300 0.434900
vt 0.419400 0.425500
vt 0.414700 0.416600
vt 0.455100 0.376300
vt 0.462900 0.377300
vt 0.470900 0.385600
vt 0.479900 0.394500
vt 0.463400 0.416800
vt 0.457100 0.410100
vt 0.364400 0.427200
vt 0.337400 0.422700
vt 0.313300 0.415600
vt 0.293700 0.407500
vt 0.283000 0.402300
vt 0.268800 0.395400
vt 0.255600 0.390200
vt 0.243100 0.384400
vt 0.231900 0.377000
vt 0.222000 0.368700
vt 0.207900 0.362000
vt 0.193900 0.355000
vt 0.181400 0.339300
vt 0.173000 0.329400
vt 0.163400 0.318800
vt 0.150900 0.312100
vt 0.145500 0.306600
vt 0.136400 0.298700
vt 0.122900 0.280300
vt 0.116200 0.270500
vt 0.110600 0.262700
vt 0.107200 0.251700
vt 0.103900 0.240300
vt 0.094700 0.228100
vt 0.087200 0.215700
vt 0.081700 0.208100
vt 0.076600 0.200200
vt 0.071200 0.189700
vt 0.066700 0.181200
vt 0.063800 0.175800
vt 0.465600 0.358600
vt 0.468400 0.339000
vt 0.470800 0.316000
vt 0.472700 0.292600
vt 0.478300 0.275300
vt 0.483500 0.257700
vt 0.492600 0.238600
vt 0.502000 0.218800
vt 0.513100 0.199500
vt 0.524400 0.179900
vt 0.549100 0.124700
vt 0.552100 0.116200
vt 0.555100 0.107800
vt 0.400200 0.393700
vt 0.395900 0.400300
vt 0.430100 0.432300
vt 0.436400 0.429700
vt 0.413600 0.383900
vt 0.406900 0.388900
vt 0.187100 0.346600
vt 0.155700 0.314500
vt 0.129300 0.289400
vt 0.140700 0.112900
vt 0.131700 0.147300
vt 0.450000 0.412100
vt 0.411800 0.317700
vt 0.403400 0.300100
vt 0.350400 0.184400
vt 0.447200 0.444800
vt 0.451100 0.442800
vt 0.400700 0.342600
vt 0.418100 0.381700
vt 0.379900 0.303600
vt 0.391600 0.324800
vt 0.191300 0.166900
vt 0.204100 0.160500
vt 0.229300 0.136900
vt 0.225600 0.130300
vt 0.201700 0.155100
vt 0.364000 0.053400
vt 0.367100 0.056800
vt 0.369000 0.069300
vt 0.367400 0.076000
vt 0.382100 0.154600
vt 0.453700 0.441500
vt 0.543000 0.141400
vt 0.533600 0.160900
vt 0.546000 0.133100
vt 0.510800 0.410100
vt 0.199400 0.503900
vt 0.228000 0.485400
vt 0.054500 0.596400
vt 0.020800 0.614900
vt 0.530800 0.084800
vt 0.506000 0.061500
vt 0.660000 0.194000
vt 0.691100 0.216100
vt 0.393300 0.607000
vt 0.398900 0.599900
vt 0.362100 0.579100
vt 0.367300 0.572000
vt 0.404500 0.590800
vt 0.408300 0.582300
vt 0.369900 0.561400
vt 0.368900 0.549000
vt 0.377900 0.625400
vt 0.385700 0.616900
vt 0.344300 0.594700
vt 0.354800 0.587700
vt 0.814600 0.790900
vt 0.829200 0.798500
vt 0.821900 0.810500
vt 0.810700 0.800300
vt 0.797400 0.798100
vt 0.802300 0.790900
vt 0.780900 0.798500
vt 0.782200 0.795500
vt 0.864600 0.270400
vt 0.888000 0.278200
vt 0.884300 0.281800
vt 0.865000 0.274600
vt 0.854800 0.275000
vt 0.851400 0.270600
vt 0.835200 0.281800
vt 0.834600 0.277500
vt 0.969700 0.372500
vt 0.970100 0.374500
vt 0.964000 0.374600
vt 0.963200 0.373100
vt 0.978300 0.372500
vt 0.977100 0.376300
vt 0.987900 0.375600
vt 0.984600 0.379100
vt 0.748900 0.888000
vt 0.765700 0.888800
vt 0.757400 0.899700
vt 0.744500 0.896200
vt 0.725500 0.892900
vt 0.728400 0.888000
vt 0.715700 0.893100
vt 0.715800 0.891600
vt 0.094700 0.946700
vt 0.104600 0.947700
vt 0.104300 0.952800
vt 0.095000 0.950400
vt 0.077400 0.949300
vt 0.076200 0.947000
vt 0.062700 0.952000
vt 0.062700 0.949600
vt 0.770200 0.021500
vt 0.777000 0.007400
vt 0.790500 0.011700
vt 0.784200 0.024200
vt 0.780200 0.035800
vt 0.768800 0.034600
vt 0.778000 0.059700
vt 0.768800 0.055300
vt 0.439900 0.973400
vt 0.440700 0.970800
vt 0.456800 0.971100
vt 0.456900 0.972400
vt 0.428000 0.973400
vt 0.427600 0.971000
vt 0.421800 0.972500
vt 0.422400 0.968700
vt 0.833800 0.618800
vt 0.852000 0.617400
vt 0.853700 0.636300
vt 0.838800 0.634700
vt 0.824200 0.635100
vt 0.822600 0.617400
vt 0.808300 0.630500
vt 0.808100 0.620700
vt 0.800300 0.910100
vt 0.780900 0.909000
vt 0.782900 0.905300
vt 0.802300 0.907100
vt 0.814500 0.905300
vt 0.812300 0.908600
vt 0.835700 0.910800
vt 0.832800 0.913200
vt 0.035900 0.949300
vt 0.046800 0.951700
vt 0.048000 0.953600
vt 0.034900 0.952500
vt 0.024900 0.953400
vt 0.024800 0.947900
vt 0.018100 0.952900
vt 0.017800 0.947400
vt 0.009800 0.953600
vt 0.007400 0.946700
vt 0.911000 0.729500
vt 0.912000 0.734500
vt 0.904800 0.738500
vt 0.900600 0.732800
vt 0.920300 0.728900
vt 0.919200 0.733100
vt 0.930700 0.731600
vt 0.929100 0.735100
vt 0.938700 0.736600
vt 0.939000 0.738500
vt 0.908400 0.083000
vt 0.908100 0.091500
vt 0.899700 0.091300
vt 0.897500 0.083100
vt 0.916200 0.083100
vt 0.914800 0.088800
vt 0.926500 0.086400
vt 0.925000 0.089500
vt 0.937700 0.089400
vt 0.938600 0.091500
vt 0.950100 0.679300
vt 0.949000 0.675800
vt 0.965400 0.674000
vt 0.967800 0.676700
vt 0.662900 0.971700
vt 0.653100 0.972400
vt 0.654200 0.969800
vt 0.663700 0.967200
vt 0.675100 0.967200
vt 0.673900 0.972300
vt 0.689800 0.969800
vt 0.688800 0.972400
vt 0.928800 0.139700
vt 0.939100 0.141500
vt 0.931400 0.151500
vt 0.924200 0.146200
vt 0.916300 0.142000
vt 0.921700 0.139700
vt 0.907000 0.142600
vt 0.905900 0.140400
vt 0.854800 0.106200
vt 0.875500 0.110700
vt 0.868400 0.120600
vt 0.851700 0.114000
vt 0.840600 0.112000
vt 0.838300 0.106200
vt 0.829900 0.113300
vt 0.829000 0.108300
vt 0.500600 0.967300
vt 0.511300 0.967700
vt 0.511100 0.971900
vt 0.499600 0.970600
vt 0.485900 0.969500
vt 0.484600 0.967300
vt 0.474400 0.970800
vt 0.473600 0.968100
vt 0.929800 0.270300
vt 0.936800 0.276000
vt 0.934400 0.281800
vt 0.920600 0.275200
vt 0.913200 0.272600
vt 0.915400 0.270400
vt 0.902700 0.272900
vt 0.903700 0.270300
vt 0.934300 0.048400
vt 0.946000 0.053400
vt 0.941600 0.057400
vt 0.934600 0.053500
vt 0.922800 0.051800
vt 0.924700 0.048400
vt 0.909900 0.054400
vt 0.909200 0.052800
vt 0.880400 0.797900
vt 0.894100 0.802100
vt 0.891800 0.810500
vt 0.877200 0.805100
vt 0.862600 0.805100
vt 0.866800 0.797900
vt 0.843900 0.807000
vt 0.848100 0.801100
vt 0.941400 0.935700
vt 0.950300 0.940800
vt 0.948900 0.944800
vt 0.938500 0.941500
vt 0.929400 0.939700
vt 0.930500 0.935700
vt 0.915400 0.944500
vt 0.917900 0.939500
vt 0.951900 0.232300
vt 0.961300 0.235900
vt 0.957900 0.240300
vt 0.949200 0.238000
vt 0.937700 0.235000
vt 0.937900 0.232300
vt 0.928800 0.233700
vt 0.928700 0.232500
vt 0.733600 0.945200
vt 0.719400 0.945200
vt 0.721900 0.938900
vt 0.735900 0.940400
vt 0.747800 0.940400
vt 0.745800 0.943500
vt 0.765700 0.944700
vt 0.764100 0.945100
vt 0.606900 0.988700
vt 0.597800 0.991100
vt 0.597400 0.986600
vt 0.606400 0.987200
vt 0.615700 0.987900
vt 0.615000 0.990100
vt 0.628100 0.989500
vt 0.624300 0.991100
vt 0.915200 0.541800
vt 0.930200 0.545700
vt 0.921300 0.551900
vt 0.915500 0.544500
vt 0.902200 0.544300
vt 0.900600 0.541800
vt 0.890800 0.545400
vt 0.891500 0.543600
vt 0.944800 0.617400
vt 0.954500 0.622700
vt 0.950700 0.625500
vt 0.943900 0.620100
vt 0.930900 0.620400
vt 0.930500 0.617400
vt 0.922100 0.625500
vt 0.920100 0.623900
vt 0.817800 0.976800
vt 0.818700 0.974700
vt 0.835700 0.972500
vt 0.835600 0.973900
vt 0.809100 0.976300
vt 0.807700 0.973500
vt 0.800500 0.975500
vt 0.800300 0.972500
vt 0.389600 0.951300
vt 0.388900 0.947100
vt 0.407100 0.950600
vt 0.406800 0.951900
vt 0.380600 0.951900
vt 0.378100 0.946700
vt 0.366900 0.951100
vt 0.365100 0.947500
vt 0.387200 0.971100
vt 0.387900 0.968500
vt 0.404000 0.968100
vt 0.404100 0.969300
vt 0.375700 0.971100
vt 0.373200 0.966600
vt 0.365100 0.969500
vt 0.365400 0.967200
vt 0.950900 0.786900
vt 0.951500 0.784100
vt 0.967000 0.783400
vt 0.966900 0.784700
vt 0.939300 0.786900
vt 0.937400 0.782600
vt 0.927600 0.784500
vt 0.927200 0.782600
vt 0.802900 0.927900
vt 0.803600 0.930600
vt 0.795300 0.936300
vt 0.793700 0.934000
vt 0.817700 0.928100
vt 0.816400 0.931000
vt 0.834200 0.934200
vt 0.835700 0.936300
vt 0.839600 0.691800
vt 0.858400 0.697000
vt 0.852600 0.702900
vt 0.837200 0.699900
vt 0.827300 0.698400
vt 0.824800 0.690200
vt 0.808700 0.694900
vt 0.813000 0.699300
vt 0.806800 0.702900
vt 0.796600 0.701400
vt 0.140800 0.972100
vt 0.142100 0.969700
vt 0.157600 0.969100
vt 0.157600 0.970300
vt 0.129600 0.972100
vt 0.126800 0.968400
vt 0.119800 0.970700
vt 0.119600 0.968700
vt 0.293300 0.973800
vt 0.293000 0.969500
vt 0.305300 0.967600
vt 0.304400 0.971100
vt 0.280800 0.971500
vt 0.281500 0.968800
vt 0.273300 0.970200
vt 0.276000 0.967600
vt 0.937600 0.677600
vt 0.937800 0.674000
vt 0.931100 0.677900
vt 0.931700 0.675900
vt 0.924700 0.193100
vt 0.928200 0.188300
vt 0.943000 0.191500
vt 0.942100 0.192900
vt 0.911100 0.193100
vt 0.912500 0.191600
vt 0.905900 0.185100
vt 0.907300 0.183300
vt 0.190300 0.975300
vt 0.190600 0.972200
vt 0.203000 0.969400
vt 0.203100 0.970600
vt 0.181000 0.975000
vt 0.181400 0.973300
vt 0.172300 0.972700
vt 0.172300 0.970500
vt 0.826000 0.651000
vt 0.845400 0.657100
vt 0.841900 0.668400
vt 0.827400 0.662900
vt 0.815700 0.668400
vt 0.816100 0.651100
vt 0.799100 0.670300
vt 0.799100 0.659700
vt 0.838800 0.407300
vt 0.857000 0.403600
vt 0.861700 0.414000
vt 0.843300 0.417900
vt 0.831800 0.420500
vt 0.829300 0.409700
vt 0.815300 0.420500
vt 0.814700 0.414400
vt 0.878600 0.827100
vt 0.893400 0.827100
vt 0.897400 0.841000
vt 0.879300 0.838600
vt 0.869900 0.838400
vt 0.868500 0.828600
vt 0.854100 0.836400
vt 0.851400 0.833200
vt 0.748400 0.651000
vt 0.770600 0.651000
vt 0.784400 0.665400
vt 0.757100 0.669600
vt 0.738200 0.668800
vt 0.734200 0.653200
vt 0.717500 0.664600
vt 0.714300 0.660100
vt 0.854000 0.137900
vt 0.864100 0.148300
vt 0.863500 0.159700
vt 0.854500 0.152100
vt 0.844200 0.150100
vt 0.843100 0.137900
vt 0.828600 0.152900
vt 0.828000 0.149800
vt 0.855400 0.174400
vt 0.868900 0.180600
vt 0.866400 0.193100
vt 0.855500 0.186900
vt 0.844700 0.182800
vt 0.843200 0.174400
vt 0.828700 0.186500
vt 0.828000 0.182700
vt 0.849800 0.442700
vt 0.861000 0.435200
vt 0.871100 0.437700
vt 0.861200 0.443000
vt 0.860100 0.454300
vt 0.849800 0.454500
vt 0.858800 0.469700
vt 0.855000 0.469700
vt 0.891300 0.374900
vt 0.902900 0.378400
vt 0.908400 0.386500
vt 0.895400 0.384300
vt 0.884700 0.384500
vt 0.880800 0.372500
vt 0.870200 0.386500
vt 0.869100 0.382700
vt 0.808600 0.890600
vt 0.780900 0.888800
vt 0.794000 0.881800
vt 0.814700 0.883000
vt 0.829400 0.882800
vt 0.824700 0.890500
vt 0.844700 0.884900
vt 0.838900 0.890600
vt 0.228200 0.953500
vt 0.220800 0.955300
vt 0.220800 0.949200
vt 0.228900 0.946700
vt 0.238700 0.947700
vt 0.236500 0.953900
vt 0.253000 0.950400
vt 0.250500 0.952600
vt 0.921600 0.888600
vt 0.911800 0.891300
vt 0.911800 0.884600
vt 0.924200 0.881800
vt 0.932400 0.884100
vt 0.929900 0.889300
vt 0.947200 0.889500
vt 0.944300 0.891300
vt 0.916500 0.507200
vt 0.927400 0.508900
vt 0.927200 0.518100
vt 0.915400 0.515400
vt 0.905100 0.515600
vt 0.906400 0.506700
vt 0.890800 0.508700
vt 0.893600 0.506700
vt 0.941300 0.306000
vt 0.952300 0.306000
vt 0.953000 0.313700
vt 0.941200 0.312700
vt 0.931100 0.313200
vt 0.931000 0.307000
vt 0.914900 0.309200
vt 0.917200 0.306800
vt 0.382100 0.989900
vt 0.373900 0.990300
vt 0.372800 0.987000
vt 0.380000 0.987300
vt 0.390600 0.988000
vt 0.390100 0.990300
vt 0.404000 0.985800
vt 0.404100 0.987100
vt 0.621200 0.951000
vt 0.620300 0.946700
vt 0.638400 0.950800
vt 0.638100 0.952000
vt 0.607400 0.950800
vt 0.609600 0.946900
vt 0.591800 0.952000
vt 0.591100 0.950200
vt 0.559200 0.951100
vt 0.558200 0.946900
vt 0.576400 0.950600
vt 0.576100 0.951900
vt 0.545600 0.950600
vt 0.547700 0.946700
vt 0.530300 0.951900
vt 0.531400 0.948400
vt 0.836600 0.225800
vt 0.849700 0.226400
vt 0.852400 0.235300
vt 0.839800 0.233300
vt 0.826300 0.235400
vt 0.822600 0.229900
vt 0.816800 0.240300
vt 0.809400 0.233700
vt 0.862700 0.232500
vt 0.860400 0.240300
vt 0.333900 0.946700
vt 0.340900 0.950100
vt 0.339400 0.952700
vt 0.334400 0.950400
vt 0.330400 0.952200
vt 0.328300 0.950700
vt 0.324400 0.957600
vt 0.320000 0.954400
vt 0.346500 0.955500
vt 0.342900 0.957600
vt 0.943200 0.649100
vt 0.952800 0.649100
vt 0.953200 0.656400
vt 0.942100 0.653800
vt 0.932200 0.656200
vt 0.931100 0.652800
vt 0.921400 0.658500
vt 0.920100 0.656900
vt 0.805500 0.526200
vt 0.810100 0.514900
vt 0.814500 0.517000
vt 0.814100 0.526700
vt 0.815800 0.533600
vt 0.806000 0.536900
vt 0.822900 0.546100
vt 0.814700 0.551900
vt 0.820100 0.503000
vt 0.822900 0.504600
vt 0.883600 0.404100
vt 0.893300 0.404600
vt 0.895000 0.410100
vt 0.890000 0.412200
vt 0.886000 0.414700
vt 0.876700 0.407300
vt 0.883800 0.420500
vt 0.876400 0.415600
vt 0.909100 0.408000
vt 0.909100 0.411200
vt 0.890200 0.227300
vt 0.899800 0.231800
vt 0.898500 0.236000
vt 0.889400 0.232500
vt 0.885000 0.235000
vt 0.882200 0.227700
vt 0.881400 0.240300
vt 0.877400 0.231200
vt 0.914000 0.237100
vt 0.913800 0.240300
vt 0.932400 0.832400
vt 0.939300 0.832200
vt 0.939500 0.837200
vt 0.934700 0.836200
vt 0.927200 0.835200
vt 0.923600 0.832200
vt 0.915600 0.834900
vt 0.912100 0.832700
vt 0.948700 0.834900
vt 0.946300 0.841000
vt 0.935900 0.372500
vt 0.941100 0.375300
vt 0.939800 0.378500
vt 0.935500 0.376100
vt 0.931500 0.375800
vt 0.930800 0.372500
vt 0.923700 0.380000
vt 0.923100 0.378800
vt 0.948500 0.381700
vt 0.943200 0.385100
vt 0.966600 0.728900
vt 0.971500 0.730300
vt 0.970600 0.733500
vt 0.966000 0.732600
vt 0.962200 0.732100
vt 0.961600 0.728900
vt 0.954300 0.736500
vt 0.953700 0.735300
vt 0.978200 0.735000
vt 0.976000 0.738500
vt 0.975600 0.569300
vt 0.981100 0.570000
vt 0.980400 0.573400
vt 0.975300 0.573100
vt 0.971200 0.572500
vt 0.970300 0.569300
vt 0.963700 0.576700
vt 0.962900 0.575500
vt 0.988000 0.572900
vt 0.986500 0.576700
vt 0.932300 0.404100
vt 0.942500 0.404300
vt 0.942000 0.408000
vt 0.934800 0.407000
vt 0.931900 0.409800
vt 0.928400 0.407900
vt 0.928900 0.414600
vt 0.923800 0.412900
vt 0.952100 0.410900
vt 0.951600 0.414600
vt 0.954600 0.435200
vt 0.962400 0.436700
vt 0.960300 0.439800
vt 0.954400 0.438700
vt 0.950400 0.441900
vt 0.947300 0.439000
vt 0.942300 0.444700
vt 0.938400 0.441600
vt 0.967100 0.442100
vt 0.966400 0.444700
vt 0.933300 0.855900
vt 0.941000 0.858000
vt 0.940900 0.860900
vt 0.934600 0.859600
vt 0.929800 0.862400
vt 0.927200 0.861000
vt 0.923900 0.867100
vt 0.920500 0.866000
vt 0.948800 0.865600
vt 0.948500 0.867100
vt 0.961100 0.270700
vt 0.967100 0.270800
vt 0.966400 0.273100
vt 0.961300 0.273500
vt 0.957700 0.276000
vt 0.955100 0.275100
vt 0.954900 0.281800
vt 0.951500 0.281400
vt 0.975200 0.278400
vt 0.975200 0.280500
vt 0.977800 0.914400
vt 0.983200 0.916900
vt 0.981700 0.917900
vt 0.977400 0.916100
vt 0.972100 0.917300
vt 0.970400 0.915200
vt 0.966900 0.921000
vt 0.964100 0.918800
vt 0.986600 0.920000
vt 0.986200 0.921000
vt 0.918300 0.106200
vt 0.927700 0.108600
vt 0.929100 0.110500
vt 0.917600 0.110000
vt 0.907500 0.110600
vt 0.907500 0.106200
vt 0.901500 0.113100
vt 0.900000 0.108600
vt 0.894200 0.116900
vt 0.890200 0.112100
vt 0.146600 0.948300
vt 0.156700 0.950700
vt 0.157600 0.953700
vt 0.147400 0.950000
vt 0.138100 0.949800
vt 0.137600 0.946700
vt 0.129900 0.951000
vt 0.128900 0.947900
vt 0.120500 0.953700
vt 0.119300 0.950500
vt 0.040400 0.970200
vt 0.047600 0.972000
vt 0.048000 0.973900
vt 0.040900 0.972600
vt 0.032600 0.971500
vt 0.032400 0.968300
vt 0.024300 0.971900
vt 0.023700 0.968700
vt 0.015000 0.973900
vt 0.014500 0.970600
vt 0.953800 0.762600
vt 0.963500 0.765700
vt 0.963200 0.767800
vt 0.954100 0.764100
vt 0.945000 0.763800
vt 0.944900 0.761300
vt 0.936600 0.763900
vt 0.936700 0.761300
vt 0.927200 0.765900
vt 0.927400 0.763600
vt 0.933200 0.010900
vt 0.940800 0.018100
vt 0.940500 0.019100
vt 0.932800 0.012800
vt 0.927900 0.010500
vt 0.925600 0.007400
vt 0.918900 0.013200
vt 0.917300 0.010300
vt 0.911100 0.019100
vt 0.909200 0.016000
vt 0.196900 0.949900
vt 0.206100 0.953000
vt 0.205200 0.954700
vt 0.195400 0.952300
vt 0.190400 0.952200
vt 0.190500 0.948100
vt 0.182400 0.951600
vt 0.180700 0.946700
vt 0.173100 0.954700
vt 0.172300 0.951100
vt 0.557700 0.986500
vt 0.567200 0.988100
vt 0.566900 0.990600
vt 0.558400 0.988800
vt 0.551900 0.988400
vt 0.551400 0.985400
vt 0.544400 0.988500
vt 0.542900 0.985400
vt 0.538800 0.990000
vt 0.536400 0.988400
vt 0.987300 0.936600
vt 0.989800 0.938900
vt 0.990300 0.939900
vt 0.986700 0.940600
vt 0.980500 0.938600
vt 0.979900 0.935700
vt 0.973000 0.938800
vt 0.971500 0.935700
vt 0.967300 0.940300
vt 0.965000 0.938700
vt 0.976100 0.008500
vt 0.984200 0.008900
vt 0.983700 0.009600
vt 0.976100 0.010100
vt 0.969600 0.009900
vt 0.968900 0.007400
vt 0.962100 0.010000
vt 0.962000 0.007400
vt 0.957400 0.010800
vt 0.955500 0.008200
vt 0.886500 0.690200
vt 0.886600 0.698400
vt 0.879300 0.701000
vt 0.873100 0.694100
vt 0.894500 0.690200
vt 0.893400 0.697300
vt 0.904800 0.692100
vt 0.903400 0.696300
vt 0.914900 0.695700
vt 0.916400 0.697800
vt 0.896800 0.437000
vt 0.897600 0.442800
vt 0.892900 0.446600
vt 0.885800 0.441300
vt 0.902800 0.435200
vt 0.902500 0.441100
vt 0.912600 0.438500
vt 0.910900 0.443200
vt 0.922500 0.444200
vt 0.923700 0.446600
vt 0.736100 0.914400
vt 0.735300 0.921800
vt 0.728800 0.924200
vt 0.724700 0.917700
vt 0.744200 0.914600
vt 0.743200 0.920700
vt 0.753600 0.918500
vt 0.751800 0.922800
vt 0.764000 0.922200
vt 0.765700 0.924200
vt 0.900700 0.462800
vt 0.899700 0.467500
vt 0.888700 0.468500
vt 0.885800 0.464400
vt 0.909000 0.461300
vt 0.908800 0.466200
vt 0.919800 0.461300
vt 0.918400 0.466500
vt 0.931100 0.464600
vt 0.932600 0.466300
vt 0.851800 0.728500
vt 0.854300 0.734300
vt 0.844800 0.738500
vt 0.840500 0.732400
vt 0.861000 0.723600
vt 0.862800 0.730300
vt 0.871200 0.723600
vt 0.874500 0.731100
vt 0.884900 0.728400
vt 0.885900 0.734400
vt 0.889200 0.897300
vt 0.888800 0.888000
vt 0.897100 0.881800
vt 0.897100 0.890900
vt 0.880400 0.897800
vt 0.880300 0.891200
vt 0.870500 0.895300
vt 0.869700 0.888800
vt 0.859400 0.889600
vt 0.860800 0.885600
vt 0.900800 0.581900
vt 0.896800 0.572700
vt 0.903400 0.569300
vt 0.907700 0.577800
vt 0.894800 0.585300
vt 0.891000 0.577200
vt 0.885500 0.585300
vt 0.882400 0.577400
vt 0.875000 0.582700
vt 0.874400 0.577700
vt 0.752100 0.872600
vt 0.752300 0.865800
vt 0.762100 0.861900
vt 0.766200 0.869100
vt 0.742700 0.873300
vt 0.745200 0.865700
vt 0.732700 0.868100
vt 0.735100 0.859600
vt 0.715700 0.861200
vt 0.719900 0.859600
vt 0.967300 0.979900
vt 0.967800 0.982800
vt 0.963400 0.985200
vt 0.962900 0.981900
vt 0.972100 0.978500
vt 0.972900 0.981600
vt 0.978700 0.978500
vt 0.978800 0.981300
vt 0.988400 0.981700
vt 0.988600 0.983400
vt 0.969200 0.637900
vt 0.972300 0.638600
vt 0.972200 0.643300
vt 0.969300 0.642700
vt 0.969700 0.632600
vt 0.972200 0.633400
vt 0.969200 0.626800
vt 0.972300 0.627100
vt 0.971700 0.617400
vt 0.972700 0.618000
vt 0.083800 0.988900
vt 0.083700 0.990900
vt 0.078400 0.991500
vt 0.078800 0.988400
vt 0.088800 0.988500
vt 0.088500 0.990600
vt 0.095000 0.989300
vt 0.094400 0.991400
vt 0.104600 0.990900
vt 0.104300 0.991500
vt 0.889300 0.935700
vt 0.899200 0.936600
vt 0.900700 0.938300
vt 0.888700 0.939200
vt 0.879200 0.940400
vt 0.879100 0.935700
vt 0.872900 0.942200
vt 0.872100 0.937900
vt 0.861400 0.943900
vt 0.859400 0.939200
vt 0.904700 0.209300
vt 0.922700 0.209600
vt 0.917000 0.212400
vt 0.903600 0.212600
vt 0.895900 0.212300
vt 0.895500 0.208900
vt 0.888400 0.212100
vt 0.888600 0.208700
vt 0.878800 0.212600
vt 0.877400 0.208600
vt 0.947700 0.330100
vt 0.960900 0.331000
vt 0.957100 0.333000
vt 0.946700 0.333000
vt 0.937500 0.332400
vt 0.937200 0.329700
vt 0.930500 0.331900
vt 0.929700 0.328700
vt 0.921200 0.333000
vt 0.919400 0.329400
vt 0.981700 0.832900
vt 0.990100 0.835900
vt 0.989000 0.836700
vt 0.980700 0.835500
vt 0.975000 0.834900
vt 0.974900 0.832200
vt 0.970200 0.835700
vt 0.968900 0.833400
vt 0.964600 0.836700
vt 0.963400 0.835400
vt 0.972500 0.140400
vt 0.983800 0.145000
vt 0.982600 0.145500
vt 0.971300 0.141600
vt 0.966000 0.141100
vt 0.965700 0.139700
vt 0.960400 0.143100
vt 0.959500 0.140700
vt 0.954700 0.145500
vt 0.953800 0.144000
vt 0.139100 0.986800
vt 0.150400 0.989600
vt 0.149000 0.991100
vt 0.138200 0.987400
vt 0.132300 0.987500
vt 0.132100 0.986800
vt 0.126000 0.987700
vt 0.125500 0.987100
vt 0.121100 0.987900
vt 0.119600 0.987400
vt 0.097000 0.968700
vt 0.104600 0.972100
vt 0.102400 0.973700
vt 0.096500 0.970800
vt 0.089200 0.970700
vt 0.088700 0.967500
vt 0.081700 0.971700
vt 0.080700 0.968400
vt 0.072300 0.973700
vt 0.071400 0.971400
vt 0.758700 0.980000
vt 0.765700 0.983300
vt 0.764800 0.984300
vt 0.758400 0.982100
vt 0.751600 0.981500
vt 0.751200 0.979300
vt 0.744800 0.982800
vt 0.744000 0.980300
vt 0.734400 0.984300
vt 0.734500 0.982700
vt 0.496600 0.988500
vt 0.503700 0.986600
vt 0.504300 0.989000
vt 0.497000 0.991000
vt 0.490200 0.990800
vt 0.489100 0.988100
vt 0.482700 0.990600
vt 0.481900 0.987600
vt 0.473600 0.989900
vt 0.474600 0.986600
vt 0.891200 0.979800
vt 0.897800 0.982400
vt 0.897300 0.983200
vt 0.890700 0.981400
vt 0.883600 0.980800
vt 0.883600 0.978600
vt 0.874700 0.981300
vt 0.875100 0.979500
vt 0.866700 0.983200
vt 0.865800 0.981900
vt 0.620300 0.966700
vt 0.628100 0.969800
vt 0.627700 0.970700
vt 0.620100 0.968500
vt 0.613100 0.969000
vt 0.612800 0.966700
vt 0.603400 0.970500
vt 0.603100 0.968600
vt 0.592300 0.971900
vt 0.591100 0.968000
vt 0.297900 0.947900
vt 0.305300 0.951900
vt 0.305000 0.952900
vt 0.297400 0.949600
vt 0.290500 0.949300
vt 0.290500 0.946700
vt 0.281400 0.949800
vt 0.281500 0.946700
vt 0.267700 0.950000
vt 0.267800 0.947300
vt 0.839600 0.208700
vt 0.847900 0.210100
vt 0.847300 0.211100
vt 0.839400 0.210300
vt 0.832400 0.210400
vt 0.832200 0.207900
vt 0.823100 0.210800
vt 0.823200 0.208800
vt 0.810200 0.211100
vt 0.809400 0.209600
vt 0.668800 0.989100
vt 0.660000 0.990900
vt 0.659900 0.989100
vt 0.668600 0.987100
vt 0.677900 0.987800
vt 0.677400 0.989600
vt 0.689800 0.989700
vt 0.689800 0.990900
vt 0.437000 0.990200
vt 0.429100 0.991600
vt 0.429000 0.989700
vt 0.437000 0.988100
vt 0.445400 0.988500
vt 0.444900 0.990400
vt 0.456900 0.990300
vt 0.456700 0.991600
vt 0.962300 0.182700
vt 0.965000 0.191600
vt 0.961800 0.193100
vt 0.958400 0.182600
vt 0.957700 0.174700
vt 0.961400 0.174500
vt 0.964000 0.162100
vt 0.965000 0.162500
vt 0.972800 0.806100
vt 0.964300 0.807300
vt 0.963000 0.804800
vt 0.973200 0.802300
vt 0.981600 0.802900
vt 0.981600 0.806200
vt 0.992000 0.806100
vt 0.991800 0.807300
vt 0.957700 0.466200
vt 0.947300 0.468500
vt 0.950300 0.464500
vt 0.958600 0.461400
vt 0.967300 0.461900
vt 0.967100 0.466200
vt 0.976200 0.466800
vt 0.975000 0.468500
vt 0.970000 0.888700
vt 0.962500 0.891300
vt 0.961900 0.886800
vt 0.970200 0.883800
vt 0.978100 0.884200
vt 0.978800 0.889400
vt 0.987700 0.888800
vt 0.987600 0.891300
vt 0.980800 0.856700
vt 0.989200 0.859900
vt 0.988100 0.860800
vt 0.979900 0.859300
vt 0.974600 0.858700
vt 0.974700 0.855900
vt 0.969900 0.859000
vt 0.969200 0.856600
vt 0.964100 0.860800
vt 0.963500 0.859300
vt 0.983200 0.411100
vt 0.991700 0.414200
vt 0.990700 0.414600
vt 0.982700 0.411800
vt 0.976700 0.411500
vt 0.977000 0.410600
vt 0.971800 0.412400
vt 0.971500 0.411800
vt 0.967600 0.414600
vt 0.966800 0.413200
vt 0.968200 0.530700
vt 0.969200 0.521500
vt 0.969800 0.522700
vt 0.970000 0.532100
vt 0.969700 0.538900
vt 0.968200 0.538400
vt 0.969800 0.544700
vt 0.968500 0.545400
vt 0.970800 0.549700
vt 0.969200 0.550300
vt 0.778900 0.201100
vt 0.786600 0.202600
vt 0.785400 0.203200
vt 0.777800 0.202800
vt 0.770900 0.202800
vt 0.771900 0.201100
vt 0.764300 0.203600
vt 0.764700 0.202000
vt 0.760100 0.203500
vt 0.760000 0.202200
vt 0.450700 0.948100
vt 0.458900 0.951300
vt 0.458100 0.954000
vt 0.449800 0.950900
vt 0.440300 0.950300
vt 0.441700 0.946700
vt 0.433900 0.950500
vt 0.434500 0.946700
vt 0.424800 0.954000
vt 0.421800 0.950600
vt 0.954100 0.485700
vt 0.963000 0.488500
vt 0.962600 0.491500
vt 0.953700 0.488600
vt 0.944000 0.488500
vt 0.945000 0.485000
vt 0.936600 0.490300
vt 0.937600 0.486200
vt 0.928100 0.492000
vt 0.928100 0.488800
vt 0.957800 0.695100
vt 0.965200 0.699400
vt 0.964600 0.701000
vt 0.956700 0.696900
vt 0.948400 0.696300
vt 0.949000 0.694000
vt 0.941300 0.697700
vt 0.940500 0.695300
vt 0.933400 0.701000
vt 0.931100 0.698500
vt 0.931700 0.959500
vt 0.933900 0.963200
vt 0.916200 0.962800
vt 0.915400 0.960700
vt 0.944600 0.960100
vt 0.946800 0.962800
vt 0.954400 0.959500
vt 0.955900 0.963800
vt 0.870900 0.958600
vt 0.871800 0.960500
vt 0.860000 0.962400
vt 0.859400 0.960900
vt 0.885400 0.958600
vt 0.886100 0.961100
vt 0.897000 0.961000
vt 0.897800 0.963900
vt 0.229300 0.970000
vt 0.230900 0.973500
vt 0.218600 0.974500
vt 0.218000 0.973000
vt 0.239800 0.970400
vt 0.241700 0.973900
vt 0.251400 0.970200
vt 0.253000 0.974500
vt 0.933400 0.596300
vt 0.935400 0.599100
vt 0.923200 0.601700
vt 0.922400 0.600400
vt 0.944700 0.596300
vt 0.946600 0.600900
vt 0.959000 0.599500
vt 0.957000 0.602400
vt 0.749300 0.963100
vt 0.747800 0.959900
vt 0.765000 0.960300
vt 0.765700 0.962000
vt 0.738500 0.964600
vt 0.737300 0.961200
vt 0.726900 0.964600
vt 0.726500 0.961400
vt 0.560200 0.970700
vt 0.559300 0.966600
vt 0.575600 0.968900
vt 0.576400 0.970600
vt 0.548500 0.970200
vt 0.546100 0.966800
vt 0.539300 0.969900
vt 0.536400 0.966600
vt 0.981100 0.308000
vt 0.986500 0.310000
vt 0.986700 0.313700
vt 0.979800 0.310500
vt 0.974100 0.311300
vt 0.975200 0.308400
vt 0.967800 0.313700
vt 0.968300 0.311800
vt 0.986700 0.597600
vt 0.992200 0.597600
vt 0.992600 0.602400
vt 0.985200 0.600500
vt 0.979700 0.600100
vt 0.980700 0.598000
vt 0.973800 0.600500
vt 0.973700 0.598800
vt 0.980800 0.347700
vt 0.987800 0.350800
vt 0.987200 0.353600
vt 0.980100 0.350300
vt 0.974400 0.349900
vt 0.974900 0.347700
vt 0.966900 0.351300
vt 0.967900 0.349300
vt 0.984500 0.959600
vt 0.991800 0.961000
vt 0.991900 0.963800
vt 0.984900 0.962100
vt 0.979100 0.962400
vt 0.978400 0.959600
vt 0.971100 0.963800
vt 0.970600 0.961300
vt 0.483100 0.950200
vt 0.473900 0.952600
vt 0.473600 0.948400
vt 0.483400 0.946700
vt 0.492900 0.946700
vt 0.491600 0.950200
vt 0.515600 0.948000
vt 0.511600 0.951200
vt 0.878700 0.766300
vt 0.869400 0.768100
vt 0.869400 0.763900
vt 0.879300 0.761300
vt 0.892800 0.762400
vt 0.891800 0.768000
vt 0.912500 0.764300
vt 0.905600 0.772800
vt 0.666300 0.950700
vt 0.653100 0.952400
vt 0.654600 0.947300
vt 0.668600 0.946700
vt 0.683500 0.946700
vt 0.681000 0.950900
vt 0.699600 0.947300
vt 0.694000 0.952500
vt 0.816100 0.957200
vt 0.799800 0.957800
vt 0.800900 0.951800
vt 0.816000 0.951000
vt 0.827100 0.952800
vt 0.828300 0.957800
vt 0.835500 0.954300
vt 0.835700 0.957800
vt 0.934400 0.576500
vt 0.923700 0.581600
vt 0.922400 0.573900
vt 0.931400 0.569300
vt 0.939700 0.570400
vt 0.940400 0.576500
vt 0.948200 0.577000
vt 0.947700 0.581600
vt 0.924500 0.808400
vt 0.908800 0.810500
vt 0.909000 0.804700
vt 0.923700 0.802300
vt 0.935600 0.804300
vt 0.936400 0.808500
vt 0.945800 0.806700
vt 0.948300 0.810500
vt 0.742100 0.235700
vt 0.727500 0.240300
vt 0.713300 0.224700
vt 0.735400 0.218600
vt 0.764100 0.218600
vt 0.762100 0.232100
vt 0.794700 0.225400
vt 0.792200 0.234200
vt 0.817000 0.382300
vt 0.803700 0.386700
vt 0.798000 0.380800
vt 0.816300 0.374100
vt 0.833000 0.372500
vt 0.830500 0.381900
vt 0.854400 0.379200
vt 0.852200 0.386700
vt 0.733100 0.734200
vt 0.723100 0.744300
vt 0.714300 0.726500
vt 0.726000 0.717600
vt 0.742100 0.717600
vt 0.743500 0.727000
vt 0.762500 0.718900
vt 0.764600 0.723900
vt 0.809100 0.025900
vt 0.806700 0.011400
vt 0.815800 0.007400
vt 0.819500 0.025400
vt 0.819500 0.041500
vt 0.810200 0.038700
vt 0.810300 0.063400
vt 0.805200 0.059300
vt 0.736500 0.775300
vt 0.724400 0.776200
vt 0.714300 0.761800
vt 0.733800 0.759000
vt 0.756200 0.762300
vt 0.753000 0.774000
vt 0.782100 0.768800
vt 0.779000 0.776200
vt 0.871300 0.037700
vt 0.872800 0.047300
vt 0.863300 0.054500
vt 0.860500 0.041700
vt 0.860500 0.025700
vt 0.868900 0.026300
vt 0.862300 0.007400
vt 0.867700 0.008500
vt 0.887200 0.345600
vt 0.896900 0.346900
vt 0.904700 0.357800
vt 0.887000 0.353700
vt 0.871400 0.355000
vt 0.872800 0.347200
vt 0.857300 0.357800
vt 0.856300 0.356500
vt 0.957000 0.211700
vt 0.967300 0.208600
vt 0.970300 0.212500
vt 0.957300 0.215300
vt 0.945600 0.215300
vt 0.944900 0.210900
vt 0.937400 0.214200
vt 0.937400 0.211300
vt 0.965100 0.045500
vt 0.966900 0.056500
vt 0.963000 0.057400
vt 0.960700 0.044900
vt 0.960700 0.032800
vt 0.964700 0.034100
vt 0.962300 0.025800
vt 0.964600 0.027000
vt 0.955600 0.103400
vt 0.959500 0.117000
vt 0.956000 0.117200
vt 0.953300 0.102600
vt 0.953300 0.092400
vt 0.956100 0.092500
vt 0.956600 0.083000
vt 0.957700 0.084100
vt 0.814700 0.445000
vt 0.823800 0.435200
vt 0.835100 0.439500
vt 0.823700 0.453000
vt 0.822700 0.463500
vt 0.814700 0.464000
vt 0.825600 0.474400
vt 0.823700 0.474900
vt 0.942300 0.347700
vt 0.952200 0.353200
vt 0.944800 0.357800
vt 0.939900 0.354100
vt 0.931800 0.354100
vt 0.929200 0.347700
vt 0.920100 0.356500
vt 0.919400 0.353600
vt 0.940500 0.912100
vt 0.949400 0.918600
vt 0.945000 0.921000
vt 0.938500 0.915300
vt 0.932300 0.915000
vt 0.932600 0.909400
vt 0.922100 0.921000
vt 0.922100 0.918100
vt 0.340400 0.972300
vt 0.348300 0.975900
vt 0.343700 0.979100
vt 0.338500 0.976200
vt 0.331900 0.975200
vt 0.332000 0.972300
vt 0.322500 0.976700
vt 0.320000 0.974900
vt 0.725700 0.088800
vt 0.743100 0.076000
vt 0.754100 0.090100
vt 0.733400 0.098800
vt 0.713300 0.055700
vt 0.733000 0.054300
vt 0.736500 0.064600
vt 0.717300 0.071000
vt 0.713300 0.036900
vt 0.732800 0.038100
vt 0.724300 0.011000
vt 0.736400 0.007400
vt 0.722500 0.371900
vt 0.739800 0.365200
vt 0.752400 0.372600
vt 0.738400 0.388900
vt 0.713300 0.345200
vt 0.729400 0.342700
vt 0.733000 0.354600
vt 0.716200 0.359100
vt 0.713300 0.329200
vt 0.729100 0.324800
vt 0.720900 0.300300
vt 0.732000 0.296500
vt 0.718200 0.186000
vt 0.741100 0.181800
vt 0.745300 0.203900
vt 0.732000 0.202600
vt 0.714300 0.161500
vt 0.738200 0.156900
vt 0.738300 0.169500
vt 0.713300 0.175900
vt 0.721600 0.142600
vt 0.740600 0.141900
vt 0.729400 0.120700
vt 0.745300 0.113500
vt 0.778900 0.551900
vt 0.773400 0.538500
vt 0.790800 0.541400
vt 0.788200 0.547900
vt 0.744000 0.548700
vt 0.749700 0.537500
vt 0.765400 0.538900
vt 0.763000 0.551900
vt 0.730300 0.545400
vt 0.736100 0.533200
vt 0.714300 0.538400
vt 0.720900 0.528400
vt 0.776500 0.437300
vt 0.770300 0.432800
vt 0.783900 0.421200
vt 0.791900 0.423800
vt 0.748800 0.447000
vt 0.754200 0.430300
vt 0.759400 0.434000
vt 0.759200 0.446100
vt 0.726400 0.423000
vt 0.739500 0.415400
vt 0.747300 0.424600
vt 0.736300 0.438900
vt 0.726300 0.403600
vt 0.735000 0.403600
vt 0.769100 0.443900
vt 0.765000 0.435000
vt 0.732200 0.487000
vt 0.723000 0.497200
vt 0.714300 0.484500
vt 0.722200 0.478400
vt 0.751500 0.490700
vt 0.756100 0.513700
vt 0.733700 0.510500
vt 0.740600 0.491400
vt 0.765900 0.485400
vt 0.775400 0.505600
vt 0.781800 0.478400
vt 0.784800 0.485200
vt 0.868000 0.079500
vt 0.882800 0.079300
vt 0.880200 0.091500
vt 0.863100 0.090000
vt 0.848600 0.091400
vt 0.852000 0.079300
vt 0.829000 0.088100
vt 0.832500 0.080600
vt 0.881200 0.856400
vt 0.904600 0.861300
vt 0.905800 0.867100
vt 0.880700 0.860700
vt 0.868300 0.861600
vt 0.869200 0.859000
vt 0.854100 0.867100
vt 0.854300 0.866400
vt 0.951900 0.546800
vt 0.946300 0.551900
vt 0.944900 0.550500
vt 0.946400 0.547200
vt 0.946600 0.538600
vt 0.953500 0.536700
vt 0.944900 0.521600
vt 0.947900 0.521500
vt 0.838400 0.338100
vt 0.841600 0.357800
vt 0.831700 0.354700
vt 0.827700 0.339100
vt 0.829400 0.323500
vt 0.837100 0.326100
vt 0.835300 0.306000
vt 0.841600 0.308600
vt 0.876100 0.537800
vt 0.876100 0.545500
vt 0.871100 0.551900
vt 0.866200 0.540500
vt 0.863400 0.523500
vt 0.871400 0.525100
vt 0.867000 0.508500
vt 0.873100 0.506700
vt 0.921900 0.981200
vt 0.916800 0.983700
vt 0.915400 0.982000
vt 0.921000 0.979300
vt 0.928300 0.978500
vt 0.928300 0.980800
vt 0.948200 0.982600
vt 0.947000 0.983700
vt 0.812700 0.771200
vt 0.796800 0.772800
vt 0.796900 0.766900
vt 0.808800 0.764400
vt 0.824900 0.770600
vt 0.822400 0.763000
vt 0.835100 0.762200
vt 0.836700 0.770900
vt 0.848600 0.759000
vt 0.854700 0.772800
vt 0.901900 0.651200
vt 0.903000 0.657600
vt 0.901200 0.658500
vt 0.899400 0.650000
vt 0.900800 0.643400
vt 0.896400 0.641600
vt 0.896800 0.634100
vt 0.901200 0.634000
vt 0.896400 0.623000
vt 0.905400 0.617400
vt 0.868400 0.630900
vt 0.879700 0.617400
vt 0.881700 0.620700
vt 0.873000 0.646500
vt 0.868400 0.646500
vt 0.876800 0.657500
vt 0.876100 0.658300
vt 0.768800 0.329300
vt 0.777400 0.332000
vt 0.776500 0.344700
vt 0.767100 0.343100
vt 0.771900 0.316600
vt 0.780800 0.319300
vt 0.767100 0.352300
vt 0.776600 0.355500
vt 0.777800 0.369500
vt 0.768500 0.366700
vt 0.774100 0.296500
vt 0.783300 0.299400
vt 0.794600 0.865800
vt 0.783100 0.862200
vt 0.780900 0.859500
vt 0.793600 0.861400
vt 0.806800 0.867100
vt 0.804200 0.862600
vt 0.817200 0.861300
vt 0.818700 0.867100
vt 0.829900 0.855800
vt 0.839400 0.859600
vt 0.868300 0.918400
vt 0.859800 0.917800
vt 0.859400 0.914900
vt 0.870300 0.913300
vt 0.884000 0.912500
vt 0.879300 0.921000
vt 0.907400 0.915400
vt 0.902100 0.921000
vt 0.757200 0.625700
vt 0.754000 0.636200
vt 0.750000 0.636300
vt 0.748100 0.624000
vt 0.764200 0.616600
vt 0.751700 0.612400
vt 0.750700 0.594000
vt 0.764600 0.595800
vt 0.748100 0.578600
vt 0.762400 0.572000
vt 0.729600 0.183900
vt 0.738700 0.203200
vt 0.726200 0.159200
vt 0.725800 0.172700
vt 0.731100 0.142200
vt 0.737300 0.117100
vt 0.782800 0.441700
vt 0.800000 0.426500
vt 0.743400 0.463700
vt 0.758900 0.458300
vt 0.713300 0.430600
vt 0.725300 0.453200
vt 0.717700 0.403600
vt 0.773100 0.452900
vt 0.025900 0.451300
vt 0.055300 0.472700
vt 0.084500 0.486100
vt 0.113900 0.493500
vt 0.146600 0.495200
vt 0.173500 0.492100
vt 0.206200 0.482500
vt 0.491000 0.500800
vt 0.527200 0.516400
vt 0.559800 0.524300
vt 0.590300 0.524600
vt 0.625300 0.522500
vt 0.654500 0.514700
vt 0.683800 0.502300
vt 0.481000 0.516200
vt 0.523200 0.534100
vt 0.558200 0.542900
vt 0.589700 0.542900
vt 0.625600 0.540300
vt 0.655100 0.529700
vt 0.684900 0.514200
vt 0.013000 0.463500
vt 0.046800 0.488000
vt 0.078400 0.503200
vt 0.108500 0.510100
vt 0.142600 0.510100
vt 0.170500 0.504700
vt 0.204800 0.490200
vt 0.893300 0.044300
vt 0.890900 0.055700
vt 0.887500 0.057400
vt 0.889000 0.046000
vt 0.894300 0.034000
vt 0.888500 0.036300
vt 0.887600 0.024000
vt 0.894000 0.022700
vt 0.887500 0.008100
vt 0.894500 0.007400
vt 0.840700 0.049500
vt 0.838900 0.062600
vt 0.835900 0.061900
vt 0.834200 0.048500
vt 0.843100 0.039500
vt 0.837700 0.039800
vt 0.838600 0.027800
vt 0.845800 0.026400
vt 0.834200 0.013400
vt 0.843400 0.007400
vt 0.890200 0.177700
vt 0.891200 0.193100
vt 0.888200 0.191900
vt 0.886200 0.178300
vt 0.891200 0.167700
vt 0.886300 0.169200
vt 0.886100 0.157200
vt 0.890800 0.156800
vt 0.883600 0.140800
vt 0.891200 0.139700
vt 0.846600 0.537300
vt 0.847600 0.551900
vt 0.837600 0.551400
vt 0.837900 0.538700
vt 0.847500 0.528200
vt 0.838400 0.529600
vt 0.837900 0.518400
vt 0.847900 0.517400
vt 0.837600 0.495600
vt 0.848700 0.495900
vt 0.771800 0.175500
vt 0.769400 0.185800
vt 0.760000 0.186400
vt 0.764100 0.176100
vt 0.774500 0.167600
vt 0.765500 0.168300
vt 0.763900 0.151000
vt 0.773900 0.146500
vt 0.760000 0.121600
vt 0.776500 0.113500
vt 0.785800 0.626800
vt 0.783500 0.636300
vt 0.779300 0.636100
vt 0.779900 0.627200
vt 0.787800 0.619400
vt 0.781700 0.618800
vt 0.781400 0.602500
vt 0.788400 0.602900
vt 0.779300 0.574600
vt 0.793400 0.569200
vt 0.805100 0.349100
vt 0.802900 0.357800
vt 0.798000 0.357500
vt 0.799000 0.349100
vt 0.807600 0.342200
vt 0.801400 0.341100
vt 0.801000 0.318700
vt 0.809700 0.322000
vt 0.798000 0.300300
vt 0.813000 0.296500
vt 0.729200 0.621200
vt 0.716700 0.636300
vt 0.714300 0.636300
vt 0.720800 0.621700
vt 0.733400 0.612700
vt 0.723000 0.609400
vt 0.718900 0.589800
vt 0.733400 0.589500
vt 0.715700 0.574700
vt 0.729600 0.566600
vt 0.753100 0.279800
vt 0.724400 0.272200
vt 0.713300 0.261100
vt 0.743800 0.264300
vt 0.770500 0.280900
vt 0.763600 0.263300
vt 0.778200 0.262400
vt 0.788900 0.281800
vt 0.798900 0.260600
vt 0.819900 0.281800
vt 0.897600 0.485300
vt 0.913400 0.489900
vt 0.912000 0.492000
vt 0.897500 0.488800
vt 0.880900 0.486900
vt 0.881100 0.484900
vt 0.864200 0.492000
vt 0.863400 0.489400
vt 0.810200 0.826000
vt 0.836700 0.837700
vt 0.828900 0.840400
vt 0.810400 0.830000
vt 0.797900 0.829000
vt 0.794800 0.825200
vt 0.780900 0.841000
vt 0.780900 0.838800
vt 0.842200 0.570600
vt 0.859700 0.585300
vt 0.853100 0.585000
vt 0.838300 0.576800
vt 0.827500 0.576000
vt 0.827600 0.569200
vt 0.808700 0.585300
vt 0.808100 0.584200
vt 0.886200 0.306000
vt 0.900200 0.311300
vt 0.897600 0.318700
vt 0.885200 0.312900
vt 0.871700 0.312300
vt 0.873400 0.306000
vt 0.856300 0.317600
vt 0.857100 0.316400
vt 0.732900 0.843000
vt 0.717500 0.844900
vt 0.725600 0.826500
vt 0.735200 0.829100
vt 0.753100 0.829100
vt 0.748100 0.843900
vt 0.766200 0.832400
vt 0.766200 0.842700
vt 0.794900 0.741000
vt 0.779300 0.744300
vt 0.785700 0.723800
vt 0.794700 0.723600
vt 0.811400 0.724900
vt 0.808000 0.743400
vt 0.825800 0.727100
vt 0.823000 0.744300
vt 0.794800 0.156800
vt 0.791200 0.137900
vt 0.813300 0.141500
vt 0.812100 0.155900
vt 0.810900 0.168900
vt 0.794300 0.170800
vt 0.805400 0.186400
vt 0.796700 0.186400
vt 0.737700 0.698800
vt 0.717300 0.702900
vt 0.714300 0.696500
vt 0.727100 0.688900
vt 0.748600 0.696400
vt 0.744500 0.684300
vt 0.761800 0.684600
vt 0.760400 0.699700
vt 0.778800 0.691800
vt 0.781900 0.702900
vt 0.727900 0.806500
vt 0.714300 0.803900
vt 0.720700 0.790900
vt 0.737600 0.794600
vt 0.759200 0.804700
vt 0.744500 0.811800
vt 0.766200 0.804700
vt 0.761500 0.811800
vt 0.797200 0.096300
vt 0.791200 0.079300
vt 0.814300 0.081700
vt 0.814200 0.095400
vt 0.813900 0.107600
vt 0.801200 0.109500
vt 0.811500 0.123200
vt 0.804100 0.123200
vt 0.835800 0.512700
vt 0.827800 0.504700
vt 0.841500 0.499900
vt 0.840100 0.506900
vt 0.834800 0.521900
vt 0.824900 0.527200
vt 0.820300 0.497800
vt 0.820900 0.533100
vt 0.799100 0.539600
vt 0.797100 0.504800
vt 0.836200 0.541300
vt 0.827300 0.549800
vt 0.805000 0.565600
vt 0.839800 0.580100
vt 0.816600 0.598100
vt 0.861300 0.564600
vt 0.838500 0.528600
vt 0.827400 0.621600
vt 0.816500 0.635700
vt 0.786700 0.631100
vt 0.817500 0.654900
vt 0.803000 0.670700
vt 0.876100 0.526100
vt 0.853400 0.524800
vt 0.850600 0.508000
vt 0.865600 0.505300
vt 0.854800 0.606100
vt 0.841800 0.633500
vt 0.868900 0.617900
vt 0.852100 0.633300
vt 0.835600 0.631200
vt 0.835000 0.658200
vt 0.827300 0.683500
vt 0.881000 0.574300
vt 0.872900 0.502300
vt 0.878900 0.498400
vt 0.883600 0.501600
vt 0.886400 0.515800
vt 0.888000 0.501800
vt 0.898800 0.520200
vt 0.886100 0.489000
vt 0.887200 0.483200
vt 0.895900 0.482900
vt 0.894700 0.488800
vt 0.899500 0.496600
vt 0.844100 0.520500
vt 0.843800 0.513100
vt 0.913200 0.550500
vt 0.899800 0.582500
vt 0.891100 0.539000
vt 0.884800 0.634500
vt 0.860800 0.654300
vt 0.903000 0.689000
vt 0.912200 0.655300
vt 0.792500 0.693500
vt 0.765900 0.652500
vt 0.770100 0.723700
vt 0.733700 0.692600
vt 0.752800 0.748100
vt 0.710400 0.718200
vt 0.780900 0.581100
vt 0.924400 0.593800
vt 0.936100 0.559600
vt 0.916700 0.517400
vt 0.940900 0.525100
vt 0.905900 0.503700
vt 0.911600 0.505900
vt 0.921500 0.498000
vt 0.933400 0.504900
vt 0.881900 0.767900
vt 0.892600 0.733900
vt 0.936700 0.746000
vt 0.929500 0.767700
vt 0.962100 0.683900
vt 0.947900 0.717400
vt 0.883900 0.489100
vt 0.880300 0.488400
vt 0.874400 0.491600
vt 0.874400 0.486200
vt 0.857500 0.497500
vt 0.866800 0.493500
vt 0.837000 0.491400
vt 0.854300 0.488900
vt 0.866200 0.486800
vt 0.942700 0.506400
vt 0.414100 0.950000
vt 0.401600 0.947400
vt 0.412500 0.934400
vt 0.425300 0.938700
vt 0.961100 0.573000
vt 0.935400 0.610800
vt 0.952700 0.507300
vt 0.951900 0.521200
vt 0.945800 0.483200
vt 0.955000 0.483200
vt 0.984300 0.529200
vt 0.936700 0.483200
vt 0.817400 0.709800
vt 0.800000 0.743200
vt 0.387500 0.950000
vt 0.398200 0.929800
vt 0.426500 0.957200
vt 0.435800 0.941600
vt 0.771300 0.551700
vt 0.923900 0.790600
vt 0.876300 0.784200
vt 0.790600 0.766200
vt 0.918600 0.816300
vt 0.870300 0.810600
vt 0.432800 0.895400
vt 0.446200 0.907800
vt 0.405700 0.880700
vt 0.453000 0.952900
vt 0.445900 0.947800
vt 0.462700 0.933600
vt 0.466200 0.940700
vt 0.459200 0.923400
vt 0.472100 0.973300
vt 0.467100 0.967400
vt 0.476400 0.960100
vt 0.477600 0.968700
vt 0.461200 0.960400
vt 0.472200 0.951600
vt 0.418300 0.827500
vt 0.445500 0.846400
vt 0.470700 0.880800
vt 0.482800 0.898100
vt 0.487000 0.913100
vt 0.489700 0.920800
vt 0.490000 0.932500
vt 0.492700 0.944100
vt 0.517400 0.868500
vt 0.528000 0.889600
vt 0.535000 0.902200
vt 0.536100 0.917300
vt 0.532000 0.933700
vt 0.910900 0.501700
vt 0.913900 0.494600
vt 0.905900 0.493600
vt 0.907500 0.499000
vt 0.903700 0.486500
vt 0.910900 0.497500
vt 0.911200 0.493700
vt 0.906000 0.485500
vt 0.906900 0.492400
vt 0.908200 0.497300
vt 0.839700 0.520200
vt 0.839400 0.514300
vt 0.839500 0.514400
vt 0.839300 0.511400
vt 0.839000 0.514500
vt 0.838600 0.520600
vt 0.838300 0.520700
vt 0.838600 0.524400
vt 0.838600 0.524300
vt 0.839900 0.520200
vt 0.839300 0.511500
vt 0.835500 0.453600
vt 0.839600 0.458200
vt 0.841500 0.466400
vt 0.827800 0.461600
vt 0.824400 0.438400
vt 0.835000 0.443800
vt 0.820300 0.468600
vt 0.820900 0.433300
vt 0.797100 0.461500
vt 0.799100 0.426700
vt 0.827300 0.416500
vt 0.836200 0.425100
vt 0.805000 0.400700
vt 0.816600 0.368200
vt 0.839800 0.386200
vt 0.861300 0.401700
vt 0.838800 0.437900
vt 0.786700 0.335200
vt 0.816500 0.330700
vt 0.827400 0.344700
vt 0.817500 0.311500
vt 0.803000 0.295700
vt 0.876100 0.440300
vt 0.865600 0.461100
vt 0.850600 0.458300
vt 0.853400 0.441500
vt 0.854800 0.360200
vt 0.841800 0.332800
vt 0.852100 0.333000
vt 0.868900 0.348400
vt 0.835600 0.335100
vt 0.835000 0.308100
vt 0.827300 0.282900
vt 0.881000 0.392000
vt 0.872900 0.464000
vt 0.886400 0.450600
vt 0.883600 0.464800
vt 0.878900 0.468000
vt 0.898800 0.446100
vt 0.888000 0.464500
vt 0.899800 0.468900
vt 0.894800 0.479000
vt 0.886100 0.477300
vt 0.843800 0.444400
vt 0.843800 0.453200
vt 0.913200 0.415900
vt 0.891100 0.427300
vt 0.899800 0.383800
vt 0.860800 0.312000
vt 0.884800 0.331900
vt 0.903000 0.277400
vt 0.913900 0.311000
vt 0.765900 0.313900
vt 0.792500 0.272900
vt 0.733700 0.273700
vt 0.770100 0.242600
vt 0.710400 0.248100
vt 0.752800 0.218300
vt 0.780900 0.385200
vt 0.924400 0.372500
vt 0.936100 0.406700
vt 0.916700 0.448900
vt 0.940900 0.441200
vt 0.906000 0.462100
vt 0.911900 0.459500
vt 0.933400 0.461500
vt 0.922100 0.467200
vt 0.881900 0.198400
vt 0.929100 0.199300
vt 0.938000 0.226700
vt 0.892600 0.232400
vt 0.946700 0.249000
vt 0.961900 0.283100
vt 0.883900 0.477200
vt 0.880300 0.478000
vt 0.874400 0.474800
vt 0.874400 0.480100
vt 0.866800 0.472800
vt 0.857500 0.468800
vt 0.837000 0.475000
vt 0.854300 0.477400
vt 0.866200 0.479500
vt 0.865500 0.483200
vt 0.854300 0.483200
vt 0.874300 0.483200
vt 0.835200 0.483200
vt 0.942700 0.459900
vt 0.347200 0.950000
vt 0.335200 0.938300
vt 0.348800 0.934400
vt 0.359700 0.947400
vt 0.938000 0.354300
vt 0.961100 0.393300
vt 0.951900 0.445100
vt 0.952700 0.459000
vt 0.380600 0.952100
vt 0.373700 0.950000
vt 0.363100 0.929800
vt 0.380600 0.926400
vt 0.984300 0.437200
vt 0.817400 0.256600
vt 0.800000 0.223100
vt 0.334800 0.957200
vt 0.325400 0.941700
vt 0.798600 0.483200
vt 0.764400 0.483200
vt 0.765000 0.450900
vt 0.771300 0.414700
vt 0.877100 0.182700
vt 0.921100 0.172800
vt 0.790600 0.200100
vt 0.315100 0.907800
vt 0.328600 0.895400
vt 0.355700 0.880700
vt 0.380700 0.877000
vt 0.308400 0.952800
vt 0.295100 0.940700
vt 0.298600 0.933600
vt 0.315100 0.948100
vt 0.302100 0.923300
vt 0.293700 0.967700
vt 0.284900 0.960100
vt 0.289100 0.951600
vt 0.300400 0.959900
vt 0.315900 0.846300
vt 0.343100 0.827400
vt 0.278500 0.898100
vt 0.290700 0.880800
vt 0.274300 0.913100
vt 0.271300 0.932500
vt 0.271600 0.920800
vt 0.268600 0.944100
vt 0.233300 0.889600
vt 0.243900 0.868400
vt 0.226300 0.902200
vt 0.229300 0.933700
vt 0.225200 0.917300
vt 0.262100 0.954200
vt 0.237200 0.954000
vt 0.230300 0.525400
vt 0.231600 0.560300
vt 0.201900 0.559000
vt 0.196200 0.526600
vt 0.223200 0.595000
vt 0.203700 0.577900
vt 0.302700 0.498600
vt 0.300100 0.470400
vt 0.329300 0.461400
vt 0.329800 0.494000
vt 0.186500 0.478400
vt 0.151300 0.476600
vt 0.160000 0.418700
vt 0.188900 0.418100
vt 0.227400 0.477800
vt 0.217900 0.414000
vt 0.303600 0.525900
vt 0.327900 0.523300
vt 0.269700 0.474200
vt 0.251300 0.409000
vt 0.281300 0.401100
vt 0.913900 0.471000
vt 0.909500 0.465300
vt 0.907600 0.465500
vt 0.905400 0.472700
vt 0.926100 0.483300
vt 0.916300 0.483100
vt 0.903800 0.479800
vt 0.911000 0.472100
vt 0.909500 0.468000
vt 0.906800 0.473000
vt 0.906000 0.480100
vt 0.903100 0.483000
vt 0.906100 0.482700
vt 0.907900 0.468400
vt 0.839300 0.451800
vt 0.839100 0.445200
vt 0.839700 0.454700
vt 0.838200 0.445600
vt 0.838700 0.452200
vt 0.838800 0.441700
vt 0.228300 0.500000
vt 0.272900 0.498600
vt 0.353600 0.485500
vt 0.353800 0.527700
vt 0.188400 0.499600
vt 0.306200 0.390400
vt 0.158500 0.496100
vt 0.178600 0.563300
vt 0.168600 0.532100
vt 0.370500 0.439300
vt 0.331300 0.366100
vt 0.182400 0.581000
vt 0.189100 0.594300
vt 0.879800 0.483200
vt 0.884200 0.483200
vt 0.821400 0.483200
vt 0.993300 0.480700
vt 0.765000 0.515400
vt 0.779000 0.797000
vt 0.735900 0.778700
vt 0.684900 0.739600
vt 0.380700 0.822500
vt 0.499200 0.954200
vt 0.524000 0.954000
vt 0.592500 0.532000
vt 0.602000 0.495900
vt 0.615900 0.503100
vt 0.606700 0.538200
vt 0.911400 0.483000
vt 0.380600 0.381200
vt 0.388500 0.380900
vt 0.390800 0.439300
vt 0.380600 0.445800
vt 0.649300 0.449500
vt 0.649800 0.450200
vt 0.626600 0.479000
vt 0.609500 0.476500
vt 0.582600 0.563300
vt 0.599700 0.571800
vt 0.869200 0.154200
vt 0.918200 0.149800
vt 0.779000 0.169400
vt 0.684900 0.226700
vt 0.735900 0.187600
vt 0.289200 0.973300
vt 0.283600 0.968700
vt 0.154600 0.538200
vt 0.145300 0.503100
vt 0.380600 0.492000
vt 0.380600 0.530200
vt 0.372800 0.380900
vt 0.111900 0.449500
vt 0.134700 0.479000
vt 0.111500 0.450200
vt 0.161600 0.571800
vt 0.162900 0.589800
vt 0.162500 0.580500
s 1
usemtl BodySuit.003
f 1034/319/263 1038/320/263 1040/321/263 1036/322/263
f 1035/323/264 1039/324/264 1037/325/264 1033/326/264
f 1033/326/265 1037/325/265 1038/320/265 1034/319/265
f 1038/320/266 1042/327/266 1044/328/266 1040/321/266
f 1039/324/267 1043/329/267 1041/330/267 1037/325/267
f 1037/325/268 1041/330/268 1042/327/268 1038/320/268
f 1042/327/269 1046/331/269 1048/332/269 1044/328/269
f 1043/329/270 1047/333/270 1045/334/270 1041/330/270
f 1041/330/271 1045/334/271 1046/331/271 1042/327/271
f 1046/331/272 1050/335/272 1052/336/272 1048/332/272
f 1047/333/273 1051/337/273 1049/338/273 1045/334/273
f 1045/334/274 1049/338/274 1050/335/274 1046/331/274
f 1091/339/275 1054/340/275 1056/341/275 1095/342/275
f 1096/343/276 1055/344/276 1053/345/276 1097/346/276
f 1097/346/277 1053/345/277 1054/340/277 1091/339/277
f 1054/340/278 1058/347/278 1060/348/278 1056/341/278
f 1055/344/279 1059/349/279 1057/350/279 1053/345/279
f 1053/345/280 1057/350/280 1058/347/280 1054/340/280
f 1058/347/281 1062/351/281 1064/352/281 1060/348/281
f 1059/349/282 1063/353/282 1061/354/282 1057/350/282
f 1057/350/283 1061/354/283 1062/351/283 1058/347/283
f 1062/351/284 1066/355/284 1068/356/284 1064/352/284
f 1063/353/285 1067/357/285 1065/358/285 1061/354/285
f 1061/354/286 1065/358/286 1066/355/286 1062/351/286
f 1066/355/287 1070/359/287 1072/360/287 1068/356/287
f 1067/357/288 1071/361/288 1069/362/289 1065/358/290
f 1065/358/290 1069/362/289 1070/359/291 1066/355/291
f 1183/363/292 1074/364/292 1076/365/292 1184/366/292
f 1185/367/293 1075/368/293 1073/369/293 1186/370/293
f 1186/370/294 1073/369/294 1074/364/294 1183/363/294
f 1074/364/295 1078/371/295 1080/372/295 1076/365/295
f 1075/368/296 1079/373/296 1077/374/296 1073/369/296
f 1073/369/297 1077/374/297 1078/371/297 1074/364/297
f 1078/371/298 1082/375/298 1084/376/298 1080/372/298
f 1079/373/299 1083/377/299 1081/378/299 1077/374/299
f 1077/374/300 1081/378/300 1082/375/300 1078/371/300
f 1082/375/301 1086/379/301 1088/380/301 1084/376/301
f 1083/377/302 1087/381/302 1085/382/302 1081/378/302
f 1081/378/303 1085/382/303 1086/379/303 1082/375/303
f 1059/349/304 1092/383/304 1094/384/304 1063/353/304
f 1049/338/305 1097/346/305 1091/339/305 1050/335/305
f 1051/337/306 1096/343/306 1097/346/306 1049/338/306
f 1055/344/307 1089/385/307 1092/383/307 1059/349/307
f 1050/335/308 1091/339/308 1095/342/308 1052/336/308
f 1063/353/309 1094/384/309 1101/386/309 1067/357/309
f 1051/337/310 1103/387/310 1102/388/310 1096/343/310
f 1096/343/311 1102/388/311 1089/385/311 1055/344/311
f 1087/381/312 1083/377/312 1090/389/312 1093/390/312
f 1075/368/313 1099/391/313 1098/392/313 1079/373/313
f 1185/367/314 1187/393/314 1099/391/314 1075/368/314
f 1067/357/315 1101/386/315 1100/394/315 1071/361/315
f 1047/333/316 1104/395/317 1103/387/316 1051/337/317
f 1043/329/318 1105/396/318 1104/395/318 1047/333/318
f 1039/324/319 1106/397/319 1105/396/319 1043/329/319
f 1035/323/320 1107/398/320 1106/397/320 1039/324/320
f 1079/373/321 1098/392/321 1090/389/321 1083/377/321
f 1109/399/322 1111/400/322 1115/401/322 1113/402/322
f 1110/403/323 1108/404/323 1112/405/323 1114/406/323
f 1108/404/324 1109/399/324 1113/402/324 1112/405/324
f 1113/402/325 1115/401/325 1119/407/325 1117/408/325
f 1114/406/326 1112/405/326 1116/409/326 1118/410/326
f 1112/405/327 1113/402/327 1117/408/327 1116/409/327
f 1117/408/328 1119/407/328 1123/411/328 1121/412/328
f 1118/410/329 1116/409/329 1120/413/329 1122/414/329
f 1116/409/330 1117/408/330 1121/412/330 1120/413/330
f 1121/412/331 1123/411/331 1127/415/331 1125/416/331
f 1122/414/332 1120/413/333 1124/417/333 1126/418/334
f 1120/413/335 1121/412/335 1125/416/335 1124/417/335
f 1166/419/336 1170/420/336 1131/421/336 1129/422/336
f 1171/423/337 1172/424/337 1128/425/337 1130/426/337
f 1172/424/338 1166/419/338 1129/422/338 1128/425/338
f 1129/422/339 1131/421/339 1135/427/339 1133/428/339
f 1130/426/340 1128/425/340 1132/429/340 1134/430/340
f 1128/425/341 1129/422/341 1133/428/341 1132/429/341
f 1133/428/342 1135/427/342 1139/431/342 1137/432/342
f 1134/430/343 1132/429/343 1136/433/343 1138/434/343
f 1132/429/344 1133/428/344 1137/432/344 1136/433/344
f 1137/432/345 1139/431/345 1143/435/345 1141/436/345
f 1138/434/346 1136/433/346 1140/437/346 1142/438/346
f 1136/433/347 1137/432/347 1141/436/347 1140/437/347
f 1141/436/348 1143/435/348 1147/439/348 1145/440/348
f 1142/438/349 1140/437/350 1144/441/351 1146/442/349
f 1140/437/350 1141/436/352 1145/440/352 1144/441/351
f 1188/443/353 1189/444/353 1151/445/353 1149/446/353
f 1190/447/354 1191/448/354 1148/449/354 1150/450/354
f 1191/448/355 1188/443/355 1149/446/355 1148/449/355
f 1149/446/356 1151/445/356 1155/451/356 1153/452/356
f 1150/450/357 1148/449/357 1152/453/357 1154/454/357
f 1148/449/358 1149/446/358 1153/452/358 1152/453/358
f 1153/452/359 1155/451/359 1159/455/359 1157/456/359
f 1154/454/360 1152/453/360 1156/457/360 1158/458/360
f 1152/453/361 1153/452/361 1157/456/361 1156/457/361
f 1157/456/362 1159/455/362 1163/459/362 1161/460/362
f 1158/458/363 1156/457/363 1160/461/363 1162/462/363
f 1156/457/364 1157/456/364 1161/460/364 1160/461/364
f 1134/430/365 1138/434/365 1169/463/365 1167/464/365
f 1124/417/366 1125/416/366 1166/419/366 1172/424/366
f 1126/418/367 1124/417/367 1172/424/367 1171/423/367
f 1130/426/368 1134/430/368 1167/464/368 1164/465/368
f 1125/416/369 1127/415/369 1170/420/369 1166/419/369
f 1138/434/370 1142/438/370 1176/466/370 1169/463/370
f 1126/418/371 1171/423/371 1177/467/371 1178/468/371
f 1171/423/372 1130/426/372 1164/465/372 1177/467/372
f 1162/462/373 1168/469/373 1165/470/373 1158/458/373
f 1150/450/374 1154/454/374 1173/471/374 1174/472/374
f 1190/447/375 1150/450/375 1174/472/375 1192/473/375
f 1142/438/376 1146/442/376 1175/474/376 1176/466/376
f 1122/414/332 1126/418/334 1178/468/377 1179/475/377
f 1118/410/378 1122/414/378 1179/475/378 1180/476/378
f 1114/406/379 1118/410/379 1180/476/379 1181/477/379
f 1110/403/380 1114/406/380 1181/477/380 1182/478/380
f 1154/454/381 1158/458/381 1165/470/381 1173/471/381
f 1070/359/382 1183/363/382 1184/366/382 1072/360/382
f 1071/361/383 1185/367/383 1186/370/383 1069/362/383
f 1069/362/384 1186/370/384 1183/363/384 1070/359/384
f 1071/361/385 1100/394/385 1187/393/385 1185/367/385
f 1145/440/386 1147/439/386 1189/444/386 1188/443/386
f 1146/442/387 1144/441/387 1191/448/387 1190/447/387
f 1144/441/388 1145/440/388 1188/443/388 1191/448/388
f 1146/442/389 1190/447/389 1192/473/389 1175/474/389
f 1204/479/390 1247/480/390 1246/481/390 1203/482/390
f 1345/483/391 1346/484/391 1245/485/391 1202/486/391
f 1202/486/392 1245/485/392 1244/487/392 1201/488/392
f 1201/488/393 1244/487/393 1243/489/393 1200/490/393
f 1200/490/394 1243/489/394 1249/491/394 1220/492/394
f 1247/480/395 1254/493/395 1253/494/395 1246/481/395
f 1346/484/396 1347/495/396 1252/496/396 1245/485/396
f 1245/485/397 1252/496/397 1251/497/397 1244/487/397
f 1244/487/398 1251/497/398 1250/498/398 1243/489/398
f 1243/489/399 1250/498/399 1256/499/399 1249/491/399
f 1254/493/400 1446/500/400 1445/501/400 1253/494/400
f 1347/495/401 1524/502/401 1444/503/401 1252/496/401
f 1252/496/402 1444/503/402 1443/504/402 1251/497/402
f 1251/497/403 1443/504/403 1442/505/403 1250/498/403
f 1250/498/404 1442/505/404 1448/506/404 1256/499/404
f 1201/488/405 1200/490/405 1293/507/405 1294/508/405
f 1202/486/406 1201/488/406 1294/508/406 1295/509/406
f 1235/510/407 1236/511/407 1324/512/407 1323/513/407
f 1345/483/408 1202/486/408 1295/509/408 1348/514/408
f 1204/479/409 1203/482/409 1296/515/409 1297/516/409
f 1200/490/410 1220/492/410 1312/517/410 1293/507/410
f 1203/482/411 1246/481/411 1346/484/411 1345/483/411
f 1246/481/412 1253/494/412 1347/495/412 1346/484/412
f 1253/494/413 1445/501/413 1524/502/413 1347/495/413
f 1203/482/414 1345/483/414 1348/514/414 1296/515/414
f 1361/518/415 1360/519/416 1403/520/416 1404/521/417
f 1360/519/418 1359/522/419 1402/523/418 1403/520/419
f 1521/524/420 1358/525/420 1401/526/420 1522/527/420
f 1358/525/421 1357/528/421 1400/529/421 1401/526/421
f 1357/528/422 1356/530/422 1399/531/422 1400/529/422
f 1356/530/423 1376/532/423 1405/533/423 1399/531/423
f 1404/521/424 1403/520/425 1410/534/424 1411/535/425
f 1403/520/426 1402/523/426 1409/536/426 1410/534/426
f 1522/527/427 1401/526/427 1408/537/427 1523/538/427
f 1401/526/428 1400/529/428 1407/539/428 1408/537/428
f 1400/529/429 1399/531/429 1406/540/429 1407/539/429
f 1399/531/430 1405/533/430 1412/541/430 1406/540/430
f 1410/534/431 1409/536/431 1445/501/431 1446/500/431
f 1523/538/432 1408/537/432 1444/503/432 1524/502/432
f 1408/537/433 1407/539/433 1443/504/433 1444/503/433
f 1407/539/434 1406/540/434 1442/505/434 1443/504/434
f 1406/540/435 1412/541/435 1448/506/435 1442/505/435
f 1355/542/436 1389/543/436 1419/544/436 1376/532/436
f 1376/532/437 1419/544/437 1426/545/437 1405/533/437
f 1357/528/438 1467/546/438 1466/547/438 1356/530/438
f 1358/525/439 1468/548/439 1467/546/439 1357/528/439
f 1521/524/440 1525/549/440 1468/548/440 1358/525/440
f 1360/519/441 1470/550/441 1469/551/441 1359/522/441
f 1361/518/442 1471/552/442 1470/550/442 1360/519/442
f 1376/532/443 1485/553/443 1465/554/443 1355/542/443
f 1354/555/444 1464/556/444 1484/557/444 1375/558/444
f 1362/559/445 1472/560/445 1471/552/445 1361/518/445
f 1355/542/446 1465/554/446 1464/556/446 1354/555/446
f 1378/561/447 1487/562/447 1492/563/447 1383/564/447
f 1356/530/448 1466/547/448 1485/553/448 1376/532/448
f 1359/522/449 1521/524/449 1522/527/449 1402/523/449
f 1402/523/450 1522/527/450 1523/538/450 1409/536/450
f 1409/536/451 1523/538/451 1524/502/451 1445/501/451
f 1359/522/452 1469/551/452 1525/549/452 1521/524/452
f 1530/565/453 1887/566/453 1888/567/453 1889/568/453
f 1886/569/454 1885/570/454 1887/566/454 1530/565/454
f 1526/571/455 1896/572/455 1898/573/455 1527/574/455
f 1610/575/456 1717/576/456 1718/577/456 1611/578/456
f 1733/579/457 1750/580/457 1962/581/457 1961/582/457
f 1722/583/458 2188/584/458 2189/585/458 1619/586/458
f 1650/587/459 1623/588/459 1624/589/459 1674/590/459
f 1585/591/460 1566/592/460 1567/593/460 1576/594/460
f 1557/595/461 1556/596/461 1551/597/461 1552/598/461
f 2117/599/462 2119/600/462 2120/601/462 2118/602/462
f 1559/603/463 1554/604/463 1609/605/463 1610/575/463
f 1641/606/464 1646/607/464 1647/608/464 1642/609/464
f 1535/610/465 1536/611/465 1582/612/465 1561/613/465
f 1608/614/466 1640/615/466 1716/616/466 1609/605/466
f 1549/617/467 1550/618/467 1554/604/467 1553/619/467
f 1549/617/468 1553/619/468 1552/598/468 1548/620/468
f 1548/620/469 1552/598/469 1551/597/469 1547/621/469
f 1555/622/470 1547/621/470 1551/597/470 1582/612/470
f 1536/611/471 1537/623/471 1555/622/471 1582/612/471
f 1537/623/472 1536/611/472 1583/624/472 1546/625/472
f 1605/626/473 1593/627/473 1602/628/473 1604/629/473
f 1696/630/474 1689/631/474 1697/632/474 1698/633/474
f 1603/634/475 1596/635/475 1605/626/475 1604/629/475
f 1542/636/476 1541/637/476 1584/638/476 1586/639/476
f 1716/616/477 1717/576/477 1610/575/477 1609/605/477
f 1543/640/478 1585/591/478 1576/594/478 1538/641/478
f 1590/642/479 1588/643/479 1587/644/479 1589/645/479
f 1598/646/480 1607/647/480 1606/648/480 1597/649/480
f 1593/650/481 1605/651/481 1606/648/481 1594/652/481
f 1588/643/482 1590/642/482 1592/653/482 1591/654/482
f 1589/655/483 1587/656/483 1600/657/483 1601/658/483
f 1607/647/484 1595/659/484 1594/652/484 1606/648/484
f 1573/660/485 1544/661/485 1538/641/485 1576/594/485
f 1574/662/486 1545/663/486 1544/661/486 1573/660/486
f 1620/664/487 2119/600/487 2117/599/487 1621/665/487
f 1649/666/488 1703/667/488 1702/668/488 1644/669/488
f 1613/670/489 1563/671/489 1562/672/489 1612/673/489
f 1613/670/490 1720/674/490 1727/675/490 1614/676/490
f 1615/677/491 1580/678/491 1581/679/491 1614/676/491
f 1615/680/492 1726/681/492 1728/682/492 1616/683/492
f 1616/683/493 1728/682/493 1725/684/493 1617/685/493
f 1618/686/494 1578/687/494 1579/688/494 1617/685/494
f 1619/586/495 1572/689/495 1578/687/495 1618/686/495
f 1620/664/496 1568/690/496 1572/689/496 1619/586/496
f 1565/691/497 1566/592/497 1585/591/497 1586/639/497
f 1568/690/498 1575/692/498 1577/693/498 1569/694/498
f 1577/693/499 1540/695/499 1545/663/499 1574/662/499
f 1575/692/500 1539/696/500 1540/695/500 1577/693/500
f 1621/665/501 1723/697/501 1626/698/501 1622/699/501
f 1570/700/502 1573/660/502 1576/594/502 1567/593/502
f 1648/701/503 1649/666/503 1644/669/503 1643/702/503
f 1581/679/504 1588/643/504 1591/654/504 1563/671/504
f 1580/678/505 1587/644/505 1588/643/505 1581/679/505
f 1587/656/506 1580/703/506 1599/704/506 1600/657/506
f 1558/705/507 1557/595/507 1552/598/507 1553/619/507
f 1550/618/508 1608/614/508 1609/605/508 1554/604/508
f 1719/706/509 1612/673/509 1611/578/509 1718/577/509
f 1720/674/510 1613/670/510 1612/673/510 1719/706/510
f 1563/671/511 1613/670/511 1614/676/511 1581/679/511
f 1726/707/512 1615/677/512 1614/676/512 1727/675/512
f 1580/703/513 1615/680/513 1616/683/513 1599/704/513
f 1599/704/514 1616/683/514 1617/685/514 1579/688/514
f 1724/708/515 1618/686/515 1617/685/515 1725/684/515
f 1722/583/516 1619/586/516 1618/686/516 1724/708/516
f 2120/601/517 2119/600/517 2189/585/517 2188/584/517
f 1575/692/518 1621/665/518 1622/699/518 1539/696/518
f 2117/599/519 2118/602/519 1723/697/519 1621/665/519
f 1543/640/520 1542/636/520 1586/639/520 1585/591/520
f 1564/709/521 1565/691/521 1586/639/521 1584/638/521
f 1968/710/522 1955/711/522 1957/712/522 1969/713/522
f 1541/714/523 1546/625/523 1583/624/523 1584/715/523
f 1590/642/524 1594/652/524 1595/659/524 1592/653/524
f 1594/652/525 1590/642/525 1589/645/525 1593/650/525
f 1593/627/526 1589/655/526 1601/658/526 1602/628/526
f 1597/649/527 1606/648/527 1605/651/527 1596/716/527
f 1699/717/528 1687/718/528 1688/719/528 1700/720/528
f 1703/667/529 1704/721/529 1718/577/529 1717/576/529
f 1713/722/530 1714/723/530 1723/697/530 1721/724/530
f 1642/609/531 1647/608/531 1648/701/531 1643/702/531
f 1535/610/532 1560/725/532 1583/624/532 1536/611/532
f 1662/726/533 1661/727/533 1664/728/533 1665/729/533
f 1660/730/534 1662/726/534 1665/729/534 1668/731/534
f 1559/603/535 1558/705/535 1553/619/535 1554/604/535
f 1623/588/536 1651/732/536 1673/733/536 1624/589/536
f 1701/734/537 1702/668/537 1716/616/537 1640/615/537
f 1638/735/538 1643/702/538 1644/669/538 1639/736/538
f 1638/735/539 1637/737/539 1642/609/539 1643/702/539
f 1637/737/540 1636/738/540 1641/606/540 1642/609/540
f 1645/739/541 1673/733/541 1641/606/541 1636/738/541
f 1624/589/542 1673/733/542 1645/739/542 1625/740/542
f 1625/740/543 1635/741/543 1674/590/543 1624/589/543
f 1694/742/544 1682/743/544 1679/744/544 1693/745/544
f 1698/633/545 1697/632/545 1686/746/545 1695/747/545
f 1687/748/546 1699/749/546 1698/633/546 1695/747/546
f 1699/749/547 1690/750/547 1696/630/547 1698/633/547
f 1631/751/548 1677/752/548 1675/753/548 1630/754/548
f 1569/694/549 1577/693/549 1574/662/549 1571/755/549
f 1699/717/550 1700/720/550 1691/756/550 1690/757/550
f 1632/758/551 1627/759/551 1667/760/551 1676/761/551
f 1684/762/552 1683/763/552 1680/764/552 1681/765/552
f 1683/766/553 1694/742/553 1693/745/553 1680/767/553
f 1664/728/554 1667/760/554 1627/759/554 1633/768/554
f 1665/729/555 1664/728/555 1633/768/555 1634/769/555
f 1702/668/556 1703/667/556 1717/576/556 1716/616/556
f 2118/602/557 2120/601/557 1721/724/557 1723/697/557
f 1705/770/558 1704/721/558 1652/771/558 1653/772/558
f 1706/773/559 1705/770/559 1653/772/559 1654/774/559
f 1706/773/560 1707/775/560 1727/675/560 1720/674/560
f 1708/776/561 1707/775/561 1672/777/561 1671/778/561
f 1708/779/562 1709/780/562 1728/682/562 1726/681/562
f 1709/780/563 1710/781/563 1725/684/563 1728/682/563
f 1711/782/564 1710/781/564 1670/783/564 1669/784/564
f 1712/785/565 1711/782/565 1669/784/565 1663/786/565
f 1713/722/566 1712/785/566 1663/786/566 1659/787/566
f 1659/787/567 1660/730/567 1668/731/567 1666/788/567
f 1661/727/568 1658/789/568 1667/760/568 1664/728/568
f 1668/731/569 1665/729/569 1634/769/569 1629/790/569
f 1666/788/570 1668/731/570 1629/790/570 1628/791/570
f 1714/723/571 1715/792/571 1626/698/571 1723/697/571
f 1651/732/572 1646/607/572 1641/606/572 1673/733/572
f 1583/624/573 1560/725/573 1564/793/573 1584/715/573
f 1672/777/574 1654/774/574 1685/794/574 1681/765/574
f 1671/778/575 1672/777/575 1681/765/575 1680/764/575
f 1680/767/576 1693/745/576 1692/795/576 1671/796/576
f 1693/745/577 1679/744/577 1670/783/577 1692/795/577
f 1679/744/578 1678/797/578 1669/784/578 1670/783/578
f 1649/666/579 1652/771/579 1704/721/579 1703/667/579
f 1667/760/580 1658/789/580 1657/798/580 1676/761/580
f 1639/736/581 1644/669/581 1702/668/581 1701/734/581
f 1719/706/582 1718/577/582 1704/721/582 1705/770/582
f 1720/674/583 1719/706/583 1705/770/583 1706/773/583
f 1654/774/584 1672/777/584 1707/775/584 1706/773/584
f 1726/707/585 1727/675/585 1707/775/585 1708/776/585
f 1671/796/586 1692/795/586 1709/780/586 1708/779/586
f 1692/795/587 1670/783/587 1710/781/587 1709/780/587
f 1724/708/588 1725/684/588 1710/781/588 1711/782/588
f 1722/583/589 1724/708/589 1711/782/589 1712/785/589
f 1721/724/590 1722/583/590 1712/785/590 1713/722/590
f 1666/788/591 1628/791/591 1715/792/591 1714/723/591
f 1571/755/592 1574/662/592 1573/660/592 1570/700/592
f 1632/758/593 1676/761/593 1677/752/593 1631/751/593
f 1677/752/594 1656/799/594 1655/800/594 1675/753/594
f 1568/690/595 1620/664/595 1621/665/595 1575/692/595
f 1630/801/596 1675/802/596 1674/590/596 1635/741/596
f 1688/719/597 1687/718/597 1683/763/597 1684/762/597
f 1687/748/598 1695/747/598 1694/742/598 1683/766/598
f 1695/747/599 1686/746/599 1682/743/599 1694/742/599
f 1628/791/600 1629/790/600 1749/803/600 1748/804/600
f 1758/805/601 1860/806/601 1859/807/601 1757/808/601
f 1545/663/602 1540/695/602 1732/809/602 1737/810/602
f 2129/811/603 2130/812/603 1743/813/603 1739/814/603
f 1629/790/604 1634/769/604 1754/815/604 1749/803/604
f 2127/816/605 2132/817/605 1758/805/605 1757/808/605
f 1634/769/606 1633/768/606 1753/818/606 1754/815/606
f 1538/641/607 1544/661/607 1736/819/607 1730/820/607
f 2132/817/608 2133/821/608 1759/822/608 1758/805/608
f 2133/821/609 2134/823/609 1762/824/609 1759/822/609
f 1543/640/610 1538/641/610 1730/820/610 1735/825/610
f 1626/698/611 1715/792/611 1763/826/611 1746/827/611
f 2125/828/612 2137/829/612 1740/830/612 1741/831/612
f 1542/636/613 1543/640/613 1735/825/613 1734/832/613
f 2130/812/614 2121/833/614 1729/834/614 1743/813/614
f 1544/661/615 1545/663/615 1737/810/615 1736/819/615
f 2136/835/616 2138/836/616 1742/837/616 1744/838/616
f 2143/839/617 1774/840/617 1755/841/617 2122/842/617
f 2138/836/618 2125/828/618 1741/831/618 1742/837/618
f 1627/759/619 1632/758/619 1752/843/619 1747/844/619
f 2121/833/620 2135/845/620 1738/846/620 1729/834/620
f 2139/847/621 2127/816/621 1757/808/621 1756/848/621
f 2140/849/622 2139/847/622 1756/848/622 1761/850/622
f 2143/839/623 2140/849/623 1761/850/623 1774/840/623
f 1632/758/624 1631/751/624 1751/851/624 1752/843/624
f 1622/699/625 1626/698/625 1746/827/625 1745/852/625
f 1540/695/626 1539/696/626 1731/853/626 1732/809/626
f 2142/854/627 2136/835/627 1744/838/627 1760/855/627
f 1715/792/628 1628/791/628 1748/804/628 1763/826/628
f 2134/823/629 2142/854/629 1760/855/629 1762/824/629
f 1539/696/630 1622/699/630 1745/852/630 1731/853/630
f 1633/768/631 1627/759/631 1747/844/631 1753/818/631
f 2137/829/632 2129/811/633 1739/814/634 1740/830/634
f 2128/856/635 2123/857/635 1776/858/635 1764/859/635
f 2126/860/636 2124/861/636 1750/580/636 1733/579/636
f 2177/862/637 2175/863/637 2003/864/637 2083/865/637
f 1768/866/638 2159/867/638 2160/868/638 1767/869/638
f 1844/870/639 2082/871/639 2081/872/639 1845/873/639
f 1775/874/640 1773/875/640 1772/876/640 1771/877/640
f 1766/878/641 1765/879/641 1777/880/641 1778/881/641
f 1778/881/642 1777/880/642 1779/882/642 1780/883/642
f 1966/884/643 1973/885/644 2243/886/645 2241/887/643
f 2182/888/646 1814/889/646 1823/890/646 2183/891/646
f 1778/881/647 1780/883/647 1795/892/647 1794/893/647
f 1766/878/648 1778/881/648 1794/893/648 1789/894/648
f 2010/895/649 2094/896/649 1733/579/649 1961/582/649
f 1775/874/650 1771/877/650 1792/897/650 1793/898/650
f 1801/899/651 1800/900/651 1809/901/651 1810/902/651
f 1843/903/652 2083/865/652 2082/871/652 1844/870/652
f 1799/904/653 2162/905/653 2163/906/653 1808/907/653
f 2163/906/654 1807/908/654 1816/909/654 2164/910/654
f 2185/911/655 1841/912/655 2009/913/656 2187/914/657
f 2245/915/658 2246/916/658 2208/917/658 2207/918/658
f 2001/919/659 2008/920/659 2248/921/659 2247/922/659
f 1794/893/660 1795/892/660 1804/923/660 1803/924/660
f 1789/894/661 1794/893/661 1803/924/661 1798/925/661
f 2092/926/662 2091/927/662 1985/928/662 1978/929/662
f 1793/898/663 1792/897/663 1801/899/663 1802/930/663
f 1977/931/664 1976/932/664 1969/713/664 1970/933/664
f 1769/934/665 1770/935/665 1768/866/665 1767/869/665
f 2170/936/666 2169/937/666 1955/711/666 1968/710/666
f 1981/938/667 1974/939/667 2171/940/667 2172/941/667
f 2241/887/668 2243/886/668 2205/942/668 2199/943/668
f 2179/944/669 2178/945/669 1780/883/669 1779/882/669
f 1798/925/670 1803/924/670 1812/946/670 1807/908/670
f 1757/808/671 1859/807/671 1858/947/671 1756/848/671
f 1802/930/672 1801/899/672 1810/902/672 1811/948/672
f 1970/933/673 1969/713/673 1957/712/673 1959/949/673
f 2076/950/674 1843/903/674 1844/870/674 2075/951/674
f 1826/952/675 2165/953/675 2166/954/675 1835/955/675
f 1825/956/676 1834/957/676 2166/954/676 2165/953/676
f 2183/891/677 1823/890/677 1832/958/677 2184/959/677
f 2070/960/678 2187/914/678 2186/961/678 1848/962/678
f 1807/908/679 1812/946/679 1821/963/679 1816/909/679
f 2089/964/680 2088/965/681 2006/966/682 1999/967/682
f 1811/948/683 1810/902/683 1819/968/683 1820/969/683
f 1836/970/684 2075/951/684 2074/971/684 1837/972/684
f 1975/973/685 1968/710/685 1969/713/685 1976/932/685
f 2171/940/686 2170/936/686 1968/710/686 1975/973/686
f 2175/863/687 2002/974/687 1995/975/687 2174/976/687
f 2249/977/688 2186/961/688 1849/978/688 2239/979/688
f 2008/920/689 2078/980/689 2249/977/689 2248/921/689
f 1816/909/690 1821/963/690 1830/981/690 1825/956/690
f 1833/982/691 1838/983/691 2073/984/691 2085/985/691
f 1820/969/692 1819/968/692 1828/986/692 1829/987/692
f 1997/988/693 1990/989/693 1991/990/693 1998/991/693
f 1996/992/694 1989/993/694 1990/989/694 1997/988/694
f 2174/976/695 2173/994/695 1989/993/695 1996/992/695
f 1766/878/696 1789/894/696 2161/995/696 2160/868/696
f 2180/996/697 1796/997/697 1805/998/697 2181/999/697
f 1973/885/644 1980/1000/698 2244/1001/698 2243/886/645
f 1825/956/699 1830/981/699 1839/1002/699 1834/957/699
f 1729/834/700 1738/846/700 2011/1003/700 2012/1004/700
f 1829/987/701 1828/986/701 1837/972/701 1838/983/701
f 2074/971/702 2075/951/702 1844/870/702 1845/873/702
f 1818/1005/703 1817/1006/703 1826/952/703 1827/1007/703
f 2167/1008/704 2177/862/704 2083/865/704 1843/903/704
f 1834/957/705 2072/1009/705 2176/1010/705 2166/954/705
f 2246/916/706 2247/922/706 2209/1011/706 2208/917/706
f 2183/891/707 2184/959/707 1831/1012/707 1822/1013/707
f 2072/1009/708 2071/1014/708 1847/1015/708 1842/1016/708
f 1774/840/709 1856/1017/709 1855/1018/709 1755/841/709
f 2073/984/710 2074/971/710 1845/873/710 1846/1019/710
f 1959/949/711 1957/712/711 1958/1020/711 1960/1021/711
f 1827/1007/712 1826/952/712 1835/955/712 1836/970/712
f 2160/868/713 2161/995/713 1790/1022/713 1767/869/713
f 1842/1016/714 2080/1023/714 2177/862/714 2167/1008/714
f 2128/856/715 1764/859/715 1788/1024/715 2141/1025/715
f 2141/1025/716 1788/1024/716 1797/1026/716 2144/1027/716
f 2144/1027/717 1797/1026/717 1806/1028/717 2145/1029/717
f 2145/1029/718 1806/1028/718 1815/1030/718 2146/1031/718
f 2146/1031/719 1815/1030/720 1824/1032/721 2147/1033/719
f 2147/1033/722 1824/1032/722 1833/982/722 2148/1034/722
f 1782/1035/723 1783/1036/723 1784/1037/723 1796/997/723
f 1850/1038/724 1805/998/724 1796/997/724 1784/1037/724
f 1814/889/725 1805/998/725 1850/1038/725 1785/1039/725
f 1851/1040/726 1823/890/726 1814/889/726 1785/1039/726
f 1832/958/727 1823/890/727 1851/1040/727 1786/1041/727
f 1787/1042/728 1841/912/728 1832/958/728 1786/1041/728
f 2009/913/729 2077/1043/729 1852/1044/729 1849/978/729
f 1824/1032/730 1829/987/730 1838/983/730 1833/982/730
f 2149/1045/731 1853/1046/731 1776/858/731 2123/857/731
f 2149/1047/732 2122/842/732 1755/841/732 1853/1048/732
f 1760/855/733 1744/838/734 2018/1049/734 1863/1050/735
f 1761/850/736 1857/1051/736 1856/1017/736 1774/840/736
f 2087/1052/737 2086/1053/737 1846/1019/737 2084/1054/737
f 1846/1019/738 2086/1053/738 2085/985/738 2073/984/738
f 1756/848/739 1858/947/739 1857/1051/739 1761/850/739
f 1759/822/740 1861/1055/740 1860/806/740 1758/805/740
f 1760/855/733 1863/1050/735 1862/1056/741 1762/824/741
f 1764/859/742 1775/874/742 1793/898/742 1788/1024/742
f 1762/824/743 1862/1056/743 1861/1055/743 1759/822/743
f 1772/876/744 1773/875/744 1854/1057/744 1864/1058/744
f 1864/1059/745 1854/1060/745 1865/1061/745 1866/1062/745
f 1866/1062/746 1865/1061/746 1867/1063/746 1868/1064/746
f 1868/1064/747 1867/1063/747 1869/1065/747 1870/1066/747
f 1870/1066/748 1869/1065/748 1871/1067/748 1872/1068/748
f 1872/1068/749 1871/1067/749 1873/1069/749 1874/1070/749
f 1874/1070/750 1873/1069/750 1875/1071/750 1876/1072/750
f 1876/1072/751 1875/1071/751 1877/1073/751 1878/1074/751
f 1878/1074/752 1877/1073/752 1879/1075/752 1880/1076/752
f 1880/1076/753 1879/1075/753 1881/1077/753 1882/1078/753
f 1882/1078/754 1881/1077/754 1883/1079/754 1884/1080/754
f 1884/1080/755 1883/1079/755 1885/570/755 1886/569/755
f 1894/1081/756 1893/1082/756 1895/1083/756 1896/572/756
f 1896/572/757 1895/1083/757 1897/1084/757 1898/573/757
f 1898/573/758 1897/1084/758 1899/1085/758 1900/1086/758
f 1855/1018/759 1867/1063/759 1865/1061/759 1854/1060/759
f 1856/1017/760 1869/1065/760 1867/1063/760 1855/1018/760
f 1857/1051/761 1871/1067/761 1869/1065/761 1856/1017/761
f 1858/947/762 1873/1069/762 1871/1067/762 1857/1051/762
f 1875/1071/763 1873/1069/763 1901/1087/763 1902/1088/763
f 1859/807/764 1901/1087/764 1873/1069/764 1858/947/764
f 1890/1089/765 1888/567/766 1909/1090/767 1910/1091/765
f 1888/567/766 1887/566/768 1908/1092/768 1909/1090/767
f 1887/566/769 1885/570/769 1907/1093/769 1908/1092/769
f 1885/570/770 1883/1079/770 1906/1094/770 1907/1093/770
f 1883/1079/771 1881/1077/771 1905/1095/771 1906/1094/771
f 1881/1077/772 1879/1075/772 1904/1096/772 1905/1095/772
f 1879/1075/773 1877/1073/773 1903/1097/773 1904/1096/773
f 1877/1073/774 1875/1071/774 1902/1088/774 1903/1097/774
f 1903/1097/775 1902/1088/775 1912/1098/775 1913/1099/775
f 1910/1091/776 1909/1090/776 1919/1100/776 1920/1101/776
f 1909/1090/777 1908/1092/777 1918/1102/777 1919/1100/777
f 1908/1092/778 1907/1093/778 1917/1103/778 1918/1102/778
f 1907/1093/779 1906/1094/779 1916/1104/779 1917/1103/779
f 1906/1094/780 1905/1095/781 1915/1105/782 1916/1104/780
f 1905/1095/781 1904/1096/783 1914/1106/783 1915/1105/782
f 1904/1096/784 1903/1097/784 1913/1099/784 1914/1106/784
f 1902/1088/785 1901/1087/785 1911/1107/785 1912/1098/785
f 1913/1099/786 1912/1098/786 1922/1108/786 1923/1109/786
f 1920/1101/787 1919/1100/787 1929/1110/787 1930/1111/787
f 1919/1100/788 1918/1102/788 1928/1112/788 1929/1110/788
f 1918/1102/789 1917/1103/789 1927/1113/789 1928/1112/789
f 1917/1103/790 1916/1104/790 1926/1114/790 1927/1113/790
f 1916/1104/791 1915/1105/791 1925/1115/791 1926/1114/791
f 1915/1105/792 1914/1106/792 1924/1116/792 1925/1115/792
f 1914/1106/793 1913/1099/793 1923/1109/793 1924/1116/793
f 1912/1098/794 1911/1107/794 1921/1117/794 1922/1108/794
f 1923/1109/795 1922/1108/795 1932/1118/795 1933/1119/795
f 1930/1111/796 1929/1110/796 1939/1120/796 1940/1121/796
f 1929/1110/797 1928/1112/797 1938/1122/797 1939/1120/797
f 1928/1112/798 1927/1113/798 1937/1123/798 1938/1122/798
f 1927/1113/799 1926/1114/799 1936/1124/799 1937/1123/799
f 1926/1114/800 1925/1115/800 1935/1125/800 1936/1124/800
f 1925/1115/801 1924/1116/801 1934/1126/801 1935/1125/801
f 1924/1116/802 1923/1109/802 1933/1119/802 1934/1126/802
f 1922/1108/803 1921/1117/803 1931/1127/803 1932/1118/803
f 1860/806/804 1911/1107/804 1901/1087/804 1859/807/804
f 1861/1055/805 1921/1117/805 1911/1107/805 1860/806/805
f 1862/1056/806 1931/1127/806 1921/1117/806 1861/1055/806
f 1528/1128/807 1532/1129/807 1891/1130/807 1894/1081/807
f 1900/1086/808 1899/1085/808 1941/1131/808 1942/1132/808
f 1933/1119/809 1932/1118/809 1944/1133/809 1945/1134/809
f 1940/1121/810 1939/1120/810 1951/1135/810 1952/1136/810
f 1939/1120/811 1938/1122/811 1950/1137/811 1951/1135/811
f 1938/1122/812 1937/1123/812 1949/1138/813 1950/1137/814
f 1937/1123/815 1936/1124/815 1948/1139/815 1949/1138/815
f 1936/1124/816 1935/1125/816 1947/1140/816 1948/1139/816
f 1935/1125/817 1934/1126/817 1946/1141/817 1947/1140/817
f 1934/1126/818 1933/1119/818 1945/1134/818 1946/1141/818
f 1932/1118/819 1931/1127/819 1943/1142/819 1944/1133/819
f 1863/1050/820 1943/1142/820 1931/1127/820 1862/1056/820
f 1744/838/821 1742/837/821 2017/1143/821 2018/1049/821
f 2080/1023/822 2002/974/822 2175/863/822 2177/862/822
f 2076/950/823 2176/1010/823 2167/1008/823 1843/903/823
f 1767/869/824 1790/1022/824 1791/1144/824 1769/934/824
f 1771/877/825 1769/934/825 1791/1144/825 1792/897/825
f 1962/581/826 1959/949/826 1960/1021/826 1961/582/826
f 1954/1145/827 1964/1146/827 1963/1147/827 1953/1148/827
f 1964/1146/828 1966/884/828 1965/1149/828 1963/1147/828
f 1964/1146/829 1972/1150/829 1973/885/829 1966/884/829
f 1954/1145/830 1967/1151/830 1972/1150/830 1964/1146/830
f 1797/1026/831 1802/930/831 1811/948/831 1806/1028/831
f 1962/581/832 1971/1152/832 1970/933/832 1959/949/832
f 1991/990/833 1990/989/833 1983/1153/833 1984/1154/833
f 2082/871/834 2083/865/834 2003/864/834 2004/1155/834
f 1771/877/835 1772/876/835 1770/935/835 1769/934/835
f 2169/937/836 1954/1145/836 1953/1148/836 2168/1156/836
f 1972/1150/837 1979/1157/837 1980/1000/837 1973/885/837
f 1967/1151/838 1974/939/838 1979/1157/838 1972/1150/838
f 1750/580/839 2093/1158/839 1971/1152/839 1962/581/839
f 1971/1152/840 1978/929/840 1977/931/840 1970/933/840
f 2081/872/841 2082/871/841 2004/1155/841 2005/1159/841
f 1982/1160/842 1975/973/842 1976/932/842 1983/1153/842
f 2175/863/843 2174/976/843 1996/992/843 2003/864/843
f 2072/1009/844 1842/1016/844 2167/1008/844 2176/1010/844
f 1974/939/845 1981/938/845 1986/1161/845 1979/1157/845
f 2088/965/846 2087/1052/846 2084/1054/846 2006/966/846
f 1978/929/847 1985/928/847 1984/1154/847 1977/931/847
f 1818/1005/848 1827/1007/848 1828/986/848 1819/968/848
f 2004/1155/849 2003/864/849 1996/992/849 1997/988/849
f 2161/995/850 2162/905/850 1799/904/850 1790/1022/850
f 2160/868/851 2159/867/851 1765/879/851 1766/878/851
f 1981/938/852 1988/1162/852 1993/1163/852 1986/1161/852
f 1764/859/853 1776/858/853 1773/875/853 1775/874/853
f 1985/928/854 1992/1164/854 1991/990/854 1984/1154/854
f 1810/902/855 1809/901/855 1818/1005/855 1819/968/855
f 1836/970/856 1835/955/856 2076/950/856 2075/951/856
f 2164/910/857 2165/953/857 1826/952/857 1817/1006/857
f 2174/976/858 1995/975/859 1988/1162/860 2173/994/858
f 1988/1162/860 1995/975/859 2000/1165/861 1993/1163/861
f 1806/1028/862 1811/948/862 1820/969/862 1815/1030/862
f 1992/1164/863 1999/967/863 1998/991/863 1991/990/863
f 1791/1144/864 1800/900/864 1801/899/864 1792/897/864
f 1989/993/865 1982/1160/865 1983/1153/865 1990/989/865
f 2163/906/866 2164/910/866 1817/1006/866 1808/907/866
f 2164/910/867 1816/909/867 1825/956/867 2165/953/867
f 1995/975/868 2002/974/868 2007/1166/868 2000/1165/868
f 2091/927/869 2090/1167/869 1992/1164/869 1985/928/869
f 1999/967/870 2006/966/870 2005/1159/870 1998/991/870
f 1967/1151/871 1954/1145/871 2169/937/871 2170/936/871
f 1790/1022/872 1799/904/872 1800/900/872 1791/1144/872
f 1982/1160/873 2172/941/873 2171/940/873 1975/973/873
f 2161/995/874 1789/894/874 1798/925/874 2162/905/874
f 2080/1023/875 1842/1016/875 1847/1015/875 2079/1168/875
f 1827/1007/876 1836/970/876 1837/972/876 1828/986/876
f 1799/904/877 1808/907/877 1809/901/877 1800/900/877
f 1835/955/878 2166/954/878 2176/1010/878 2076/950/878
f 1798/925/879 1807/908/879 2163/906/879 2162/905/879
f 1788/1024/880 1793/898/880 1802/930/880 1797/1026/880
f 2093/1158/881 2092/926/881 1978/929/881 1971/1152/881
f 1853/1048/882 1755/841/882 1855/1018/882 1854/1060/882
f 1739/814/883 1743/813/883 2013/1169/883 2014/1170/883
f 1815/1030/720 1820/969/884 1829/987/884 1824/1032/721
f 2011/1003/885 1738/846/885 2094/1171/885 2010/1172/885
f 1742/837/886 1741/831/886 2016/1173/886 2017/1143/886
f 1675/802/887 1655/1174/887 1650/587/887 1674/590/887
f 1740/830/888 1739/814/888 2014/1170/888 2015/1175/888
f 2064/1176/889 1944/1133/889 1943/1142/889 2063/1177/889
f 1960/1021/890 2019/1178/890 2010/895/890 1961/582/890
f 2019/1179/891 2021/1180/891 2020/1181/891 2010/1172/891
f 2021/1180/892 2023/1182/892 2022/1183/892 2020/1181/892
f 2023/1182/893 2025/1184/893 2024/1185/893 2022/1183/893
f 2025/1184/894 2027/1186/894 2026/1187/894 2024/1185/894
f 2027/1186/895 2029/1188/895 2028/1189/895 2026/1187/895
f 2029/1188/896 2031/1190/896 2030/1191/896 2028/1189/896
f 2031/1190/897 2033/1192/897 2032/1193/897 2030/1191/897
f 2033/1192/898 2035/1194/898 2034/1195/898 2032/1193/898
f 2035/1194/899 2037/1196/899 2036/1197/899 2034/1195/899
f 2037/1196/900 2039/1198/900 2038/1199/900 2036/1197/900
f 2039/1198/901 2041/1200/902 2040/1201/903 2038/1199/901
f 2011/1003/904 2010/1172/904 2020/1181/904 2022/1183/904
f 2012/1004/905 2011/1003/905 2022/1183/905 2024/1185/905
f 2013/1169/906 2012/1004/906 2024/1185/906 2026/1187/906
f 2014/1170/907 2013/1169/907 2026/1187/907 2028/1189/907
f 2030/1191/908 2043/1202/908 2042/1203/908 2028/1189/908
f 2015/1175/909 2014/1170/909 2028/1189/909 2042/1203/909
f 2040/1201/910 2048/1204/910 2047/1205/910 2038/1199/910
f 2038/1199/911 2047/1205/911 2046/1206/911 2036/1197/911
f 2036/1197/912 2046/1206/912 2045/1207/912 2034/1195/912
f 2034/1195/913 2045/1207/913 2044/1208/913 2032/1193/913
f 2032/1193/914 2044/1208/914 2043/1202/914 2030/1191/914
f 2044/1208/915 2051/1209/915 2050/1210/915 2043/1202/915
f 2048/1204/916 2055/1211/916 2054/1212/916 2047/1205/916
f 2047/1205/917 2054/1212/917 2053/1213/917 2046/1206/917
f 2046/1206/918 2053/1213/918 2052/1214/918 2045/1207/918
f 2045/1207/919 2052/1214/919 2051/1209/919 2044/1208/919
f 2043/1202/920 2050/1210/920 2049/1215/920 2042/1203/920
f 2051/1209/921 2058/1216/921 2057/1217/921 2050/1210/921
f 2055/1211/922 2062/1218/922 2061/1219/922 2054/1212/922
f 2054/1212/923 2061/1219/923 2060/1220/923 2053/1213/923
f 2053/1213/924 2060/1220/924 2059/1221/924 2052/1214/924
f 2052/1214/925 2059/1221/926 2058/1216/927 2051/1209/925
f 2050/1210/928 2057/1217/928 2056/1222/928 2049/1215/928
f 2058/1216/929 2065/1223/929 2064/1176/929 2057/1217/929
f 2062/1218/930 2069/1224/930 2068/1225/930 2061/1219/930
f 2061/1219/931 2068/1225/931 2067/1226/931 2060/1220/931
f 2060/1220/932 2067/1226/932 2066/1227/932 2059/1221/932
f 2059/1221/926 2066/1227/933 2065/1223/933 2058/1216/927
f 2057/1217/934 2064/1176/934 2063/1177/934 2056/1222/934
f 2016/1173/935 2015/1175/935 2042/1203/935 2049/1215/935
f 2017/1143/936 2016/1173/936 2049/1215/936 2056/1222/936
f 2018/1049/937 2017/1143/937 2056/1222/937 2063/1177/937
f 1941/1131/938 1899/1085/938 1940/1121/938 1952/1136/938
f 2065/1223/939 1945/1134/939 1944/1133/939 2064/1176/939
f 2069/1224/940 1949/1138/940 1948/1139/940 2068/1225/940
f 2068/1225/941 1948/1139/941 1947/1140/941 2067/1226/941
f 2067/1226/942 1947/1140/942 1946/1141/942 2066/1227/942
f 2066/1227/943 1946/1141/943 1945/1134/943 2065/1223/943
f 1899/1085/944 1897/1084/944 1930/1111/944 1940/1121/944
f 1773/875/945 1776/858/945 1853/1046/945 1854/1057/945
f 1897/1084/946 1895/1083/946 1920/1101/946 1930/1111/946
f 1863/1050/947 2018/1049/947 2063/1177/947 1943/1142/947
f 1743/813/948 1729/834/948 2012/1004/948 2013/1169/948
f 1804/923/949 2181/999/950 2182/888/951 1813/1228/952
f 2084/1054/953 1846/1019/953 1845/873/953 2081/872/953
f 1834/957/954 1839/1002/954 2071/1014/954 2072/1009/954
f 2090/1167/955 2089/964/955 1999/967/955 1992/1164/955
f 1838/983/956 1837/972/956 2074/971/956 2073/984/956
f 1984/1154/957 1983/1153/957 1976/932/957 1977/931/957
f 1808/907/958 1817/1006/958 1818/1005/958 1809/901/958
f 2173/994/959 2172/941/959 1982/1160/959 1989/993/959
f 2173/994/960 1988/1162/960 1981/938/960 2172/941/960
f 1841/912/961 1787/1042/961 2077/1043/961 2009/913/961
f 2002/974/962 2080/1023/962 2079/1168/962 2007/1166/962
f 2004/1155/963 1997/988/963 1998/991/963 2005/1159/963
f 1957/712/964 1955/711/964 1956/1229/964 1958/1020/964
f 1955/711/965 2169/937/965 2168/1156/965 1956/1229/965
f 2171/940/966 1974/939/966 1967/1151/966 2170/936/966
f 1741/831/967 1740/830/967 2015/1175/967 2016/1173/967
f 2006/966/968 2084/1054/968 2081/872/968 2005/1159/968
f 2131/1230/969 2148/1034/969 1833/982/969 2085/985/969
f 2150/1231/970 2131/1230/970 2085/985/970 2086/1053/970
f 2152/1232/971 2151/1233/971 2087/1052/971 2088/965/971
f 2153/1234/972 2152/1232/972 2088/965/681 2089/964/680
f 2154/1235/973 2153/1234/973 2089/964/973 2090/1167/973
f 2155/1236/974 2154/1235/974 2090/1167/974 2091/927/974
f 2156/1237/975 2155/1236/975 2091/927/975 2092/926/975
f 2157/1238/976 2156/1237/976 2092/926/976 2093/1158/976
f 2124/861/977 2157/1238/977 2093/1158/977 1750/580/977
f 2151/1233/978 2150/1231/978 2086/1053/978 2087/1052/978
f 2158/1239/979 2126/860/979 1733/579/979 2094/896/979
f 2158/1240/980 2094/1171/980 1738/846/980 2135/845/980
f 1804/923/981 1813/1228/981 1812/946/981 1803/924/981
f 1980/1000/982 1979/1157/982 1986/1161/982 1987/1241/982
f 1659/787/983 1666/788/983 1714/723/983 1713/722/983
f 1556/596/984 1561/613/984 1582/612/984 1551/597/984
f 1657/798/985 1656/799/985 1677/752/985 1676/761/985
f 1547/621/986 1555/622/986 2130/812/986 2129/811/986
f 1637/737/987 1638/735/987 2132/817/987 2127/816/987
f 1638/735/988 1639/736/988 2133/821/988 2132/817/988
f 1639/736/989 1701/734/989 2134/823/989 2133/821/989
f 1549/617/990 1548/620/990 2137/829/990 2125/828/990
f 1555/622/991 1537/623/991 2121/833/991 2130/812/991
f 1608/614/992 1550/618/992 2138/836/992 2136/835/992
f 1625/740/993 2143/839/993 2122/842/993 1635/741/993
f 1550/618/994 1549/617/994 2125/828/994 2138/836/994
f 1537/623/995 1546/625/995 2135/845/995 2121/833/995
f 1636/738/996 1637/737/996 2127/816/996 2139/847/996
f 1645/739/997 1636/738/997 2139/847/997 2140/849/997
f 1625/740/998 1645/739/998 2140/849/998 2143/839/998
f 1640/615/999 1608/614/999 2136/835/999 2142/854/999
f 1701/734/1000 1640/615/1000 2142/854/1000 2134/823/1000
f 1548/620/1001 1547/621/1001 2129/811/633 2137/829/632
f 1751/851/1002 1631/751/1002 2123/857/1002 2128/856/1002
f 1542/636/1003 1734/832/1003 2124/861/1003 2126/860/1003
f 1751/851/1004 2128/856/1004 2141/1025/1004 1752/843/1004
f 1752/843/1005 2141/1025/1005 2144/1027/1005 1747/844/1005
f 1747/844/1006 2144/1027/1006 2145/1029/1006 1753/818/1006
f 1753/818/1007 2145/1029/1007 2146/1031/1007 1754/815/1007
f 1754/815/1008 2146/1031/1008 2147/1033/1008 1749/803/1008
f 1749/803/1009 2147/1033/1009 2148/1034/1009 1748/804/1009
f 1630/754/1010 2149/1045/1010 2123/857/1010 1631/751/1010
f 1630/801/1011 1635/741/1011 2122/842/1011 2149/1047/1011
f 1763/826/1012 1748/804/1012 2148/1034/1012 2131/1230/1012
f 1746/827/1013 1763/826/1013 2131/1230/1013 2150/1231/1013
f 1731/853/1014 1745/852/1014 2151/1233/1014 2152/1232/1014
f 1732/809/1015 1731/853/1015 2152/1232/1015 2153/1234/1015
f 1737/810/1016 1732/809/1016 2153/1234/1016 2154/1235/1016
f 1736/819/1017 1737/810/1017 2154/1235/1017 2155/1236/1017
f 1730/820/1018 1736/819/1018 2155/1236/1018 2156/1237/1018
f 1735/825/1019 1730/820/1019 2156/1237/1019 2157/1238/1019
f 1734/832/1020 1735/825/1020 2157/1238/1020 2124/861/1020
f 1745/852/1021 1746/827/1021 2150/1231/1021 2151/1233/1021
f 1541/637/1022 1542/636/1022 2126/860/1022 2158/1239/1022
f 1541/714/1023 2158/1240/1023 2135/845/1023 1546/625/1023
f 1781/1242/1024 1531/1243/1024 1783/1036/1024 1782/1035/1024
f 1889/568/1025 1888/567/1025 1890/1089/1025 1534/1244/1025
f 1891/1130/1026 1892/1245/1026 1893/1082/1026 1894/1081/1026
f 1528/1128/1027 1894/1081/1027 1896/572/1027 1526/571/1027
f 1527/574/1028 1898/573/1028 1900/1086/1028 1529/1246/1028
f 1895/1083/1029 1893/1082/1029 1910/1091/1029 1920/1101/1029
f 1893/1082/1030 1892/1245/1030 1890/1089/1030 1910/1091/1030
f 1891/1130/1031 1534/1244/1031 1890/1089/1031 1892/1245/1031
f 1721/724/1032 2120/601/1032 2188/584/1032 1722/583/1032
f 1619/586/1033 2189/585/1033 2119/600/1033 1620/664/1033
f 1942/1132/1034 1533/1247/1034 1529/1246/1034 1900/1086/1034
f 2194/1248/1035 2215/1249/1035 2214/1250/1035 2213/1251/1035
f 2190/1252/1036 2191/1253/1036 2224/1254/1036 2222/1255/1036
f 2181/999/950 1805/998/1037 1814/889/1037 2182/888/951
f 1781/1242/1038 1782/1035/1038 2178/945/1038 2179/944/1038
f 2244/1001/1039 2245/915/1039 2207/918/1039 2206/1256/1039
f 2199/943/1040 2198/1257/1040 2242/1258/1040 2241/887/1040
f 2243/886/1041 2244/1001/1041 2206/1256/1041 2205/942/1041
f 2184/959/1042 1832/958/1042 1841/912/1042 2185/911/1042
f 2249/977/1043 2239/979/1043 2210/1259/1043 2248/921/1043
f 2247/922/1044 2248/921/1044 2210/1259/1044 2209/1011/1044
f 2178/945/1045 1782/1035/1045 1796/997/1045 2180/996/1045
f 2199/943/1046 2205/942/1046 2201/1260/1046 2200/1261/1046
f 2211/1262/1047 2201/1260/1047 2205/942/1047 2206/1256/1047
f 2207/918/1048 2202/1263/1048 2211/1262/1048 2206/1256/1048
f 2212/1264/1049 2202/1263/1049 2207/918/1049 2208/917/1049
f 2209/1011/1050 2203/1265/1050 2212/1264/1050 2208/917/1050
f 2204/1266/1051 2203/1265/1051 2209/1011/1051 2210/1259/1051
f 2239/979/1052 1849/978/1052 1852/1044/1052 2240/1267/1052
f 2220/1268/1053 2222/1255/1053 2221/1269/1053 2219/1270/1053
f 2222/1255/1054 2224/1254/1054 2223/1271/1054 2221/1269/1054
f 2224/1254/1055 2226/1272/1055 2225/1273/1055 2223/1271/1055
f 2216/1274/1056 2229/1275/1057 2228/1276/1058 2214/1250/1059
f 2214/1250/1059 2228/1276/1058 2227/1277/1060 2213/1251/1060
f 2229/1275/1061 2232/1278/1061 2231/1279/1061 2228/1276/1061
f 2228/1276/1062 2231/1279/1062 2230/1280/1062 2227/1277/1062
f 2232/1278/1063 2235/1281/1063 2234/1282/1063 2231/1279/1063
f 2231/1279/1064 2234/1282/1064 2233/1283/1064 2230/1280/1064
f 2235/1281/1065 2238/1284/1065 2237/1285/1065 2234/1282/1065
f 2234/1282/1066 2237/1285/1066 2236/1286/1066 2233/1283/1066
f 2192/1287/1067 2220/1268/1068 2217/1288/1069 2196/1289/1069
f 2238/1284/1070 1952/1136/1070 1951/1135/1070 2237/1285/1070
f 2069/1224/1071 2062/1218/1071 2233/1283/1071 2236/1286/1071
f 2225/1273/1072 2238/1284/1072 2235/1281/1072 2223/1271/1072
f 2223/1271/1073 2235/1281/1073 2232/1278/1073 2221/1269/1073
f 2210/1259/1074 2239/979/1074 2240/1267/1074 2204/1266/1074
f 2198/1257/1075 2199/943/1075 2200/1261/1075 2195/1290/1075
f 2180/996/1076 2181/999/1076 1804/923/1076 1795/892/1076
f 1813/1228/952 2182/888/951 2183/891/1077 1822/1013/1077
f 1980/1000/1078 1987/1241/1078 2245/915/1078 2244/1001/1078
f 2185/911/1079 2187/914/1079 2070/960/1079 1840/1291/1079
f 1831/1012/1080 2184/959/1080 2185/911/1080 1840/1291/1080
f 1987/1241/1081 1994/1292/1081 2246/916/1081 2245/915/1081
f 2078/980/1082 1848/962/1082 2186/961/1082 2249/977/1082
f 1780/883/1083 2178/945/1083 2180/996/1083 1795/892/1083
f 1965/1149/1084 1966/884/1084 2241/887/1084 2242/1258/1084
f 2215/1249/1085 2197/1293/1085 2216/1274/1056 2214/1250/1059
f 2217/1288/1086 2220/1268/1086 2219/1270/1086 2218/1294/1086
f 2192/1287/1067 2190/1252/1087 2222/1255/1087 2220/1268/1068
f 1941/1131/1088 1952/1136/1088 2238/1284/1088 2225/1273/1088
f 2191/1253/1089 2193/1295/1089 2226/1272/1089 2224/1254/1089
f 2221/1269/1090 2232/1278/1090 2229/1275/1090 2219/1270/1090
f 2219/1270/1091 2229/1275/1091 2216/1274/1091 2218/1294/1091
f 2217/1288/1092 2218/1294/1092 2216/1274/1092 2197/1293/1092
f 1950/1137/814 1949/1138/813 2069/1224/1093 2236/1286/1093
f 2237/1285/1094 1951/1135/1094 1950/1137/1094 2236/1286/1094
f 1942/1132/1095 2226/1272/1095 2193/1295/1095 1533/1247/1095
f 2226/1272/1096 1942/1132/1096 1941/1131/1096 2225/1273/1096
f 2062/1218/1097 2055/1211/1097 2230/1280/1097 2233/1283/1097
f 2055/1211/1098 2048/1204/1098 2227/1277/1098 2230/1280/1098
f 2048/1204/1099 2040/1201/1099 2213/1251/1099 2227/1277/1099
f 2041/1200/902 2194/1248/1100 2213/1251/1100 2040/1201/903
f 2261/1296/1101 2304/1297/1101 2303/1298/1101 2260/1299/1101
f 2402/1300/1102 2403/1301/1102 2302/1302/1102 2259/1303/1102
f 2259/1303/1103 2302/1302/1103 2301/1304/1103 2258/1305/1103
f 2258/1305/1104 2301/1304/1104 2300/1306/1104 2257/1307/1104
f 2257/1307/1105 2300/1306/1105 2306/1308/1105 2277/1309/1105
f 2304/1297/1106 2311/1310/1107 2310/1311/1108 2303/1298/1106
f 2403/1301/1109 2404/1312/1109 2309/1313/1109 2302/1302/1109
f 2302/1302/1110 2309/1313/1110 2308/1314/1110 2301/1304/1110
f 2301/1304/1111 2308/1314/1111 2307/1315/1111 2300/1306/1111
f 2300/1306/1112 2307/1315/1112 2313/1316/1112 2306/1308/1112
f 2311/1310/1107 2503/1317/1113 2502/1318/1113 2310/1311/1108
f 2404/1312/1114 2581/1319/1114 2501/1320/1114 2309/1313/1114
f 2309/1313/1115 2501/1320/1115 2500/1321/1115 2308/1314/1115
f 2308/1314/1116 2500/1321/1116 2499/1322/1116 2307/1315/1116
f 2307/1315/1117 2499/1322/1117 2505/1323/1117 2313/1316/1117
f 2258/1305/1118 2257/1307/1118 2350/1324/1118 2351/1325/1118
f 2253/1326/1119 2250/1327/1119 2343/1328/1119 2346/1329/1119
f 2259/1303/1120 2258/1305/1120 2351/1325/1120 2352/1330/1120
f 2402/1300/1121 2259/1303/1121 2352/1330/1121 2405/1331/1121
f 2261/1296/1122 2260/1299/1122 2353/1332/1122 2354/1333/1122
f 2257/1307/1123 2277/1309/1123 2369/1334/1123 2350/1324/1123
f 2260/1299/1124 2303/1298/1124 2403/1301/1124 2402/1300/1124
f 2303/1298/1125 2310/1311/1125 2404/1312/1125 2403/1301/1125
f 2310/1311/1126 2502/1318/1126 2581/1319/1126 2404/1312/1126
f 2260/1299/1127 2402/1300/1127 2405/1331/1127 2353/1332/1127
f 2417/1335/1128 2416/1336/1129 2459/1337/1129 2460/1338/1130
f 2578/1339/1131 2415/1340/1131 2458/1341/1131 2579/1342/1131
f 2415/1340/1132 2414/1343/1133 2457/1344/1134 2458/1341/1132
f 2414/1343/1133 2413/1345/1135 2456/1346/1135 2457/1344/1134
f 2413/1345/1136 2433/1347/1136 2462/1348/1136 2456/1346/1136
f 2460/1338/1137 2459/1337/1137 2466/1349/1137 2467/1350/1137
f 2579/1342/1138 2458/1341/1138 2465/1351/1138 2580/1352/1138
f 2458/1341/1139 2457/1344/1139 2464/1353/1140 2465/1351/1141
f 2457/1344/1142 2456/1346/1142 2463/1354/1142 2464/1353/1142
f 2456/1346/1143 2462/1348/1143 2469/1355/1143 2463/1354/1143
f 2467/1350/1144 2466/1349/1144 2502/1318/1144 2503/1317/1144
f 2580/1352/1145 2465/1351/1145 2501/1320/1145 2581/1319/1145
f 2465/1351/1141 2464/1353/1140 2500/1321/1146 2501/1320/1146
f 2464/1353/1147 2463/1354/1147 2499/1322/1147 2500/1321/1147
f 2463/1354/1148 2469/1355/1148 2505/1323/1148 2499/1322/1148
f 2414/1343/1149 2524/1356/1149 2523/1357/1149 2413/1345/1149
f 2415/1340/1150 2525/1358/1150 2524/1356/1150 2414/1343/1150
f 2578/1339/1151 2582/1359/1151 2525/1358/1151 2415/1340/1151
f 2417/1335/1152 2527/1360/1152 2526/1361/1152 2416/1336/1152
f 2433/1347/1153 2542/1362/1153 2522/1363/1153 2412/1364/1153
f 2411/1365/1154 2521/1366/1154 2541/1367/1154 2432/1368/1154
f 2412/1364/1155 2522/1363/1155 2521/1366/1155 2411/1365/1155
f 2427/1369/1156 2537/1370/1156 2536/1371/1156 2426/1372/1156
f 2413/1345/1157 2523/1357/1157 2542/1362/1157 2433/1347/1157
f 2416/1336/1158 2578/1339/1158 2579/1342/1158 2459/1337/1158
f 2459/1337/1159 2579/1342/1159 2580/1352/1159 2466/1349/1159
f 2466/1349/1160 2580/1352/1160 2581/1319/1160 2502/1318/1160
f 2416/1336/1161 2526/1361/1161 2582/1359/1161 2578/1339/1161
f 1531/1373/1162 2561/1374/1162 2560/1375/1162 1783/1376/1162
f 1783/1376/1163 2560/1375/1163 2387/1377/1163 1784/1378/1163
f 1850/1379/1164 1784/1378/1164 2387/1377/1164 2388/1380/1164
f 1785/1381/1165 1850/1379/1165 2388/1380/1165 2389/1382/1165
f 2583/1383/1166 2587/1384/1166 2588/1385/1166 2584/1386/1166
f 2584/1386/1167 2588/1385/1167 2594/1387/1167 2593/1388/1167
f 2587/1384/1168 2599/1389/1168 2600/1390/1168 2588/1385/1168
f 2588/1385/1169 2600/1390/1169 2605/1391/1169 2594/1387/1169
f 2583/1383/1170 2584/1386/1170 2589/1392/1170 2585/1393/1170
f 2585/1393/1171 2589/1392/1172 2601/1394/1172 2602/1395/1173
f 2584/1386/1174 2593/1388/1174 2592/1396/1174 2589/1392/1174
f 2589/1392/1175 2592/1396/1175 2604/1397/1175 2601/1394/1175
f 2583/1383/1176 2585/1393/1176 2590/1398/1176 2586/1399/1176
f 2586/1399/1177 2590/1398/1178 2595/1400/1179 2596/1401/1177
f 2585/1393/1171 2602/1395/1173 2603/1402/1180 2590/1398/1180
f 2590/1398/1178 2603/1402/1181 2606/1403/1181 2595/1400/1179
f 2583/1383/1182 2586/1399/1182 2591/1404/1182 2587/1384/1182
f 2587/1384/1183 2591/1404/1183 2598/1405/1183 2599/1389/1183
f 2586/1399/1184 2596/1401/1184 2597/1406/1184 2591/1404/1184
f 2591/1404/1185 2597/1406/1185 2607/1407/1185 2598/1405/1185
f 2617/1408/1186 2618/1409/1186 2612/1410/1186 2608/1411/1186
f 2612/1412/1187 2624/1413/1187 2623/1414/1187 2611/1415/1187
f 2618/1409/1188 2629/1416/1188 2624/1413/1188 2612/1417/1188
f 2626/1418/1189 2625/1419/1189 2613/1420/1189 2609/1421/1189
f 2613/1422/1190 2616/1423/1190 2617/1408/1190 2608/1411/1190
f 2625/1419/1191 2628/1424/1191 2616/1423/1191 2613/1425/1191
f 2620/1426/1192 2619/1427/1192 2614/1428/1192 2610/1429/1192
f 2614/1430/1193 2627/1431/1193 2626/1418/1193 2609/1421/1193
f 2619/1427/1194 2630/1432/1194 2627/1431/1194 2614/1433/1194
f 2623/1414/1195 2622/1434/1195 2615/1435/1195 2611/1415/1195
f 2615/1436/1196 2621/1437/1196 2620/1426/1196 2610/1429/1196
f 2622/1434/1197 2631/1438/1197 2621/1437/1197 2615/1439/1197
f 2604/1397/1198 2592/1396/1198 2616/1423/1198 2628/1424/1198
f 2592/1396/1199 2593/1388/1199 2617/1408/1199 2616/1423/1199
f 2593/1388/1200 2594/1387/1200 2618/1409/1200 2617/1408/1200
f 2594/1387/1201 2605/1391/1201 2629/1416/1201 2618/1409/1201
f 2595/1400/1202 2606/1403/1202 2630/1432/1202 2619/1427/1202
f 2596/1401/1203 2595/1400/1203 2619/1427/1203 2620/1426/1203
f 2597/1406/1204 2596/1401/1204 2620/1426/1204 2621/1437/1204
f 2607/1407/1205 2597/1406/1205 2621/1437/1205 2631/1438/1205
f 2598/1405/1206 2607/1407/1206 2631/1438/1206 2622/1434/1206
f 2599/1389/1207 2598/1405/1207 2622/1434/1207 2623/1414/1207
f 2600/1390/1208 2599/1389/1208 2623/1414/1208 2624/1413/1208
f 2605/1391/1209 2600/1390/1209 2624/1413/1209 2629/1416/1209
f 2601/1394/1210 2604/1397/1210 2628/1424/1210 2625/1419/1210
f 2602/1395/1211 2601/1394/1211 2625/1419/1211 2626/1418/1211
f 2603/1402/1212 2602/1395/1212 2626/1418/1212 2627/1431/1212
f 2606/1403/1213 2603/1402/1213 2627/1431/1213 2630/1432/1213
f 2632/1440/1214 2636/1441/1214 2637/1442/1214 2633/1443/1214
f 2633/1443/1215 2637/1442/1215 2643/1444/1215 2642/1445/1215
f 2636/1441/1216 2648/1446/1216 2649/1447/1216 2637/1442/1216
f 2637/1442/1217 2649/1447/1217 2654/1448/1217 2643/1444/1217
f 2632/1440/1218 2633/1443/1218 2638/1449/1218 2634/1450/1218
f 2634/1450/1219 2638/1449/1219 2650/1451/1219 2651/1452/1219
f 2633/1443/1220 2642/1445/1220 2641/1453/1220 2638/1449/1220
f 2638/1449/1221 2641/1453/1221 2653/1454/1221 2650/1451/1221
f 2632/1440/1222 2634/1450/1222 2639/1455/1222 2635/1456/1222
f 2635/1456/1223 2639/1455/1224 2644/1457/1224 2645/1458/1225
f 2634/1450/1226 2651/1452/1226 2652/1459/1226 2639/1455/1226
f 2639/1455/1227 2652/1459/1227 2655/1460/1227 2644/1457/1227
f 2632/1440/1228 2635/1456/1228 2640/1461/1228 2636/1441/1228
f 2636/1441/1229 2640/1461/1229 2647/1462/1229 2648/1446/1229
f 2635/1456/1223 2645/1458/1225 2646/1463/1230 2640/1461/1230
f 2640/1461/1231 2646/1463/1231 2656/1464/1231 2647/1462/1231
f 2666/1465/1232 2667/1466/1232 2661/1467/1232 2657/1468/1232
f 2661/1469/1233 2673/1470/1233 2672/1471/1233 2660/1472/1233
f 2667/1466/1234 2678/1473/1234 2673/1470/1234 2661/1474/1234
f 2675/1475/1235 2674/1476/1235 2662/1477/1235 2658/1478/1235
f 2662/1479/1236 2665/1480/1236 2666/1465/1236 2657/1468/1236
f 2674/1476/1237 2677/1481/1237 2665/1480/1237 2662/1482/1237
f 2669/1483/1238 2668/1484/1238 2663/1485/1238 2659/1486/1238
f 2663/1487/1239 2676/1488/1239 2675/1475/1239 2658/1478/1239
f 2668/1484/1240 2679/1489/1240 2676/1488/1240 2663/1490/1240
f 2672/1471/1241 2671/1491/1241 2664/1492/1241 2660/1472/1241
f 2664/1493/1242 2670/1494/1242 2669/1483/1242 2659/1486/1242
f 2671/1491/1243 2680/1495/1243 2670/1494/1243 2664/1496/1243
f 2653/1454/1244 2641/1453/1244 2665/1480/1244 2677/1481/1244
f 2641/1453/1245 2642/1445/1245 2666/1465/1245 2665/1480/1245
f 2642/1445/1246 2643/1444/1246 2667/1466/1246 2666/1465/1246
f 2643/1444/1247 2654/1448/1247 2678/1473/1247 2667/1466/1247
f 2644/1457/1248 2655/1460/1248 2679/1489/1248 2668/1484/1248
f 2645/1458/1249 2644/1457/1249 2668/1484/1249 2669/1483/1249
f 2646/1463/1250 2645/1458/1250 2669/1483/1250 2670/1494/1250
f 2656/1464/1251 2646/1463/1251 2670/1494/1251 2680/1495/1251
f 2647/1462/1252 2656/1464/1252 2680/1495/1252 2671/1491/1252
f 2648/1446/1253 2647/1462/1253 2671/1491/1253 2672/1471/1253
f 2649/1447/1254 2648/1446/1254 2672/1471/1254 2673/1470/1254
f 2654/1448/1255 2649/1447/1255 2673/1470/1255 2678/1473/1255
f 2650/1451/1256 2653/1454/1256 2677/1481/1256 2674/1476/1256
f 2651/1452/1257 2650/1451/1257 2674/1476/1257 2675/1475/1257
f 2652/1459/1258 2651/1452/1258 2675/1475/1258 2676/1488/1258
f 2655/1460/1259 2652/1459/1259 2676/1488/1259 2679/1489/1259
f 2681/1497/1260 2685/1498/1260 2686/1499/1260 2682/1500/1260
f 2682/1500/1261 2686/1499/1261 2692/1501/1261 2691/1502/1261
f 2685/1498/1262 2697/1503/1262 2698/1504/1263 2686/1499/1264
f 2686/1499/1264 2698/1504/1263 2703/1505/1265 2692/1501/1265
f 2681/1497/1266 2682/1500/1266 2687/1506/1266 2683/1507/1266
f 2683/1507/1267 2687/1506/1267 2699/1508/1267 2700/1509/1267
f 2682/1500/1268 2691/1502/1268 2690/1510/1268 2687/1506/1268
f 2687/1506/1269 2690/1510/1269 2702/1511/1269 2699/1508/1269
f 2681/1497/1270 2683/1507/1270 2688/1512/1270 2684/1513/1270
f 2684/1513/1271 2688/1512/1271 2693/1514/1271 2694/1515/1271
f 2683/1507/1272 2700/1509/1272 2701/1516/1272 2688/1512/1272
f 2688/1512/1273 2701/1516/1273 2704/1517/1273 2693/1514/1273
f 2681/1497/1274 2684/1513/1274 2689/1518/1274 2685/1498/1274
f 2685/1498/1275 2689/1518/1275 2696/1519/1275 2697/1503/1275
f 2684/1513/1276 2694/1515/1276 2695/1520/1276 2689/1518/1276
f 2689/1518/1277 2695/1520/1277 2705/1521/1277 2696/1519/1277
f 2715/1522/1278 2716/1523/1278 2710/1524/1278 2706/1525/1278
f 2710/1526/1279 2722/1527/1279 2721/1528/1279 2709/1529/1279
f 2716/1523/1280 2727/1530/1280 2722/1527/1280 2710/1531/1280
f 2724/1532/1281 2723/1533/1281 2711/1534/1281 2707/1535/1281
f 2711/1536/1282 2714/1537/1282 2715/1522/1282 2706/1525/1282
f 2723/1533/1283 2726/1538/1283 2714/1537/1283 2711/1539/1283
f 2718/1540/1284 2717/1541/1284 2712/1542/1284 2708/1543/1284
f 2712/1544/1285 2725/1545/1285 2724/1532/1285 2707/1535/1285
f 2717/1541/1286 2728/1546/1286 2725/1545/1286 2712/1547/1286
f 2721/1528/1287 2720/1548/1287 2713/1549/1287 2709/1529/1287
f 2713/1550/1288 2719/1551/1288 2718/1540/1288 2708/1543/1288
f 2720/1548/1289 2729/1552/1289 2719/1551/1289 2713/1553/1289
f 2702/1511/1290 2690/1510/1290 2714/1537/1290 2726/1538/1290
f 2690/1510/1291 2691/1502/1291 2715/1522/1291 2714/1537/1291
f 2691/1502/1292 2692/1501/1292 2716/1523/1292 2715/1522/1292
f 2692/1501/1293 2703/1505/1293 2727/1530/1293 2716/1523/1293
f 2693/1514/1294 2704/1517/1294 2728/1546/1294 2717/1541/1294
f 2694/1515/1295 2693/1514/1295 2717/1541/1295 2718/1540/1295
f 2695/1520/1296 2694/1515/1296 2718/1540/1296 2719/1551/1296
f 2705/1521/1297 2695/1520/1297 2719/1551/1297 2729/1552/1297
f 2696/1519/1298 2705/1521/1298 2729/1552/1298 2720/1548/1298
f 2697/1503/1299 2696/1519/1299 2720/1548/1299 2721/1528/1299
f 2698/1504/1300 2697/1503/1300 2721/1528/1300 2722/1527/1300
f 2703/1505/1301 2698/1504/1301 2722/1527/1301 2727/1530/1301
f 2699/1508/1302 2702/1511/1302 2726/1538/1302 2723/1533/1302
f 2700/1509/1303 2699/1508/1303 2723/1533/1303 2724/1532/1303
f 2701/1516/1304 2700/1509/1304 2724/1532/1304 2725/1545/1304
f 2704/1517/1305 2701/1516/1305 2725/1545/1305 2728/1546/1305
f 1994/1292/1306 2001/919/1306 2247/922/1306 2246/916/1306
f 2187/914/657 2009/913/656 1849/978/1307 2186/961/1307
usemtl Tshirt.003
f 313/1554/1308 291/1555/1308 285/1556/1308 284/1557/1308
f 789/1558/1309 834/1559/1309 785/1560/1309 803/1561/1309
f 312/1562/1310 288/1563/1310 287/1564/1310 315/1565/1310
f 324/1566/1311 321/1567/1311 289/1568/1311 311/1569/1311
f 445/1570/1312 402/1571/1312 411/1572/1312 439/1573/1312
f 301/1574/1313 297/1575/1313 296/1576/1313 293/1577/1313
f 299/1578/1314 298/1579/1314 295/1580/1314 294/1581/1314
f 315/1565/1315 287/1564/1315 291/1555/1315 313/1554/1315
f 297/1575/1316 299/1578/1316 294/1581/1316 296/1576/1316
f 320/1582/1317 319/1583/1317 290/1584/1317 304/1585/1317
f 789/1558/1318 803/1561/1318 810/1586/1318 792/1587/1318
f 437/1588/1319 438/1589/1319 427/1590/1319 423/1591/1319
f 843/1592/1320 839/1593/1320 811/1594/1320 793/1595/1320
f 425/1596/1321 475/1597/1321 472/1598/1321 443/1599/1321
f 282/1600/1322 317/1601/1322 316/1602/1322 283/1603/1322
f 323/1604/1323 326/1605/1323 318/1606/1323 303/1607/1323
f 305/1608/1324 307/1609/1324 299/1578/1324 297/1575/1324
f 793/1595/1325 811/1594/1325 809/1610/1325 791/1611/1325
f 318/1606/1326 314/1612/1327 286/1613/1328 303/1607/1328
f 519/1614/1329 1030/1615/1329 1031/1616/1329 518/1617/1329
f 388/1618/1330 351/1619/1330 306/1620/1330 307/1609/1330
f 522/1621/1331 338/1622/1331 519/1614/1331 518/1617/1331
f 319/1623/1332 311/1569/1332 289/1568/1332 290/1624/1332
f 637/1625/1333 662/1626/1333 664/1627/1333 752/1628/1333
f 898/1629/1334 434/1630/1334 308/1631/1334 905/1632/1334
f 829/1633/1335 666/1634/1335 662/1626/1335 637/1625/1335
f 1030/1615/1336 906/1635/1336 897/1636/1336 1031/1616/1336
f 322/1637/1337 408/1638/1337 338/1622/1337 522/1621/1337
f 493/1639/1338 463/1640/1338 434/1630/1338 433/1641/1338
f 314/1612/1339 320/1582/1339 304/1585/1339 286/1613/1339
f 284/1557/1340 285/1556/1340 321/1567/1340 324/1566/1340
f 827/1642/1341 828/1643/1341 663/1644/1341 655/1645/1341
f 288/1563/1342 312/1562/1342 327/1646/1342 328/1647/1342
f 809/1610/1343 828/1643/1343 827/1642/1343 791/1611/1343
f 283/1603/1344 316/1602/1344 326/1605/1344 323/1604/1344
f 312/1562/1345 430/1648/1345 325/1649/1345 327/1646/1345
f 317/1601/1346 282/1600/1346 329/1650/1346 281/1651/1346
f 368/1652/1347 410/1653/1347 466/1654/1347 413/1655/1347
f 496/1656/1348 348/1657/1348 344/1658/1348 345/1659/1348
f 492/1660/1349 494/1661/1350 489/1662/1350 330/1663/1349
f 707/1664/1351 859/1665/1351 701/1666/1351 864/1667/1351
f 806/1668/1352 812/1669/1352 754/1670/1352 795/1671/1352
f 779/1672/1353 838/1673/1353 839/1593/1353 810/1586/1353
f 351/1619/1354 491/1674/1354 461/1675/1354 306/1620/1354
f 794/1676/1355 841/1677/1355 837/1678/1355 805/1679/1355
f 347/1680/1356 343/1681/1356 344/1658/1356 348/1657/1356
f 343/1681/1357 339/1682/1357 340/1683/1357 344/1658/1357
f 339/1682/1358 354/1684/1358 355/1685/1358 340/1683/1358
f 431/1686/1359 894/1687/1359 899/1688/1359 435/1689/1359
f 365/1690/1360 464/1691/1360 408/1638/1360 407/1692/1360
f 773/1693/1361 774/1694/1361 724/1695/1361 722/1696/1361
f 751/1697/1362 750/1698/1362 714/1699/1362 698/1700/1362
f 816/1701/1363 888/1702/1363 892/1703/1363 826/1704/1363
f 360/1705/1364 391/1706/1364 478/1707/1364 364/1708/1364
f 337/1709/1365 338/1622/1365 408/1638/1365 464/1691/1365
f 417/1710/1366 468/1711/1366 356/1712/1366 355/1685/1366
f 361/1713/1367 480/1714/1367 391/1706/1367 360/1705/1367
f 369/1715/1368 370/1716/1368 372/1717/1368 371/1718/1368
f 371/1718/1369 372/1717/1369 374/1719/1369 373/1720/1369
f 341/1721/1370 340/1683/1370 355/1685/1370 356/1712/1370
f 340/1683/1371 341/1721/1371 345/1659/1371 344/1658/1371
f 797/1722/1372 682/1723/1372 679/1724/1372 808/1725/1372
f 383/1726/1373 377/1727/1373 376/1728/1373 417/1710/1373
f 431/1686/1374 432/1729/1374 896/1730/1374 894/1687/1374
f 898/1629/1375 801/1731/1375 800/1732/1375 895/1733/1375
f 455/1734/1376 459/1735/1376 458/1736/1376 451/1737/1376
f 380/1738/1377 381/1739/1377 385/1740/1377 384/1741/1377
f 853/1742/1378 911/1743/1378 813/1744/1378 814/1745/1378
f 744/1746/1379 879/1747/1379 881/1748/1379 746/1749/1379
f 406/1750/1380 440/1751/1380 439/1573/1380 411/1572/1380
f 444/1752/1381 442/1753/1381 387/1754/1381 386/1755/1381
f 841/1677/1382 754/1670/1382 812/1669/1382 837/1678/1382
f 751/1697/1383 698/1700/1383 701/1666/1383 859/1665/1383
f 475/1597/1384 426/1756/1384 444/1752/1384 472/1598/1384
f 829/1633/1385 862/1757/1385 861/1758/1385 830/1759/1385
f 280/1760/1386 388/1618/1386 307/1609/1386 305/1608/1386
f 485/1761/1387 505/1762/1387 497/1763/1387 335/1764/1387
f 380/1738/1388 373/1720/1388 374/1719/1388 381/1739/1388
f 501/1765/1389 371/1718/1389 373/1720/1389 500/1766/1389
f 502/1767/1390 369/1715/1390 371/1718/1390 501/1765/1390
f 498/1768/1391 401/1769/1391 400/1770/1391 499/1771/1391
f 838/1673/1392 779/1672/1392 738/1772/1392 835/1773/1392
f 474/1774/1393 476/1775/1393 403/1776/1393 404/1777/1393
f 379/1778/1394 398/1779/1394 399/1780/1394 382/1781/1394
f 352/1782/1395 396/1783/1395 397/1784/1395 353/1785/1395
f 396/1783/1396 352/1782/1396 357/1786/1396 395/1787/1396
f 394/1788/1397 395/1787/1397 357/1786/1397 377/1727/1397
f 393/1789/1398 343/1681/1398 347/1680/1398 392/1790/1398
f 462/1791/1399 280/1760/1399 305/1608/1399 309/1792/1399
f 439/1573/1400 428/1793/1400 390/1794/1400 445/1570/1400
f 469/1795/1401 409/1796/1401 366/1797/1401 474/1774/1401
f 471/1798/1402 472/1598/1402 444/1752/1402 386/1755/1402
f 414/1799/1403 379/1778/1403 382/1781/1403 465/1800/1403
f 415/1801/1404 353/1785/1404 379/1778/1404 414/1799/1404
f 420/1802/1405 352/1782/1405 353/1785/1405 415/1801/1405
f 420/1802/1406 372/1803/1406 370/1804/1406 416/1805/1406
f 416/1805/1407 370/1804/1407 375/1806/1407 419/1807/1407
f 419/1807/1408 375/1806/1408 368/1652/1408 413/1655/1408
f 724/1695/1409 774/1694/1409 775/1808/1409 831/1809/1409
f 412/1810/1410 471/1798/1410 468/1711/1410 378/1811/1410
f 429/1812/1411 428/1793/1411 439/1573/1411 440/1751/1411
f 437/1588/1412 410/1813/1412 409/1796/1412 438/1589/1412
f 342/1814/1413 393/1789/1413 392/1790/1413 346/1815/1413
f 694/1816/1414 831/1809/1414 775/1808/1414 695/1817/1414
f 829/1633/1415 637/1625/1415 860/1818/1415 862/1757/1415
f 406/1750/1416 407/1692/1416 441/1819/1416 440/1751/1416
f 377/1727/1417 357/1786/1417 358/1820/1417 376/1728/1417
f 739/1821/1418 778/1822/1418 773/1693/1418 722/1696/1418
f 776/1823/1419 805/1679/1419 837/1678/1419 836/1824/1419
f 692/1825/1420 865/1826/1420 878/1827/1420 853/1742/1420
f 369/1715/1421 367/1828/1421 375/1829/1421 370/1716/1421
f 400/1770/1422 401/1769/1422 365/1690/1422 363/1830/1422
f 388/1618/1423 495/1831/1423 496/1656/1423 351/1619/1423
f 349/1832/1424 350/1833/1424 432/1729/1424 431/1686/1424
f 350/1833/1425 493/1639/1425 433/1641/1425 432/1729/1425
f 349/1832/1426 431/1686/1426 435/1689/1426 389/1834/1426
f 376/1728/1427 358/1820/1427 359/1835/1427 378/1811/1427
f 718/1836/1428 772/1837/1428 833/1838/1428 780/1839/1428
f 422/1840/1429 436/1841/1429 418/1842/1429 467/1843/1429
f 381/1844/1430 414/1799/1430 465/1800/1430 385/1845/1430
f 796/1846/1431 807/1847/1431 806/1668/1431 795/1671/1431
f 773/1693/1432 778/1822/1432 806/1668/1432 807/1847/1432
f 911/1743/1433 910/1848/1433 901/1849/1433 813/1744/1433
f 379/1778/1434 353/1785/1434 397/1784/1434 398/1779/1434
f 446/1850/1435 448/1851/1435 900/1852/1435 901/1849/1435
f 814/1745/1436 816/1701/1436 826/1704/1436 825/1853/1436
f 692/1825/1437 853/1742/1437 814/1745/1437 691/1854/1437
f 448/1851/1438 446/1850/1438 447/1855/1438 449/1856/1438
f 389/1834/1439 435/1689/1439 453/1857/1439 450/1858/1439
f 435/1689/1440 899/1688/1440 902/1859/1440 453/1857/1440
f 450/1858/1441 453/1857/1441 457/1860/1441 454/1861/1441
f 451/1737/1442 452/1862/1442 456/1863/1442 455/1734/1442
f 486/1864/1443 450/1858/1443 454/1861/1443 487/1865/1443
f 374/1866/1444 415/1801/1444 414/1799/1444 381/1844/1444
f 372/1803/1445 420/1802/1445 415/1801/1445 374/1866/1445
f 352/1782/1446 420/1802/1446 416/1805/1446 357/1786/1446
f 357/1786/1447 416/1805/1447 419/1807/1447 358/1820/1447
f 358/1820/1448 419/1807/1448 413/1655/1448 359/1835/1448
f 796/1846/1449 797/1722/1449 808/1725/1449 807/1847/1449
f 376/1728/1450 378/1811/1450 468/1711/1450 417/1710/1450
f 354/1684/1451 383/1726/1451 417/1710/1451 355/1685/1451
f 366/1797/1452 367/1828/1452 476/1775/1452 474/1774/1452
f 422/1840/1453 425/1596/1454 443/1599/1455 436/1841/1455
f 869/1867/1456 877/1868/1456 846/1869/1456 723/1870/1456
f 497/1763/1457 505/1762/1457 479/1871/1457 336/1872/1457
f 478/1707/1458 504/1873/1458 498/1768/1458 364/1708/1458
f 488/1874/1459 490/1875/1459 349/1832/1459 389/1834/1459
f 488/1874/1460 389/1834/1460 450/1858/1460 486/1864/1460
f 333/1876/1461 332/1877/1461 452/1862/1461 451/1737/1461
f 484/1878/1462 348/1657/1462 496/1656/1462 495/1831/1462
f 452/1862/1463 486/1864/1463 487/1865/1463 456/1863/1463
f 332/1877/1464 331/1879/1464 490/1875/1464 488/1874/1464
f 332/1877/1465 488/1874/1465 486/1864/1465 452/1862/1465
f 519/1614/1466 520/1880/1466 1029/1881/1466 1030/1615/1466
f 491/1674/1467 351/1619/1467 496/1656/1467 345/1659/1467
f 349/1832/1468 490/1875/1468 489/1662/1468 350/1833/1468
f 387/1754/1469 491/1674/1469 345/1659/1469 341/1721/1469
f 494/1661/1350 493/1639/1470 350/1833/1470 489/1662/1350
f 331/1879/1471 330/1663/1471 489/1662/1471 490/1875/1471
f 401/1769/1472 477/1882/1472 464/1691/1472 365/1690/1472
f 498/1768/1473 504/1873/1473 477/1882/1473 401/1769/1473
f 878/1827/1474 912/1883/1474 911/1743/1474 853/1742/1474
f 485/1761/1475 447/1855/1475 446/1850/1475 523/1884/1475
f 826/1704/1476 892/1703/1476 890/1885/1476 822/1886/1476
f 392/1790/1477 482/1887/1477 481/1888/1477 346/1815/1477
f 347/1680/1478 483/1889/1478 482/1887/1478 392/1790/1478
f 348/1657/1479 484/1878/1479 483/1889/1479 347/1680/1479
f 432/1729/1480 433/1641/1480 895/1733/1480 896/1730/1480
f 453/1857/1481 902/1859/1481 903/1890/1481 457/1860/1481
f 312/1562/1482 315/1565/1482 429/1812/1482 430/1648/1482
f 315/1565/1483 313/1554/1483 428/1793/1483 429/1812/1483
f 313/1554/1484 284/1557/1484 390/1794/1484 428/1793/1484
f 284/1557/1485 324/1566/1485 473/1891/1485 390/1794/1485
f 311/1569/1486 427/1590/1486 473/1891/1486 324/1566/1486
f 311/1569/1487 319/1623/1487 423/1591/1487 427/1590/1487
f 319/1583/1488 320/1582/1488 467/1843/1488 423/1892/1488
f 314/1612/1489 422/1840/1489 467/1843/1489 320/1582/1489
f 318/1606/1326 425/1596/1454 422/1840/1453 314/1612/1327
f 318/1606/1490 326/1605/1490 475/1597/1490 425/1596/1490
f 316/1602/1491 426/1756/1491 475/1597/1491 326/1605/1491
f 316/1602/1492 317/1601/1492 424/1893/1492 426/1756/1492
f 281/1651/1493 460/1894/1493 424/1893/1493 317/1601/1493
f 367/1828/1494 369/1715/1494 502/1767/1494 503/1895/1494
f 465/1800/1495 382/1781/1495 506/1896/1495 510/1897/1495
f 720/1898/1496 719/1899/1496 755/1900/1497 848/1901/1498
f 385/1845/1499 465/1800/1499 510/1897/1499 508/1902/1499
f 384/1741/1500 385/1740/1500 508/1903/1500 507/1904/1500
f 382/1781/1501 399/1780/1501 509/1905/1501 506/1896/1501
f 487/1865/1502 454/1861/1502 513/1906/1502 517/1907/1502
f 447/1855/1503 458/1736/1503 459/1735/1503 449/1856/1503
f 457/1860/1504 915/1908/1504 513/1906/1504 454/1861/1504
f 448/1851/1505 449/1856/1505 512/1909/1505 511/1910/1505
f 900/1852/1506 448/1851/1506 511/1910/1506 913/1911/1506
f 455/1734/1507 456/1863/1507 515/1912/1507 514/1913/1507
f 457/1860/1508 903/1890/1508 914/1914/1508 915/1908/1508
f 456/1863/1509 487/1865/1509 517/1907/1509 515/1912/1509
f 484/1878/1510 495/1831/1510 492/1660/1510 330/1663/1510
f 330/1663/1511 331/1879/1511 483/1889/1511 484/1878/1511
f 331/1879/1512 332/1877/1512 482/1887/1512 483/1889/1512
f 332/1877/1513 333/1876/1513 481/1888/1513 482/1887/1513
f 690/1915/1514 788/1916/1514 825/1853/1514 818/1917/1514
f 336/1872/1515 477/1882/1515 504/1873/1515 497/1763/1515
f 336/1872/1516 337/1709/1516 464/1691/1516 477/1882/1516
f 281/1651/1517 295/1580/1517 298/1579/1517 460/1894/1517
f 329/1650/1518 292/1918/1518 295/1580/1518 281/1651/1518
f 679/1724/1519 909/1919/1519 695/1817/1519 775/1808/1519
f 303/1607/1520 286/1613/1520 528/1920/1520 535/1921/1520
f 285/1556/1521 291/1555/1521 533/1922/1521 527/1923/1521
f 288/1563/1522 328/1647/1522 539/1924/1522 530/1925/1522
f 286/1613/1523 304/1585/1523 536/1926/1523 528/1920/1523
f 291/1555/1524 287/1564/1524 529/1927/1524 533/1922/1524
f 329/1650/1525 282/1600/1525 525/1928/1525 540/1929/1525
f 282/1600/1526 283/1603/1526 526/1930/1526 525/1928/1526
f 290/1624/1527 289/1568/1527 531/1931/1527 532/1932/1527
f 287/1564/1528 288/1563/1528 530/1925/1528 529/1927/1528
f 292/1918/1529 329/1650/1529 540/1929/1529 534/1933/1529
f 304/1585/1530 290/1584/1530 532/1934/1530 536/1926/1530
f 283/1603/1531 323/1604/1531 538/1935/1531 526/1930/1531
f 289/1568/1532 321/1567/1532 537/1936/1532 531/1931/1532
f 321/1567/1533 285/1556/1533 527/1923/1533 537/1936/1533
f 323/1604/1534 303/1607/1534 535/1921/1534 538/1935/1534
f 538/1935/1535 535/1921/1535 551/1937/1535 554/1938/1535
f 530/1925/1536 539/1924/1536 555/1939/1536 546/1940/1536
f 528/1920/1537 536/1926/1537 552/1941/1537 544/1942/1537
f 534/1933/1538 540/1929/1538 556/1943/1538 550/1944/1538
f 533/1922/1539 529/1927/1539 545/1945/1539 549/1946/1539
f 540/1929/1540 525/1928/1540 541/1947/1540 556/1943/1540
f 532/1932/1541 531/1931/1541 547/1948/1541 548/1949/1541
f 527/1923/1542 533/1922/1542 549/1946/1542 543/1950/1542
f 537/1936/1543 527/1923/1543 543/1950/1543 553/1951/1543
f 525/1928/1544 526/1930/1544 542/1952/1544 541/1947/1544
f 529/1927/1545 530/1925/1545 546/1940/1545 545/1945/1545
f 531/1931/1546 537/1936/1546 553/1951/1546 547/1948/1546
f 526/1930/1547 538/1935/1547 554/1938/1547 542/1952/1547
f 535/1921/1548 528/1920/1548 544/1942/1548 551/1937/1548
f 536/1926/1549 532/1934/1549 548/1953/1549 552/1941/1549
f 550/1944/1550 556/1943/1550 572/1954/1550 566/1955/1550
f 549/1946/1551 545/1945/1551 561/1956/1551 565/1957/1551
f 556/1943/1552 541/1947/1552 557/1958/1552 572/1954/1552
f 548/1949/1553 547/1948/1553 563/1959/1553 564/1960/1553
f 543/1950/1554 549/1946/1554 565/1957/1554 559/1961/1554
f 553/1951/1555 543/1950/1555 559/1961/1555 569/1962/1555
f 541/1947/1556 542/1952/1556 558/1963/1556 557/1958/1556
f 545/1945/1557 546/1940/1557 562/1964/1557 561/1956/1557
f 547/1948/1558 553/1951/1558 569/1962/1558 563/1959/1558
f 542/1952/1559 554/1938/1559 570/1965/1559 558/1963/1559
f 551/1937/1560 544/1942/1560 560/1966/1560 567/1967/1560
f 552/1941/1561 548/1953/1561 564/1968/1561 568/1969/1561
f 554/1938/1562 551/1937/1562 567/1967/1562 570/1965/1562
f 546/1940/1563 555/1939/1563 571/1970/1563 562/1964/1563
f 544/1942/1564 552/1941/1564 568/1969/1564 560/1966/1564
f 565/1957/1565 561/1956/1565 577/1971/1565 581/1972/1565
f 572/1954/1566 557/1958/1566 573/1973/1566 588/1974/1566
f 564/1960/1567 563/1959/1567 579/1975/1567 580/1976/1567
f 559/1961/1568 565/1957/1568 581/1972/1568 575/1977/1568
f 569/1962/1569 559/1961/1569 575/1977/1569 585/1978/1569
f 557/1958/1570 558/1963/1570 574/1979/1570 573/1973/1570
f 561/1956/1571 562/1964/1571 578/1980/1571 577/1971/1571
f 563/1959/1572 569/1962/1572 585/1978/1572 579/1975/1572
f 558/1963/1573 570/1965/1573 586/1981/1573 574/1979/1573
f 567/1967/1574 560/1966/1574 576/1982/1574 583/1983/1574
f 568/1969/1575 564/1968/1575 580/1984/1575 584/1985/1575
f 570/1965/1576 567/1967/1576 583/1983/1576 586/1981/1576
f 562/1964/1577 571/1970/1577 587/1986/1577 578/1980/1577
f 560/1966/1578 568/1969/1578 584/1985/1578 576/1982/1578
f 566/1955/1579 572/1954/1579 588/1974/1579 582/1987/1579
f 580/1976/1580 579/1975/1580 595/1988/1580 596/1989/1580
f 575/1977/1581 581/1972/1581 597/1990/1581 591/1991/1581
f 585/1978/1582 575/1977/1582 591/1991/1582 601/1992/1582
f 573/1973/1583 574/1979/1583 590/1993/1583 589/1994/1583
f 577/1971/1584 578/1980/1584 594/1995/1584 593/1996/1584
f 579/1975/1585 585/1978/1585 601/1992/1585 595/1988/1585
f 574/1979/1586 586/1981/1586 602/1997/1586 590/1993/1586
f 583/1983/1587 576/1982/1587 592/1998/1587 599/1999/1587
f 584/1985/1588 580/1984/1588 596/2000/1588 600/2001/1588
f 586/1981/1589 583/1983/1589 599/1999/1589 602/1997/1589
f 578/1980/1590 587/1986/1590 603/2002/1590 594/1995/1590
f 576/1982/1591 584/1985/1591 600/2001/1591 592/1998/1591
f 582/1987/1592 588/1974/1592 604/2003/1592 598/2004/1592
f 581/1972/1593 577/1971/1593 593/1996/1593 597/1990/1593
f 588/1974/1594 573/1973/1594 589/1994/1594 604/2003/1594
f 589/1994/1595 590/1993/1595 606/2005/1595 605/2006/1595
f 593/1996/1596 594/1995/1596 610/2007/1596 609/2008/1596
f 595/1988/1597 601/1992/1597 617/2009/1597 611/2010/1597
f 590/1993/1598 602/1997/1598 618/2011/1598 606/2005/1598
f 599/1999/1599 592/1998/1599 608/2012/1599 615/2013/1599
f 600/2001/1600 596/2000/1600 612/2014/1600 616/2015/1600
f 594/1995/1601 603/2002/1601 619/2016/1601 610/2007/1601
f 602/1997/1602 599/1999/1602 615/2013/1602 618/2011/1602
f 592/1998/1603 600/2001/1603 616/2015/1603 608/2012/1603
f 598/2004/1604 604/2003/1604 620/2017/1604 614/2018/1604
f 597/1990/1605 593/1996/1605 609/2008/1605 613/2019/1605
f 604/2003/1606 589/1994/1606 605/2006/1606 620/2017/1606
f 596/1989/1607 595/1988/1607 611/2010/1607 612/2020/1607
f 601/1992/1608 591/1991/1608 607/2021/1608 617/2009/1608
f 591/1991/1609 597/1990/1609 613/2019/1609 607/2021/1609
f 609/2008/1610 610/2007/1610 626/2022/1610 625/2023/1610
f 611/2010/1611 617/2009/1611 633/2024/1611 627/2025/1611
f 606/2005/1612 618/2011/1612 634/2026/1612 622/2027/1612
f 615/2013/1613 608/2012/1613 624/2028/1613 631/2029/1613
f 616/2015/1614 612/2014/1614 628/2030/1614 632/2031/1614
f 610/2007/1615 619/2016/1615 635/2032/1615 626/2022/1615
f 618/2011/1616 615/2013/1616 631/2029/1616 634/2026/1616
f 608/2012/1617 616/2015/1617 632/2031/1617 624/2028/1617
f 614/2018/1618 620/2017/1618 636/2033/1618 630/2034/1618
f 613/2019/1619 609/2008/1619 625/2023/1619 629/2035/1619
f 620/2017/1620 605/2006/1620 621/2036/1620 636/2033/1620
f 612/2020/1621 611/2010/1621 627/2025/1621 628/2037/1621
f 617/2009/1622 607/2021/1622 623/2038/1622 633/2024/1622
f 607/2021/1623 613/2019/1623 629/2035/1623 623/2038/1623
f 605/2006/1624 606/2005/1624 622/2027/1624 621/2036/1624
f 714/1699/1625 750/1698/1625 838/1673/1625 835/1773/1625
f 441/1819/1626 407/1692/1626 408/1638/1626 322/1637/1626
f 520/1880/1627 524/2039/1628 1028/2040/1629 1029/1881/1627
f 336/1872/1630 479/1871/1630 520/1880/1630 337/1709/1630
f 505/1762/1631 524/2039/1631 520/1880/1631 479/1871/1631
f 670/2041/1632 641/2042/1632 642/2043/1632 648/2044/1632
f 306/1620/1633 461/1675/1633 460/1894/1633 298/1579/1633
f 669/2045/1634 672/2046/1634 644/2047/1634 645/2048/1634
f 681/2049/1635 668/2050/1635 646/2051/1635 678/2052/1635
f 752/1628/1636 664/1627/1636 663/1644/1636 707/1664/1636
f 658/2053/1637 650/2054/1637 653/2055/1637 654/2056/1637
f 656/2057/1638 651/2058/1638 652/2059/1638 655/1645/1638
f 672/2046/1639 670/2041/1639 648/2044/1639 644/2047/1639
f 654/2056/1640 653/2055/1640 651/2058/1640 656/2057/1640
f 677/2060/1641 661/2061/1641 647/2062/1641 676/2063/1641
f 308/1631/1642 310/2064/1642 302/2065/1642 300/2066/1642
f 307/1609/1643 306/1620/1643 298/1579/1643 299/1578/1643
f 667/2067/1644 659/2068/1644 658/2053/1644 666/1634/1644
f 322/1637/1645 522/1621/1645 521/2069/1645 325/1649/1645
f 639/2070/1646 640/2071/1646 673/2072/1646 674/2073/1646
f 680/2074/1647 660/2075/1647 675/2076/1647 683/2077/1647
f 427/1590/1648 438/1589/1648 470/2078/1648 473/1891/1648
f 309/1792/1649 305/1608/1649 297/1575/1649 301/1574/1649
f 675/2076/1650 660/2075/1650 643/2079/1650 671/2080/1650
f 909/1919/1651 897/1636/1651 906/1635/1651 695/1817/1651
f 434/1630/1652 463/1640/1652 310/2064/1652 308/1631/1652
f 836/1824/1653 837/1678/1653 812/1669/1653 768/2081/1653
f 676/2082/1654 647/2083/1654 646/2051/1654 668/2050/1654
f 804/2084/1655 805/1679/1655 776/1823/1655 777/2085/1655
f 830/1759/1656 667/2067/1656 666/1634/1656 829/1633/1656
f 463/1640/1657 462/1791/1657 309/1792/1657 310/2064/1657
f 905/1632/1658 308/1631/1658 300/2066/1658 904/2086/1658
f 838/1673/1659 750/1698/1659 811/1594/1659 839/1593/1659
f 906/1635/1660 1030/1615/1660 1029/1881/1660 907/2087/1660
f 671/2080/1661 643/2079/1661 661/2061/1661 677/2060/1661
f 641/2042/1662 681/2049/1662 678/2052/1662 642/2043/1662
f 430/1648/1663 441/1819/1663 322/1637/1663 325/1649/1663
f 645/2048/1664 685/2088/1664 684/2089/1664 669/2045/1664
f 665/2090/1665 657/2091/1665 659/2068/1665 667/2067/1665
f 640/2071/1666 680/2074/1666 683/2077/1666 673/2072/1666
f 669/2045/1667 684/2089/1667 682/1723/1667 797/1722/1667
f 674/2073/1668 638/2092/1668 686/2093/1668 639/2070/1668
f 776/1823/1669 836/1824/1669 842/2094/1669 726/2095/1669
f 405/2096/1670 412/1810/1670 378/1811/1670 359/1835/1670
f 864/1667/1671 701/1666/1671 700/2097/1671 704/2098/1671
f 860/1818/1672 687/2099/1672 857/2100/1672 862/1757/1672
f 359/1835/1673 413/1655/1673 466/1654/1673 405/2096/1673
f 905/1632/1674 904/2086/1674 657/2091/1674 665/2090/1674
f 387/1754/1675 442/1753/1675 461/1675/1675 491/1674/1675
f 412/1810/1676 405/2096/1676 436/1841/1676 443/1599/1676
f 898/1629/1677 905/1632/1677 665/2090/1677 801/1731/1677
f 703/2101/1678 704/2098/1678 700/2097/1678 699/2102/1678
f 699/2102/1679 700/2097/1679 697/2103/1679 696/2104/1679
f 696/2104/1680 697/2103/1680 713/2105/1680 712/2106/1680
f 771/2107/1681 739/1821/1681 769/2108/1681 770/2109/1681
f 769/2108/1682 739/1821/1682 722/1696/1682 766/2110/1682
f 798/2111/1683 802/2112/1683 899/1688/1683 894/1687/1683
f 404/1777/1684 402/1571/1684 469/1795/1684 474/1774/1684
f 462/1791/1685 494/1661/1685 492/1660/1685 280/1760/1685
f 906/1635/1686 907/2087/1686 694/1816/1686 695/1817/1686
f 788/1916/1687 691/1854/1687 814/1745/1687 825/1853/1687
f 719/1899/1688 723/1870/1688 846/1869/1688 755/1900/1688
f 334/2113/1689 391/1706/1689 480/1714/1689 421/2114/1689
f 337/1709/1690 520/1880/1690 519/1614/1690 338/1622/1690
f 721/2115/1691 723/1870/1691 719/1899/1691 725/2116/1691
f 784/2117/1692 713/2105/1692 714/1699/1692 835/1773/1692
f 729/2118/1693 731/2119/1693 732/2120/1693 730/2121/1693
f 731/2119/1694 733/2122/1694 734/2123/1694 732/2120/1694
f 698/1700/1695 714/1699/1695 713/2105/1695 697/2103/1695
f 697/2103/1696 700/2097/1696 701/1666/1696 698/1700/1696
f 792/1587/1697 810/1586/1697 839/1593/1697 843/1592/1697
f 747/2124/1698 784/2117/1698 736/2125/1698 737/2126/1698
f 798/2111/1699 894/1687/1699 896/1730/1699 799/2127/1699
f 752/1628/1700 707/1664/1700 864/1667/1700 863/2128/1700
f 822/1886/1701 818/1917/1701 825/1853/1701 826/1704/1701
f 702/2129/1702 720/1898/1702 848/1901/1702 849/2130/1702
f 742/2131/1703 748/2132/1703 749/2133/1703 743/2134/1703
f 421/2114/1704 458/1736/1704 447/1855/1704 334/2113/1704
f 801/1731/1705 665/2090/1705 667/2067/1705 830/1759/1705
f 785/1560/1706 804/2135/1706 777/2136/1706 833/1838/1706
f 442/1753/1707 424/1893/1707 460/1894/1707 461/1675/1707
f 666/1634/1708 658/2053/1708 654/2056/1708 662/1626/1708
f 739/1821/1709 771/2107/1709 768/2081/1709 778/1822/1709
f 662/1626/1710 654/2056/1710 656/2057/1710 664/1627/1710
f 863/2128/1711 860/1818/1711 637/1625/1711 752/1628/1711
f 859/1665/1712 707/1664/1712 663/1644/1712 828/1643/1712
f 742/2131/1713 743/2134/1713 734/2123/1713 733/2122/1713
f 873/2137/1714 872/2138/1714 733/2122/1714 731/2119/1714
f 872/2138/1715 871/2139/1715 742/2131/1715 733/2122/1715
f 721/2115/1716 870/2140/1716 869/1867/1716 723/1870/1716
f 874/2141/1717 873/2137/1717 731/2119/1717 729/2118/1717
f 755/1900/1718 846/1869/1718 692/1825/1718 691/1854/1718
f 869/1867/1719 870/2140/1719 766/2110/1719 767/2142/1719
f 779/1672/1720 772/1837/1720 718/1836/1720 738/1772/1720
f 842/2094/1721 771/2107/1721 770/2109/1721 844/2143/1721
f 741/2144/1722 745/2145/1722 765/2146/1722 764/2147/1722
f 709/2148/1723 711/2149/1723 763/2150/1723 762/2151/1723
f 762/2151/1724 761/2152/1724 716/2153/1724 709/2148/1724
f 760/2154/1725 737/2126/1725 716/2153/1725 761/2152/1725
f 840/2155/1726 759/2156/1726 712/2106/1726 747/2124/1726
f 764/2147/1727 765/2146/1727 744/1746/1727 740/2157/1727
f 762/2151/1728 763/2150/1728 710/2158/1728 708/2159/1728
f 696/2104/1729 712/2106/1729 759/2156/1729 758/2160/1729
f 708/2159/1730 715/2161/1730 761/2152/1730 762/2151/1730
f 758/2160/1731 757/2162/1731 699/2102/1731 696/2104/1731
f 757/2162/1732 756/2163/1732 703/2101/1732 699/2102/1732
f 779/1672/1733 810/1586/1733 803/1561/1733 772/1837/1733
f 664/1627/1734 656/2057/1734 655/1645/1734 663/1644/1734
f 898/1629/1735 895/1733/1735 433/1641/1735 434/1630/1735
f 418/1842/1736 466/1654/1736 410/1653/1736 437/2164/1736
f 781/2165/1737 832/2166/1737 745/2145/1737 741/2144/1737
f 782/2167/1738 781/2165/1738 741/2144/1738 711/2149/1738
f 787/2168/1739 782/2167/1739 711/2149/1739 709/2148/1739
f 787/2168/1740 783/2169/1740 730/2170/1740 732/2171/1740
f 783/2169/1741 786/2172/1741 735/2173/1741 730/2170/1741
f 786/2172/1742 780/1839/1742 728/2174/1742 735/2173/1742
f 801/1731/1743 830/1759/1743 861/1758/1743 800/1732/1743
f 387/1754/1744 341/1721/1744 356/1712/1744 386/1755/1744
f 310/2064/1745 309/1792/1745 301/1574/1745 302/2065/1745
f 773/1693/1746 807/1847/1746 808/1725/1746 774/1694/1746
f 495/1831/1747 388/1618/1747 280/1760/1747 492/1660/1747
f 728/2175/1748 777/2085/1748 776/1823/1748 726/2095/1748
f 811/1594/1749 750/1698/1749 751/1697/1749 809/1610/1749
f 737/2126/1750 736/2125/1750 717/2176/1750 716/2153/1750
f 493/1639/1751 494/1661/1751 462/1791/1751 463/1640/1751
f 803/1561/1752 785/1560/1752 833/1838/1752 772/1837/1752
f 726/2095/1753 727/2177/1753 735/2178/1753 728/2175/1753
f 729/2118/1754 730/2121/1754 735/2178/1754 727/2177/1754
f 766/2110/1755 722/1696/1755 724/1695/1755 767/2142/1755
f 705/2179/1756 798/2111/1756 799/2127/1756 706/2180/1756
f 706/2180/1757 799/2127/1757 800/1732/1757 861/1758/1757
f 705/2179/1758 753/2181/1758 802/2112/1758 798/2111/1758
f 736/2125/1759 738/1772/1759 718/1836/1759 717/2176/1759
f 877/1868/1760 865/1826/1760 692/1825/1760 846/1869/1760
f 908/2182/1761 909/1919/1761 679/1724/1761 682/1723/1761
f 743/2183/1762 749/2184/1762 832/2166/1762 781/2165/1762
f 426/1756/1763 424/1893/1763 442/1753/1763 444/1752/1763
f 436/1841/1764 405/2096/1764 466/1654/1764 418/1842/1764
f 912/1883/1765 1028/2040/1765 910/1848/1765 911/1743/1765
f 524/2039/1766 505/1762/1766 485/1761/1766 523/1884/1766
f 741/2144/1767 764/2147/1767 763/2150/1767 711/2149/1767
f 710/2158/1768 763/2150/1768 764/2147/1768 740/2157/1768
f 813/1744/1769 901/1849/1769 900/1852/1769 815/2185/1769
f 449/1856/1770 459/1735/1770 516/2186/1770 512/1909/1770
f 815/2185/1771 816/1701/1771 814/1745/1771 813/1744/1771
f 753/2181/1772 817/2187/1772 820/2188/1772 802/2112/1772
f 346/1815/1773 481/1888/1773 480/1714/1773 361/1713/1773
f 802/2112/1774 820/2188/1774 902/1859/1774 899/1688/1774
f 817/2187/1775 821/2189/1775 824/2190/1775 820/2188/1775
f 818/1917/1776 822/1886/1776 823/2191/1776 819/2192/1776
f 854/2193/1777 855/2194/1777 821/2189/1777 817/2187/1777
f 848/1901/1778 788/1916/1778 690/1915/1778 849/2130/1778
f 412/1810/1779 443/1599/1779 472/1598/1779 471/1798/1779
f 429/1812/1780 440/1751/1780 441/1819/1780 430/1648/1780
f 734/2195/1781 743/2183/1781 781/2165/1781 782/2167/1781
f 732/2171/1782 734/2195/1782 782/2167/1782 787/2168/1782
f 709/2148/1783 716/2153/1783 783/2169/1783 787/2168/1783
f 716/2153/1784 717/2176/1784 786/2172/1784 783/2169/1784
f 717/2176/1785 718/1836/1785 780/1839/1785 786/2172/1785
f 736/2125/1786 784/2117/1786 835/1773/1786 738/1772/1786
f 712/2106/1787 713/2105/1787 784/2117/1787 747/2124/1787
f 458/1736/1788 421/2114/1788 333/1876/1788 451/1737/1788
f 726/2095/1789 842/2094/1789 844/2143/1789 727/2177/1789
f 760/2154/1790 840/2155/1790 747/2124/1790 737/2126/1790
f 467/1843/1791 418/1842/1791 437/2164/1791 423/1892/1791
f 865/1826/1792 693/2196/1792 847/2197/1792 878/1827/1792
f 335/1764/1793 497/1763/1793 504/1873/1793 478/1707/1793
f 856/2198/1794 753/2181/1794 705/2179/1794 858/2199/1794
f 856/2198/1795 854/2193/1795 817/2187/1795 753/2181/1795
f 690/1915/1796 818/1917/1796 819/2192/1796 689/2200/1796
f 852/2201/1797 863/2128/1797 864/1667/1797 704/2098/1797
f 819/2192/1798 823/2191/1798 855/2194/1798 854/2193/1798
f 689/2200/1799 856/2198/1799 858/2199/1799 688/2202/1799
f 689/2200/1800 819/2192/1800 854/2193/1800 856/2198/1800
f 836/1824/1801 768/2081/1801 771/2107/1801 842/2094/1801
f 705/2179/1802 706/2180/1802 857/2100/1802 858/2199/1802
f 356/1712/1803 468/1711/1803 471/1798/1803 386/1755/1803
f 862/1757/1804 857/2100/1804 706/2180/1804 861/1758/1804
f 688/2202/1805 858/2199/1805 857/2100/1805 687/2099/1805
f 767/2142/1806 724/1695/1806 831/1809/1806 845/2203/1806
f 869/1867/1807 767/2142/1807 845/2203/1807 877/1868/1807
f 524/2039/1628 523/1884/1808 910/1848/1808 1028/2040/1629
f 523/1884/1809 446/1850/1809 901/1849/1809 910/1848/1809
f 459/1735/1810 455/1734/1810 514/1913/1810 516/2186/1810
f 756/2163/1811 702/2129/1811 849/2130/1811 850/2204/1811
f 703/2101/1812 756/2163/1812 850/2204/1812 851/2205/1812
f 704/2098/1813 703/2101/1813 851/2205/1813 852/2201/1813
f 799/2127/1814 896/1730/1814 895/1733/1814 800/1732/1814
f 820/2188/1815 824/2190/1815 903/1890/1815 902/1859/1815
f 669/2045/1816 797/1722/1816 796/1846/1816 672/2046/1816
f 672/2046/1817 796/1846/1817 795/1671/1817 670/2041/1817
f 670/2041/1818 795/1671/1818 754/1670/1818 641/2042/1818
f 641/2042/1819 754/1670/1819 841/1677/1819 681/2049/1819
f 668/2050/1820 681/2049/1820 841/1677/1820 794/1676/1820
f 676/2063/1821 790/2206/1821 834/1559/1821 677/2060/1821
f 671/2080/1822 677/2060/1822 834/1559/1822 789/1558/1822
f 675/2076/1823 671/2080/1823 789/1558/1823 792/1587/1823
f 675/2076/1824 792/1587/1824 843/1592/1824 683/2077/1824
f 673/2072/1825 683/2077/1825 843/1592/1825 793/1595/1825
f 673/2072/1826 793/1595/1826 791/1611/1826 674/2073/1826
f 638/2092/1827 674/2073/1827 791/1611/1827 827/1642/1827
f 748/2132/1828 742/2131/1828 871/2139/1828 866/2207/1828
f 769/2108/1829 766/2110/1829 870/2140/1829 868/2208/1829
f 727/2177/1830 875/2209/1830 874/2141/1830 729/2118/1830
f 844/2143/1831 876/2210/1831 875/2209/1831 727/2177/1831
f 770/2109/1832 867/2211/1832 876/2210/1832 844/2143/1832
f 866/2207/1833 886/2212/1833 882/2213/1833 748/2132/1833
f 832/2166/1834 885/2214/1834 880/2215/1834 745/2145/1834
f 335/1764/1835 334/2113/1835 447/1855/1835 485/1761/1835
f 749/2184/1836 883/2216/1836 885/2214/1836 832/2166/1836
f 333/1876/1837 421/2114/1837 480/1714/1837 481/1888/1837
f 748/2132/1838 882/2213/1838 883/2217/1838 749/2133/1838
f 364/1708/1839 498/1768/1839 499/1771/1839 362/2218/1839
f 745/2145/1840 880/2215/1840 884/2219/1840 765/2146/1840
f 765/2146/1841 884/2219/1841 879/1747/1841 744/1746/1841
f 855/2194/1842 893/2220/1842 889/2221/1842 821/2189/1842
f 755/1900/1497 691/1854/1843 788/1916/1843 848/1901/1498
f 1032/2222/1844 914/1914/1844 903/1890/1844 824/2190/1844
f 815/2185/1845 887/2223/1845 888/1702/1845 816/1701/1845
f 900/1852/1846 913/1911/1846 887/2223/1846 815/2185/1846
f 822/1886/1847 890/1885/1847 891/2224/1847 823/2191/1847
f 1032/2222/1848 824/2190/1848 821/2189/1848 889/2221/1848
f 823/2191/1849 891/2224/1849 893/2220/1849 855/2194/1849
f 852/2201/1850 687/2099/1850 860/1818/1850 863/2128/1850
f 687/2099/1851 852/2201/1851 851/2205/1851 688/2202/1851
f 688/2202/1852 851/2205/1852 850/2204/1852 689/2200/1852
f 689/2200/1853 850/2204/1853 849/2130/1853 690/1915/1853
f 334/2113/1854 335/1764/1854 478/1707/1854 391/1706/1854
f 693/2196/1855 865/1826/1855 877/1868/1855 845/2203/1855
f 693/2196/1856 845/2203/1856 831/1809/1856 694/1816/1856
f 638/2092/1857 827/1642/1857 655/1645/1857 652/2059/1857
f 686/2093/1858 638/2092/1858 652/2059/1858 649/2225/1858
f 812/1669/1859 806/1668/1859 778/1822/1859 768/2081/1859
f 660/2075/1860 926/2226/1860 919/2227/1860 643/2079/1860
f 642/2043/1861 918/2228/1861 924/2229/1861 648/2044/1861
f 645/2048/1862 921/2230/1862 930/2231/1862 685/2088/1862
f 643/2079/1863 919/2227/1863 927/2232/1863 661/2061/1863
f 648/2044/1864 924/2229/1864 920/2233/1864 644/2047/1864
f 686/2093/1865 931/2234/1865 916/2235/1865 639/2070/1865
f 639/2070/1866 916/2235/1866 917/2236/1866 640/2071/1866
f 647/2083/1867 923/2237/1867 922/2238/1867 646/2051/1867
f 644/2047/1868 920/2233/1868 921/2230/1868 645/2048/1868
f 649/2225/1869 925/2239/1869 931/2234/1869 686/2093/1869
f 661/2061/1870 927/2232/1870 923/2240/1870 647/2062/1870
f 640/2071/1871 917/2236/1871 929/2241/1871 680/2074/1871
f 646/2051/1872 922/2238/1872 928/2242/1872 678/2052/1872
f 678/2052/1873 928/2242/1873 918/2228/1873 642/2043/1873
f 680/2074/1874 929/2241/1874 926/2226/1874 660/2075/1874
f 929/2241/1875 945/2243/1875 942/2244/1875 926/2226/1875
f 921/2230/1876 937/2245/1876 946/2246/1876 930/2231/1876
f 919/2227/1877 935/2247/1877 943/2248/1877 927/2232/1877
f 925/2239/1878 941/2249/1878 947/2250/1878 931/2234/1878
f 924/2229/1879 940/2251/1879 936/2252/1879 920/2233/1879
f 931/2234/1880 947/2250/1880 932/2253/1880 916/2235/1880
f 923/2237/1881 939/2254/1881 938/2255/1881 922/2238/1881
f 918/2228/1882 934/2256/1882 940/2251/1882 924/2229/1882
f 928/2242/1883 944/2257/1883 934/2256/1883 918/2228/1883
f 916/2235/1884 932/2253/1884 933/2258/1884 917/2236/1884
f 920/2233/1885 936/2252/1885 937/2245/1885 921/2230/1885
f 922/2238/1886 938/2255/1886 944/2257/1886 928/2242/1886
f 917/2236/1887 933/2258/1887 945/2243/1887 929/2241/1887
f 926/2226/1888 942/2244/1888 935/2247/1888 919/2227/1888
f 927/2232/1889 943/2248/1889 939/2259/1889 923/2240/1889
f 941/2249/1890 957/2260/1890 963/2261/1890 947/2250/1890
f 940/2251/1891 956/2262/1891 952/2263/1891 936/2252/1891
f 947/2250/1892 963/2261/1892 948/2264/1892 932/2253/1892
f 939/2254/1893 955/2265/1893 954/2266/1893 938/2255/1893
f 934/2256/1894 950/2267/1894 956/2262/1894 940/2251/1894
f 944/2257/1895 960/2268/1895 950/2267/1895 934/2256/1895
f 932/2253/1896 948/2264/1896 949/2269/1896 933/2258/1896
f 936/2252/1897 952/2263/1897 953/2270/1897 937/2245/1897
f 938/2255/1898 954/2266/1898 960/2268/1898 944/2257/1898
f 933/2258/1899 949/2269/1899 961/2271/1899 945/2243/1899
f 942/2244/1900 958/2272/1900 951/2273/1900 935/2247/1900
f 943/2248/1901 959/2274/1901 955/2275/1901 939/2259/1901
f 945/2243/1902 961/2271/1902 958/2272/1902 942/2244/1902
f 937/2245/1903 953/2270/1903 962/2276/1903 946/2246/1903
f 935/2247/1904 951/2273/1904 959/2274/1904 943/2248/1904
f 956/2262/1905 972/2277/1905 968/2278/1905 952/2263/1905
f 963/2261/1906 979/2279/1906 964/2280/1906 948/2264/1906
f 955/2265/1907 971/2281/1907 970/2282/1907 954/2266/1907
f 950/2267/1908 966/2283/1908 972/2277/1908 956/2262/1908
f 960/2268/1909 976/2284/1909 966/2283/1909 950/2267/1909
f 948/2264/1910 964/2280/1910 965/2285/1910 949/2269/1910
f 952/2263/1911 968/2278/1911 969/2286/1911 953/2270/1911
f 954/2266/1912 970/2282/1912 976/2284/1912 960/2268/1912
f 949/2269/1913 965/2285/1913 977/2287/1913 961/2271/1913
f 958/2272/1914 974/2288/1914 967/2289/1914 951/2273/1914
f 959/2274/1915 975/2290/1915 971/2291/1915 955/2275/1915
f 961/2271/1916 977/2287/1916 974/2288/1916 958/2272/1916
f 953/2270/1917 969/2286/1917 978/2292/1917 962/2276/1917
f 951/2273/1918 967/2289/1918 975/2290/1918 959/2274/1918
f 957/2260/1919 973/2293/1919 979/2279/1919 963/2261/1919
f 971/2281/1920 987/2294/1920 986/2295/1920 970/2282/1920
f 966/2283/1921 982/2296/1921 988/2297/1921 972/2277/1921
f 976/2284/1922 992/2298/1922 982/2296/1922 966/2283/1922
f 964/2280/1923 980/2299/1923 981/2300/1923 965/2285/1923
f 968/2278/1924 984/2301/1924 985/2302/1924 969/2286/1924
f 970/2282/1925 986/2295/1925 992/2298/1925 976/2284/1925
f 965/2285/1926 981/2300/1926 993/2303/1926 977/2287/1926
f 974/2288/1927 990/2304/1927 983/2305/1927 967/2289/1927
f 975/2290/1928 991/2306/1928 987/2307/1928 971/2291/1928
f 977/2287/1929 993/2303/1929 990/2304/1929 974/2288/1929
f 969/2286/1930 985/2302/1930 994/2308/1930 978/2292/1930
f 967/2289/1931 983/2305/1931 991/2306/1931 975/2290/1931
f 973/2293/1932 989/2309/1932 995/2310/1932 979/2279/1932
f 972/2277/1933 988/2297/1933 984/2301/1933 968/2278/1933
f 979/2279/1934 995/2310/1934 980/2299/1934 964/2280/1934
f 980/2299/1935 996/2311/1935 997/2312/1935 981/2300/1935
f 984/2301/1936 1000/2313/1936 1001/2314/1936 985/2302/1936
f 986/2295/1937 1002/2315/1937 1008/2316/1937 992/2298/1937
f 981/2300/1938 997/2312/1938 1009/2317/1938 993/2303/1938
f 990/2304/1939 1006/2318/1939 999/2319/1939 983/2305/1939
f 991/2306/1940 1007/2320/1940 1003/2321/1940 987/2307/1940
f 985/2302/1941 1001/2314/1941 1010/2322/1941 994/2308/1941
f 993/2303/1942 1009/2317/1942 1006/2318/1942 990/2304/1942
f 983/2305/1943 999/2319/1943 1007/2320/1943 991/2306/1943
f 989/2309/1944 1005/2323/1944 1011/2324/1944 995/2310/1944
f 988/2297/1945 1004/2325/1945 1000/2313/1945 984/2301/1945
f 995/2310/1946 1011/2324/1946 996/2311/1946 980/2299/1946
f 987/2294/1947 1003/2326/1947 1002/2315/1947 986/2295/1947
f 992/2298/1948 1008/2316/1948 998/2327/1948 982/2296/1948
f 982/2296/1949 998/2327/1949 1004/2325/1949 988/2297/1949
f 1000/2313/1950 1016/2328/1950 1017/2329/1950 1001/2314/1950
f 1002/2315/1951 1018/2330/1951 1024/2331/1951 1008/2316/1951
f 997/2312/1952 1013/2332/1952 1025/2333/1952 1009/2317/1952
f 1006/2318/1953 1022/2334/1953 1015/2335/1953 999/2319/1953
f 1007/2320/1954 1023/2336/1954 1019/2337/1954 1003/2321/1954
f 1001/2314/1955 1017/2329/1955 1026/2338/1955 1010/2322/1955
f 1009/2317/1956 1025/2333/1956 1022/2334/1956 1006/2318/1956
f 999/2319/1957 1015/2335/1957 1023/2336/1957 1007/2320/1957
f 1005/2323/1958 1021/2339/1958 1027/2340/1958 1011/2324/1958
f 1004/2325/1959 1020/2341/1959 1016/2328/1959 1000/2313/1959
f 1011/2324/1960 1027/2340/1960 1012/2342/1961 996/2311/1962
f 1003/2326/1963 1019/2343/1963 1018/2330/1963 1002/2315/1963
f 1008/2316/1964 1024/2331/1964 1014/2344/1964 998/2327/1964
f 998/2327/1965 1014/2344/1965 1020/2341/1965 1004/2325/1965
f 996/2311/1962 1012/2342/1961 1013/2332/1966 997/2312/1966
f 833/1838/1967 777/2136/1967 728/2174/1967 780/1839/1967
f 751/1697/1968 859/1665/1968 828/1643/1968 809/1610/1968
f 907/2087/1969 1029/1881/1969 1028/2040/1969 912/1883/1969
f 693/2196/1970 694/1816/1970 907/2087/1970 847/2197/1970
f 878/1827/1971 847/2197/1971 907/2087/1971 912/1883/1971
f 808/1725/1972 679/1724/1972 775/1808/1972 774/1694/1972
f 406/1750/1973 363/1830/1973 365/1690/1973 407/1692/1973
usemtl Buttons.001
f 1218/2345/1974 1217/2346/1974 1222/2347/1974 1221/2348/1974
f 1217/2346/1975 1216/2349/1976 1227/2350/1975 1222/2347/1975
f 1197/2351/1977 1223/2352/1977 1227/2350/1977 1216/2349/1977
f 1195/2353/1978 1224/2354/1978 1223/2352/1978 1197/2351/1978
f 1229/2355/1979 1230/2356/1979 1224/2354/1979 1195/2353/1979
f 1226/2357/1980 1225/2358/1980 1193/2359/1980 1228/2360/1980
f 1193/2359/1981 1225/2358/1981 1230/2356/1981 1229/2355/1981
f 1196/2361/1982 1231/2362/1982 1228/2360/1982 1193/2359/1982
f 1333/2363/1983 1334/2364/1983 1231/2362/1983 1196/2361/1983
f 1219/2365/1984 1233/2366/1984 1232/2367/1984 1194/2368/1984
f 1198/2369/1985 1199/2370/1986 1233/2366/1985 1219/2365/1986
f 1210/2371/1987 1237/2372/1987 1236/511/1987 1209/2373/1987
f 1209/2373/1988 1236/511/1988 1235/510/1988 1208/2374/1988
f 1211/2375/1989 1238/2376/1989 1237/2372/1989 1210/2371/1989
f 1211/2375/1990 1212/2377/1991 1240/2378/1992 1238/2376/1990
f 1213/2379/1993 1239/2380/1993 1240/2378/1992 1212/2377/1991
f 1208/2374/1994 1235/510/1995 1234/2381/1994 1207/2382/1995
f 1239/2380/1996 1242/2383/1996 1241/2384/1996 1234/2381/1996
f 1206/2385/1997 1207/2382/1997 1234/2381/1997 1241/2384/1997
f 1213/2379/1998 1214/2386/1998 1242/2383/1998 1239/2380/1998
f 1205/2387/1999 1248/2388/1999 1247/480/1999 1204/479/1999
f 1248/2388/2000 1255/2389/2001 1254/493/2002 1247/480/2002
f 1255/2389/2003 1447/2390/2003 1446/500/2003 1254/493/2003
f 1233/2366/2004 1263/2391/2004 1262/2392/2004 1232/2367/2004
f 1334/2364/2005 1335/2393/2005 1261/2394/2005 1231/2362/2005
f 1231/2362/2006 1261/2394/2006 1260/2395/2006 1228/2360/2006
f 1228/2360/2007 1260/2395/2007 1259/2396/2007 1226/2357/2007
f 1226/2357/2008 1259/2396/2008 1258/2397/2008 1221/2348/2008
f 1221/2348/2009 1258/2397/2009 1257/2398/2009 1218/2345/2009
f 1263/2391/2010 1270/2399/2010 1269/2400/2010 1262/2392/2010
f 1335/2393/2011 1336/2401/2011 1268/2402/2011 1261/2394/2011
f 1261/2394/2012 1268/2402/2012 1267/2403/2012 1260/2395/2012
f 1260/2395/2013 1267/2403/2014 1266/2404/2013 1259/2396/2014
f 1259/2396/2015 1266/2404/2015 1265/2405/2015 1258/2397/2015
f 1258/2397/2016 1265/2405/2016 1264/2406/2016 1257/2398/2016
f 1270/2399/2017 1277/2407/2017 1276/2408/2017 1269/2400/2017
f 1336/2401/2018 1337/2409/2018 1275/2410/2018 1268/2402/2018
f 1268/2402/2019 1275/2410/2019 1274/2411/2019 1267/2403/2019
f 1267/2403/2020 1274/2411/2020 1273/2412/2020 1266/2404/2020
f 1266/2404/2021 1273/2412/2021 1272/2413/2021 1265/2405/2021
f 1265/2405/2022 1272/2413/2022 1271/2414/2022 1264/2406/2022
f 1277/2407/2023 1455/2415/2023 1454/2416/2023 1276/2408/2023
f 1337/2409/2024 1510/2417/2024 1453/2418/2024 1275/2410/2024
f 1275/2410/2025 1453/2418/2025 1452/2419/2025 1274/2411/2025
f 1274/2411/2026 1452/2419/2026 1451/2420/2026 1273/2412/2026
f 1273/2412/2027 1451/2420/2027 1450/2421/2027 1272/2413/2027
f 1272/2413/2028 1450/2421/2028 1449/2422/2028 1271/2414/2028
f 1242/2383/2029 1279/2423/2029 1278/2424/2029 1241/2384/2029
f 1205/2387/2030 1206/2385/2030 1241/2384/2030 1278/2424/2030
f 1215/2425/2031 1279/2423/2031 1242/2383/2031 1214/2386/2031
f 1215/2425/2032 1280/2426/2032 1282/2427/2032 1279/2423/2032
f 1279/2423/2033 1282/2427/2033 1281/2428/2033 1278/2424/2033
f 1280/2426/2034 1283/2429/2034 1285/2430/2034 1282/2427/2034
f 1282/2427/2035 1285/2430/2035 1284/2431/2035 1281/2428/2035
f 1283/2429/2036 1456/2432/2036 1458/2433/2036 1285/2430/2036
f 1285/2430/2037 1458/2433/2037 1457/2434/2037 1284/2431/2037
f 1255/2389/2001 1248/2388/2000 1281/2428/2038 1284/2431/2038
f 1447/2390/2039 1255/2389/2039 1284/2431/2039 1457/2434/2039
f 1248/2388/2040 1205/2387/2040 1278/2424/2040 1281/2428/2040
f 1199/2370/2041 1220/492/2041 1263/2391/2041 1233/2366/2041
f 1220/492/2042 1249/491/2042 1270/2399/2042 1263/2391/2042
f 1249/491/2043 1256/499/2043 1277/2407/2043 1270/2399/2043
f 1256/499/2044 1448/506/2044 1455/2415/2044 1277/2407/2044
f 1224/2354/2045 1230/2356/2045 1321/2435/2045 1316/2436/2045
f 1208/2374/2046 1207/2382/2046 1300/2437/2046 1301/2438/2046
f 1223/2352/2047 1224/2354/2047 1316/2436/2047 1315/2439/2047
f 1197/2351/2048 1216/2349/2048 1308/2440/2048 1290/2441/2048
f 1196/2361/2049 1193/2359/2049 1286/2442/2049 1289/2443/2049
f 1209/2373/2050 1208/2374/2050 1301/2438/2050 1302/2444/2050
f 1234/2381/2051 1235/510/2051 1323/513/2051 1322/2445/2051
f 1230/2356/2052 1225/2358/2052 1317/2446/2052 1321/2435/2052
f 1216/2349/2053 1217/2346/2053 1309/2447/2053 1308/2440/2053
f 1195/2353/2054 1197/2351/2054 1290/2441/2054 1288/2448/2054
f 1210/2371/2055 1209/2373/2055 1302/2444/2055 1303/2449/2055
f 1225/2358/2056 1226/2357/2056 1318/2450/2056 1317/2446/2056
f 1217/2346/2057 1218/2345/2057 1310/2451/2057 1309/2447/2057
f 1194/2368/2058 1339/2452/2058 1344/2453/2058 1287/2454/2058
f 1339/2452/2059 1333/2363/2059 1338/2455/2059 1344/2453/2059
f 1236/511/2060 1237/2372/2060 1325/2456/2060 1324/512/2060
f 1219/2365/2061 1194/2368/2061 1287/2454/2061 1311/2457/2061
f 1229/2355/2062 1195/2353/2062 1288/2448/2062 1320/2458/2062
f 1238/2376/2063 1240/2378/2063 1328/2459/2063 1326/2460/2063
f 1212/2377/2064 1211/2375/2064 1304/2461/2064 1305/2462/2064
f 1218/2345/2065 1257/2398/2065 1329/2463/2065 1310/2451/2066
f 1237/2372/2067 1238/2376/2067 1326/2460/2067 1325/2456/2067
f 1205/2387/2068 1204/479/2068 1297/516/2068 1298/2464/2068
f 1220/492/2069 1199/2370/2069 1292/2465/2069 1312/517/2069
f 1198/2369/2070 1219/2365/2070 1311/2457/2070 1291/2466/2070
f 1213/2379/2071 1212/2377/2071 1305/2462/2071 1306/2467/2071
f 1206/2385/2072 1205/2387/2072 1298/2464/2072 1299/2468/2072
f 1240/2378/2073 1239/2380/2074 1327/2469/2073 1328/2459/2075
f 1226/2357/2076 1221/2348/2076 1313/2470/2076 1318/2450/2076
f 1199/2370/2077 1198/2369/2077 1291/2466/2077 1292/2465/2077
f 1221/2348/2078 1222/2347/2078 1314/2471/2078 1313/2470/2078
f 1193/2359/2079 1229/2355/2079 1320/2458/2079 1286/2442/2079
f 1214/2386/2080 1213/2379/2080 1306/2467/2080 1307/2472/2080
f 1207/2382/2081 1206/2385/2081 1299/2468/2081 1300/2437/2081
f 1239/2380/2082 1234/2381/2082 1322/2445/2082 1327/2469/2082
f 1222/2347/2083 1227/2350/2083 1319/2473/2083 1314/2471/2083
f 1333/2363/2084 1196/2361/2084 1289/2443/2084 1338/2455/2084
f 1227/2350/2085 1223/2352/2085 1315/2439/2085 1319/2473/2085
f 1264/2406/2086 1271/2414/2086 1110/2474/2086 1182/2475/2086
f 1271/2414/2087 1449/2422/2087 1108/2476/2087 1110/2474/2087
f 1371/2477/2088 1436/2478/2088 1504/2479/2088 1512/2480/2088
f 1283/2429/2089 1280/2426/2089 1332/2481/2089 1331/2482/2089
f 1456/2432/2090 1283/2429/2090 1331/2482/2090 1330/2483/2090
f 1339/2452/2091 1340/2484/2091 1334/2364/2091 1333/2363/2091
f 1340/2484/2092 1341/2485/2092 1335/2393/2092 1334/2364/2092
f 1341/2485/2093 1342/2486/2093 1336/2401/2093 1335/2393/2093
f 1342/2486/2094 1343/2487/2094 1337/2409/2094 1336/2401/2094
f 1343/2487/2095 1518/2488/2095 1510/2417/2095 1337/2409/2095
f 1194/2368/2096 1232/2367/2096 1340/2484/2096 1339/2452/2096
f 1232/2367/2097 1262/2392/2097 1341/2485/2097 1340/2484/2097
f 1262/2392/2098 1269/2400/2098 1342/2486/2098 1341/2485/2098
f 1269/2400/2099 1276/2408/2099 1343/2487/2099 1342/2486/2099
f 1276/2408/2100 1454/2416/2100 1518/2488/2100 1343/2487/2100
f 1211/2375/2101 1210/2371/2101 1303/2449/2101 1304/2461/2101
f 1374/2489/2102 1377/2490/2102 1378/561/2102 1373/2491/2102
f 1373/2491/2103 1378/561/2103 1383/564/2103 1372/2492/2103
f 1353/2493/2104 1372/2492/2104 1383/564/2104 1379/2494/2104
f 1351/2495/2105 1353/2493/2105 1379/2494/2105 1380/2496/2105
f 1385/2497/2106 1351/2495/2106 1380/2496/2106 1386/2498/2106
f 1382/2499/2107 1384/2500/2107 1349/2501/2107 1381/2502/2107
f 1349/2501/2108 1385/2497/2108 1386/2498/2108 1381/2502/2108
f 1352/2503/2109 1349/2501/2109 1384/2500/2109 1387/2504/2109
f 1505/2505/2110 1352/2503/2110 1387/2504/2110 1506/2506/2110
f 1375/558/2111 1350/2507/2111 1388/2508/2111 1389/543/2111
f 1354/555/2112 1375/558/2112 1389/543/2112 1355/542/2112
f 1366/2509/2113 1365/2510/2113 1392/2511/2113 1393/2512/2113
f 1365/2510/2114 1364/2513/2114 1391/2514/2114 1392/2511/2115
f 1367/2515/2116 1366/2509/2116 1393/2512/2116 1394/2516/2116
f 1367/2515/2117 1394/2516/2117 1396/2517/2117 1368/2518/2117
f 1369/2519/2118 1368/2518/2118 1396/2517/2118 1395/2520/2118
f 1364/2513/2119 1363/2521/2119 1390/2522/2119 1391/2514/2119
f 1395/2520/2120 1390/2522/2120 1397/2523/2120 1398/2524/2120
f 1362/559/2121 1397/2523/2121 1390/2522/2121 1363/2521/2121
f 1369/2519/2122 1395/2520/2122 1398/2524/2122 1370/2525/2122
f 1411/535/2123 1410/534/2123 1446/500/2123 1447/2390/2123
f 1389/543/2124 1388/2508/2125 1418/2526/2124 1419/544/2125
f 1506/2506/2126 1387/2504/2126 1417/2527/2126 1507/2528/2126
f 1387/2504/2127 1384/2500/2127 1416/2529/2127 1417/2527/2127
f 1384/2500/2128 1382/2499/2128 1415/2530/2128 1416/2529/2128
f 1382/2499/2129 1377/2490/2129 1414/2531/2129 1415/2530/2129
f 1377/2490/2130 1374/2489/2130 1413/2532/2130 1414/2531/2130
f 1419/544/2131 1418/2526/2131 1425/2533/2131 1426/545/2131
f 1507/2528/2132 1417/2527/2132 1424/2534/2132 1508/2535/2132
f 1417/2527/2133 1416/2529/2133 1423/2536/2134 1424/2534/2133
f 1416/2529/2135 1415/2530/2135 1422/2537/2135 1423/2536/2135
f 1415/2530/2136 1414/2531/2136 1421/2538/2136 1422/2537/2136
f 1414/2531/2137 1413/2532/2137 1420/2539/2137 1421/2538/2137
f 1426/545/2138 1425/2533/2138 1432/2540/2138 1433/2541/2138
f 1508/2535/2139 1424/2534/2139 1431/2542/2139 1509/2543/2139
f 1424/2534/2133 1423/2536/2134 1430/2544/2140 1431/2542/2140
f 1423/2536/2141 1422/2537/2141 1429/2545/2141 1430/2544/2141
f 1422/2537/2142 1421/2538/2142 1428/2546/2142 1429/2545/2142
f 1421/2538/2143 1420/2539/2143 1427/2547/2143 1428/2546/2143
f 1433/2541/2144 1432/2540/2144 1454/2416/2144 1455/2415/2144
f 1509/2543/2145 1431/2542/2145 1453/2418/2145 1510/2417/2145
f 1431/2542/2146 1430/2544/2146 1452/2419/2146 1453/2418/2146
f 1430/2544/2147 1429/2545/2147 1451/2420/2147 1452/2419/2147
f 1429/2545/2148 1428/2546/2148 1450/2421/2148 1451/2420/2148
f 1428/2546/2149 1427/2547/2149 1449/2422/2149 1450/2421/2149
f 1398/2524/2150 1397/2523/2150 1434/2548/2150 1435/2549/2150
f 1361/518/2151 1434/2548/2151 1397/2523/2151 1362/559/2151
f 1371/2477/2152 1370/2525/2152 1398/2524/2152 1435/2549/2152
f 1371/2477/2153 1435/2549/2153 1438/2550/2153 1436/2478/2153
f 1435/2549/2154 1434/2548/2154 1437/2551/2154 1438/2550/2154
f 1436/2478/2155 1438/2550/2155 1441/2552/2155 1439/2553/2155
f 1438/2550/2156 1437/2551/2157 1440/2554/2157 1441/2552/2157
f 1439/2553/2158 1441/2552/2158 1458/2433/2158 1456/2432/2158
f 1441/2552/2159 1440/2554/2159 1457/2434/2159 1458/2433/2159
f 1411/535/2160 1440/2554/2160 1437/2551/2160 1404/521/2160
f 1447/2390/2161 1457/2434/2161 1440/2554/2161 1411/535/2161
f 1404/521/417 1437/2551/2162 1434/2548/2162 1361/518/415
f 1405/533/2163 1426/545/2163 1433/2541/2163 1412/541/2163
f 1412/541/2164 1433/2541/2164 1455/2415/2164 1448/506/2164
f 1380/2496/2165 1489/2555/2165 1494/2556/2165 1386/2498/2165
f 1364/2513/2166 1474/2557/2166 1473/2558/2166 1363/2521/2166
f 1379/2494/2167 1488/2559/2167 1489/2555/2167 1380/2496/2167
f 1353/2493/2168 1463/2560/2168 1481/2561/2168 1372/2492/2168
f 1352/2503/2169 1462/2562/2169 1459/2563/2169 1349/2501/2169
f 1365/2510/2170 1475/2564/2170 1474/2557/2170 1364/2513/2170
f 1390/2522/2171 1495/2565/2171 1496/2566/2171 1391/2514/2171
f 1386/2498/2172 1494/2556/2172 1490/2567/2172 1381/2502/2172
f 1372/2492/2173 1481/2561/2173 1482/2568/2173 1373/2491/2173
f 1351/2495/2174 1461/2569/2174 1463/2560/2174 1353/2493/2174
f 1366/2509/2175 1476/2570/2175 1475/2564/2175 1365/2510/2175
f 1420/2539/2176 1111/2571/2176 1109/2572/2176 1427/2547/2176
f 1391/2514/2177 1496/2566/2177 1497/2573/2177 1392/2511/2177
f 1381/2502/2178 1490/2567/2178 1491/2574/2178 1382/2499/2178
f 1373/2491/2179 1482/2568/2179 1483/2575/2179 1374/2489/2179
f 1350/2507/2180 1460/2576/2180 1519/2577/2180 1513/2578/2180
f 1513/2578/2181 1519/2577/2181 1511/2579/2181 1505/2505/2181
f 1392/2511/2182 1497/2573/2182 1498/2580/2182 1393/2512/2182
f 1375/558/2183 1484/557/2183 1460/2576/2183 1350/2507/2183
f 1385/2497/2184 1493/2581/2184 1461/2569/2184 1351/2495/2184
f 1394/2516/2185 1499/2582/2185 1501/2583/2185 1396/2517/2185
f 1368/2518/2186 1478/2584/2186 1477/2585/2186 1367/2515/2186
f 1374/2489/2187 1483/2575/2187 1502/2586/2187 1413/2532/2187
f 1393/2512/2188 1498/2580/2188 1499/2582/2188 1394/2516/2188
f 1215/2425/2189 1520/2587/2189 1332/2481/2189 1280/2426/2189
f 1369/2519/2190 1479/2588/2190 1478/2584/2190 1368/2518/2190
f 1396/2517/2191 1501/2583/2191 1500/2589/2191 1395/2520/2191
f 1382/2499/2192 1491/2574/2192 1486/2590/2192 1377/2490/2192
f 1377/2490/2193 1486/2590/2193 1487/562/2193 1378/561/2193
f 1349/2501/2194 1459/2563/2194 1493/2581/2194 1385/2497/2194
f 1370/2525/2195 1480/2591/2195 1479/2588/2195 1369/2519/2195
f 1363/2521/2196 1473/2558/2196 1472/560/2196 1362/559/2196
f 1395/2520/2197 1500/2589/2197 1495/2565/2197 1390/2522/2197
f 1505/2505/2198 1511/2579/2198 1462/2562/2198 1352/2503/2198
f 1383/564/2199 1492/563/2199 1488/2559/2199 1379/2494/2199
f 1111/2571/2200 1420/2539/2200 1413/2532/2200 1502/2586/2200
f 1456/2432/2201 1330/2483/2201 1503/2592/2201 1439/2553/2201
f 1215/2425/2202 1214/2386/2202 1307/2472/2202 1520/2587/2202
f 1371/2477/2203 1512/2480/2203 1480/2591/2203 1370/2525/2203
f 1439/2553/2204 1503/2592/2204 1504/2479/2204 1436/2478/2204
f 1513/2578/2205 1505/2505/2205 1506/2506/2205 1514/2593/2205
f 1514/2593/2206 1506/2506/2206 1507/2528/2206 1515/2594/2206
f 1515/2594/2207 1507/2528/2207 1508/2535/2207 1516/2595/2207
f 1516/2595/2208 1508/2535/2208 1509/2543/2208 1517/2596/2208
f 1517/2596/2209 1509/2543/2209 1510/2417/2209 1518/2488/2209
f 1350/2507/2210 1513/2578/2210 1514/2593/2210 1388/2508/2210
f 1388/2508/2211 1514/2593/2211 1515/2594/2211 1418/2526/2211
f 1418/2526/2212 1515/2594/2212 1516/2595/2212 1425/2533/2212
f 1425/2533/2213 1516/2595/2213 1517/2596/2213 1432/2540/2213
f 1432/2540/2214 1517/2596/2214 1518/2488/2214 1454/2416/2214
f 1367/2515/2215 1477/2585/2215 1476/2570/2215 1366/2509/2215
f 1427/2547/2216 1109/2572/2216 1108/2476/2216 1449/2422/2216
f 1257/2398/2217 1264/2406/2217 1182/2475/2218 1329/2463/2217
f 2115/2597/2219 2109/2598/2219 2101/2599/2219 2108/2600/2219
f 2111/2601/2220 2102/2602/2220 2103/2603/2220 2112/2604/2220
f 2099/2605/2221 1822/1013/2221 1831/1012/2221 2102/2602/2221
f 2102/2602/2222 1831/1012/2222 1840/1291/2222 2103/2603/2222
f 2109/2598/2223 2070/960/2223 1848/962/2223 2101/2599/2223
f 2071/1014/2224 2115/2597/2224 2108/2600/2224 1847/1015/2224
f 2096/2606/2225 2099/2605/2225 2102/2602/2225 2111/2601/2225
f 2095/2607/2226 2106/2608/2226 2001/919/2226 1994/1292/2226
f 2106/2608/2227 2107/2609/2227 2008/920/2227 2001/919/2227
f 2110/2610/2228 2101/2599/2228 1848/962/2228 2078/980/2228
f 2103/2603/2229 1840/1291/2229 2070/960/2229 2109/2598/2229
f 2107/2609/2230 2110/2610/2230 2078/980/2230 2008/920/2230
f 2100/2611/2231 2113/2612/2231 2106/2608/2231 2095/2607/2231
f 2113/2612/2232 2114/2613/2232 2107/2609/2232 2106/2608/2232
f 2116/2614/2233 2108/2600/2233 2101/2599/2233 2110/2610/2233
f 2112/2604/2234 2103/2603/2234 2109/2598/2234 2115/2597/2234
f 2114/2613/2235 2116/2614/2235 2110/2610/2235 2107/2609/2235
f 2099/2605/2236 2096/2606/2236 2097/2615/2236 2098/2616/2236
f 1830/981/2237 2111/2601/2237 2112/2604/2237 1839/1002/2237
f 1821/963/2238 2096/2606/2238 2111/2601/2238 1830/981/2238
f 1993/1163/2239 2000/1165/2239 2113/2612/2239 2100/2611/2239
f 2000/1165/2240 2007/1166/2240 2114/2613/2240 2113/2612/2240
f 2079/1168/2241 1847/1015/2241 2108/2600/2241 2116/2614/2241
f 1839/1002/2242 2112/2604/2242 2115/2597/2242 2071/1014/2242
f 2007/1166/2243 2079/1168/2243 2116/2614/2243 2114/2613/2243
f 1813/1228/2244 2098/2616/2244 2097/2615/2244 1812/946/2244
f 2100/2611/2245 2095/2607/2245 2104/2617/2245 2105/2618/2245
f 2104/2617/2246 1987/1241/2246 1986/1161/2246 2105/2618/2246
f 1987/1241/2247 2104/2617/2247 2095/2607/2247 1994/1292/2247
f 1993/1163/2248 2100/2611/2248 2105/2618/2248 1986/1161/2248
f 1822/1013/2249 2099/2605/2249 2098/2616/2249 1813/1228/2249
f 1821/963/2250 1812/946/2250 2097/2615/2250 2096/2606/2250
f 2201/2619/2251 1330/2483/2251 1331/2482/2251 2200/2620/2251
f 2201/2619/2252 2211/2621/2252 1503/2592/2252 1330/2483/2252
f 2211/2621/2253 2202/2622/2253 1504/2479/2253 1503/2592/2253
f 2200/2620/2254 1331/2482/2254 1332/2481/2254 2195/2623/2254
f 2275/2624/2255 2274/2625/2255 2279/2626/2255 2278/2627/2255
f 2274/2625/2256 2273/2628/2256 2284/2629/2256 2279/2626/2256
f 2254/2630/2257 2280/2631/2257 2284/2629/2257 2273/2628/2257
f 2252/2632/2258 2281/2633/2259 2280/2631/2260 2254/2630/2260
f 2286/2634/2261 2287/2635/2261 2281/2633/2259 2252/2632/2258
f 2283/2636/2262 2282/2637/2262 2250/1327/2262 2285/2638/2262
f 2250/1327/2263 2282/2637/2263 2287/2635/2263 2286/2634/2263
f 2253/1326/2264 2288/2639/2265 2285/2638/2266 2250/1327/2264
f 2390/2640/2267 2391/2641/2268 2288/2639/2269 2253/1326/2269
f 2276/2642/2270 2290/2643/2270 2289/2644/2270 2251/2645/2270
f 2255/2646/2271 2256/2647/2271 2290/2643/2271 2276/2642/2271
f 2267/2648/2272 2294/2649/2272 2293/2650/2272 2266/2651/2272
f 2266/2651/2273 2293/2650/2273 2292/2652/2273 2265/2653/2273
f 2268/2654/2274 2295/2655/2274 2294/2649/2274 2267/2648/2274
f 2268/2654/2275 2269/2656/2275 2297/2657/2275 2295/2655/2275
f 2270/2658/2276 2296/2659/2276 2297/2657/2276 2269/2656/2276
f 2265/2653/2277 2292/2652/2277 2291/2660/2277 2264/2661/2277
f 2296/2659/2278 2299/2662/2278 2298/2663/2278 2291/2660/2278
f 2263/2664/2279 2264/2661/2279 2291/2660/2279 2298/2663/2279
f 2270/2658/2280 2271/2665/2280 2299/2662/2280 2296/2659/2280
f 2262/2666/2281 2305/2667/2281 2304/1297/2281 2261/1296/2281
f 2305/2667/2282 2312/2668/2282 2311/1310/2282 2304/1297/2282
f 2312/2668/2283 2504/2669/2283 2503/1317/2283 2311/1310/2283
f 2290/2643/2284 2320/2670/2284 2319/2671/2284 2289/2644/2284
f 2391/2641/2285 2392/2672/2285 2318/2673/2285 2288/2639/2285
f 2288/2639/2265 2318/2673/2286 2317/2674/2286 2285/2638/2266
f 2285/2638/2287 2317/2674/2287 2316/2675/2287 2283/2636/2287
f 2283/2636/2288 2316/2675/2288 2315/2676/2288 2278/2627/2288
f 2278/2627/2289 2315/2676/2289 2314/2677/2289 2275/2624/2289
f 2320/2670/2290 2327/2678/2290 2326/2679/2290 2319/2671/2290
f 2392/2672/2291 2393/2680/2291 2325/2681/2291 2318/2673/2291
f 2318/2673/2292 2325/2681/2292 2324/2682/2292 2317/2674/2292
f 2317/2674/2293 2324/2682/2293 2323/2683/2293 2316/2675/2293
f 2316/2675/2294 2323/2683/2294 2322/2684/2294 2315/2676/2294
f 2315/2676/2295 2322/2684/2295 2321/2685/2295 2314/2677/2295
f 2327/2678/2296 2334/2686/2296 2333/2687/2296 2326/2679/2296
f 2393/2680/2297 2394/2688/2297 2332/2689/2297 2325/2681/2297
f 2325/2681/2298 2332/2689/2298 2331/2690/2299 2324/2682/2300
f 2324/2682/2300 2331/2690/2299 2330/2691/2301 2323/2683/2301
f 2323/2683/2302 2330/2691/2302 2329/2692/2302 2322/2684/2302
f 2322/2684/2303 2329/2692/2303 2328/2693/2303 2321/2685/2303
f 2334/2686/2304 2512/2694/2304 2511/2695/2304 2333/2687/2304
f 2394/2688/2305 2567/2696/2305 2510/2697/2305 2332/2689/2305
f 2332/2689/2306 2510/2697/2306 2509/2698/2306 2331/2690/2306
f 2331/2690/2307 2509/2698/2307 2508/2699/2307 2330/2691/2307
f 2330/2691/2308 2508/2699/2308 2507/2700/2308 2329/2692/2308
f 2329/2692/2309 2507/2700/2309 2506/2701/2309 2328/2693/2309
f 2299/2662/2310 2336/2702/2310 2335/2703/2310 2298/2663/2310
f 2262/2666/2311 2263/2664/2311 2298/2663/2311 2335/2703/2311
f 2272/2704/2312 2336/2702/2312 2299/2662/2312 2271/2665/2312
f 2272/2704/2313 2337/2705/2313 2339/2706/2313 2336/2702/2313
f 2336/2702/2314 2339/2706/2314 2338/2707/2314 2335/2703/2314
f 2337/2705/2315 2340/2708/2315 2342/2709/2315 2339/2706/2315
f 2339/2706/2316 2342/2709/2316 2341/2710/2316 2338/2707/2316
f 2340/2708/2317 2513/2711/2317 2515/2712/2317 2342/2709/2317
f 2342/2709/2318 2515/2712/2319 2514/2713/2320 2341/2710/2318
f 2312/2668/2321 2305/2667/2321 2338/2707/2321 2341/2710/2321
f 2504/2669/2322 2312/2668/2322 2341/2710/2322 2514/2713/2322
f 2305/2667/2323 2262/2666/2323 2335/2703/2323 2338/2707/2323
f 2256/2647/2324 2277/1309/2324 2320/2670/2324 2290/2643/2324
f 2277/1309/2325 2306/1308/2325 2327/2678/2325 2320/2670/2325
f 2306/1308/2326 2313/1316/2326 2334/2686/2326 2327/2678/2326
f 2313/1316/2327 2505/1323/2327 2512/2694/2327 2334/2686/2327
f 2281/2633/2328 2287/2635/2328 2378/2714/2328 2373/2715/2328
f 2265/2653/2329 2264/2661/2329 2357/2716/2329 2358/2717/2329
f 2280/2631/2330 2281/2633/2330 2373/2715/2330 2372/2718/2330
f 2254/2630/2331 2273/2628/2331 2365/2719/2331 2347/2720/2331
f 2266/2651/2332 2265/2653/2332 2358/2717/2332 2359/2721/2332
f 2291/2660/2333 2292/2652/2333 2380/2722/2333 2379/2723/2333
f 2287/2635/2334 2282/2637/2334 2374/2724/2334 2378/2714/2334
f 2273/2628/2335 2274/2625/2335 2366/2725/2335 2365/2719/2335
f 2252/2632/2336 2254/2630/2336 2347/2720/2336 2345/2726/2336
f 2267/2648/2337 2266/2651/2337 2359/2721/2337 2360/2727/2337
f 2292/2652/2338 2293/2650/2338 2381/2728/2338 2380/2722/2338
f 2282/2637/2339 2283/2636/2339 2375/2729/2339 2374/2724/2339
f 2274/2625/2340 2275/2624/2340 2367/2730/2340 2366/2725/2340
f 2251/2645/2341 2396/2731/2342 2401/2732/2343 2344/2733/2341
f 2396/2731/2342 2390/2640/2344 2395/2734/2344 2401/2732/2343
f 2293/2650/2345 2294/2649/2345 2382/2735/2345 2381/2728/2345
f 2276/2642/2346 2251/2645/2347 2344/2733/2346 2368/2736/2347
f 2286/2634/2348 2252/2632/2348 2345/2726/2348 2377/2737/2348
f 2295/2655/2349 2297/2657/2349 2385/2738/2349 2383/2739/2349
f 2269/2656/2350 2268/2654/2350 2361/2740/2350 2362/2741/2350
f 2275/2624/2351 2314/2677/2351 2386/2742/2351 2367/2730/2351
f 2294/2649/2352 2295/2655/2352 2383/2739/2352 2382/2735/2352
f 2262/2666/2353 2261/1296/2353 2354/1333/2353 2355/2743/2353
f 2277/1309/2354 2256/2647/2354 2349/2744/2354 2369/1334/2354
f 2255/2646/2355 2276/2642/2356 2368/2736/2355 2348/2745/2356
f 2270/2658/2357 2269/2656/2358 2362/2741/2357 2363/2746/2358
f 2263/2664/2359 2262/2666/2359 2355/2743/2359 2356/2747/2359
f 2297/2657/2360 2296/2659/2360 2384/2748/2360 2385/2738/2360
f 2283/2636/2361 2278/2627/2361 2370/2749/2361 2375/2729/2361
f 2256/2647/2362 2255/2646/2362 2348/2745/2362 2349/2744/2362
f 2278/2627/2363 2279/2626/2363 2371/2750/2363 2370/2749/2363
f 2250/1327/2364 2286/2634/2364 2377/2737/2364 2343/1328/2364
f 2271/2665/2365 2270/2658/2365 2363/2746/2365 2364/2751/2365
f 2264/2661/2366 2263/2664/2366 2356/2747/2366 2357/2716/2366
f 2296/2659/2367 2291/2660/2367 2379/2723/2367 2384/2748/2367
f 2279/2626/2368 2284/2629/2368 2376/2752/2368 2371/2750/2368
f 2390/2640/2344 2253/1326/2369 2346/1329/2369 2395/2734/2344
f 2284/2629/2370 2280/2631/2370 2372/2718/2370 2376/2752/2370
f 2321/2685/2371 2328/2693/2371 1034/2753/2371 1036/2754/2371
f 2428/2755/2372 2493/2756/2372 2561/1374/2372 2569/2757/2372
f 2340/2708/2373 2337/2705/2373 2389/1382/2373 2388/1380/2373
f 2513/2711/2374 2340/2708/2374 2388/1380/2374 2387/1377/2374
f 2396/2731/2375 2397/2758/2375 2391/2641/2268 2390/2640/2267
f 2397/2758/2376 2398/2759/2376 2392/2672/2376 2391/2641/2376
f 2398/2759/2377 2399/2760/2377 2393/2680/2377 2392/2672/2377
f 2399/2760/2378 2400/2761/2378 2394/2688/2378 2393/2680/2378
f 2400/2761/2379 2575/2762/2379 2567/2696/2379 2394/2688/2379
f 2251/2645/2380 2289/2644/2380 2397/2758/2380 2396/2731/2380
f 2289/2644/2381 2319/2671/2381 2398/2759/2381 2397/2758/2381
f 2319/2671/2382 2326/2679/2382 2399/2760/2382 2398/2759/2382
f 2326/2679/2383 2333/2687/2383 2400/2761/2383 2399/2760/2383
f 2333/2687/2384 2511/2695/2384 2575/2762/2384 2400/2761/2384
f 2268/2654/2385 2267/2648/2385 2360/2727/2385 2361/2740/2385
f 2431/2763/2386 2434/2764/2386 2435/2765/2386 2430/2766/2386
f 2430/2766/2387 2435/2765/2387 2440/2767/2388 2429/2768/2389
f 2410/2769/2390 2429/2768/2389 2440/2767/2388 2436/2770/2391
f 2408/2771/2392 2410/2769/2392 2436/2770/2392 2437/2772/2392
f 2442/2773/2393 2408/2771/2394 2437/2772/2394 2443/2774/2395
f 2439/2775/2396 2441/2776/2396 2406/2777/2396 2438/2778/2396
f 2406/2777/2397 2442/2773/2393 2443/2774/2395 2438/2778/2397
f 2409/2779/2398 2406/2777/2398 2441/2776/2399 2444/2780/2400
f 2562/2781/2401 2409/2779/2401 2444/2780/2401 2563/2782/2401
f 2432/1368/2402 2407/2783/2403 2445/2784/2403 2446/2785/2404
f 2411/1365/2405 2432/1368/2402 2446/2785/2404 2412/1364/2405
f 2423/2786/2406 2422/2787/2406 2449/2788/2406 2450/2789/2406
f 2422/2787/2407 2421/2790/2407 2448/2791/2408 2449/2788/2407
f 2424/2792/2409 2423/2786/2409 2450/2789/2409 2451/2793/2409
f 2424/2792/2410 2451/2793/2410 2453/2794/2410 2425/2795/2410
f 2426/1372/2411 2425/2795/2412 2453/2794/2412 2452/2796/2413
f 2421/2790/2414 2420/2797/2414 2447/2798/2414 2448/2791/2414
f 2452/2796/2415 2447/2798/2415 2454/2799/2415 2455/2800/2415
f 2419/2801/2416 2454/2799/2416 2447/2798/2416 2420/2797/2416
f 2426/1372/2411 2452/2796/2413 2455/2800/2417 2427/1369/2417
f 2418/2802/2418 2417/1335/1128 2460/1338/1130 2461/2803/2418
f 2461/2803/2419 2460/1338/2419 2467/1350/2419 2468/2804/2419
f 2468/2804/2420 2467/1350/2420 2503/1317/2420 2504/2669/2420
f 2446/2785/2421 2445/2784/2421 2475/2805/2422 2476/2806/2423
f 2563/2782/2424 2444/2780/2424 2474/2807/2424 2564/2808/2425
f 2444/2780/2400 2441/2776/2399 2473/2809/2426 2474/2807/2426
f 2441/2776/2427 2439/2775/2427 2472/2810/2427 2473/2809/2427
f 2439/2775/2428 2434/2764/2428 2471/2811/2428 2472/2810/2428
f 2434/2764/2429 2431/2763/2429 2470/2812/2429 2471/2811/2429
f 2476/2806/2423 2475/2805/2422 2482/2813/2430 2483/2814/2430
f 2564/2808/2431 2474/2807/2431 2481/2815/2431 2565/2816/2431
f 2474/2807/2432 2473/2809/2433 2480/2817/2434 2481/2815/2432
f 2473/2809/2433 2472/2810/2435 2479/2818/2435 2480/2817/2434
f 2472/2810/2436 2471/2811/2436 2478/2819/2436 2479/2818/2436
f 2471/2811/2437 2470/2812/2437 2477/2820/2437 2478/2819/2437
f 2483/2814/2438 2482/2813/2438 2489/2821/2438 2490/2822/2438
f 2565/2816/2439 2481/2815/2439 2488/2823/2439 2566/2824/2439
f 2481/2815/2440 2480/2817/2440 2487/2825/2440 2488/2823/2440
f 2480/2817/2441 2479/2818/2441 2486/2826/2441 2487/2825/2441
f 2479/2818/2442 2478/2819/2442 2485/2827/2442 2486/2826/2442
f 2478/2819/2443 2477/2820/2443 2484/2828/2443 2485/2827/2443
f 2490/2822/2444 2489/2821/2444 2511/2695/2444 2512/2694/2444
f 2566/2824/2445 2488/2823/2445 2510/2697/2445 2567/2696/2445
f 2488/2823/2446 2487/2825/2447 2509/2698/2447 2510/2697/2447
f 2487/2825/2448 2486/2826/2448 2508/2699/2448 2509/2698/2448
f 2486/2826/2449 2485/2827/2449 2507/2700/2449 2508/2699/2449
f 2485/2827/2450 2484/2828/2450 2506/2701/2450 2507/2700/2450
f 2455/2800/2451 2454/2799/2451 2491/2829/2451 2492/2830/2451
f 2418/2802/2452 2491/2829/2452 2454/2799/2452 2419/2801/2452
f 2428/2755/2453 2427/1369/2453 2455/2800/2453 2492/2830/2453
f 2428/2755/2454 2492/2830/2454 2495/2831/2454 2493/2756/2454
f 2492/2830/2455 2491/2829/2455 2494/2832/2455 2495/2831/2455
f 2493/2756/2456 2495/2831/2456 2498/2833/2456 2496/2834/2456
f 2495/2831/2457 2494/2832/2457 2497/2835/2457 2498/2833/2457
f 2496/2834/2458 2498/2833/2458 2515/2712/2458 2513/2711/2458
f 2498/2833/2459 2497/2835/2459 2514/2713/2320 2515/2712/2319
f 2468/2804/2460 2497/2835/2460 2494/2832/2460 2461/2803/2460
f 2504/2669/2461 2514/2713/2461 2497/2835/2461 2468/2804/2461
f 2461/2803/2462 2494/2832/2462 2491/2829/2462 2418/2802/2462
f 2412/1364/2463 2446/2785/2463 2476/2806/2463 2433/1347/2463
f 2433/1347/2464 2476/2806/2464 2483/2814/2464 2462/1348/2464
f 2462/1348/2465 2483/2814/2465 2490/2822/2465 2469/1355/2465
f 2469/1355/2466 2490/2822/2466 2512/2694/2466 2505/1323/2466
f 2437/2772/2467 2546/2836/2467 2551/2837/2467 2443/2774/2467
f 2421/2790/2468 2531/2838/2468 2530/2839/2468 2420/2797/2468
f 2436/2770/2469 2545/2840/2469 2546/2836/2469 2437/2772/2469
f 2410/2769/2470 2520/2841/2470 2538/2842/2470 2429/2768/2470
f 2409/2779/2471 2519/2843/2471 2516/2844/2472 2406/2777/2471
f 2422/2787/2473 2532/2845/2473 2531/2838/2473 2421/2790/2473
f 2447/2798/2474 2552/2846/2474 2553/2847/2474 2448/2791/2474
f 2443/2774/2475 2551/2837/2475 2547/2848/2475 2438/2778/2475
f 2429/2768/2476 2538/2842/2476 2539/2849/2476 2430/2766/2476
f 2408/2771/2477 2518/2850/2477 2520/2841/2477 2410/2769/2477
f 2423/2786/2478 2533/2851/2478 2532/2845/2478 2422/2787/2478
f 2448/2791/2479 2553/2847/2479 2554/2852/2479 2449/2788/2479
f 2438/2778/2480 2547/2848/2480 2548/2853/2480 2439/2775/2480
f 2430/2766/2481 2539/2849/2481 2540/2854/2481 2431/2763/2481
f 2407/2783/2482 2517/2855/2482 2576/2856/2482 2570/2857/2482
f 2570/2857/2483 2576/2856/2483 2568/2858/2483 2562/2781/2483
f 2449/2788/2484 2554/2852/2484 2555/2859/2484 2450/2789/2484
f 2432/1368/2485 2541/1367/2485 2517/2855/2485 2407/2783/2485
f 2442/2773/2486 2550/2860/2486 2518/2850/2486 2408/2771/2486
f 2451/2793/2487 2556/2861/2487 2558/2862/2487 2453/2794/2487
f 2425/2795/2488 2535/2863/2488 2534/2864/2488 2424/2792/2488
f 2431/2763/2489 2540/2854/2489 2559/2865/2489 2470/2812/2489
f 2450/2789/2490 2555/2859/2490 2556/2861/2490 2451/2793/2490
f 2418/2802/2491 2528/2866/2491 2527/1360/2491 2417/1335/2491
f 2272/2704/2492 2577/2867/2492 2389/1382/2492 2337/2705/2492
f 2426/1372/2493 2536/1371/2493 2535/2863/2493 2425/2795/2493
f 2419/2801/2494 2529/2868/2494 2528/2866/2494 2418/2802/2494
f 2453/2794/2495 2558/2862/2495 2557/2869/2495 2452/2796/2495
f 2439/2775/2496 2548/2853/2497 2543/2870/2496 2434/2764/2497
f 2434/2764/2498 2543/2870/2498 2544/2871/2498 2435/2765/2498
f 2406/2777/2499 2516/2844/2499 2550/2860/2499 2442/2773/2499
f 2420/2797/2500 2530/2839/2500 2529/2868/2500 2419/2801/2500
f 2452/2796/2501 2557/2869/2501 2552/2846/2501 2447/2798/2501
f 2435/2765/2502 2544/2871/2502 2549/2872/2502 2440/2767/2502
f 2562/2781/2503 2568/2858/2503 2519/2843/2503 2409/2779/2503
f 2440/2767/2504 2549/2872/2504 2545/2840/2504 2436/2770/2504
f 2513/2711/2505 2387/1377/2505 2560/1375/2505 2496/2834/2505
f 2272/2704/2506 2271/2665/2506 2364/2751/2506 2577/2867/2506
f 2428/2755/2507 2569/2757/2507 2537/1370/2507 2427/1369/2507
f 2496/2834/2508 2560/1375/2508 2561/1374/2508 2493/2756/2508
f 2570/2857/2509 2562/2781/2509 2563/2782/2509 2571/2873/2509
f 2571/2873/2510 2563/2782/2510 2564/2808/2510 2572/2874/2510
f 2572/2874/2511 2564/2808/2511 2565/2816/2511 2573/2875/2511
f 2573/2875/2512 2565/2816/2512 2566/2824/2512 2574/2876/2512
f 2574/2876/2513 2566/2824/2513 2567/2696/2513 2575/2762/2513
f 2407/2783/2514 2570/2857/2514 2571/2873/2514 2445/2784/2514
f 2445/2784/2515 2571/2873/2515 2572/2874/2515 2475/2805/2515
f 2475/2805/2516 2572/2874/2516 2573/2875/2516 2482/2813/2516
f 2482/2813/2517 2573/2875/2517 2574/2876/2517 2489/2821/2517
f 2489/2821/2518 2574/2876/2518 2575/2762/2518 2511/2695/2518
f 2424/2792/2519 2534/2864/2519 2533/2851/2519 2423/2786/2519
f 2484/2828/2520 1035/2877/2520 1033/2878/2520 2506/2701/2520
f 2477/2820/2521 1107/2879/2521 1035/2877/2521 2484/2828/2521
f 2328/2693/2522 2506/2701/2522 1033/2878/2522 1034/2753/2522
f 2314/2677/2523 2321/2685/2523 1036/2754/2523 2386/2742/2523
f 1107/2879/2524 2477/2820/2524 2470/2812/2524 2559/2865/2524
usemtl Shoes.003
f 2752/2880/2525 2754/2881/2525 2762/2882/2525 2761/2883/2525
f 2751/2884/2526 2752/2880/2526 2761/2883/2526 2760/2885/2526
f 2750/2886/2527 2751/2884/2527 2760/2885/2527 2759/2887/2527
f 2749/2888/2528 2750/2886/2528 2759/2887/2528 2758/2889/2528
f 2748/2890/2529 2749/2888/2529 2758/2889/2529 2757/2891/2529
f 2765/2892/2530 2755/2893/2530 2766/2894/2530 2769/2895/2530
f 2756/2896/2531 2763/2897/2531 2768/2898/2531 2767/2899/2531
f 2773/2900/2532 2767/2899/2532 2768/2898/2532 2774/2901/2532
f 2772/2902/2533 2775/2903/2533 2762/2882/2533 2754/2881/2533
f 2751/2884/2534 2770/2904/2534 2771/2905/2534 2752/2880/2534
f 2752/2880/2535 2771/2905/2535 2772/2902/2535 2754/2881/2535
f 2766/2894/2536 2773/2900/2536 2774/2901/2536 2769/2895/2536
f 2753/2906/2537 2764/2907/2537 2775/2903/2537 2772/2902/2537
f 2816/2908/2538 2817/2909/2538 2779/2910/2538 2778/2911/2538
f 2817/2909/2539 2777/2912/2539 2780/2913/2539 2818/2914/2539
f 2818/2914/2540 2780/2913/2540 2782/2915/2540 2819/2916/2540
f 2819/2916/2541 2782/2915/2541 2784/2917/2541 2820/2918/2541
f 2820/2918/2542 2784/2917/2542 2786/2919/2542 2821/2920/2542
f 2816/2908/2543 2778/2911/2543 2789/2921/2543 2822/2922/2543
f 2822/2922/2544 2789/2921/2544 2791/2923/2544 2823/2924/2544
f 2823/2924/2545 2791/2923/2545 2793/2925/2545 2824/2926/2545
f 2793/2925/2546 2791/2923/2546 2801/2927/2546 2802/2928/2546
f 2791/2923/2547 2789/2921/2547 2800/2929/2547 2801/2927/2547
f 2789/2921/2548 2778/2911/2548 2794/2930/2548 2800/2929/2548
f 2785/2931/2549 2787/2932/2549 2799/2933/2549 2798/2934/2549
f 2783/2935/2550 2785/2931/2550 2798/2934/2550 2797/2936/2550
f 2781/2937/2551 2783/2935/2551 2797/2936/2551 2796/2938/2551
f 2779/2910/2552 2781/2937/2552 2796/2938/2552 2795/2939/2552
f 2778/2911/2553 2779/2910/2553 2795/2939/2553 2794/2930/2553
f 2790/2940/2554 2792/2941/2554 2811/2942/2554 2810/2943/2554
f 2788/2944/2555 2790/2940/2555 2810/2943/2555 2809/2945/2555
f 2776/2946/2556 2788/2944/2556 2809/2945/2556 2803/2947/2556
f 2786/2919/2557 2784/2917/2557 2807/2948/2557 2808/2949/2557
f 2784/2917/2558 2782/2915/2558 2806/2950/2558 2807/2948/2558
f 2782/2915/2559 2780/2913/2559 2805/2951/2559 2806/2950/2559
f 2780/2913/2560 2777/2912/2560 2804/2952/2560 2805/2951/2560
f 2777/2912/2561 2776/2946/2561 2803/2947/2561 2804/2952/2561
f 2811/2942/2562 2792/2941/2562 2812/2953/2562 2815/2954/2562
f 2793/2925/2563 2802/2928/2563 2814/2955/2563 2813/2956/2563
f 2824/2926/2564 2793/2925/2564 2813/2956/2564 2825/2957/2564
f 2825/2957/2565 2813/2956/2565 2814/2955/2565 2826/2958/2565
f 2821/2920/2566 2827/2959/2566 2799/2933/2566 2787/2932/2566
f 2776/2946/2567 2777/2912/2567 2817/2909/2567 2816/2908/2567
f 2779/2910/2568 2817/2909/2568 2818/2914/2568 2781/2937/2568
f 2781/2937/2569 2818/2914/2569 2819/2916/2569 2783/2935/2569
f 2783/2935/2570 2819/2916/2570 2820/2918/2570 2785/2931/2570
f 2785/2931/2571 2820/2918/2572 2821/2920/2571 2787/2932/2572
f 2776/2946/2573 2816/2908/2573 2822/2922/2573 2788/2944/2573
f 2788/2944/2574 2822/2922/2574 2823/2924/2574 2790/2940/2574
f 2790/2940/2575 2823/2924/2575 2824/2926/2575 2792/2941/2575
f 2792/2941/2576 2824/2926/2576 2825/2957/2576 2812/2953/2576
f 2812/2953/2577 2825/2957/2577 2826/2958/2577 2815/2954/2577
f 2786/2919/2578 2808/2949/2578 2827/2959/2578 2821/2920/2578
f 2866/2960/2579 2867/2961/2579 2831/2962/2579 2830/2963/2579
f 2867/2961/2580 2829/2964/2580 2832/2965/2580 2868/2966/2580
f 2866/2960/2581 2830/2963/2581 2840/2967/2581 2872/2968/2581
f 2872/2968/2582 2840/2967/2582 2842/2969/2582 2873/2970/2582
f 2873/2970/2583 2842/2969/2584 2844/2971/2583 2874/2972/2584
f 2844/2971/2585 2842/2969/2585 2852/2973/2585 2853/2974/2585
f 2842/2969/2586 2840/2967/2586 2851/2975/2586 2852/2973/2586
f 2840/2967/2587 2830/2963/2587 2845/2976/2587 2851/2975/2587
f 2836/2977/2588 2838/2978/2588 2850/2979/2588 2849/2980/2588
f 2834/2981/2589 2836/2977/2589 2849/2980/2589 2848/2982/2589
f 2833/2983/2590 2834/2981/2590 2848/2982/2590 2847/2984/2590
f 2831/2962/2591 2833/2983/2591 2847/2984/2591 2846/2985/2591
f 2830/2963/2592 2831/2962/2592 2846/2985/2592 2845/2976/2592
f 2841/2986/2593 2843/2987/2593 2861/2988/2593 2860/2989/2593
f 2839/2990/2594 2841/2986/2594 2860/2989/2594 2859/2991/2594
f 2828/2992/2595 2839/2990/2595 2859/2991/2595 2854/2993/2595
f 2837/2994/2596 2835/2995/2596 2857/2996/2596 2858/2997/2596
f 2832/2965/2597 2829/2964/2597 2855/2998/2597 2856/2999/2597
f 2829/2964/2598 2828/2992/2598 2854/2993/2598 2855/2998/2598
f 2861/2988/2599 2843/2987/2599 2862/3000/2599 2865/3001/2599
f 2844/2971/2600 2853/2974/2600 2864/3002/2600 2863/3003/2600
f 2874/2972/2601 2844/2971/2601 2863/3003/2601 2875/3004/2601
f 2875/3004/2602 2863/3003/2602 2864/3002/2602 2876/3005/2602
f 2871/3006/2603 2877/3007/2603 2850/2979/2603 2838/2978/2603
f 2828/2992/2604 2829/2964/2604 2867/2961/2604 2866/2960/2604
f 2831/2962/2605 2867/2961/2605 2868/2966/2605 2833/2983/2605
f 2833/2983/2606 2868/2966/2606 2869/3008/2606 2834/2981/2606
f 2834/2981/2607 2869/3008/2607 2870/3009/2607 2836/2977/2607
f 2836/2977/2608 2870/3009/2608 2871/3006/2608 2838/2978/2608
f 2828/2992/2609 2866/2960/2609 2872/2968/2609 2839/2990/2609
f 2839/2990/2610 2872/2968/2610 2873/2970/2610 2841/2986/2610
f 2841/2986/2611 2873/2970/2611 2874/2972/2611 2843/2987/2611
f 2843/2987/2612 2874/2972/2612 2875/3004/2612 2862/3000/2612
f 2862/3000/2613 2875/3004/2613 2876/3005/2613 2865/3001/2613
f 2837/2994/2614 2858/2997/2615 2877/3007/2614 2871/3006/2615
f 2900/3010/2616 2901/3011/2616 2879/3012/2616 2878/3013/2616
f 2900/3010/2617 2878/3013/2617 2885/3014/2617 2903/3015/2617
f 2903/3015/2618 2885/3014/2618 2886/3016/2618 2904/3017/2618
f 2886/3016/2619 2885/3014/2619 2894/3018/2619 2895/3019/2619
f 2885/3014/2620 2878/3013/2620 2888/3020/2620 2894/3018/2620
f 2882/3021/2621 2884/3022/2621 2893/3023/2621 2892/3024/2621
f 2881/3025/2622 2882/3021/2622 2892/3024/2622 2891/3026/2622
f 2880/3027/2623 2881/3025/2623 2891/3026/2623 2890/3028/2623
f 2879/3012/2624 2880/3027/2624 2890/3028/2624 2889/3029/2624
f 2878/3013/2625 2879/3012/2625 2889/3029/2625 2888/3020/2625
f 2887/3030/2626 2896/3031/2626 2899/3032/2626 2898/3033/2626
f 2905/3034/2627 2898/3033/2627 2899/3032/2627 2906/3035/2627
f 2902/3036/2628 2907/3037/2628 2893/3023/2628 2884/3022/2628
f 2883/3038/2629 2897/3039/2629 2907/3037/2629 2902/3036/2629
f 2950/3040/2630 2939/3041/2630 2926/3042/2630 2934/3043/2630
f 3156/3044/2631 3186/3045/2631 3196/3046/2631 3163/3047/2631
f 2946/3048/2632 2932/3049/2632 2933/3050/2632 2952/3051/2632
f 3162/3052/2633 3193/3053/2633 3188/3054/2633 3160/3055/2633
f 2944/3056/2634 2949/3057/2634 2918/3052/2634 2914/3058/2634
f 3160/3059/2635 3188/3060/2635 3196/3046/2635 3164/3061/2635
f 2946/3062/2636 2916/3055/2636 2918/3052/2636 2949/3057/2636
f 2946/3062/2637 2949/3057/2637 2936/3063/2637 2932/3064/2637
f 2947/3065/2638 2942/3066/2638 2935/3067/2638 2937/3068/2638
f 2940/3069/2639 2914/3058/2639 2918/3052/2639 2948/3053/2639
f 2943/3060/2640 2916/3059/2640 2920/3061/2640 2951/3046/2640
f 2935/3067/2641 2962/3070/2641 2958/3071/2641 2937/3068/2641
f 2945/3072/2642 2952/3051/2642 2933/3050/2642 2922/3073/2642
f 3163/3047/2643 3196/3046/2643 3188/3060/2643 3157/3074/2643
f 3178/3050/2644 3197/3051/2644 3190/3072/2644 3167/3073/2644
f 3159/3075/2645 3190/3072/2645 3197/3051/2645 3164/3061/2645
f 3181/3063/2646 3194/3057/2646 3191/3062/2646 3177/3064/2646
f 2941/3045/2647 2912/3044/2647 2919/3047/2647 2951/3046/2647
f 3177/3049/2648 3178/3050/2648 3201/3076/2648 3205/3077/2648
f 2946/3048/2649 2952/3051/2649 2920/3061/2649 2916/3059/2649
f 2943/3054/2650 2948/3053/2650 2918/3052/2650 2916/3055/2650
f 2908/3078/2651 2922/3073/2651 2960/3079/2651 2923/3080/2651
f 2908/3078/2652 2923/3080/2652 2953/3081/2652 2924/3082/2652
f 2909/3083/2653 2924/3082/2653 2953/3081/2653 2925/3084/2653
f 2909/3083/2654 2925/3084/2654 2963/3085/2654 2926/3042/2654
f 2910/3086/2655 2927/3087/2655 2954/3088/2655 2928/3089/2655
f 2910/3086/2656 2928/3089/2656 2961/3090/2656 2929/3091/2656
f 2911/3092/2657 2921/3093/2657 2938/3094/2657 2930/3095/2657
f 2911/3092/2658 2930/3095/2658 2964/3096/2658 2931/3097/2658
f 2911/3092/2659 2931/3097/2659 2954/3088/2659 2927/3087/2659
f 2950/3040/2660 2934/3043/2660 2935/3098/2660 2942/3099/2660
f 2956/3100/2661 2962/3101/2661 2935/3098/2661 2934/3043/2661
f 2957/3102/2662 2936/3063/2662 2929/3091/2662 2961/3090/2662
f 2959/3103/2663 2932/3064/2663 2936/3063/2663 2957/3102/2663
f 3180/3067/2664 3187/3066/2664 3192/3065/2664 3182/3068/2664
f 2945/3072/2665 2915/3075/2665 2920/3061/2665 2952/3051/2665
f 3159/3075/2666 3164/3061/2666 3196/3046/2666 3186/3045/2666
f 2943/3054/2667 2913/3104/2667 2917/3105/2667 2948/3053/2667
f 2995/3106/2668 2967/2890/2668 2968/2888/2668 2996/3107/2668
f 2995/3106/2669 2998/3108/2670 2975/3109/2669 2967/2890/2670
f 2977/2896/2671 2986/2897/2671 2985/3110/2671 2976/3111/2671
f 2976/3111/2672 2985/3110/2672 2984/3112/2672 2975/3109/2672
f 2975/3109/2673 2984/3112/2673 2978/2891/2673 2967/2890/2673
f 2971/2880/2674 2982/2883/2674 2983/2882/2674 2973/2881/2674
f 2970/2884/2675 2981/2885/2675 2982/2883/2675 2971/2880/2675
f 2969/2886/2676 2980/2887/2676 2981/2885/2676 2970/2884/2676
f 2968/2888/2677 2979/2889/2677 2980/2887/2677 2969/2886/2677
f 2967/2890/2678 2978/2891/2678 2979/2889/2678 2968/2888/2678
f 2965/3113/2679 2987/3114/2679 2990/3115/2679 2974/3116/2679
f 2966/3117/2680 2988/3118/2680 2987/3114/2680 2965/3113/2680
f 2977/2896/2681 2992/2899/2681 2993/2898/2681 2986/2897/2681
f 2999/2900/2682 3000/2901/2682 2993/2898/2682 2992/2899/2682
f 2997/2902/2683 2973/2881/2683 2983/2882/2683 3001/2903/2683
f 2991/2894/2684 2994/2895/2684 3000/2901/2684 2999/2900/2684
f 2972/2906/2685 2997/2902/2685 3001/2903/2685 2989/2907/2685
f 3042/2908/2686 3004/2911/2686 3005/2910/2686 3043/2909/2686
f 3043/2909/2687 3044/2914/2687 3006/2913/2687 3003/2912/2687
f 3044/2914/2688 3045/2916/2688 3008/2915/2688 3006/2913/2688
f 3045/2916/2689 3046/2918/2689 3010/2917/2689 3008/2915/2689
f 3046/2918/2690 3047/2920/2690 3012/2919/2690 3010/2917/2690
f 3042/2908/2691 3048/2922/2691 3015/2921/2691 3004/2911/2691
f 3048/2922/2692 3049/2924/2692 3017/2923/2692 3015/2921/2692
f 3049/2924/2693 3050/2926/2693 3019/2925/2693 3017/2923/2693
f 3019/2925/2694 3028/2928/2694 3027/2927/2694 3017/2923/2694
f 3017/2923/2695 3027/2927/2695 3026/2929/2695 3015/2921/2695
f 3015/2921/2696 3026/2929/2696 3020/2930/2696 3004/2911/2696
f 3011/2931/2697 3024/2934/2697 3025/2933/2697 3013/2932/2697
f 3009/2935/2698 3023/2936/2698 3024/2934/2698 3011/2931/2698
f 3007/2937/2699 3022/2938/2699 3023/2936/2699 3009/2935/2699
f 3005/2910/2700 3021/2939/2700 3022/2938/2700 3007/2937/2700
f 3004/2911/2701 3020/2930/2701 3021/2939/2701 3005/2910/2701
f 3016/2940/2702 3036/2943/2702 3037/2942/2702 3018/2941/2702
f 3014/2944/2703 3035/2945/2703 3036/2943/2703 3016/2940/2703
f 3002/2946/2704 3029/2947/2704 3035/2945/2704 3014/2944/2704
f 3012/2919/2705 3034/2949/2705 3033/2948/2705 3010/2917/2705
f 3010/2917/2706 3033/2948/2706 3032/2950/2706 3008/2915/2706
f 3008/2915/2707 3032/2950/2707 3031/2951/2707 3006/2913/2707
f 3006/2913/2708 3031/2951/2708 3030/2952/2708 3003/2912/2708
f 3003/2912/2709 3030/2952/2709 3029/2947/2709 3002/2946/2709
f 3037/2942/2710 3041/2954/2710 3038/2953/2710 3018/2941/2710
f 3019/2925/2711 3039/2956/2711 3040/2955/2711 3028/2928/2711
f 3050/2926/2712 3051/2957/2712 3039/2956/2712 3019/2925/2712
f 3051/2957/2713 3052/2958/2713 3040/2955/2713 3039/2956/2713
f 3047/2920/2714 3013/2932/2714 3025/2933/2714 3053/2959/2714
f 3002/2946/2715 3042/2908/2715 3043/2909/2715 3003/2912/2715
f 3005/2910/2716 3007/2937/2716 3044/2914/2716 3043/2909/2716
f 3007/2937/2717 3009/2935/2717 3045/2916/2717 3044/2914/2717
f 3009/2935/2718 3011/2931/2718 3046/2918/2718 3045/2916/2718
f 3011/2931/2719 3013/2932/2719 3047/2920/2719 3046/2918/2719
f 3002/2946/2720 3014/2944/2720 3048/2922/2720 3042/2908/2720
f 3014/2944/2721 3016/2940/2721 3049/2924/2721 3048/2922/2721
f 3016/2940/2722 3018/2941/2722 3050/2926/2722 3049/2924/2722
f 3018/2941/2723 3038/2953/2723 3051/2957/2723 3050/2926/2723
f 3038/2953/2724 3041/2954/2724 3052/2958/2724 3051/2957/2724
f 3012/2919/2725 3047/2920/2725 3053/2959/2725 3034/2949/2725
f 3091/2960/2726 3056/2963/2726 3057/2962/2726 3092/2961/2726
f 3092/2961/2727 3093/2966/2727 3058/2965/2727 3055/2964/2727
f 3091/2960/2728 3097/2968/2728 3066/2967/2728 3056/2963/2728
f 3097/2968/2729 3098/2970/2729 3068/2969/2729 3066/2967/2729
f 3098/2970/2730 3099/2972/2730 3070/2971/2730 3068/2969/2730
f 3070/2971/2731 3079/2974/2731 3078/2973/2731 3068/2969/2731
f 3068/2969/2732 3078/2973/2732 3077/2975/2732 3066/2967/2732
f 3066/2967/2733 3077/2975/2733 3071/2976/2733 3056/2963/2733
f 3062/2977/2734 3075/2980/2734 3076/2979/2734 3064/2978/2734
f 3060/2981/2735 3074/2982/2735 3075/2980/2735 3062/2977/2735
f 3059/2983/2736 3073/2984/2736 3074/2982/2736 3060/2981/2736
f 3057/2962/2737 3072/2985/2737 3073/2984/2737 3059/2983/2737
f 3056/2963/2738 3071/2976/2738 3072/2985/2738 3057/2962/2738
f 3067/2986/2739 3085/2989/2739 3086/2988/2739 3069/2987/2739
f 3065/2990/2740 3084/2991/2740 3085/2989/2740 3067/2986/2740
f 3054/2992/2741 3080/2993/2741 3084/2991/2741 3065/2990/2741
f 3063/2994/2742 3083/2997/2742 3082/2996/2742 3061/2995/2742
f 3055/2964/2743 3081/2998/2743 3080/2993/2743 3054/2992/2743
f 3086/2988/2744 3090/3001/2744 3087/3000/2744 3069/2987/2744
f 3070/2971/2745 3088/3003/2745 3089/3002/2745 3079/2974/2745
f 3099/2972/2746 3100/3004/2746 3088/3003/2746 3070/2971/2746
f 3100/3004/2747 3101/3005/2747 3089/3002/2747 3088/3003/2747
f 3096/3006/2748 3064/2978/2749 3076/2979/2748 3102/3007/2749
f 3054/2992/2750 3091/2960/2750 3092/2961/2750 3055/2964/2750
f 3057/2962/2751 3059/2983/2751 3093/2966/2751 3092/2961/2751
f 3059/2983/2752 3060/2981/2752 3094/3008/2752 3093/2966/2752
f 3060/2981/2753 3062/2977/2753 3095/3009/2753 3094/3008/2753
f 3062/2977/2754 3064/2978/2754 3096/3006/2754 3095/3009/2754
f 3054/2992/2755 3065/2990/2755 3097/2968/2755 3091/2960/2755
f 3065/2990/2756 3067/2986/2756 3098/2970/2756 3097/2968/2756
f 3067/2986/2757 3069/2987/2757 3099/2972/2757 3098/2970/2757
f 3069/2987/2758 3087/3000/2758 3100/3004/2758 3099/2972/2758
f 3087/3000/2759 3090/3001/2759 3101/3005/2759 3100/3004/2759
f 3063/2994/2760 3096/3006/2760 3102/3007/2760 3083/2997/2760
f 3139/3010/2761 3105/3013/2761 3106/3012/2761 3140/3011/2761
f 3139/3010/2762 3145/3015/2762 3116/3014/2762 3105/3013/2762
f 3145/3015/2763 3146/3017/2763 3118/3016/2763 3116/3014/2763
f 3146/3017/2764 3147/3119/2764 3119/3030/2764 3118/3016/2764
f 3119/3030/2765 3128/3031/2765 3127/3019/2765 3118/3016/2765
f 3118/3016/2766 3127/3019/2766 3126/3018/2766 3116/3014/2766
f 3116/3014/2767 3126/3018/2767 3120/3020/2767 3105/3013/2767
f 3112/3021/2768 3124/3024/2768 3125/3023/2768 3114/3022/2768
f 3110/3025/2769 3123/3026/2769 3124/3024/2769 3112/3021/2769
f 3108/3027/2770 3122/3028/2770 3123/3026/2770 3110/3025/2770
f 3106/3012/2771 3121/3029/2771 3122/3028/2771 3108/3027/2771
f 3105/3013/2772 3120/3020/2772 3121/3029/2772 3106/3012/2772
f 3115/3120/2773 3135/3121/2773 3136/3122/2774 3117/3123/2775
f 3103/3124/2776 3129/3125/2776 3135/3121/2776 3115/3120/2776
f 3113/3038/2777 3134/3039/2777 3133/3126/2777 3111/3127/2777
f 3109/3128/2778 3132/3129/2778 3131/3130/2778 3107/3131/2778
f 3107/3131/2779 3131/3130/2779 3130/3132/2779 3104/3133/2779
f 3104/3133/2780 3130/3132/2780 3129/3125/2780 3103/3124/2780
f 3119/3030/2781 3137/3033/2781 3138/3032/2781 3128/3031/2781
f 3147/3119/2782 3148/3034/2782 3137/3033/2782 3119/3030/2782
f 3148/3034/2783 3149/3035/2783 3138/3032/2783 3137/3033/2783
f 3144/3036/2784 3114/3022/2784 3125/3023/2784 3150/3037/2784
f 3106/3012/2785 3108/3027/2785 3141/3134/2785 3140/3011/2785
f 3108/3027/2786 3110/3025/2786 3142/3135/2786 3141/3134/2786
f 3110/3025/2787 3112/3021/2787 3143/3136/2787 3142/3135/2787
f 3112/3021/2788 3114/3022/2788 3144/3036/2788 3143/3136/2788
f 3113/3038/2789 3144/3036/2789 3150/3037/2789 3134/3039/2789
f 2944/3056/2790 2929/3091/2790 2936/3063/2790 2949/3057/2790
f 3177/3049/2791 3191/3048/2791 3197/3051/2791 3178/3050/2791
f 2955/3076/2792 2960/3079/2792 2922/3073/2792 2933/3050/2792
f 3181/3063/2793 3174/3091/2793 3189/3056/2793 3194/3057/2793
f 3179/3043/2794 3195/3040/2794 3187/3099/2794 3180/3098/2794
f 3182/3068/2795 3192/3065/2795 3183/3094/2795 3175/3095/2795
f 2959/3077/2796 2955/3076/2796 2933/3050/2796 2932/3049/2796
f 3162/3052/2797 3160/3055/2797 3191/3062/2797 3194/3057/2797
f 3161/3105/2798 3157/3104/2798 3188/3054/2798 3193/3053/2798
f 3178/3050/2799 3167/3073/2799 3206/3079/2799 3201/3076/2799
f 3155/3137/2800 3161/3105/2800 3193/3053/2800 3185/3069/2800
f 3179/3043/2801 3171/3042/2801 3184/3041/2801 3195/3040/2801
f 3204/3071/2802 3208/3070/2802 3180/3067/2802 3182/3068/2802
f 3182/3068/2803 3175/3095/2803 3210/3096/2803 3204/3071/2803
f 3158/3058/2804 3185/3069/2804 3193/3053/2804 3162/3052/2804
f 2958/3071/2805 2964/3096/2805 2930/3095/2805 2937/3068/2805
f 2963/3085/2806 2956/3100/2806 2934/3043/2806 2926/3042/2806
f 3181/3063/2807 3203/3102/2807 3207/3090/2807 3174/3091/2807
f 2943/3060/2808 2951/3046/2808 2919/3047/2808 2913/3074/2808
f 2947/3065/2809 2937/3068/2809 2930/3095/2809 2938/3094/2809
f 2941/3045/2810 2951/3046/2810 2920/3061/2810 2915/3075/2810
f 3151/3078/2811 3168/3080/2811 3206/3079/2811 3167/3073/2811
f 3151/3078/2812 3169/3082/2812 3199/3081/2812 3168/3080/2812
f 3152/3083/2813 3166/3138/2813 3184/3041/2813 3171/3042/2813
f 3152/3083/2814 3169/3082/2814 3198/3139/2814 3166/3138/2814
f 3152/3083/2815 3170/3084/2815 3199/3081/2815 3169/3082/2815
f 3152/3083/2816 3171/3042/2816 3209/3085/2816 3170/3084/2816
f 3153/3086/2817 3165/3140/2817 3189/3056/2817 3174/3091/2817
f 3153/3086/2818 3173/3089/2818 3200/3088/2818 3172/3087/2818
f 3153/3086/2819 3174/3091/2819 3207/3090/2819 3173/3089/2819
f 3154/3092/2820 3176/3097/2820 3210/3096/2820 3175/3095/2820
f 3154/3092/2821 3172/3087/2821 3200/3088/2821 3176/3097/2821
f 3179/3043/2822 3202/3100/2822 3209/3085/2822 3171/3042/2822
f 3179/3043/2823 3180/3098/2823 3208/3101/2823 3202/3100/2823
f 3158/3058/2824 3162/3052/2824 3194/3057/2824 3189/3056/2824
f 3160/3059/2825 3164/3061/2825 3197/3051/2825 3191/3048/2825
f 3181/3063/2826 3177/3064/2826 3205/3103/2826 3203/3102/2826
usemtl Eyebrows.001
f 3257/3141/2827 3247/3142/2828 3213/3143/2829 3214/3144/2830
f 3235/3145/2831 3211/3146/2832 3215/3147/2833 3237/3148/2834
f 3237/3148/2834 3215/3147/2833 3217/3149/2835 3238/3150/2836
f 3238/3150/2836 3217/3149/2835 3219/3151/2837 3239/3152/2838
f 3239/3152/2838 3219/3151/2837 3221/3153/2839 3240/3154/2840
f 3240/3154/2840 3221/3153/2839 3223/3155/2841 3241/3156/2842
f 3241/3156/2842 3223/3155/2841 3225/3157/2843 3242/3158/2844
f 3242/3158/2844 3225/3157/2843 3227/3159/2845 3243/3160/2846
f 3243/3160/2846 3227/3159/2845 3229/3161/2847 3244/3162/2848
f 3244/3162/2848 3229/3161/2847 3231/3163/2849 3245/3164/2850
f 3257/3141/2827 3214/3144/2830 3234/3165/2851 3258/3166/2852
f 3212/3167/2853 3211/3146/2832 3235/3145/2831 3236/3168/2854
f 3259/3169/2855 3235/3145/2831 3237/3148/2834 3260/3170/2856
f 3260/3170/2856 3237/3148/2834 3238/3150/2836 3261/3171/2857
f 3261/3171/2857 3238/3150/2836 3239/3152/2838 3262/3172/2858
f 3262/3172/2858 3239/3152/2838 3240/3154/2840 3263/3173/2859
f 3263/3173/2859 3240/3154/2840 3241/3156/2842 3264/3174/2860
f 3264/3174/2860 3241/3156/2842 3242/3158/2844 3265/3175/2861
f 3265/3175/2861 3242/3158/2844 3243/3160/2846 3266/3176/2862
f 3266/3176/2862 3243/3160/2846 3244/3162/2848 3267/3177/2863
f 3267/3177/2863 3244/3162/2848 3245/3164/2850 3268/3178/2864
f 3212/3167/2853 3236/3168/2854 3246/3179/2865 3233/3180/2866
f 3269/3181/2867 3259/3169/2855 3247/3142/2828 3257/3141/2827
f 3269/3181/2867 3257/3141/2827 3258/3166/2852 3270/3182/2868
f 3213/3143/2829 3247/3142/2828 3248/3183/2869 3216/3184/2870
f 3216/3184/2870 3248/3183/2869 3249/3185/2871 3218/3186/2872
f 3218/3186/2872 3249/3185/2871 3250/3187/2873 3220/3188/2874
f 3220/3188/2874 3250/3187/2873 3251/3189/2875 3222/3190/2876
f 3222/3190/2876 3251/3189/2875 3252/3191/2877 3224/3192/2878
f 3224/3192/2878 3252/3191/2877 3253/3193/2879 3226/3194/2880
f 3226/3194/2880 3253/3193/2879 3254/3195/2881 3228/3196/2882
f 3228/3196/2882 3254/3195/2881 3255/3197/2883 3230/3198/2884
f 3230/3198/2884 3255/3197/2883 3256/3199/2885 3232/3200/2886
f 3270/3182/2868 3258/3166/2852 3234/3165/2851 3271/3201/2887
f 3268/3178/2864 3245/3164/2850 3231/3163/2849 3272/3202/2888
f 3247/3142/2828 3259/3169/2855 3260/3170/2856 3248/3183/2869
f 3248/3183/2869 3260/3170/2856 3261/3171/2857 3249/3185/2871
f 3249/3185/2871 3261/3171/2857 3262/3172/2858 3250/3187/2873
f 3250/3187/2873 3262/3172/2858 3263/3173/2859 3251/3189/2875
f 3251/3189/2875 3263/3173/2859 3264/3174/2860 3252/3191/2877
f 3252/3191/2877 3264/3174/2860 3265/3175/2861 3253/3193/2879
f 3253/3193/2879 3265/3175/2861 3266/3176/2862 3254/3195/2881
f 3254/3195/2881 3266/3176/2862 3267/3177/2863 3255/3197/2883
f 3255/3197/2883 3267/3177/2863 3268/3178/2864 3256/3199/2885
f 3236/3168/2854 3235/3145/2831 3259/3169/2855 3269/3181/2867
f 3236/3168/2854 3269/3181/2867 3270/3182/2868 3246/3179/2865
f 3246/3179/2865 3270/3182/2868 3271/3201/2887 3233/3180/2866
f 3256/3199/2885 3268/3178/2864 3272/3202/2888 3232/3200/2886
f 3319/3203/2889 3276/3204/2890 3275/3205/2891 3309/3206/2892
f 3297/3207/2893 3299/3208/2894 3277/3209/2895 3273/3210/2896
f 3299/3208/2894 3300/3211/2897 3279/3212/2898 3277/3209/2895
f 3300/3211/2897 3301/3213/2899 3281/3214/2900 3279/3212/2898
f 3301/3213/2899 3302/3215/2901 3283/3216/2902 3281/3214/2900
f 3302/3215/2901 3303/3217/2903 3285/3218/2904 3283/3216/2902
f 3303/3217/2903 3304/3219/2905 3287/3220/2906 3285/3218/2904
f 3304/3219/2905 3305/3221/2907 3289/3222/2908 3287/3220/2906
f 3305/3221/2907 3306/3223/2909 3291/3224/2910 3289/3222/2908
f 3306/3223/2909 3307/3225/2911 3293/3226/2912 3291/3224/2910
f 3319/3203/2889 3320/3227/2913 3296/3228/2914 3276/3204/2890
f 3274/3229/2915 3298/3230/2916 3297/3207/2893 3273/3210/2896
f 3321/3231/2917 3322/3232/2918 3299/3208/2894 3297/3207/2893
f 3322/3232/2918 3323/3233/2919 3300/3211/2897 3299/3208/2894
f 3323/3233/2919 3324/3234/2920 3301/3213/2899 3300/3211/2897
f 3324/3234/2920 3325/3235/2921 3302/3215/2901 3301/3213/2899
f 3325/3235/2921 3326/3236/2922 3303/3217/2903 3302/3215/2901
f 3326/3236/2922 3327/3237/2923 3304/3219/2905 3303/3217/2903
f 3327/3237/2923 3328/3238/2924 3305/3221/2907 3304/3219/2905
f 3328/3238/2924 3329/3239/2925 3306/3223/2909 3305/3221/2907
f 3329/3239/2925 3330/3240/2926 3307/3225/2911 3306/3223/2909
f 3274/3229/2915 3295/3241/2927 3308/3242/2928 3298/3230/2916
f 3331/3243/2929 3319/3203/2889 3309/3206/2892 3321/3231/2917
f 3331/3243/2929 3332/3244/2930 3320/3227/2913 3319/3203/2889
f 3275/3205/2891 3278/3245/2931 3310/3246/2932 3309/3206/2892
f 3278/3245/2931 3280/3247/2933 3311/3248/2934 3310/3246/2932
f 3280/3247/2933 3282/3249/2935 3312/3250/2936 3311/3248/2934
f 3282/3249/2935 3284/3251/2937 3313/3252/2938 3312/3250/2936
f 3284/3251/2937 3286/3253/2939 3314/3254/2940 3313/3252/2938
f 3286/3253/2939 3288/3255/2941 3315/3256/2942 3314/3254/2940
f 3288/3255/2941 3290/3257/2943 3316/3258/2944 3315/3256/2942
f 3290/3257/2943 3292/3259/2945 3317/3260/2946 3316/3258/2944
f 3292/3259/2945 3294/3261/2947 3318/3262/2948 3317/3260/2946
f 3332/3244/2930 3333/3263/2949 3296/3228/2914 3320/3227/2913
f 3330/3240/2926 3334/3264/2950 3293/3226/2912 3307/3225/2911
f 3309/3206/2892 3310/3246/2932 3322/3232/2918 3321/3231/2917
f 3310/3246/2932 3311/3248/2934 3323/3233/2919 3322/3232/2918
f 3311/3248/2934 3312/3250/2936 3324/3234/2920 3323/3233/2919
f 3312/3250/2936 3313/3252/2938 3325/3235/2921 3324/3234/2920
f 3313/3252/2938 3314/3254/2940 3326/3236/2922 3325/3235/2921
f 3314/3254/2940 3315/3256/2942 3327/3237/2923 3326/3236/2922
f 3315/3256/2942 3316/3258/2944 3328/3238/2924 3327/3237/2923
f 3316/3258/2944 3317/3260/2946 3329/3239/2925 3328/3238/2924
f 3317/3260/2946 3318/3262/2948 3330/3240/2926 3329/3239/2925
f 3298/3230/2916 3331/3243/2929 3321/3231/2917 3297/3207/2893
f 3298/3230/2916 3308/3242/2928 3332/3244/2930 3331/3243/2929
f 3308/3242/2928 3295/3241/2927 3333/3263/2949 3332/3244/2930
f 3318/3262/2948 3294/3261/2947 3334/3264/2950 3330/3240/2926
usemtl EyesBalls.001
f 3343/3265/2951 3337/3266/2952 3336/3267/2953 3342/3268/2954
f 3342/3268/2954 3336/3267/2953 3335/3269/2955 3341/3270/2956
f 3367/3271/2957 3373/3272/2958 3374/3273/2959 3368/3274/2960
f 3368/3274/2960 3374/3273/2959 3375/3275/2961 3369/3276/2962
f 3374/3273/2959 3380/3277/2963 3381/3278/2964 3375/3275/2961
f 3373/3272/2958 3379/3279/2965 3380/3277/2963 3374/3273/2959
f 3372/3280/2966 3378/3281/2967 3379/3279/2965 3373/3272/2958
f 3371/3282/2968 3377/3283/2969 3378/3281/2967 3372/3280/2966
f 3353/3284/2970 3359/3285/2971 3360/3286/2972 3354/3287/2973
f 3361/3288/2974 3355/3289/2975 3354/3287/2973 3360/3286/2972
f 3361/3288/2974 3362/3290/2976 3356/3291/2977 3355/3289/2975
f 3362/3290/2976 3363/3292/2978 3357/3293/2979 3356/3291/2977
f 3368/3274/2960 3369/3276/2962 3363/3292/2978 3362/3290/2976
f 3367/3271/2957 3368/3274/2960 3362/3290/2976 3361/3288/2974
f 3341/3270/2956 3347/3294/2980 3348/3295/2981 3342/3268/2954
f 3349/3296/2982 3343/3265/2951 3342/3268/2954 3348/3295/2981
f 3366/3297/2983 3367/3271/2957 3361/3288/2974 3360/3286/2972
f 3366/3297/2983 3360/3286/2972 3359/3285/2971 3365/3298/2984
f 3350/3299/2985 3344/3300/2986 3343/3265/2951 3349/3296/2982
f 3344/3300/2986 3350/3299/2985 3351/3301/2987 3345/3302/2988
f 3336/3267/2953 3378/3281/2967 3377/3283/2969 3335/3269/2955
f 3337/3266/2952 3379/3279/2965 3378/3281/2967 3336/3267/2953
f 3350/3299/2985 3356/3291/2977 3357/3293/2979 3351/3301/2987
f 3356/3291/2977 3350/3299/2985 3349/3296/2982 3355/3289/2975
f 3380/3277/2963 3379/3279/2965 3337/3266/2952 3338/3303/2989
f 3381/3278/2964 3380/3277/2963 3338/3303/2989 3339/3304/2990
f 3355/3289/2975 3349/3296/2982 3348/3295/2981 3354/3287/2973
f 3347/3294/2980 3353/3284/2970 3354/3287/2973 3348/3295/2981
f 3344/3300/2986 3345/3302/2988 3339/3304/2990 3338/3303/2989
f 3343/3265/2951 3344/3300/2986 3338/3303/2989 3337/3266/2952
f 3365/3298/2984 3371/3282/2968 3372/3280/2966 3366/3297/2983
f 3366/3297/2983 3372/3280/2966 3373/3272/2958 3367/3271/2957
f 3391/3305/2991 3390/3306/2992 3384/3307/2993 3385/3308/2994
f 3390/3306/2992 3389/3309/2995 3383/3310/2996 3384/3307/2993
f 3415/3311/2997 3416/3312/2998 3422/3313/2999 3421/3314/3000
f 3416/3312/2998 3417/3315/3001 3423/3316/3002 3422/3313/2999
f 3422/3313/2999 3423/3316/3002 3429/3317/3003 3428/3318/3004
f 3421/3314/3000 3422/3313/2999 3428/3318/3004 3427/3319/3005
f 3420/3320/3006 3421/3314/3000 3427/3319/3005 3426/3321/3007
f 3419/3322/3008 3420/3320/3006 3426/3321/3007 3425/3323/3009
f 3401/3324/3010 3402/3325/3011 3408/3326/3012 3407/3327/3013
f 3409/3328/3014 3408/3326/3012 3402/3325/3011 3403/3329/3015
f 3409/3328/3014 3403/3329/3015 3404/3330/3016 3410/3331/3017
f 3410/3331/3017 3404/3330/3016 3405/3332/3018 3411/3333/3019
f 3416/3312/2998 3410/3331/3017 3411/3333/3019 3417/3315/3001
f 3415/3311/2997 3409/3328/3014 3410/3331/3017 3416/3312/2998
f 3389/3309/2995 3390/3306/2992 3396/3334/3020 3395/3335/3021
f 3397/3336/3022 3396/3334/3020 3390/3306/2992 3391/3305/2991
f 3414/3337/3023 3408/3326/3012 3409/3328/3014 3415/3311/2997
f 3414/3337/3023 3413/3338/3024 3407/3327/3013 3408/3326/3012
f 3398/3339/3025 3397/3336/3022 3391/3305/2991 3392/3340/3026
f 3392/3340/3026 3393/3341/3027 3399/3342/3028 3398/3339/3025
f 3384/3307/2993 3383/3310/2996 3425/3323/3009 3426/3321/3007
f 3385/3308/2994 3384/3307/2993 3426/3321/3007 3427/3319/3005
f 3398/3339/3025 3399/3342/3028 3405/3332/3018 3404/3330/3016
f 3404/3330/3016 3403/3329/3015 3397/3336/3022 3398/3339/3025
f 3428/3318/3004 3386/3343/3029 3385/3308/2994 3427/3319/3005
f 3429/3317/3003 3387/3344/3030 3386/3343/3029 3428/3318/3004
f 3403/3329/3015 3402/3325/3011 3396/3334/3020 3397/3336/3022
f 3395/3335/3021 3396/3334/3020 3402/3325/3011 3401/3324/3010
f 3392/3340/3026 3386/3343/3029 3387/3344/3030 3393/3341/3027
f 3391/3305/2991 3385/3308/2994 3386/3343/3029 3392/3340/3026
f 3413/3338/3024 3414/3337/3023 3420/3320/3006 3419/3322/3008
f 3414/3337/3023 3415/3311/2997 3421/3314/3000 3420/3320/3006
usemtl EyesRound.001
f 3370/3345/3031 3364/3346/3032 3363/3292/2978 3369/3276/2962
f 3376/3347/3033 3370/3345/3031 3369/3276/2962 3375/3275/2961
f 3363/3292/2978 3364/3346/3032 3358/3348/3034 3357/3293/2979
f 3357/3293/2979 3358/3348/3034 3352/3349/3035 3351/3301/2987
f 3351/3301/2987 3352/3349/3035 3346/3350/3036 3345/3302/2988
f 3345/3302/2988 3346/3350/3036 3340/3351/3037 3339/3304/2990
f 3340/3351/3037 3382/3352/3038 3381/3278/2964 3339/3304/2990
f 3382/3352/3038 3376/3347/3033 3375/3275/2961 3381/3278/2964
f 3418/3353/3039 3417/3315/3001 3411/3333/3019 3412/3354/3040
f 3424/3355/3041 3423/3316/3002 3417/3315/3001 3418/3353/3039
f 3411/3333/3019 3405/3332/3018 3406/3356/3042 3412/3354/3040
f 3405/3332/3018 3399/3342/3028 3400/3357/3043 3406/3356/3042
f 3399/3342/3028 3393/3341/3027 3394/3358/3044 3400/3357/3043
f 3393/3341/3027 3387/3344/3030 3388/3359/3045 3394/3358/3044
f 3388/3359/3045 3387/3344/3030 3429/3317/3003 3430/3360/3046
f 3430/3360/3046 3429/3317/3003 3423/3316/3002 3424/3355/3041
usemtl EyesSmall.001
f 3376/3347/3033 3382/3352/3038 3364/3346/3032 3370/3345/3031
f 3382/3352/3038 3340/3351/3037 3358/3348/3034 3364/3346/3032
f 3340/3351/3037 3346/3350/3036 3352/3349/3035 3358/3348/3034
f 3424/3355/3041 3418/3353/3039 3412/3354/3040 3430/3360/3046
f 3430/3360/3046 3412/3354/3040 3406/3356/3042 3388/3359/3045
f 3388/3359/3045 3406/3356/3042 3400/3357/3043 3394/3358/3044
usemtl Hair.001
f 6130/3361/3047 3431/3362/3047 3433/3363/3047 6131/3364/3047
f 6131/3364/3048 3433/3363/3048 3435/3365/3048 6132/3366/3048
f 6132/3366/3049 3435/3365/3049 3437/3367/3049 6133/3368/3049
f 6133/3368/3050 3437/3367/3050 3439/3369/3050 6134/3370/3050
f 6134/3370/3051 3439/3369/3051 3441/3371/3051 6135/3372/3051
f 6135/3372/3052 3441/3371/3052 3443/3373/3052 6136/3374/3052
f 6123/3375/3053 6124/3376/3053 3447/3377/3053 3445/3378/3053
f 6124/3376/3054 6125/3379/3054 3449/3380/3054 3447/3377/3054
f 6125/3379/3055 6126/3381/3055 3451/3382/3055 3449/3380/3055
f 6126/3381/3056 6127/3383/3056 3453/3384/3056 3451/3382/3056
f 6127/3383/3057 6128/3385/3057 3455/3386/3057 3453/3384/3057
f 6128/3385/3058 6129/3387/3058 3457/3388/3058 3455/3386/3058
f 4359/3389/3059 3920/3390/3059 3650/3391/3059 3795/3392/3059
f 4360/3393/3060 3798/3394/3060 3461/3395/3060 3796/3396/3060
f 4361/3397/3061 3801/3398/3061 3464/3399/3061 3799/3400/3061
f 4362/3401/3062 3804/3402/3062 3466/3403/3062 3802/3404/3062
f 4363/3405/3063 3804/3402/3063 3464/3399/3063 3801/3398/3063
f 4364/3406/3064 3809/3407/3064 3468/3408/3064 3807/3409/3064
f 4365/3410/3065 3812/3411/3065 3470/3412/3065 3810/3413/3065
f 4366/3414/3066 3815/3415/3066 3472/3416/3066 3813/3417/3066
f 4367/3418/3067 3818/3419/3067 3474/3420/3067 3816/3421/3067
f 4368/3422/3068 3821/3423/3068 3476/3424/3068 3819/3425/3068
f 4369/3426/3069 3824/3427/3069 3478/3428/3069 3822/3429/3069
f 4370/3430/3070 3827/3431/3070 3480/3432/3070 3825/3433/3070
f 4371/3434/3071 3830/3435/3071 3482/3436/3071 3828/3437/3071
f 4372/3438/3072 3833/3439/3072 3484/3440/3072 3831/3441/3072
f 4373/3442/3073 3836/3443/3073 3486/3444/3073 3834/3445/3073
f 4374/3446/3074 3839/3447/3074 3488/3448/3074 3837/3449/3074
f 4375/3450/3075 3842/3451/3075 3490/3452/3075 3840/3453/3075
f 4376/3454/3076 3845/3455/3076 3492/3456/3076 3843/3457/3076
f 4377/3458/3077 3848/3459/3077 3494/3460/3077 3846/3461/3077
f 4378/3462/3078 3852/3463/3078 3498/3464/3078 3850/3465/3078
f 4379/3466/3079 3855/3467/3079 3500/3468/3079 3853/3469/3079
f 4380/3470/3080 3858/3471/3080 3502/3472/3080 3856/3473/3080
f 4381/3474/3081 3861/3475/3081 3504/3476/3081 3859/3477/3081
f 4382/3478/3082 3864/3479/3082 3506/3480/3082 3862/3481/3082
f 4383/3482/3083 3867/3483/3083 3508/3484/3083 3865/3485/3083
f 4384/3486/3084 3872/3487/3084 3468/3408/3084 3809/3407/3084
f 4385/3488/3085 3870/3489/3085 3510/3490/3085 3873/3491/3085
f 3669/3492/3086 3926/3493/3086 4019/3494/3086 3718/3495/3086
f 4386/3496/3087 3875/3497/3087 3510/3490/3087 3870/3489/3087
f 4387/3498/3088 3938/3499/3088 3512/3500/3088 3876/3501/3088
f 4388/3502/3089 3872/3487/3089 3512/3500/3089 3877/3503/3089
f 4389/3504/3090 3887/3505/3090 3513/3506/3090 3878/3507/3090
f 4390/3508/3091 3888/3509/3091 3514/3510/3091 3879/3511/3091
f 4391/3512/3092 3889/3513/3092 3515/3514/3092 3880/3515/3092
f 4392/3516/3093 3890/3517/3093 3516/3518/3093 3881/3519/3093
f 4393/3520/3094 3891/3521/3094 3517/3522/3094 4342/3523/3094
f 4394/3524/3095 3892/3525/3095 3518/3526/3095 4304/3527/3095
f 4395/3528/3096 3893/3529/3096 3519/3530/3096 4323/3531/3096
f 4396/3532/3097 3894/3533/3097 3520/3534/3097 3885/3535/3097
f 4397/3536/3098 3895/3537/3098 3521/3538/3098 3886/3539/3098
f 4398/3540/3099 3877/3503/3099 3512/3500/3099 3938/3499/3099
f 4399/3541/3100 3878/3507/3100 3513/3506/3100 3897/3542/3100
f 4400/3543/3101 3879/3511/3102 3514/3510/3101 3898/3544/3101
f 4401/3545/3103 3880/3515/3103 3515/3514/3103 3899/3546/3103
f 4402/3547/3104 3901/3548/3104 3654/3549/3104 3927/3550/3104
f 4403/3551/3105 3928/3552/3105 3654/3549/3105 3901/3548/3105
f 4404/3553/3106 3929/3554/3106 3655/3555/3106 3902/3556/3106
f 4405/3557/3107 3930/3558/3107 3656/3559/3107 3903/3560/3107
f 4406/3561/3108 3921/3562/3108 3657/3563/3108 3904/3564/3108
f 4407/3565/3109 3922/3566/3109 3658/3567/3109 3905/3568/3109
f 4408/3569/3110 4343/3570/3110 3659/3571/3110 3906/3572/3110
f 4409/3573/3111 4305/3574/3111 3660/3575/3111 3907/3576/3111
f 4410/3577/3112 4324/3578/3112 3661/3579/3112 3908/3580/3112
f 4411/3581/3113 3931/3582/3113 3662/3583/3113 3909/3584/3113
f 4412/3585/3114 3932/3586/3114 3663/3587/3114 3910/3588/3114
f 4413/3589/3115 3933/3590/3115 3664/3591/3115 3911/3592/3115
f 4414/3593/3116 3934/3594/3116 3665/3595/3116 3912/3596/3116
f 4415/3597/3117 3935/3598/3118 3666/3599/3117 3913/3600/3118
f 3914/3601/3119 3493/3602/3119 3495/3603/3119 3915/3604/3119
f 3988/3605/3120 3989/3606/3120 3556/3607/3120 3557/3608/3120
f 4416/3609/3121 3919/3610/3121 3653/3611/3121 3874/3612/3121
f 4021/3613/3122 3945/3614/3122 3523/3615/3122 3574/3616/3122
f 3524/3617/3123 3945/3614/3123 4021/3613/3123 3575/3618/3123
f 3981/3619/3124 3947/3620/3124 3525/3621/3124 3548/3622/3124
f 3527/3623/3125 3947/3620/3125 3981/3619/3125 3550/3624/3125
f 3528/3625/3126 3948/3626/3126 3982/3627/3126 3551/3628/3126
f 3529/3629/3127 3949/3630/3127 3983/3631/3127 3552/3632/3127
f 3530/3633/3128 3950/3634/3128 3984/3635/3128 3553/3636/3128
f 4417/3637/3129 3977/3638/3129 3652/3639/3129 3917/3640/3129
f 4418/3641/3130 3918/3642/3130 3651/3643/3130 3805/3644/3130
f 3578/3645/3131 3579/3646/3131 3561/3647/3131 3562/3648/3131
f 4419/3649/3132 3963/3650/3132 3537/3651/3132 3937/3652/3132
f 4420/3653/3133 4016/3654/3133 3538/3655/3133 3964/3656/3133
f 4421/3657/3134 3965/3658/3134 3538/3655/3134 4016/3654/3134
f 4422/3659/3135 3966/3660/3135 3532/3661/3135 4010/3662/3135
f 4423/3663/3136 3967/3664/3136 3533/3665/3136 4011/3666/3136
f 4424/3667/3137 3968/3668/3137 3534/3669/3137 4012/3670/3137
f 4425/3671/3138 3936/3672/3138 3536/3673/3138 3969/3674/3138
f 4426/3675/3139 3970/3676/3139 3536/3673/3139 3936/3672/3139
f 4427/3677/3140 3958/3678/3140 3541/3679/3140 3971/3680/3140
f 4428/3681/3141 3959/3682/3141 3542/3683/3141 3972/3684/3141
f 4429/3685/3142 3960/3686/3142 3543/3687/3142 4325/3688/3142
f 4430/3689/3143 3961/3690/3143 3544/3691/3143 4306/3692/3143
f 4431/3693/3144 3962/3694/3145 3545/3695/3146 4344/3696/3146
f 4432/3697/3147 3900/3698/3147 3535/3699/3147 3976/3700/3147
f 3945/3614/3148 3979/3701/3148 3546/3702/3148 3523/3615/3148
f 3524/3617/3149 3547/3703/3149 3979/3701/3149 3945/3614/3149
f 4433/3704/3150 3868/3705/3150 3548/3622/3150 3980/3706/3150
f 4434/3707/3151 3981/3619/3151 3548/3622/3151 3868/3705/3151
f 4435/3708/3152 3982/3627/3152 3550/3624/3152 3940/3709/3152
f 4436/3710/3153 3983/3631/3153 3551/3628/3153 3941/3711/3153
f 4437/3712/3154 3984/3635/3154 3552/3632/3154 3942/3713/3154
f 3496/3714/3155 3494/3460/3155 3989/3606/3155 3988/3605/3155
f 4438/3715/3156 3990/3716/3156 3555/3717/3156 3987/3718/3156
f 4439/3719/3157 3991/3720/3157 3554/3721/3157 3986/3722/3157
f 4440/3723/3158 3896/3724/3158 3522/3725/3158 3992/3726/3158
f 3997/3727/3159 4018/3728/3159 3579/3646/3159 3578/3645/3159
f 3557/3608/3160 3556/3607/3160 3995/3729/3160 3994/3730/3160
f 4441/3731/3161 3996/3732/3161 3558/3733/3161 3993/3734/3161
f 3562/3648/3162 3561/3647/3162 3566/3735/3162 3567/3736/3162
f 3526/3737/3163 3946/3738/3163 4027/3739/3163 3577/3740/3163
f 4443/3741/3164 4002/3742/3164 3563/3743/3164 3998/3744/3164
f 4444/3745/3165 4002/3742/3165 3554/3721/3165 3992/3726/3165
f 4445/3746/3166 4019/3494/3166 3575/3618/3166 4015/3747/3166
f 4446/3748/3167 4014/3749/3167 3574/3616/3167 4020/3750/3167
f 4447/3751/3168 4021/3613/3168 3574/3616/3168 4014/3749/3168
f 4448/3752/3169 4009/3753/3170 3569/3754/3170 4022/3755/3171
f 4449/3756/3172 4013/3757/3172 3573/3758/3172 4026/3759/3172
f 3947/3620/3173 4028/3760/3173 3576/3761/3173 3525/3621/3173
f 3527/3623/3174 3570/3762/3174 4028/3760/3174 3947/3620/3174
f 3528/3625/3175 3571/3763/3175 4029/3764/3175 3948/3626/3175
f 3529/3629/3176 3572/3765/3176 4030/3766/3176 3949/3630/3176
f 3530/3633/3177 3573/3758/3177 4031/3767/3177 3950/3634/3177
f 4107/3768/3178 4110/3769/3178 3622/3770/3178 3620/3771/3178
f 3560/3772/3179 3559/3773/3180 4018/3728/3181 3997/3727/3181
f 3718/3774/3182 4260/3775/3182 4179/3776/3182 3669/3777/3182
f 4222/3778/3183 4190/3779/3183 3672/3780/3183 3696/3781/3183
f 4450/3782/3184 4038/3783/3184 3553/3636/3184 3943/3784/3184
f 4451/3785/3185 4037/3786/3185 3583/3787/3185 4039/3788/3185
f 4452/3789/3186 4290/3790/3186 3584/3791/3186 4040/3792/3186
f 4453/3793/3187 4048/3794/3188 3739/3795/3188 4046/3796/3189
f 4454/3797/3190 4047/3798/3190 3741/3799/3190 4292/3800/3190
f 4455/3801/3191 4050/3802/3191 3738/3803/3191 4044/3804/3191
f 4456/3805/3192 4051/3806/3193 3737/3807/3193 4043/3808/3194
f 4457/3809/3195 4052/3810/3195 3736/3811/3195 4042/3812/3195
f 4458/3813/3196 4053/3814/3196 3735/3815/3196 4041/3816/3196
f 4459/3817/3197 4053/3814/3197 3498/3464/3197 3852/3463/3197
f 4460/3818/3198 4056/3819/3198 3650/3820/3198 3920/3821/3198
f 4461/3822/3199 4057/3823/3199 3587/3824/3199 4059/3825/3199
f 4462/3826/3200 4060/3827/3200 3590/3828/3200 4062/3829/3200
f 4463/3830/3201 4063/3831/3201 3592/3832/3201 4065/3833/3201
f 4464/3834/3202 4062/3829/3202 3590/3828/3202 4065/3833/3202
f 4465/3835/3203 4068/3836/3203 3594/3837/3203 4070/3838/3203
f 4466/3839/3204 4071/3840/3204 3596/3841/3204 4073/3842/3204
f 4467/3843/3205 4074/3844/3205 3598/3845/3205 4076/3846/3205
f 4468/3847/3206 4077/3848/3206 3600/3849/3206 4079/3850/3206
f 4469/3851/3207 4080/3852/3207 3602/3853/3207 4082/3854/3207
f 4470/3855/3208 4083/3856/3208 3604/3857/3208 4085/3858/3208
f 4471/3859/3209 4086/3860/3209 3606/3861/3209 4088/3862/3209
f 4472/3863/3210 4089/3864/3210 3608/3865/3210 4091/3866/3210
f 4473/3867/3211 4092/3868/3211 3610/3869/3211 4094/3870/3211
f 4474/3871/3212 4095/3872/3212 3612/3873/3212 4097/3874/3212
f 4475/3875/3213 4098/3876/3213 3614/3877/3213 4100/3878/3213
f 4476/3879/3214 4101/3880/3214 3616/3881/3214 4103/3882/3214
f 4477/3883/3215 4104/3884/3215 3618/3885/3215 4106/3886/3215
f 4478/3887/3216 4107/3768/3216 3620/3771/3216 4109/3888/3216
f 3667/3889/3217 3668/3890/3217 4176/3891/3217 4175/3892/3217
f 3619/3893/3218 3621/3894/3218 4110/3769/3218 4107/3768/3218
f 4479/3895/3219 4111/3896/3219 3624/3897/3219 4113/3898/3219
f 4480/3899/3220 4114/3900/3220 3626/3901/3220 4116/3902/3220
f 4481/3903/3221 4117/3904/3221 3628/3905/3221 4119/3906/3221
f 4482/3907/3222 4120/3908/3222 3630/3909/3222 4122/3910/3222
f 4483/3911/3223 4123/3912/3223 3632/3913/3223 4125/3914/3223
f 4484/3915/3224 4126/3916/3224 3634/3917/3224 4128/3918/3224
f 4485/3919/3225 4070/3838/3225 3594/3837/3225 4133/3920/3225
f 4486/3921/3226 4134/3922/3226 3636/3923/3226 4131/3924/3226
f 4261/3925/3227 4188/3926/3227 3670/3927/3227 3724/3928/3227
f 4487/3929/3228 4131/3924/3228 3636/3923/3228 4136/3930/3228
f 4488/3931/3229 4137/3932/3229 3638/3933/3229 4182/3934/3229
f 4489/3935/3230 4138/3936/3230 3638/3933/3230 4133/3920/3230
f 4490/3937/3231 4139/3938/3231 3639/3939/3231 4148/3940/3231
f 4491/3941/3232 4140/3942/3232 3640/3943/3232 4149/3944/3232
f 4492/3945/3233 4141/3946/3233 3641/3947/3233 4150/3948/3233
f 4493/3949/3234 4142/3950/3234 3642/3951/3234 4151/3952/3234
f 4494/3953/3235 4347/3954/3235 3643/3955/3235 4152/3956/3235
f 4495/3957/3236 4309/3958/3236 3644/3959/3236 4153/3960/3236
f 4496/3961/3237 4328/3962/3237 3645/3963/3237 4154/3964/3237
f 4497/3965/3238 4146/3966/3238 3646/3967/3238 4155/3968/3238
f 4498/3969/3239 4147/3970/3239 3647/3971/3239 4156/3972/3239
f 4499/3973/3240 4182/3934/3240 3638/3933/3240 4138/3936/3240
f 4500/3974/3241 4158/3975/3241 3639/3939/3241 4139/3938/3241
f 4501/3976/3242 4159/3977/3242 3640/3943/3242 4140/3942/3242
f 4502/3978/3243 4160/3979/3243 3641/3947/3243 4141/3946/3243
f 4503/3980/3244 3927/3981/3244 3654/3982/3244 4162/3983/3244
f 4504/3984/3245 4162/3983/3245 3654/3982/3245 3928/3985/3245
f 4505/3986/3246 4163/3987/3246 3655/3988/3246 3929/3989/3246
f 4506/3990/3247 4164/3991/3247 3656/3992/3247 3930/3993/3247
f 4507/3994/3248 4165/3995/3248 3657/3996/3248 3921/3997/3248
f 4508/3998/3249 4166/3999/3249 3658/4000/3249 3922/4001/3249
f 4509/4002/3250 4167/4003/3250 3659/4004/3250 4343/4005/3250
f 4510/4006/3251 4168/4007/3251 3660/4008/3251 4305/4009/3251
f 4511/4010/3252 4169/4011/3252 3661/4012/3252 4324/4013/3252
f 4512/4014/3253 4170/4015/3253 3662/4016/3253 3931/4017/3253
f 4513/4018/3254 4171/4019/3254 3663/4020/3254 3932/4021/3254
f 4514/4022/3255 4172/4023/3256 3664/4024/3257 3933/4025/3255
f 4515/4026/3258 4173/4027/3258 3665/4028/3258 3934/4029/3258
f 4516/4030/3259 4174/4031/3259 3666/4032/3259 3935/4033/3259
f 4517/4034/3260 4135/4035/3260 3653/4036/3260 3919/4037/3260
f 3673/4038/3261 4188/3926/3261 4261/3925/3261 3727/4039/3261
f 4263/4040/3262 4198/4041/3262 3678/4042/3263 3719/4043/3264
f 3673/4038/3265 4190/3779/3265 4222/3778/3265 3697/4044/3265
f 3700/4045/3266 4224/4046/3266 4192/4047/3266 3675/4048/3266
f 3701/4049/3267 4225/4050/3267 4193/4051/3267 3676/4052/3267
f 3702/4053/3268 4226/4054/3268 4194/4055/3268 3677/4056/3268
f 4188/3926/3269 4220/4057/3269 3694/4058/3269 3670/3927/3269
f 4518/4059/3270 4178/4060/3270 3652/4061/3270 3977/4062/3270
f 4519/4063/3271 4066/4064/3271 3651/4065/3271 3918/4066/3271
f 4520/4067/3272 4181/4068/3272 3685/4069/3272 4206/4070/3272
f 4521/4071/3273 4207/4072/3273 3686/4073/3273 4257/4074/3273
f 4522/4075/3274 4257/4074/3274 3686/4073/3274 4208/4076/3274
f 4523/4077/3275 4251/4078/3275 3679/4079/3275 4209/4080/3275
f 4524/4081/3276 4252/4082/3276 3680/4083/3276 4210/4084/3276
f 4525/4085/3277 4253/4086/3277 3681/4087/3277 4211/4088/3277
f 4526/4089/3278 4212/4090/3278 3684/4091/3278 4180/4092/3278
f 4527/4093/3279 4180/4092/3279 3684/4091/3279 4213/4094/3279
f 4528/4095/3280 4214/4096/3280 3689/4097/3280 4201/4098/3280
f 4529/4099/3281 4215/4100/3281 3690/4101/3281 4202/4102/3281
f 4530/4103/3282 4329/4104/3282 3691/4105/3282 4203/4106/3282
f 4531/4107/3283 4310/4108/3283 3692/4109/3283 4204/4110/3283
f 4532/4111/3284 4348/4112/3284 3693/4113/3284 4205/4114/3284
f 4533/4115/3285 4219/4116/3285 3682/4117/3285 4161/4118/3285
f 3673/4038/3286 3697/4044/3286 4220/4057/3286 4188/3926/3286
f 4179/3776/3287 4227/4119/3287 3698/4120/3287 3669/3777/3287
f 4534/4121/3288 4222/3778/3288 3696/3781/3288 4129/4122/3288
f 4535/4123/3289 4129/4122/3289 3696/3781/3289 4223/4124/3289
f 4536/4125/3290 4184/4126/3290 3699/4127/3290 4224/4046/3290
f 4537/4128/3291 4185/4129/3291 3700/4045/3291 4225/4050/3291
f 4538/4130/3292 4186/4131/3292 3701/4049/3292 4226/4054/3292
f 3671/4132/3293 3695/4133/3293 4227/4119/3293 4179/3776/3293
f 3706/4134/3294 4236/4135/3294 4237/4136/3294 3705/4137/3294
f 4539/4138/3295 4229/4139/3295 3704/4140/3295 4232/4141/3295
f 4540/4142/3296 4228/4143/3296 3703/4144/3296 4233/4145/3296
f 4541/4146/3297 4234/4147/3297 3648/4148/3297 4157/4149/3297
f 4542/4150/3298 4235/4151/3298 3707/4152/3298 4238/4153/3298
f 3711/4154/3299 3710/4155/3299 3729/4156/3299 3728/4157/3299
f 3711/4154/3300 3716/4158/3300 3715/4159/3300 3710/4155/3300
f 4544/4160/3301 4240/4161/3301 3712/4162/3301 4244/4163/3301
f 4545/4164/3302 4234/4147/3302 3703/4144/3302 4244/4163/3302
f 3709/4165/3303 4239/4166/3303 4259/4167/3303 3708/4168/3303
f 4546/4169/3304 4256/4170/3305 3725/4171/3304 4260/3775/3305
f 4547/4172/3306 4261/3925/3306 3724/3928/3306 4255/4173/3306
f 4548/4174/3307 4255/4173/3307 3724/3928/3307 4262/4175/3307
f 4549/4176/3308 4263/4040/3308 3719/4043/3308 4250/4177/3308
f 4550/4178/3309 4267/4179/3309 3723/4180/3309 4254/4181/3309
f 3673/4038/3310 3727/4039/3310 4268/4182/3310 4190/3779/3310
f 3675/4048/3311 4192/4047/3311 4270/4183/3311 3721/4184/3311
f 3676/4052/3312 4193/4051/3312 4271/4185/3312 3722/4186/3312
f 3677/4056/3313 4194/4055/3313 4272/4187/3313 3723/4180/3313
f 3713/4188/3314 3730/4189/3314 4273/4190/3314 4241/4191/3314
f 4551/4192/3315 4187/4193/3315 3702/4053/3315 4279/4194/3315
f 4552/4195/3316 4280/4196/3316 3733/4197/3316 4278/4198/3316
f 4553/4199/3317 4281/4200/3317 3734/4201/3317 4294/4202/3317
f 4554/4203/3318 4046/4204/3318 3739/4205/3318 4283/4206/3318
f 4555/4207/3319 4292/4208/3319 3741/4209/3319 4282/4210/3319
f 4556/4211/3320 4044/4212/3320 3738/4213/3320 4285/4214/3320
f 4557/4215/3321 4043/4216/3321 3737/4217/3321 4286/4218/3321
f 4558/4219/3322 4042/4220/3322 3736/4221/3322 4287/4222/3322
f 4559/4223/3323 4041/4224/3323 3735/4225/3323 4288/4226/3323
f 4560/4227/3324 4113/3898/3324 3624/3897/3324 4288/4226/3324
f 4561/4228/3325 4289/4229/3325 3742/4230/3325 4296/4231/3325
f 4562/4232/3326 4034/4233/3326 3743/4234/3326 4297/4235/3326
f 4563/4236/3327 4298/4237/3327 3745/4238/3327 4045/4239/3327
f 4564/4240/3328 4299/4241/3328 3746/4242/3328 4293/4243/3328
f 4565/4244/3329 4300/4245/3329 3747/4246/3329 4275/4247/3329
f 4566/4248/3330 4045/4249/3330 3745/4250/3330 4301/4251/3330
f 4567/4252/3331 4303/4253/3331 3750/4254/3331 4311/4255/3331
f 4568/4256/3332 4312/4257/3332 3751/4258/3332 3883/4259/3332
f 4569/4260/3333 3924/4261/3333 3752/4262/3333 4313/4263/3333
f 4265/4264/3334 4196/4265/3334 3760/4266/3334 3763/4267/3334
f 4570/4268/3335 4314/4269/3335 3754/4270/3335 3974/4271/3335
f 4196/4265/3336 4246/4272/3336 3762/4273/3336 3760/4266/3336
f 4571/4274/3337 4315/4275/3337 3756/4276/3337 4024/4277/3337
f 4572/4278/3338 4316/4279/3338 3758/4280/3338 4308/4281/3338
f 4573/4282/3339 4144/4283/3339 3759/4284/3339 4317/4285/3339
f 4574/4286/3340 4318/4287/3340 3752/4288/3340 3924/4289/3340
f 4575/4290/3341 4217/4291/3341 3761/4292/3341 4319/4293/3341
f 4576/4294/3342 4265/4264/3342 3763/4267/3342 4320/4295/3342
f 4577/4296/3343 4322/4297/3343 3765/4298/3343 4330/4299/3343
f 4578/4300/3344 4331/4301/3344 3766/4302/3344 3884/4303/3344
f 4579/4304/3345 3925/4305/3345 3767/4306/3345 4332/4307/3345
f 4264/4308/3346 4197/4309/3346 3775/4310/3346 3778/4311/3346
f 4580/4312/3347 4333/4313/3348 3769/4314/3348 3973/4315/3349
f 4197/4309/3350 4247/4316/3350 3777/4317/3350 3775/4310/3350
f 4581/4318/3351 4334/4319/3351 3771/4320/3351 4023/4321/3351
f 4582/4322/3352 4335/4323/3352 3773/4324/3352 4327/4325/3352
f 4583/4326/3353 4145/4327/3353 3774/4328/3353 4336/4329/3353
f 4584/4330/3354 4337/4331/3354 3767/4332/3354 3925/4333/3354
f 4585/4334/3355 4216/4335/3355 3776/4336/3355 4338/4337/3355
f 4586/4338/3356 4264/4308/3356 3778/4311/3356 4339/4339/3356
f 4587/4340/3357 4341/4341/3357 3780/4342/3357 4349/4343/3357
f 4588/4344/3358 4350/4345/3358 3781/4346/3358 3882/4347/3358
f 4589/4348/3359 3923/4349/3359 3782/4350/3359 4351/4351/3359
f 4266/4352/3360 4195/4353/3360 3790/4354/3360 3793/4355/3360
f 4590/4356/3361 4352/4357/3361 3784/4358/3361 3975/4359/3361
f 4195/4353/3362 4245/4360/3362 3792/4361/3362 3790/4354/3362
f 4591/4362/3363 4353/4363/3363 3786/4364/3363 4025/4365/3363
f 4592/4366/3364 4354/4367/3364 3788/4368/3364 4346/4369/3364
f 4593/4370/3365 4143/4371/3365 3789/4372/3365 4355/4373/3365
f 4594/4374/3366 4356/4375/3366 3782/4376/3366 3923/4377/3366
f 4595/4378/3367 4218/4379/3367 3791/4380/3367 4357/4381/3367
f 4596/4382/3368 4266/4352/3368 3793/4355/3368 4358/4383/3368
f 3794/4384/3369 4359/3389/3369 3795/3392/3369 3460/4385/3369
f 3459/4386/3370 3916/4387/3370 4359/3389/3370 3794/4384/3370
f 3916/4387/3371 3649/4388/3371 3920/3390/3371 4359/3389/3371
f 3794/4384/3372 4360/3393/3372 3796/3396/3372 3459/4386/3372
f 3460/4385/3373 3797/4389/3373 4360/3393/3373 3794/4384/3373
f 3797/4389/3374 3462/4390/3374 3798/3394/3374 4360/3393/3374
f 3869/4391/3375 4361/3397/3375 3799/3400/3375 3463/4392/3375
f 3549/4393/3376 3978/4394/3376 4361/3397/3376 3869/4391/3376
f 3978/4394/3377 3546/3702/3377 3801/3398/3377 4361/3397/3377
f 3803/4395/3378 4362/3401/3378 3802/3404/3378 3465/4396/3378
f 3463/4392/3379 3799/3400/3379 4362/3401/3379 3803/4395/3379
f 3799/3400/3380 3464/3399/3380 3804/3402/3380 4362/3401/3380
f 3979/3701/3381 4363/3405/3381 3801/3398/3381 3546/3702/3381
f 3547/3703/3382 3806/4397/3382 4363/3405/3382 3979/3701/3382
f 3806/4397/3383 3466/3403/3383 3804/3402/3383 4363/3405/3383
f 3808/4398/3384 4364/3406/3384 3807/3409/3384 3467/4399/3384
f 3459/4386/3385 3796/3396/3385 4364/3406/3385 3808/4398/3385
f 3796/3396/3386 3461/3395/3386 3809/3407/3386 4364/3406/3386
f 3811/4400/3387 4365/3410/3387 3810/3413/3387 3469/4401/3387
f 3467/4399/3388 3807/3409/3388 4365/3410/3388 3811/4400/3388
f 3807/3409/3389 3468/3408/3389 3812/3411/3389 4365/3410/3389
f 3814/4402/3390 4366/3414/3390 3813/3417/3390 3471/4403/3390
f 3469/4401/3391 3810/3413/3391 4366/3414/3391 3814/4402/3391
f 3810/3413/3392 3470/3412/3392 3815/3415/3392 4366/3414/3392
f 3817/4404/3393 4367/3418/3393 3816/3421/3393 3473/4405/3393
f 3471/4403/3394 3813/3417/3394 4367/3418/3394 3817/4404/3394
f 3813/3417/3395 3472/3416/3395 3818/3419/3395 4367/3418/3395
f 3820/4406/3396 4368/3422/3396 3819/3425/3396 3475/4407/3396
f 3473/4405/3397 3816/3421/3397 4368/3422/3397 3820/4406/3397
f 3816/3421/3398 3474/3420/3398 3821/3423/3398 4368/3422/3398
f 3823/4408/3399 4369/3426/3399 3822/3429/3399 3477/4409/3399
f 3475/4407/3400 3819/3425/3400 4369/3426/3400 3823/4408/3400
f 3819/3425/3401 3476/3424/3401 3824/3427/3401 4369/3426/3401
f 4340/4410/3402 4370/3430/3402 3825/3433/3402 3479/4411/3402
f 3779/4412/3403 4349/4343/3403 4370/3430/3403 4340/4410/3403
f 4349/4343/3404 3780/4342/3404 3827/3431/3404 4370/3430/3404
f 4302/4413/3405 4371/3434/3405 3828/3437/3405 3481/4414/3405
f 3749/4415/3406 4311/4255/3406 4371/3434/3406 4302/4413/3406
f 4311/4255/3407 3750/4254/3407 3830/3435/3407 4371/3434/3407
f 4321/4416/3408 4372/3438/3408 3831/3441/3408 3483/4417/3408
f 3764/4418/3409 4330/4299/3409 4372/3438/3409 4321/4416/3409
f 4330/4299/3410 3765/4298/3410 3833/3439/3410 4372/3438/3410
f 3835/4419/3411 4373/3442/3411 3834/3445/3411 3485/4420/3411
f 3483/4417/3412 3831/3441/3412 4373/3442/3412 3835/4419/3412
f 3831/3441/3413 3484/3440/3413 3836/3443/3413 4373/3442/3413
f 3838/4421/3414 4374/3446/3414 3837/3449/3414 3487/4422/3414
f 3485/4420/3415 3834/3445/3415 4374/3446/3415 3838/4421/3415
f 3834/3445/3416 3486/3444/3416 3839/3447/3416 4374/3446/3416
f 3841/4423/3417 4375/3450/3417 3840/3453/3417 3489/4424/3417
f 3487/4422/3418 3837/3449/3418 4375/3450/3418 3841/4423/3418
f 3837/3449/3419 3488/3448/3419 3842/3451/3419 4375/3450/3419
f 3844/4425/3420 4376/3454/3420 3843/3457/3420 3491/4426/3420
f 3489/4424/3421 3840/3453/3421 4376/3454/3421 3844/4425/3421
f 3840/3453/3422 3490/3452/3422 3845/3455/3422 4376/3454/3422
f 3847/4427/3423 4377/3458/3423 3846/3461/3423 3493/3602/3423
f 3491/4426/3424 3843/3457/3424 4377/3458/3424 3847/4427/3424
f 3843/3457/3425 3492/3456/3425 3848/3459/3425 4377/3458/3425
f 3846/3461/3426 3849/4428/3426 3495/3603/3426 3493/3602/3426
f 3494/3460/3427 3496/3714/3427 3849/4428/3427 3846/3461/3427
f 3851/4429/3428 4378/3462/3428 3850/3465/3428 3497/4430/3428
f 3463/4392/3429 3803/4395/3429 4378/3462/3429 3851/4429/3429
f 3803/4395/3430 3465/4396/3430 3852/3463/3430 4378/3462/3430
f 3854/4431/3431 4379/3466/3431 3853/3469/3431 3499/4432/3431
f 3497/4430/3432 3850/3465/3432 4379/3466/3432 3854/4431/3432
f 3850/3465/3433 3498/3464/3433 3855/3467/3433 4379/3466/3433
f 3857/4433/3434 4380/3470/3434 3856/3473/3434 3501/4434/3434
f 3499/4432/3435 3853/3469/3435 4380/3470/3435 3857/4433/3435
f 3853/3469/3436 3500/3468/3436 3858/3471/3436 4380/3470/3436
f 3860/4435/3437 4381/3474/3437 3859/3477/3437 3503/4436/3437
f 3501/4434/3438 3856/3473/3438 4381/3474/3438 3860/4435/3438
f 3856/3473/3439 3502/3472/3439 3861/3475/3439 4381/3474/3439
f 3863/4437/3440 4382/3478/3441 3862/3481/3442 3505/4438/3442
f 3503/4436/3443 3859/3477/3443 4382/3478/3441 3863/4437/3440
f 3859/3477/3444 3504/3476/3444 3864/3479/3444 4382/3478/3444
f 4036/4439/3445 4383/3482/3445 3865/3485/3445 3507/4440/3445
f 3744/4441/3446 4296/4231/3446 4383/3482/3446 4036/4439/3446
f 4296/4231/3447 3742/4230/3447 3867/3483/3447 4383/3482/3447
f 3800/4442/3448 4384/3486/3448 3809/3407/3448 3461/3395/3448
f 3509/4443/3449 3876/3501/3449 4384/3486/3449 3800/4442/3449
f 3876/3501/3450 3512/3500/3450 3872/3487/3450 4384/3486/3450
f 3800/4442/3451 4385/3488/3451 3873/3491/3451 3509/4443/3451
f 3461/3395/3452 3798/3394/3452 4385/3488/3452 3800/4442/3452
f 3798/3394/3453 3462/4390/3453 3870/3489/3453 4385/3488/3453
f 3577/3740/3454 4020/3750/3454 3944/4444/3454 3526/3737/3454
f 3797/4389/3455 4386/3496/3455 3870/3489/3455 3462/4390/3455
f 3460/4385/3456 3871/4445/3456 4386/3496/3456 3797/4389/3456
f 3871/4445/3457 3511/4446/3457 3875/3497/3457 4386/3496/3457
f 3939/4447/3458 4387/3498/3458 3876/3501/3458 3509/4443/3458
f 3539/4448/3459 3964/3656/3459 4387/3498/3459 3939/4447/3459
f 3964/3656/3460 3538/3655/3460 3938/3499/3460 4387/3498/3460
f 3887/3505/3461 4388/3502/3461 3877/3503/3461 3513/3506/3461
f 3470/3412/3462 3812/3411/3462 4388/3502/3462 3887/3505/3462
f 3812/3411/3463 3468/3408/3463 3872/3487/3463 4388/3502/3463
f 3888/3509/3464 4389/3504/3464 3878/3507/3464 3514/3510/3464
f 3472/3416/3465 3815/3415/3465 4389/3504/3465 3888/3509/3465
f 3815/3415/3466 3470/3412/3466 3887/3505/3466 4389/3504/3466
f 3889/3513/3467 4390/3508/3467 3879/3511/3467 3515/3514/3467
f 3474/3420/3468 3818/3419/3468 4390/3508/3468 3889/3513/3468
f 3818/3419/3469 3472/3416/3469 3888/3509/3469 4390/3508/3469
f 3890/3517/3470 4391/3512/3471 3880/3515/3470 3516/3518/3471
f 3476/3424/3472 3821/3423/3472 4391/3512/3472 3890/3517/3472
f 3821/3423/3473 3474/3420/3473 3889/3513/3473 4391/3512/3473
f 3891/3521/3474 4392/3516/3474 3881/3519/3474 3517/3522/3474
f 3478/3428/3475 3824/3427/3475 4392/3516/3475 3891/3521/3475
f 3824/3427/3476 3476/3424/3476 3890/3517/3476 4392/3516/3476
f 4350/4345/3477 4393/3520/3477 4342/3523/3477 3781/4346/3477
f 3780/4342/3478 4341/4341/3478 4393/3520/3478 4350/4345/3478
f 4341/4341/3479 3478/3428/3479 3891/3521/3479 4393/3520/3479
f 4312/4257/3480 4394/3524/3480 4304/3527/3480 3751/4258/3480
f 3750/4254/3481 4303/4253/3481 4394/3524/3481 4312/4257/3481
f 4303/4253/3482 3480/3432/3482 3892/3525/3482 4394/3524/3482
f 4331/4301/3483 4395/3528/3483 4323/3531/3483 3766/4302/3483
f 3765/4298/3484 4322/4297/3484 4395/3528/3484 4331/4301/3484
f 4322/4297/3485 3482/3436/3485 3893/3529/3485 4395/3528/3485
f 3895/3537/3486 4396/3532/3486 3885/3535/3486 3521/3538/3486
f 3486/3444/3487 3836/3443/3487 4396/3532/3487 3895/3537/3487
f 3836/3443/3488 3484/3440/3488 3894/3533/3488 4396/3532/3488
f 3896/3724/3489 4397/3536/3489 3886/3539/3489 3522/3725/3489
f 3488/3448/3490 3839/3447/3490 4397/3536/3490 3896/3724/3490
f 3839/3447/3491 3486/3444/3491 3895/3537/3491 4397/3536/3491
f 3965/3658/3492 4398/3540/3492 3938/3499/3492 3538/3655/3492
f 3532/3661/3493 3897/3542/3493 4398/3540/3493 3965/3658/3493
f 3897/3542/3494 3513/3506/3494 3877/3503/3494 4398/3540/3494
f 3966/3660/3495 4399/3541/3495 3897/3542/3495 3532/3661/3495
f 3533/3665/3496 3898/3544/3496 4399/3541/3496 3966/3660/3496
f 3898/3544/3497 3514/3510/3497 3878/3507/3497 4399/3541/3497
f 3967/3664/3498 4400/3543/3498 3898/3544/3498 3533/3665/3498
f 3534/3669/3499 3899/3546/3499 4400/3543/3499 3967/3664/3499
f 3899/3546/3500 3515/3514/3500 3879/3511/3500 4400/3543/3500
f 3968/3668/3501 4401/3545/3501 3899/3546/3501 3534/3669/3501
f 3535/3699/3502 3900/3698/3502 4401/3545/3502 3968/3668/3502
f 3900/3698/3503 3516/3518/3503 3880/3515/3503 4401/3545/3503
f 3916/4387/3504 4402/3547/3504 3927/3550/3504 3649/4388/3504
f 3459/4386/3505 3808/4398/3505 4402/3547/3505 3916/4387/3505
f 3808/4398/3506 3467/4399/3506 3901/3548/3506 4402/3547/3506
f 3811/4400/3507 4403/3551/3507 3901/3548/3507 3467/4399/3507
f 3469/4401/3508 3902/3556/3508 4403/3551/3508 3811/4400/3508
f 3902/3556/3509 3655/3555/3509 3928/3552/3509 4403/3551/3509
f 3814/4402/3510 4404/3553/3510 3902/3556/3510 3469/4401/3510
f 3471/4403/3511 3903/3560/3511 4404/3553/3511 3814/4402/3511
f 3903/3560/3512 3656/3559/3512 3929/3554/3512 4404/3553/3512
f 3817/4404/3513 4405/3557/3513 3903/3560/3513 3471/4403/3513
f 3473/4405/3514 3904/3564/3514 4405/3557/3514 3817/4404/3514
f 3904/3564/3515 3657/3563/3515 3930/3558/3515 4405/3557/3515
f 3820/4406/3516 4406/3561/3516 3904/3564/3516 3473/4405/3516
f 3475/4407/3517 3905/3568/3517 4406/3561/3517 3820/4406/3517
f 3905/3568/3518 3658/3567/3518 3921/3562/3518 4406/3561/3518
f 3823/4408/3519 4407/3565/3519 3905/3568/3519 3475/4407/3519
f 3477/4409/3520 3906/3572/3520 4407/3565/3520 3823/4408/3520
f 3906/3572/3521 3659/3571/3521 3922/3566/3521 4407/3565/3521
f 3826/4449/3522 4408/3569/3522 3906/3572/3522 3477/4409/3522
f 3779/4412/3523 4351/4351/3523 4408/3569/3523 3826/4449/3523
f 4351/4351/3524 3782/4350/3524 4343/3570/3524 4408/3569/3524
f 3829/4450/3525 4409/3573/3525 3907/3576/3525 3479/4411/3525
f 3749/4415/3526 4313/4263/3526 4409/3573/3526 3829/4450/3526
f 4313/4263/3527 3752/4262/3527 4305/3574/3527 4409/3573/3527
f 3832/4451/3528 4410/3577/3528 3908/3580/3528 3481/4414/3528
f 3764/4418/3529 4332/4307/3529 4410/3577/3529 3832/4451/3529
f 4332/4307/3530 3767/4306/3530 4324/3578/3530 4410/3577/3530
f 3835/4419/3531 4411/3581/3531 3909/3584/3531 3483/4417/3531
f 3485/4420/3532 3910/3588/3532 4411/3581/3532 3835/4419/3532
f 3910/3588/3533 3663/3587/3533 3931/3582/3533 4411/3581/3533
f 3838/4421/3534 4412/3585/3534 3910/3588/3534 3485/4420/3534
f 3487/4422/3535 3911/3592/3535 4412/3585/3535 3838/4421/3535
f 3911/3592/3536 3664/3591/3536 3932/3586/3536 4412/3585/3536
f 3841/4423/3537 4413/3589/3537 3911/3592/3537 3487/4422/3537
f 3489/4424/3538 3912/3596/3538 4413/3589/3538 3841/4423/3538
f 3912/3596/3539 3665/3595/3539 3933/3590/3539 4413/3589/3539
f 3844/4425/3540 4414/3593/3540 3912/3596/3540 3489/4424/3540
f 3491/4426/3541 3913/3600/3541 4414/3593/3541 3844/4425/3541
f 3913/3600/3542 3666/3599/3542 3934/3594/3542 4414/3593/3542
f 3847/4427/3543 4415/3597/3543 3913/3600/3543 3491/4426/3543
f 3493/3602/3544 3914/3601/3544 4415/3597/3544 3847/4427/3544
f 3914/3601/3545 3667/4452/3545 3935/3598/3545 4415/3597/3545
f 3914/3601/3546 3915/3604/3546 3668/4453/3546 3667/4452/3546
f 3871/4445/3547 4416/3609/3547 3874/3612/3547 3511/4446/3547
f 3460/4385/3548 3795/3392/3548 4416/3609/3548 3871/4445/3548
f 3795/3392/3549 3650/3391/3549 3919/3610/3549 4416/3609/3549
f 4020/3750/3550 3574/3616/3550 3523/3615/3550 3944/4444/3550
f 3980/3706/3551 3548/3622/3551 3525/3621/3551 3946/3738/3551
f 3982/3627/3552 3948/3626/3552 3527/3623/3552 3550/3624/3552
f 3983/3631/3553 3949/3630/3553 3528/3625/3553 3551/3628/3553
f 3984/3635/3554 3950/3634/3554 3529/3629/3554 3552/3632/3554
f 3526/3737/3555 3944/4444/3555 3978/4394/3555 3549/4393/3555
f 3806/4397/3556 4417/3637/3556 3917/3640/3556 3466/3403/3556
f 3547/3703/3557 3985/4454/3557 4417/3637/3557 3806/4397/3557
f 3985/4454/3558 3698/4455/3558 3977/3638/3558 4417/3637/3558
f 3802/3404/3559 4418/3641/3559 3805/3644/3559 3465/4396/3559
f 3466/3403/3560 3917/3640/3560 4418/3641/3560 3802/3404/3560
f 3917/3640/3561 3652/3639/3561 3918/3642/3561 4418/3641/3561
f 4022/3755/3562 3569/3754/3562 3531/4456/3562 3954/4457/3562
f 4026/3759/3563 3573/3758/3563 3530/3633/3563 3956/4458/3563
f 3874/3612/3564 4419/3649/3564 3937/3652/3564 3511/4446/3564
f 3653/3611/3565 3957/4459/3565 4419/3649/3565 3874/3612/3565
f 3957/4459/3566 3683/4460/3566 3963/3650/3566 4419/3649/3566
f 4017/4461/3567 4420/3653/3567 3964/3656/3567 3539/4448/3567
f 3577/3740/3568 4027/3739/3568 4420/3653/3568 4017/4461/3568
f 4027/3739/3569 3576/3761/3569 4016/3654/3569 4420/3653/3569
f 4028/3760/3570 4421/3657/3570 4016/3654/3570 3576/3761/3570
f 3570/3762/3571 4010/3662/3571 4421/3657/3571 4028/3760/3571
f 4010/3662/3572 3532/3661/3572 3965/3658/3572 4421/3657/3572
f 4029/3764/3573 4422/3659/3573 4010/3662/3573 3570/3762/3573
f 3571/3763/3574 4011/3666/3574 4422/3659/3574 4029/3764/3574
f 4011/3666/3575 3533/3665/3575 3966/3660/3575 4422/3659/3575
f 4030/3766/3576 4423/3663/3576 4011/3666/3576 3571/3763/3576
f 3572/3765/3577 4012/3670/3577 4423/3663/3577 4030/3766/3577
f 4012/3670/3578 3534/3669/3578 3967/3664/3578 4423/3663/3578
f 4031/3767/3579 4424/3667/3579 4012/3670/3579 3572/3765/3579
f 3573/3758/3580 4013/3757/3580 4424/3667/3580 4031/3767/3580
f 4013/3757/3581 3535/3699/3581 3968/3668/3581 4424/3667/3581
f 3939/4447/3582 4425/3671/3582 3969/3674/3582 3539/4448/3582
f 3509/4443/3583 3873/3491/3583 4425/3671/3583 3939/4447/3583
f 3873/3491/3584 3510/3490/3584 3936/3672/3584 4425/3671/3584
f 3875/3497/3585 4426/3675/3585 3936/3672/3585 3510/3490/3585
f 3511/4446/3586 3937/3652/3586 4426/3675/3586 3875/3497/3586
f 3937/3652/3587 3537/3651/3588 3970/3676/3589 4426/3675/3587
f 3955/4462/3590 4427/3677/3590 3971/3680/3590 3540/4463/3590
f 3522/3725/3591 3886/3539/3591 4427/3677/3591 3955/4462/3591
f 3886/3539/3592 3521/3538/3592 3958/3678/3592 4427/3677/3592
f 3958/3678/3593 4428/3681/3593 3972/3684/3593 3541/3679/3593
f 3521/3538/3594 3885/3535/3594 4428/3681/3594 3958/3678/3594
f 3885/3535/3595 3520/3534/3595 3959/3682/3595 4428/3681/3595
f 4333/4313/3596 4429/3685/3596 4325/3688/3596 3769/4314/3596
f 3766/4302/3597 4323/3531/3597 4429/3685/3597 4333/4313/3597
f 4323/3531/3598 3519/3530/3598 3960/3686/3598 4429/3685/3598
f 4314/4269/3599 4430/3689/3599 4306/3692/3599 3754/4270/3599
f 3751/4258/3600 4304/3527/3600 4430/3689/3600 4314/4269/3600
f 4304/3527/3601 3518/3526/3601 3961/3690/3601 4430/3689/3601
f 4352/4357/3602 4431/3693/3602 4344/3696/3602 3784/4358/3602
f 3781/4346/3603 4342/3523/3603 4431/3693/3603 4352/4357/3603
f 4342/3523/3604 3517/3522/3604 3962/3694/3145 4431/3693/3144
f 3962/3694/3605 4432/3697/3605 3976/3700/3605 3545/3695/3605
f 3517/3522/3606 3881/3519/3606 4432/3697/3606 3962/3694/3606
f 3881/3519/3607 3516/3518/3607 3900/3698/3607 4432/3697/3607
f 3944/4444/3608 3523/3615/3608 3546/3702/3608 3978/4394/3608
f 3524/3617/3609 3926/3493/3609 3985/4454/3609 3547/3703/3609
f 3869/4391/3610 4433/3704/3610 3980/3706/3610 3549/4393/3610
f 3463/4392/3611 3851/4429/3611 4433/3704/3611 3869/4391/3611
f 3851/4429/3612 3497/4430/3612 3868/3705/3612 4433/3704/3612
f 3854/4431/3613 4434/3707/3613 3868/3705/3613 3497/4430/3613
f 3499/4432/3614 3940/3709/3614 4434/3707/3614 3854/4431/3614
f 3940/3709/3615 3550/3624/3615 3981/3619/3615 4434/3707/3615
f 3857/4433/3616 4435/3708/3616 3940/3709/3616 3499/4432/3616
f 3501/4434/3617 3941/3711/3617 4435/3708/3617 3857/4433/3617
f 3941/3711/3618 3551/3628/3618 3982/3627/3618 4435/3708/3618
f 3860/4435/3619 4436/3710/3619 3941/3711/3619 3501/4434/3619
f 3503/4436/3620 3942/3713/3620 4436/3710/3620 3860/4435/3620
f 3942/3713/3621 3552/3632/3621 3983/3631/3621 4436/3710/3621
f 3863/4437/3622 4437/3712/3622 3942/3713/3622 3503/4436/3622
f 3505/4438/3623 3943/3784/3623 4437/3712/3623 3863/4437/3623
f 3943/3784/3624 3553/3636/3624 3984/3635/3624 4437/3712/3624
f 3926/3493/3625 3669/3492/3625 3698/4455/3625 3985/4454/3625
f 3994/3730/3626 3995/3729/3626 3559/3773/3180 3560/3772/3179
f 3989/3606/3627 4438/3715/3627 3987/3718/3627 3556/3607/3627
f 3494/3460/3628 3848/3459/3628 4438/3715/3628 3989/3606/3628
f 3848/3459/3629 3492/3456/3629 3990/3716/3629 4438/3715/3629
f 3990/3716/3630 4439/3719/3630 3986/3722/3630 3555/3717/3630
f 3492/3456/3631 3845/3455/3631 4439/3719/3631 3990/3716/3631
f 3845/3455/3632 3490/3452/3632 3991/3720/3632 4439/3719/3632
f 3991/3720/3633 4440/3723/3633 3992/3726/3633 3554/3721/3633
f 3490/3452/3634 3842/3451/3634 4440/3723/3634 3991/3720/3634
f 3842/3451/3635 3488/3448/3635 3896/3724/3635 4440/3723/3635
f 3995/3729/3636 4441/3731/3636 3993/3734/3636 3559/3773/3636
f 3556/3607/3637 3987/3718/3637 4441/3731/3637 3995/3729/3637
f 3987/3718/3638 3555/3717/3638 3996/3732/3638 4441/3731/3638
f 4001/4464/3639 4442/4465/3639 3998/3744/3639 3563/3743/3639
f 3580/4466/3640 4032/4467/3640 4442/4465/3640 4001/4464/3640
f 3996/3732/3641 4443/3741/3641 3998/3744/3641 3558/3733/3641
f 3555/3717/3642 3986/3722/3642 4443/3741/3642 3996/3732/3642
f 3986/3722/3643 3554/3721/3643 4002/3742/3643 4443/3741/3643
f 3955/4462/3644 4444/3745/3644 3992/3726/3644 3522/3725/3644
f 3540/4463/3645 4000/4468/3645 4444/3745/3645 3955/4462/3645
f 4000/4468/3646 3563/3743/3646 4002/3742/3646 4444/3745/3646
f 3999/4469/3647 3564/4470/3647 3568/4471/3647 4007/4472/3647
f 3954/4457/3648 3531/4456/3648 3565/4473/3648 4006/4474/3648
f 3963/3650/3649 4445/3746/3649 4015/3747/3649 3537/3651/3649
f 3683/4460/3650 4008/4475/3650 4445/3746/3650 3963/3650/3650
f 4008/4475/3651 3718/3495/3651 4019/3494/3651 4445/3746/3651
f 4017/4461/3652 4446/3748/3652 4020/3750/3652 3577/3740/3652
f 3539/4448/3653 3969/3674/3653 4446/3748/3653 4017/4461/3653
f 3969/3674/3654 3536/3673/3654 4014/3749/3654 4446/3748/3654
f 3970/3676/3655 4447/3751/3655 4014/3749/3655 3536/3673/3655
f 3537/3651/3588 4015/3747/3656 4447/3751/3656 3970/3676/3589
f 4015/3747/3657 3575/3618/3657 4021/3613/3657 4447/3751/3657
f 3971/3680/3658 3541/3679/3658 4009/3753/3658 4448/3752/3658
f 3976/3700/3659 3535/3699/3659 4013/3757/3659 4449/3756/3659
f 3946/3738/3660 3525/3621/3660 3576/3761/3660 4027/3739/3660
f 3948/3626/3661 4029/3764/3661 3570/3762/3661 3527/3623/3661
f 3949/3630/3662 4030/3766/3662 3571/3763/3662 3528/3625/3662
f 3950/3634/3663 4031/3767/3663 3572/3765/3663 3529/3629/3663
f 3564/4470/3664 3999/4469/3664 4032/4467/3664 3580/4466/3664
f 3956/4458/3665 3530/3633/3665 3553/3636/3665 4033/4476/3665
f 3866/4477/3666 4450/3782/3666 3943/3784/3666 3505/4438/3666
f 3582/4478/3667 4040/3792/3667 4450/3782/3667 3866/4477/3667
f 4040/3792/3668 3584/3791/3668 4038/3783/3668 4450/3782/3668
f 3866/4477/3669 4451/3785/3669 4039/3788/3669 3582/4478/3669
f 3505/4438/3670 3862/3481/3670 4451/3785/3670 3866/4477/3670
f 3862/3481/3671 3506/3480/3671 4037/3786/3671 4451/3785/3671
f 4291/4479/3672 4452/3789/3672 4040/3792/3672 3582/4478/3672
f 3744/4441/3673 4297/4235/3673 4452/3789/3673 4291/4479/3673
f 4297/4235/3674 3743/4234/3674 4290/3790/3674 4452/3789/3674
f 4047/3798/3675 4453/3793/3187 4046/3796/3189 3741/3799/3675
f 3583/3787/3676 4037/3786/3676 4453/3793/3676 4047/3798/3676
f 4037/3786/3677 3506/3480/3677 4048/3794/3677 4453/3793/3677
f 4298/4237/3678 4454/3797/3678 4292/3800/3678 3745/4238/3678
f 3742/4230/3679 4289/4229/3679 4454/3797/3679 4298/4237/3679
f 4289/4229/3680 3583/3787/3680 4047/3798/3680 4454/3797/3680
f 4048/3794/3681 4455/3801/3681 4044/3804/3681 3739/3795/3681
f 3506/3480/3682 3864/3479/3682 4455/3801/3682 4048/3794/3682
f 3864/3479/3683 3504/3476/3683 4050/3802/3683 4455/3801/3683
f 4050/3802/3684 4456/3805/3192 4043/3808/3194 3738/3803/3684
f 3504/3476/3685 3861/3475/3685 4456/3805/3685 4050/3802/3685
f 3861/3475/3686 3502/3472/3686 4051/3806/3686 4456/3805/3686
f 4051/3806/3687 4457/3809/3687 4042/3812/3687 3737/3807/3687
f 3502/3472/3688 3858/3471/3688 4457/3809/3688 4051/3806/3688
f 3858/3471/3689 3500/3468/3689 4052/3810/3689 4457/3809/3689
f 4052/3810/3690 4458/3813/3690 4041/3816/3690 3736/3811/3690
f 3500/3468/3691 3855/3467/3691 4458/3813/3691 4052/3810/3691
f 3855/3467/3692 3498/3464/3692 4053/3814/3692 4458/3813/3692
f 3805/3644/3693 4459/3817/3693 3852/3463/3693 3465/4396/3693
f 3651/3643/3694 4054/4480/3694 4459/3817/3694 3805/3644/3694
f 4054/4480/3695 3735/3815/3695 4053/3814/3695 4459/3817/3695
f 4177/4481/3696 4460/3818/3696 3920/3821/3696 3649/4482/3696
f 3585/4483/3697 4055/4484/3697 4460/3818/3697 4177/4481/3697
f 4055/4484/3698 3586/4485/3698 4056/3819/3698 4460/3818/3698
f 4058/4486/3699 4461/3822/3699 4059/3825/3699 3588/4487/3699
f 3586/4485/3700 4055/4484/3700 4461/3822/3700 4058/4486/3700
f 4055/4484/3701 3585/4483/3701 4057/3823/3701 4461/3822/3701
f 4220/4057/3702 4462/3826/3702 4062/3829/3702 3694/4058/3702
f 3697/4044/3703 4130/4488/3703 4462/3826/3703 4220/4057/3703
f 4130/4488/3704 3589/4489/3704 4060/3827/3704 4462/3826/3704
f 4060/3827/3705 4463/3830/3705 4065/3833/3705 3590/3828/3705
f 3589/4489/3706 4064/4490/3706 4463/3830/3706 4060/3827/3706
f 4064/4490/3707 3591/4491/3707 4063/3831/3707 4463/3830/3707
f 4067/4492/3708 4464/3834/3708 4065/3833/3708 3592/3832/3708
f 3695/4133/3709 4221/4493/3709 4464/3834/3709 4067/4492/3709
f 4221/4493/3710 3694/4058/3710 4062/3829/3710 4464/3834/3710
f 4057/3823/3711 4465/3835/3711 4070/3838/3711 3587/3824/3711
f 3585/4483/3712 4069/4494/3712 4465/3835/3712 4057/3823/3712
f 4069/4494/3713 3593/4495/3713 4068/3836/3713 4465/3835/3713
f 4068/3836/3714 4466/3839/3714 4073/3842/3714 3594/3837/3714
f 3593/4495/3715 4072/4496/3715 4466/3839/3715 4068/3836/3715
f 4072/4496/3716 3595/4497/3716 4071/3840/3716 4466/3839/3716
f 4071/3840/3717 4467/3843/3717 4076/3846/3717 3596/3841/3717
f 3595/4497/3718 4075/4498/3718 4467/3843/3718 4071/3840/3718
f 4075/4498/3719 3597/4499/3719 4074/3844/3719 4467/3843/3719
f 4074/3844/3720 4468/3847/3720 4079/3850/3720 3598/3845/3720
f 3597/4499/3721 4078/4500/3721 4468/3847/3721 4074/3844/3721
f 4078/4500/3722 3599/4501/3722 4077/3848/3722 4468/3847/3722
f 4077/3848/3723 4469/3851/3723 4082/3854/3723 3600/3849/3723
f 3599/4501/3724 4081/4502/3724 4469/3851/3724 4077/3848/3724
f 4081/4502/3725 3601/4503/3725 4080/3852/3725 4469/3851/3725
f 4080/3852/3726 4470/3855/3726 4085/3858/3726 3602/3853/3726
f 3601/4503/3727 4084/4504/3727 4470/3855/3727 4080/3852/3727
f 4084/4504/3728 3603/4505/3728 4083/3856/3728 4470/3855/3728
f 4354/4367/3729 4471/3859/3729 4088/3862/3729 3788/4368/3729
f 3787/4506/3730 4345/4507/3730 4471/3859/3730 4354/4367/3730
f 4345/4507/3731 3605/4508/3731 4086/3860/3731 4471/3859/3731
f 4316/4279/3732 4472/3863/3732 4091/3866/3732 3758/4280/3732
f 3757/4509/3733 4307/4510/3733 4472/3863/3733 4316/4279/3734
f 4307/4510/3735 3607/4511/3735 4089/3864/3735 4472/3863/3735
f 4335/4323/3736 4473/3867/3736 4094/3870/3736 3773/4324/3736
f 3772/4512/3737 4326/4513/3737 4473/3867/3737 4335/4323/3737
f 4326/4513/3738 3609/4514/3738 4092/3868/3738 4473/3867/3738
f 4092/3868/3739 4474/3871/3739 4097/3874/3739 3610/3869/3739
f 3609/4514/3740 4096/4515/3740 4474/3871/3740 4092/3868/3740
f 4096/4515/3741 3611/4516/3741 4095/3872/3741 4474/3871/3741
f 4095/3872/3742 4475/3875/3742 4100/3878/3742 3612/3873/3742
f 3611/4516/3743 4099/4517/3743 4475/3875/3743 4095/3872/3743
f 4099/4517/3744 3613/4518/3744 4098/3876/3744 4475/3875/3744
f 4098/3876/3745 4476/3879/3745 4103/3882/3745 3614/3877/3745
f 3613/4518/3746 4102/4519/3746 4476/3879/3746 4098/3876/3746
f 4102/4519/3747 3615/4520/3747 4101/3880/3747 4476/3879/3747
f 4101/3880/3748 4477/3883/3748 4106/3886/3748 3616/3881/3748
f 3615/4520/3749 4105/4521/3749 4477/3883/3749 4101/3880/3749
f 4105/4521/3750 3617/4522/3750 4104/3884/3750 4477/3883/3750
f 4104/3884/3751 4478/3887/3751 4109/3888/3751 3618/3885/3751
f 3617/4522/3752 4108/4523/3752 4478/3887/3752 4104/3884/3752
f 4108/4523/3753 3619/3893/3753 4107/3768/3753 4478/3887/3753
f 4064/4490/3754 4479/3895/3754 4113/3898/3754 3591/4491/3754
f 3589/4489/3755 4112/4524/3755 4479/3895/3755 4064/4490/3755
f 4112/4524/3756 3623/4525/3756 4111/3896/3756 4479/3895/3756
f 4111/3896/3757 4480/3899/3757 4116/3902/3757 3624/3897/3757
f 3623/4525/3758 4115/4526/3758 4480/3899/3758 4111/3896/3758
f 4115/4526/3759 3625/4527/3759 4114/3900/3759 4480/3899/3759
f 4114/3900/3760 4481/3903/3760 4119/3906/3760 3626/3901/3760
f 3625/4527/3761 4118/4528/3761 4481/3903/3761 4114/3900/3761
f 4118/4528/3762 3627/4529/3762 4117/3904/3762 4481/3903/3762
f 4117/3904/3763 4482/3907/3763 4122/3910/3763 3628/3905/3763
f 3627/4529/3764 4121/4530/3764 4482/3907/3764 4117/3904/3764
f 4121/4530/3765 3629/4531/3765 4120/3908/3765 4482/3907/3765
f 4120/3908/3766 4483/3911/3766 4125/3914/3766 3630/3909/3766
f 3629/4531/3767 4124/4532/3767 4483/3911/3767 4120/3908/3767
f 4124/4532/3768 3631/4533/3768 4123/3912/3768 4483/3911/3768
f 4299/4241/3769 4484/3915/3769 4128/3918/3769 3746/4242/3769
f 3748/4534/3770 4277/4535/3770 4484/3915/3770 4299/4241/3770
f 4277/4535/3771 3633/4536/3771 4126/3916/3771 4484/3915/3771
f 4137/3932/3772 4485/3919/3772 4133/3920/3772 3638/3933/3772
f 3635/4537/3773 4061/4538/3773 4485/3919/3773 4137/3932/3773
f 4061/4538/3774 3587/3824/3774 4070/3838/3774 4485/3919/3774
f 4059/3825/3775 4486/3921/3775 4131/3924/3775 3588/4487/3775
f 3587/3824/3776 4061/4538/3776 4486/3921/3776 4059/3825/3776
f 4061/4538/3777 3635/4537/3777 4134/3922/3777 4486/3921/3777
f 4260/3775/3778 3725/4171/3778 3671/4132/3778 4179/3776/3778
f 4132/4539/3779 4487/3929/3779 4136/3930/3779 3637/4540/3779
f 3586/4485/3780 4058/4486/3780 4487/3929/3780 4132/4539/3780
f 4058/4486/3781 3588/4487/3781 4131/3924/3781 4487/3929/3781
f 4207/4072/3782 4488/3931/3782 4182/3934/3782 3686/4073/3782
f 3687/4541/3783 4183/4542/3783 4488/3931/3783 4207/4072/3783
f 4183/4542/3784 3635/4537/3784 4137/3932/3784 4488/3931/3784
f 4073/3842/3785 4489/3935/3785 4133/3920/3785 3594/3837/3785
f 3596/3841/3786 4148/3940/3786 4489/3935/3786 4073/3842/3786
f 4148/3940/3787 3639/3939/3787 4138/3936/3787 4489/3935/3787
f 4076/3846/3788 4490/3937/3788 4148/3940/3788 3596/3841/3788
f 3598/3845/3789 4149/3944/3789 4490/3937/3789 4076/3846/3789
f 4149/3944/3790 3640/3943/3790 4139/3938/3790 4490/3937/3790
f 4079/3850/3791 4491/3941/3791 4149/3944/3791 3598/3845/3791
f 3600/3849/3792 4150/3948/3792 4491/3941/3792 4079/3850/3792
f 4150/3948/3793 3641/3947/3793 4140/3942/3793 4491/3941/3793
f 4082/3854/3794 4492/3945/3794 4150/3948/3794 3600/3849/3794
f 3602/3853/3795 4151/3952/3795 4492/3945/3795 4082/3854/3795
f 4151/3952/3796 3642/3951/3796 4141/3946/3796 4492/3945/3796
f 4085/3858/3797 4493/3949/3797 4151/3952/3797 3602/3853/3797
f 3604/3857/3798 4152/3956/3798 4493/3949/3798 4085/3858/3798
f 4152/3956/3799 3643/3955/3799 4142/3950/3799 4493/3949/3799
f 4346/4369/3800 4494/3953/3800 4152/3956/3800 3604/3857/3800
f 3788/4368/3801 4355/4373/3801 4494/3953/3801 4346/4369/3801
f 4355/4373/3802 3789/4372/3802 4347/3954/3802 4494/3953/3802
f 4308/4281/3803 4495/3957/3803 4153/3960/3803 3606/3861/3803
f 3758/4280/3804 4317/4285/3804 4495/3957/3804 4308/4281/3804
f 4317/4285/3805 3759/4284/3805 4309/3958/3805 4495/3957/3805
f 4327/4325/3806 4496/3961/3806 4154/3964/3806 3608/3865/3806
f 3773/4324/3807 4336/4329/3807 4496/3961/3807 4327/4325/3807
f 4336/4329/3808 3774/4328/3808 4328/3962/3808 4496/3961/3808
f 4097/3874/3809 4497/3965/3809 4155/3968/3809 3610/3869/3809
f 3612/3873/3810 4156/3972/3810 4497/3965/3810 4097/3874/3810
f 4156/3972/3811 3647/3971/3811 4146/3966/3811 4497/3965/3811
f 4100/3878/3812 4498/3969/3812 4156/3972/3812 3612/3873/3812
f 3614/3877/3813 4157/4149/3813 4498/3969/3813 4100/3878/3813
f 4157/4149/3814 3648/4148/3814 4147/3970/3814 4498/3969/3814
f 4158/3975/3815 4499/3973/3815 4138/3936/3815 3639/3939/3815
f 3679/4079/3816 4208/4076/3816 4499/3973/3816 4158/3975/3816
f 4208/4076/3817 3686/4073/3817 4182/3934/3817 4499/3973/3817
f 4159/3977/3818 4500/3974/3818 4139/3938/3818 3640/3943/3818
f 3680/4083/3819 4209/4080/3819 4500/3974/3819 4159/3977/3819
f 4209/4080/3820 3679/4079/3820 4158/3975/3820 4500/3974/3820
f 4160/3979/3821 4501/3976/3821 4140/3942/3821 3641/3947/3821
f 3681/4087/3822 4210/4084/3822 4501/3976/3822 4160/3979/3822
f 4210/4084/3823 3680/4083/3823 4159/3977/3823 4501/3976/3823
f 4161/4118/3824 4502/3978/3824 4141/3946/3824 3642/3951/3824
f 3682/4117/3825 4211/4088/3825 4502/3978/3825 4161/4118/3825
f 4211/4088/3826 3681/4087/3826 4160/3979/3826 4502/3978/3826
f 4069/4494/3827 4503/3980/3827 4162/3983/3827 3593/4495/3827
f 3585/4483/3828 4177/4481/3828 4503/3980/3828 4069/4494/3828
f 4177/4481/3829 3649/4482/3829 3927/3981/3829 4503/3980/3829
f 4163/3987/3830 4504/3984/3830 3928/3985/3830 3655/3988/3830
f 3595/4497/3831 4072/4496/3831 4504/3984/3831 4163/3987/3831
f 4072/4496/3832 3593/4495/3832 4162/3983/3832 4504/3984/3832
f 4164/3991/3833 4505/3986/3833 3929/3989/3833 3656/3992/3833
f 3597/4499/3834 4075/4498/3834 4505/3986/3834 4164/3991/3834
f 4075/4498/3835 3595/4497/3835 4163/3987/3835 4505/3986/3835
f 4165/3995/3836 4506/3990/3836 3930/3993/3836 3657/3996/3836
f 3599/4501/3837 4078/4500/3837 4506/3990/3837 4165/3995/3837
f 4078/4500/3838 3597/4499/3838 4164/3991/3838 4506/3990/3838
f 4166/3999/3839 4507/3994/3839 3921/3997/3839 3658/4000/3839
f 3601/4503/3840 4081/4502/3840 4507/3994/3840 4166/3999/3840
f 4081/4502/3841 3599/4501/3841 4165/3995/3841 4507/3994/3841
f 4167/4003/3842 4508/3998/3842 3922/4001/3842 3659/4004/3842
f 3603/4505/3843 4084/4504/3843 4508/3998/3843 4167/4003/3843
f 4084/4504/3844 3601/4503/3844 4166/3999/3844 4508/3998/3844
f 4356/4375/3845 4509/4002/3845 4343/4005/3845 3782/4376/3845
f 3787/4506/3846 4087/4543/3846 4509/4002/3846 4356/4375/3846
f 4087/4543/3847 3603/4505/3847 4167/4003/3847 4509/4002/3847
f 4318/4287/3848 4510/4006/3848 4305/4009/3848 3752/4288/3848
f 3757/4509/3849 4090/4544/3849 4510/4006/3849 4318/4287/3849
f 4090/4544/3850 3605/4508/3850 4168/4007/3850 4510/4006/3850
f 4337/4331/3851 4511/4010/3851 4324/4013/3851 3767/4332/3851
f 3772/4512/3852 4093/4545/3852 4511/4010/3852 4337/4331/3852
f 4093/4545/3853 3607/4511/3853 4169/4011/3853 4511/4010/3853
f 4171/4019/3854 4512/4014/3854 3931/4017/3854 3663/4020/3854
f 3611/4516/3855 4096/4515/3855 4512/4014/3855 4171/4019/3855
f 4096/4515/3856 3609/4514/3856 4170/4015/3856 4512/4014/3856
f 4172/4023/3256 4513/4018/3857 3932/4021/3857 3664/4024/3257
f 3613/4518/3858 4099/4517/3858 4513/4018/3858 4172/4023/3858
f 4099/4517/3859 3611/4516/3859 4171/4019/3859 4513/4018/3859
f 4173/4027/3860 4514/4022/3860 3933/4025/3860 3665/4028/3860
f 3615/4520/3861 4102/4519/3861 4514/4022/3861 4173/4027/3861
f 4102/4519/3862 3613/4518/3862 4172/4023/3862 4514/4022/3862
f 4174/4031/3863 4515/4026/3863 3934/4029/3863 3666/4032/3863
f 3617/4522/3864 4105/4521/3864 4515/4026/3864 4174/4031/3864
f 4105/4521/3865 3615/4520/3865 4173/4027/3865 4515/4026/3865
f 4175/3892/3866 4516/4030/3866 3935/4033/3866 3667/3889/3866
f 3619/3893/3867 4108/4523/3867 4516/4030/3867 4175/3892/3867
f 4108/4523/3868 3617/4522/3868 4174/4031/3868 4516/4030/3868
f 3622/3770/3869 4230/4546/3869 4231/4547/3869 3620/3771/3869
f 3619/3893/3870 4175/3892/3870 4176/3891/3870 3621/3894/3870
f 4056/3819/3871 4517/4034/3871 3919/4037/3871 3650/3820/3871
f 3586/4485/3872 4132/4539/3872 4517/4034/3872 4056/3819/3872
f 4132/4539/3873 3637/4540/3873 4135/4035/3873 4517/4034/3873
f 3725/4171/3874 4262/4175/3874 4189/4548/3874 3671/4132/3874
f 4262/4175/3875 3724/3928/3875 3670/3927/3875 4189/4548/3875
f 3699/4127/3876 4223/4124/3876 4191/4549/3876 3674/4550/3876
f 4223/4124/3877 3696/3781/3877 3672/3780/3877 4191/4549/3877
f 4224/4046/3878 3699/4127/3878 3674/4550/3878 4192/4047/3878
f 4225/4050/3879 3700/4045/3879 3675/4048/3879 4193/4051/3879
f 4226/4054/3880 3701/4049/3880 3676/4052/3880 4194/4055/3880
f 4227/4119/3881 4518/4059/3881 3977/4062/3881 3698/4120/3881
f 3695/4133/3882 4067/4492/3882 4518/4059/3882 4227/4119/3882
f 4067/4492/3883 3592/3832/3883 4178/4060/3883 4518/4059/3883
f 4178/4060/3884 4519/4063/3884 3918/4066/3884 3652/4061/3884
f 3592/3832/3885 4063/3831/3885 4519/4063/3885 4178/4060/3885
f 4063/3831/3886 3591/4491/3886 4066/4064/3886 4519/4063/3886
f 4267/4179/3887 4200/4551/3887 3677/4056/3887 3723/4180/3887
f 3957/4552/3888 4520/4067/3888 4206/4070/3888 3683/4553/3888
f 3653/4036/3889 4135/4035/3889 4520/4067/3889 3957/4552/3889
f 4135/4035/3890 3637/4540/3890 4181/4068/3890 4520/4067/3890
f 4268/4182/3891 4521/4071/3891 4257/4074/3891 3726/4554/3891
f 3727/4039/3892 4258/4555/3892 4521/4071/3892 4268/4182/3892
f 4258/4555/3893 3687/4541/3893 4207/4072/3893 4521/4071/3893
f 4251/4078/3894 4522/4075/3894 4208/4076/3894 3679/4079/3894
f 3720/4556/3895 4269/4557/3895 4522/4075/3895 4251/4078/3895
f 4269/4557/3896 3726/4554/3896 4257/4074/3896 4522/4075/3896
f 4252/4082/3897 4523/4077/3897 4209/4080/3897 3680/4083/3897
f 3721/4184/3898 4270/4183/3898 4523/4077/3898 4252/4082/3898
f 4270/4183/3899 3720/4556/3899 4251/4078/3899 4523/4077/3899
f 4253/4086/3900 4524/4081/3900 4210/4084/3900 3681/4087/3900
f 3722/4186/3901 4271/4185/3901 4524/4081/3901 4253/4086/3901
f 4271/4185/3902 3721/4184/3902 4252/4082/3902 4524/4081/3902
f 4254/4181/3903 4525/4085/3903 4211/4088/3903 3682/4117/3903
f 3723/4180/3904 4272/4187/3904 4525/4085/3904 4254/4181/3904
f 4272/4187/3905 3722/4186/3905 4253/4086/3905 4525/4085/3905
f 4134/3922/3906 4526/4089/3906 4180/4092/3906 3636/3923/3906
f 3635/4537/3907 4183/4542/3907 4526/4089/3907 4134/3922/3907
f 4183/4542/3908 3687/4541/3908 4212/4090/3908 4526/4089/3908
f 4181/4068/3909 4527/4093/3909 4213/4094/3909 3685/4069/3909
f 3637/4540/3910 4136/3930/3910 4527/4093/3910 4181/4068/3910
f 4136/3930/3911 3636/3923/3911 4180/4092/3911 4527/4093/3911
f 4147/3970/3912 4528/4095/3912 4201/4098/3912 3647/3971/3912
f 3648/4148/3913 4199/4558/3913 4528/4095/3913 4147/3970/3913
f 4199/4558/3914 3688/4559/3914 4214/4096/3914 4528/4095/3914
f 4146/3966/3915 4529/4099/3915 4202/4102/3915 3646/3967/3915
f 3647/3971/3916 4201/4098/3916 4529/4099/3916 4146/3966/3916
f 4201/4098/3917 3689/4097/3917 4215/4100/3917 4529/4099/3917
f 4328/3962/3918 4530/4103/3918 4203/4106/3918 3645/3963/3918
f 3774/4328/3919 4338/4337/3919 4530/4103/3919 4328/3962/3919
f 4338/4337/3920 3776/4336/3920 4329/4104/3920 4530/4103/3920
f 4309/3958/3921 4531/4107/3921 4204/4110/3921 3644/3959/3921
f 3759/4284/3922 4319/4293/3922 4531/4107/3922 4309/3958/3922
f 4319/4293/3923 3761/4292/3923 4310/4108/3923 4531/4107/3923
f 4347/3954/3924 4532/4111/3924 4205/4114/3924 3643/3955/3924
f 3789/4372/3925 4357/4381/3925 4532/4111/3925 4347/3954/3925
f 4357/4381/3926 3791/4380/3926 4348/4112/3926 4532/4111/3926
f 4142/3950/3927 4533/4115/3927 4161/4118/3927 3642/3951/3927
f 3643/3955/3928 4205/4114/3928 4533/4115/3928 4142/3950/3928
f 4205/4114/3929 3693/4113/3929 4219/4116/3929 4533/4115/3929
f 3671/4132/3930 4189/4548/3930 4221/4493/3930 3695/4133/3930
f 4189/4548/3931 3670/3927/3931 3694/4058/3931 4221/4493/3931
f 4112/4524/3932 4534/4121/3932 4129/4122/3932 3623/4525/3932
f 3589/4489/3933 4130/4488/3933 4534/4121/3933 4112/4524/3933
f 4130/4488/3934 3697/4044/3934 4222/3778/3934 4534/4121/3934
f 4184/4126/3935 4535/4123/3935 4223/4124/3935 3699/4127/3935
f 3625/4527/3936 4115/4526/3936 4535/4123/3936 4184/4126/3936
f 4115/4526/3937 3623/4525/3937 4129/4122/3937 4535/4123/3937
f 4185/4129/3938 4536/4125/3938 4224/4046/3938 3700/4045/3938
f 3627/4529/3939 4118/4528/3939 4536/4125/3939 4185/4129/3939
f 4118/4528/3940 3625/4527/3940 4184/4126/3940 4536/4125/3940
f 4186/4131/3941 4537/4128/3941 4225/4050/3941 3701/4049/3941
f 3629/4531/3942 4121/4530/3943 4537/4128/3943 4186/4131/3944
f 4121/4530/3945 3627/4529/3945 4185/4129/3945 4537/4128/3945
f 4187/4193/3946 4538/4130/3946 4226/4054/3946 3702/4053/3946
f 3631/4533/3947 4124/4532/3947 4538/4130/3947 4187/4193/3947
f 4124/4532/3948 3629/4531/3942 4186/4131/3944 4538/4130/3948
f 4230/4546/3949 3706/4134/3949 3705/4137/3949 4231/4547/3949
f 4109/3888/3950 4539/4138/3950 4232/4141/3950 3618/3885/3950
f 3620/3771/3951 4231/4547/3951 4539/4138/3951 4109/3888/3951
f 4231/4547/3952 3705/4137/3952 4229/4139/3952 4539/4138/3952
f 4106/3886/3953 4540/4142/3953 4233/4145/3953 3616/3881/3953
f 3618/3885/3954 4232/4141/3954 4540/4142/3954 4106/3886/3954
f 4232/4141/3955 3704/4140/3955 4228/4143/3955 4540/4142/3955
f 4103/3882/3956 4541/4146/3956 4157/4149/3956 3614/3877/3956
f 3616/3881/3957 4233/4145/3957 4541/4146/3957 4103/3882/3957
f 4233/4145/3958 3703/4144/3958 4234/4147/3958 4541/4146/3958
f 4236/4135/3959 3709/4165/3959 3708/4168/3959 4237/4136/3959
f 4229/4139/3960 4542/4150/3960 4238/4153/3960 3704/4140/3960
f 3705/4137/3961 4237/4136/3961 4542/4150/3961 4229/4139/3961
f 4237/4136/3962 3708/4168/3962 4235/4151/3962 4542/4150/3962
f 4190/3779/3963 4268/4182/3963 3726/4554/3963 3672/3780/3963
f 3730/4189/3964 4243/4560/3965 4543/4561/3966 4273/4190/3966
f 4243/4560/3967 3712/4162/3968 4240/4161/3969 4543/4561/3969
f 4228/4143/3970 4544/4160/3970 4244/4163/3970 3703/4144/3970
f 3704/4140/3971 4238/4153/3971 4544/4160/3971 4228/4143/3971
f 4238/4153/3972 3707/4152/3972 4240/4161/3972 4544/4160/3972
f 4242/4562/3973 4545/4164/3973 4244/4163/3973 3712/4162/3973
f 3688/4559/3974 4199/4558/3974 4545/4164/3974 4242/4562/3974
f 4199/4558/3975 3648/4148/3975 4234/4147/3975 4545/4164/3975
f 4241/4191/3976 4249/4563/3976 3717/4564/3976 3713/4188/3976
f 4198/4041/3977 4248/4565/3977 3714/4566/3977 3678/4042/3977
f 4200/4551/3978 4274/4567/3978 3702/4053/3978 3677/4056/3978
f 4008/4568/3979 4546/4169/3979 4260/3775/3979 3718/3774/3979
f 3683/4553/3980 4206/4070/3980 4546/4169/3980 4008/4568/3980
f 4206/4070/3981 3685/4069/3981 4256/4170/3981 4546/4169/3981
f 4212/4090/3982 4547/4172/3982 4255/4173/3982 3684/4091/3982
f 3687/4541/3983 4258/4555/3983 4547/4172/3983 4212/4090/3983
f 4258/4555/3984 3727/4039/3984 4261/3925/3984 4547/4172/3984
f 4256/4170/3985 4548/4174/3985 4262/4175/3986 3725/4171/3986
f 3685/4069/3987 4213/4094/3987 4548/4174/3985 4256/4170/3985
f 4213/4094/3988 3684/4091/3988 4255/4173/3988 4548/4174/3988
f 4214/4096/3989 4549/4176/3989 4250/4177/3989 3689/4097/3989
f 4219/4116/3990 4550/4178/3990 4254/4181/3990 3682/4117/3990
f 3674/4550/3991 4191/4549/3991 4269/4557/3991 3720/4556/3991
f 4191/4549/3992 3672/3780/3992 3726/4554/3992 4269/4557/3992
f 4192/4047/3993 3674/4550/3993 3720/4556/3993 4270/4183/3993
f 4193/4051/3994 3675/4048/3994 3721/4184/3994 4271/4185/3994
f 4194/4055/3995 3676/4052/3995 3722/4186/3995 4272/4187/3995
f 4239/4166/3996 3728/4157/3996 3729/4156/3996 4259/4167/3996
f 4281/4200/3997 4551/4192/3997 4279/4194/3997 3734/4201/3997
f 3732/4569/3998 4127/4570/3998 4551/4192/3998 4281/4200/3998
f 4127/4570/3999 3631/4533/3999 4187/4193/3999 4551/4192/3999
f 4123/3912/4000 4552/4195/4000 4278/4198/4000 3632/3913/4000
f 3631/4533/4001 4127/4570/4001 4552/4195/4001 4123/3912/4001
f 4127/4570/4002 3732/4569/4002 4280/4196/4002 4552/4195/4002
f 4300/4245/4003 4553/4199/4003 4294/4202/4003 3747/4246/4003
f 3748/4534/4004 4295/4571/4004 4553/4199/4004 4300/4245/4004
f 4295/4571/4005 3732/4569/4005 4281/4200/4005 4553/4199/4005
f 4278/4198/4006 4554/4203/4006 4283/4206/4006 3632/3913/4006
f 3733/4197/4007 4282/4210/4007 4554/4203/4007 4278/4198/4007
f 4282/4210/4008 3741/4209/4008 4046/4204/4008 4554/4203/4008
f 4293/4243/4009 4555/4207/4009 4282/4210/4009 3733/4197/4009
f 3746/4242/4010 4301/4251/4010 4555/4207/4010 4293/4243/4010
f 4301/4251/4011 3745/4250/4011 4292/4208/4011 4555/4207/4011
f 4125/3914/4012 4556/4211/4012 4285/4214/4012 3630/3909/4012
f 3632/3913/4013 4283/4206/4013 4556/4211/4013 4125/3914/4013
f 4283/4206/4014 3739/4205/4014 4044/4212/4014 4556/4211/4014
f 4122/3910/4015 4557/4215/4015 4286/4218/4015 3628/3905/4015
f 3630/3909/4016 4285/4214/4016 4557/4215/4016 4122/3910/4016
f 4285/4214/4017 3738/4213/4017 4043/4216/4017 4557/4215/4017
f 4119/3906/4018 4558/4219/4018 4287/4222/4018 3626/3901/4018
f 3628/3905/4019 4286/4218/4019 4558/4219/4019 4119/3906/4019
f 4286/4218/4020 3737/4217/4020 4042/4220/4020 4558/4219/4020
f 4116/3902/4021 4559/4223/4021 4288/4226/4021 3624/3897/4021
f 3626/3901/4022 4287/4222/4022 4559/4223/4022 4116/3902/4022
f 4287/4222/4023 3736/4221/4023 4041/4224/4023 4559/4223/4023
f 4054/4572/4024 4560/4227/4024 4288/4226/4024 3735/4225/4024
f 3651/4065/4025 4066/4064/4025 4560/4227/4025 4054/4572/4025
f 4066/4064/4026 3591/4491/4026 4113/3898/4026 4560/4227/4026
f 4291/4479/4027 4561/4228/4027 4296/4231/4027 3744/4441/4027
f 3582/4478/4028 4039/3788/4028 4561/4228/4028 4291/4479/4028
f 4039/3788/4029 3583/3787/4029 4289/4229/4029 4561/4228/4029
f 4036/4439/4030 4562/4232/4030 4297/4235/4030 3744/4441/4030
f 3507/4440/4031 4035/4573/4031 4562/4232/4031 4036/4439/4031
f 4035/4573/4032 3581/4574/4032 4034/4233/4032 4562/4232/4032
f 4049/4575/4033 4563/4236/4033 4045/4239/4033 3740/4576/4033
f 3508/3484/4034 3867/3483/4034 4563/4236/4034 4049/4575/4034
f 3867/3483/4035 3742/4230/4035 4298/4237/4035 4563/4236/4035
f 4280/4196/4036 4564/4240/4036 4293/4243/4036 3733/4197/4036
f 3732/4569/4037 4295/4571/4037 4564/4240/4037 4280/4196/4037
f 4295/4571/4038 3748/4534/4038 4299/4241/4038 4564/4240/4038
f 4276/4577/4039 4565/4244/4039 4275/4247/4039 3731/4578/4039
f 3633/4536/4040 4277/4535/4040 4565/4244/4040 4276/4577/4040
f 4277/4535/4041 3748/4534/4041 4300/4245/4041 4565/4244/4041
f 4128/3918/4042 4566/4248/4042 4301/4251/4042 3746/4242/4042
f 3634/3917/4043 4284/4579/4043 4566/4248/4043 4128/3918/4043
f 4284/4579/4044 3740/4580/4044 4045/4249/4044 4566/4248/4044
f 3829/4450/4045 4567/4252/4045 4311/4255/4045 3749/4415/4045
f 3479/4411/4046 3825/3433/4046 4567/4252/4046 3829/4450/4046
f 3825/3433/4047 3480/3432/4047 4303/4253/4047 4567/4252/4047
f 3893/3529/4048 4568/4256/4048 3883/4259/4048 3519/3530/4048
f 3482/3436/4049 3830/3435/4049 4568/4256/4049 3893/3529/4049
f 3830/3435/4050 3750/4254/4050 4312/4257/4050 4568/4256/4050
f 4302/4413/4051 4569/4260/4051 4313/4263/4051 3749/4415/4051
f 3481/4414/4052 3908/3580/4052 4569/4260/4052 4302/4413/4052
f 3908/3580/4053 3661/3579/4053 3924/4261/4053 4569/4260/4053
f 4024/4277/4054 3756/4276/4054 3753/4581/4054 3952/4582/4054
f 3960/3686/4055 4570/4268/4055 3974/4271/4055 3543/3687/4055
f 3519/3530/4056 3883/4259/4056 4570/4268/4056 3960/3686/4056
f 3883/4259/4057 3751/4258/4057 4314/4269/4057 4570/4268/4057
f 3952/4582/4058 3753/4581/4058 3755/4583/4058 4004/4584/4058
f 3974/4271/4059 3754/4270/4059 4315/4275/4059 4571/4274/4059
f 4086/3860/4060 4572/4278/4060 4308/4281/4060 3606/3861/4060
f 3605/4508/4061 4090/4544/4061 4572/4278/4061 4086/3860/4061
f 4090/4544/4062 3757/4509/4062 4316/4279/4062 4572/4278/4062
f 4091/3866/4063 4573/4282/4063 4317/4285/4063 3758/4280/4063
f 3608/3865/4064 4154/3964/4064 4573/4282/4064 4091/3866/4064
f 4154/3964/4065 3645/3963/4065 4144/4283/4065 4573/4282/4065
f 4169/4011/4066 4574/4286/4066 3924/4289/4066 3661/4012/4066
f 3607/4511/4067 4307/4510/4067 4574/4286/4067 4169/4011/4067
f 4307/4510/4068 3757/4509/4068 4318/4287/4068 4574/4286/4068
f 4144/4283/4069 4575/4290/4069 4319/4293/4069 3759/4284/4069
f 3645/3963/4070 4203/4106/4070 4575/4290/4070 4144/4283/4070
f 4203/4106/4071 3691/4105/4071 4217/4291/4071 4575/4290/4071
f 4217/4291/4072 4576/4294/4072 4320/4295/4072 3761/4292/4072
f 3832/4451/4073 4577/4296/4073 4330/4299/4073 3764/4418/4073
f 3481/4414/4074 3828/3437/4074 4577/4296/4074 3832/4451/4074
f 3828/3437/4075 3482/3436/4075 4322/4297/4075 4577/4296/4075
f 3894/3533/4076 4578/4300/4076 3884/4303/4076 3520/3534/4076
f 3484/3440/4077 3833/3439/4077 4578/4300/4077 3894/3533/4077
f 3833/3439/4078 3765/4298/4078 4331/4301/4078 4578/4300/4078
f 4321/4416/4079 4579/4304/4079 4332/4307/4079 3764/4418/4079
f 3483/4417/4080 3909/3584/4080 4579/4304/4080 4321/4416/4080
f 3909/3584/4081 3662/3583/4081 3925/4305/4081 4579/4304/4081
f 4023/4321/4082 3771/4320/4082 3768/4585/4082 3953/4586/4082
f 3959/3682/4083 4580/4312/3347 3973/4315/3349 3542/3683/4083
f 3520/3534/4084 3884/4303/4084 4580/4312/4084 3959/3682/4084
f 3884/4303/4085 3766/4302/4085 4333/4313/4085 4580/4312/4085
f 3953/4586/4086 3768/4585/4087 3770/4587/4088 4005/4588/4087
f 3973/4315/4089 3769/4314/4089 4334/4319/4089 4581/4318/4089
f 4089/3864/4090 4582/4322/4090 4327/4325/4090 3608/3865/4090
f 3607/4511/4091 4093/4545/4091 4582/4322/4091 4089/3864/4091
f 4093/4545/4092 3772/4512/4092 4335/4323/4092 4582/4322/4092
f 4094/3870/4093 4583/4326/4093 4336/4329/4093 3773/4324/4093
f 3610/3869/4094 4155/3968/4094 4583/4326/4094 4094/3870/4094
f 4155/3968/4095 3646/3967/4095 4145/4327/4095 4583/4326/4095
f 4170/4015/4096 4584/4330/4096 3925/4333/4096 3662/4016/4096
f 3609/4514/4097 4326/4513/4097 4584/4330/4097 4170/4015/4097
f 4326/4513/4098 3772/4512/4098 4337/4331/4098 4584/4330/4098
f 4145/4327/4099 4585/4334/4099 4338/4337/4099 3774/4328/4099
f 3646/3967/4100 4202/4102/4100 4585/4334/4100 4145/4327/4100
f 4202/4102/4101 3690/4101/4101 4216/4335/4101 4585/4334/4101
f 4216/4335/4102 4586/4338/4102 4339/4339/4102 3776/4336/4102
f 3826/4449/4103 4587/4340/4103 4349/4343/4103 3779/4412/4103
f 3477/4409/4104 3822/3429/4104 4587/4340/4104 3826/4449/4104
f 3822/3429/4105 3478/3428/4105 4341/4341/4105 4587/4340/4105
f 3892/3525/4106 4588/4344/4106 3882/4347/4106 3518/3526/4106
f 3480/3432/4107 3827/3431/4107 4588/4344/4107 3892/3525/4107
f 3827/3431/4108 3780/4342/4108 4350/4345/4108 4588/4344/4108
f 4340/4410/4109 4589/4348/4109 4351/4351/4109 3779/4412/4109
f 3479/4411/4110 3907/3576/4110 4589/4348/4110 4340/4410/4110
f 3907/3576/4111 3660/3575/4111 3923/4349/4111 4589/4348/4111
f 4025/4365/4112 3786/4364/4112 3783/4589/4112 3951/4590/4112
f 3961/3690/4113 4590/4356/4113 3975/4359/4113 3544/3691/4113
f 3518/3526/4114 3882/4347/4114 4590/4356/4114 3961/3690/4114
f 3882/4347/4115 3781/4346/4115 4352/4357/4115 4590/4356/4115
f 3951/4590/4116 3783/4589/4116 3785/4591/4116 4003/4592/4116
f 3975/4359/4117 3784/4358/4117 4353/4363/4117 4591/4362/4117
f 4083/3856/4118 4592/4366/4118 4346/4369/4118 3604/3857/4118
f 3603/4505/4119 4087/4543/4119 4592/4366/4119 4083/3856/4119
f 4087/4543/4120 3787/4506/4120 4354/4367/4120 4592/4366/4120
f 4088/3862/4121 4593/4370/4121 4355/4373/4121 3788/4368/4121
f 3606/3861/4122 4153/3960/4122 4593/4370/4122 4088/3862/4122
f 4153/3960/4123 3644/3959/4123 4143/4371/4123 4593/4370/4123
f 4168/4007/4124 4594/4374/4124 3923/4377/4124 3660/4008/4124
f 3605/4508/4125 4345/4507/4125 4594/4374/4125 4168/4007/4125
f 4345/4507/4126 3787/4506/4126 4356/4375/4126 4594/4374/4126
f 3549/4393/4127 3980/3706/4127 3946/3738/4127 3526/3737/4127
f 4143/4371/4128 4595/4378/4129 4357/4381/4130 3789/4372/4130
f 3644/3959/4131 4204/4110/4131 4595/4378/4129 4143/4371/4128
f 4204/4110/4132 3692/4109/4132 4218/4379/4132 4595/4378/4132
f 4218/4379/4133 4596/4382/4133 4358/4383/4133 3791/4380/4133
f 4019/3494/4134 3926/3493/4134 3524/3617/4134 3575/3618/4134
f 4219/4116/4135 3693/4113/4135 4348/4112/4135 3791/4380/4135
f 3791/4380/4136 4358/4383/4136 4550/4178/4136 4219/4116/4136
f 4358/4383/4137 3793/4355/4137 4267/4179/4137 4550/4178/4137
f 3793/4355/4138 3790/4354/4138 4200/4551/4138 4267/4179/4138
f 3790/4354/4139 3792/4361/4139 4274/4567/4139 4200/4551/4139
f 4218/4379/4140 3692/4109/4140 4310/4108/4140 3761/4292/4140
f 3761/4292/4141 4320/4295/4141 4596/4382/4141 4218/4379/4141
f 4320/4295/4142 3763/4267/4142 4266/4352/4142 4596/4382/4142
f 3763/4267/4143 3760/4266/4143 4195/4353/4143 4266/4352/4143
f 3760/4266/4144 3762/4273/4144 4245/4360/4144 4195/4353/4144
f 3776/4336/4145 4339/4339/4145 4576/4294/4145 4217/4291/4145
f 4217/4291/4146 3691/4105/4146 4329/4104/4146 3776/4336/4146
f 4339/4339/4147 3778/4311/4147 4265/4264/4147 4576/4294/4147
f 3778/4311/4148 3775/4310/4148 4196/4265/4148 4265/4264/4148
f 3775/4310/4149 3777/4317/4149 4246/4272/4149 4196/4265/4149
f 4215/4100/4150 3689/4097/4150 4216/4335/4150 3690/4101/4150
f 3689/4097/4151 4250/4177/4151 4586/4338/4151 4216/4335/4151
f 4250/4177/4152 3719/4043/4152 4264/4308/4152 4586/4338/4152
f 3719/4043/3264 3678/4042/3263 4197/4309/4153 4264/4308/4153
f 3678/4042/4154 3714/4566/4154 4247/4316/4154 4197/4309/4154
f 3712/4162/3968 4243/4560/3967 4549/4176/4155 4214/4096/4155
f 4214/4096/4156 3688/4559/4156 4242/4562/4156 3712/4162/4156
f 4243/4560/3965 3730/4189/3964 4263/4040/4157 4549/4176/4157
f 3730/4189/4158 3713/4188/4158 4198/4041/4158 4263/4040/4158
f 3713/4188/4159 3717/4564/4159 4248/4565/4159 4198/4041/4159
f 3710/4155/4160 3715/4159/4160 4249/4563/4160 4241/4191/4160
f 3710/4155/4161 4241/4191/4161 4273/4190/4161 3729/4156/4161
f 3729/4156/4162 4273/4190/4162 4543/4561/4162 4259/4167/4162
f 4259/4167/4163 4543/4561/4163 4240/4161/4163 3708/4168/4163
f 4235/4151/4164 3708/4168/4164 4240/4161/4164 3707/4152/4164
f 3993/3734/4165 3558/3733/4165 3998/3744/4165 3559/3773/4165
f 3971/3680/4166 3563/3743/4166 4000/4468/4166 3540/4463/4166
f 3972/3684/4167 3542/3683/4167 3973/4315/4167 3541/3679/4167
f 3974/4271/4168 3769/4314/4168 4325/3688/4168 3543/3687/4168
f 3975/4359/4169 3754/4270/4169 4306/3692/4169 3544/3691/4169
f 3976/3700/4170 3784/4358/4170 4344/3696/4170 3545/3695/4170
f 3784/4358/4171 3976/3700/4171 4449/3756/4171 4353/4363/4171
f 3786/4364/4172 4353/4363/4172 4449/3756/4172 4026/3759/4172
f 3786/4364/4173 4026/3759/4173 3956/4458/4173 3783/4589/4173
f 3783/4589/4174 3956/4458/4174 4033/4476/4174 3785/4591/4174
f 3754/4270/4175 3975/4359/4175 4591/4362/4175 4315/4275/4175
f 3756/4276/4176 4315/4275/4176 4591/4362/4176 4025/4365/4176
f 3756/4276/4177 4025/4365/4177 3951/4590/4177 3753/4581/4177
f 3753/4581/4178 3951/4590/4178 4003/4592/4178 3755/4583/4178
f 3768/4585/4179 3952/4582/4179 4004/4584/4179 3770/4587/4179
f 3771/4320/4180 4024/4277/4180 3952/4582/4180 3768/4585/4180
f 3771/4320/4181 4334/4319/4181 4571/4274/4181 4024/4277/4181
f 3769/4314/4182 3974/4271/4182 4571/4274/4182 4334/4319/4182
f 3541/3679/4183 3973/4315/4183 4581/4318/4183 4009/3753/4183
f 3569/3754/4184 4009/3753/4184 4581/4318/4184 4023/4321/4184
f 3569/3754/4185 4023/4321/4185 3953/4586/4185 3531/4456/4185
f 3531/4456/4186 3953/4586/4186 4005/4588/4186 3565/4473/4186
f 3564/4470/4187 3954/4457/4187 4006/4474/4187 3568/4471/4187
f 3999/4469/4188 4007/4472/4188 3566/3735/4188 3561/3647/4188
f 4032/4467/4189 3999/4469/4189 3561/3647/4189 3579/3646/4189
f 3580/4466/4190 4022/3755/4190 3954/4457/4190 3564/4470/4190
f 3580/4466/4191 4001/4464/4191 4448/3752/3169 4022/3755/3171
f 4032/4467/4192 3579/3646/4192 4018/3728/4192 4442/4465/4192
f 3559/3773/4193 3998/3744/4193 4442/4465/4193 4018/3728/4193
f 3563/3743/4194 3971/3680/4194 4448/3752/4194 4001/4464/4194
f 4597/4593/4195 4598/4594/4195 4600/4595/4195 4599/4596/4195
f 4597/4593/4196 4599/4596/4196 4602/4597/4196 4601/4598/4196
f 4601/4598/4197 4602/4597/4197 4604/4599/4197 4603/4600/4197
f 4605/4601/4198 4606/4602/4198 4608/4603/4198 4607/4604/4198
f 4605/4601/4199 4607/4604/4199 4610/4605/4199 4609/4606/4199
f 4609/4606/4200 4610/4605/4200 4612/4607/4200 4611/4608/4200
f 4615/4609/4201 4614/4610/4201 4836/4611/4201 4613/4612/4201
f 4619/4613/4202 4617/4614/4202 4614/4610/4202 4615/4609/4202
f 4619/4613/4203 4618/4615/4203 4616/4616/4203 4617/4614/4203
f 4620/4617/4204 4621/4618/4204 4623/4619/4204 4622/4620/4204
f 4620/4617/4205 4622/4620/4205 4625/4621/4205 4624/4622/4205
f 4624/4622/4206 4625/4621/4206 4627/4623/4206 4626/4624/4206
f 4628/4625/4207 4629/4626/4207 4631/4627/4207 4630/4628/4207
f 4628/4625/4208 4630/4628/4208 4633/4629/4208 4632/4630/4208
f 4632/4630/4209 4633/4629/4209 4635/4631/4209 4634/4632/4209
f 4636/4633/4210 4637/4634/4210 4639/4635/4210 4638/4636/4210
f 4636/4633/4211 4638/4636/4211 4641/4637/4211 4640/4638/4211
f 4640/4638/4212 4641/4637/4212 4643/4639/4212 4642/4640/4212
f 4647/4641/4213 4646/4642/4213 4644/4643/4213 4645/4644/4213
f 4651/4645/4214 4649/4646/4214 4646/4642/4214 4647/4641/4214
f 4651/4645/4215 4650/4647/4215 4648/4648/4215 4649/4646/4215
f 4900/4649/4216 4899/4650/4216 4897/4651/4216 4898/4652/4216
f 4900/4649/4217 4898/4652/4217 4895/4653/4217 4896/4654/4217
f 4896/4654/4218 4895/4653/4218 4893/4655/4218 4894/4656/4218
f 4660/4657/4219 4661/4658/4219 4663/4659/4219 4662/4660/4219
f 4660/4657/4220 4662/4660/4220 4665/4661/4220 4664/4662/4220
f 4664/4662/4221 4665/4661/4221 4667/4663/4221 4666/4664/4221
f 4668/4665/4222 4669/4666/4222 4671/4667/4222 4670/4668/4222
f 4668/4665/4223 4670/4668/4223 4673/4669/4223 4672/4670/4223
f 4672/4670/4224 4673/4669/4224 4675/4671/4224 4674/4672/4224
f 4674/4672/4225 4675/4671/4225 4677/4673/4225 4676/4674/4225
f 4681/4675/4226 4680/4676/4226 4678/4677/4226 4679/4678/4226
f 4683/4679/4227 4682/4680/4227 4680/4676/4227 4681/4675/4227
f 4687/4681/4228 4685/4682/4228 4682/4680/4228 4683/4679/4228
f 4687/4681/4229 4686/4683/4229 4684/4684/4229 4685/4682/4229
f 4691/4685/4230 4690/4686/4230 4688/4687/4230 4689/4688/4230
f 4693/4689/4231 4692/4690/4231 4690/4686/4231 4691/4685/4231
f 4697/4691/4232 4695/4692/4232 4692/4690/4233 4693/4689/4232
f 4697/4691/4234 4696/4693/4234 4694/4694/4234 4695/4692/4234
f 4872/4695/4235 4871/4696/4235 4699/4697/4235 4698/4698/4235
f 4700/4699/4236 4701/4700/4236 4703/4701/4236 4702/4702/4236
f 4700/4699/4237 4702/4702/4237 4705/4703/4237 4704/4704/4237
f 4704/4704/4238 4705/4703/4238 4707/4705/4238 4706/4706/4238
f 4708/4707/4239 4709/4708/4239 4711/4709/4239 4710/4710/4239
f 4708/4707/4240 4710/4710/4240 4713/4711/4240 4712/4712/4240
f 4712/4712/4241 4713/4711/4241 4715/4713/4241 4714/4714/4241
f 4716/4715/4242 4717/4716/4242 4719/4717/4242 4718/4718/4242
f 4716/4715/4243 4718/4718/4243 4721/4719/4243 4720/4720/4243
f 4720/4720/4244 4721/4719/4244 4723/4721/4244 4722/4722/4244
f 4724/4723/4245 4725/4724/4245 4727/4725/4245 4726/4726/4245
f 4724/4723/4246 4726/4726/4246 4729/4727/4246 4728/4728/4246
f 4728/4728/4247 4729/4727/4247 4731/4729/4247 4730/4730/4247
f 4732/4731/4248 4733/4732/4248 4735/4733/4248 4734/4734/4248
f 4732/4731/4249 4734/4734/4249 4737/4735/4249 4736/4736/4249
f 4736/4736/4250 4737/4735/4250 4739/4737/4250 4738/4738/4250
f 4740/4739/4251 4741/4740/4251 4743/4741/4252 4742/4742/4251
f 4740/4739/4253 4742/4742/4253 4745/4743/4253 4744/4744/4253
f 4744/4744/4254 4745/4743/4254 4747/4745/4254 4746/4746/4254
f 4748/4747/4255 4749/4748/4255 4751/4749/4255 4750/4750/4255
f 4748/4747/4256 4750/4750/4256 4753/4751/4256 4752/4752/4256
f 4752/4752/4257 4753/4751/4257 4755/4753/4257 4754/4754/4257
f 4756/4755/4258 4757/4756/4258 4759/4757/4258 4758/4758/4258
f 4756/4755/4259 4758/4758/4259 4761/4759/4259 4760/4760/4259
f 4760/4760/4260 4761/4759/4260 4763/4761/4260 4762/4762/4260
f 4764/4763/4261 4765/4764/4261 4767/4765/4261 4766/4766/4261
f 4764/4763/4262 4766/4766/4262 4769/4767/4262 4768/4768/4262
f 4768/4768/4263 4769/4767/4263 4771/4769/4263 4770/4770/4263
f 4772/4771/4264 4773/4772/4264 4775/4773/4264 4774/4774/4264
f 4772/4771/4265 4774/4774/4265 4777/4775/4265 4776/4776/4265
f 4776/4776/4266 4777/4775/4267 4779/4777/4266 4778/4778/4266
f 4780/4779/4268 4781/4780/4268 4783/4781/4268 4782/4782/4268
f 4780/4779/4269 4782/4782/4269 4785/4783/4269 4784/4784/4269
f 4784/4784/4270 4785/4783/4270 4787/4785/4270 4786/4786/4270
f 4788/4787/4271 4789/4788/4271 4791/4789/4271 4790/4790/4271
f 4788/4787/4272 4790/4790/4272 4793/4791/4272 4792/4792/4272
f 4792/4792/4273 4793/4791/4273 4795/4793/4273 4794/4794/4273
f 4796/4795/4274 4797/4796/4274 4799/4797/4274 4798/4798/4274
f 4796/4795/4275 4798/4798/4275 4801/4799/4275 4800/4800/4275
f 4800/4800/4276 4801/4799/4276 4803/4801/4276 4802/4802/4276
f 4807/4803/4277 4806/4804/4277 4804/4805/4277 4805/4806/4277
f 4811/4807/4278 4809/4808/4278 4806/4804/4278 4807/4803/4278
f 4811/4807/4279 4810/4809/4279 4808/4810/4279 4809/4808/4279
f 4815/4811/4280 4814/4812/4280 4812/4813/4280 4813/4814/4280
f 4819/4815/4281 4817/4816/4281 4814/4812/4281 4815/4811/4281
f 4819/4815/4282 4818/4817/4282 4816/4818/4282 4817/4816/4282
f 4823/4819/4283 4822/4820/4283 4820/4821/4283 4821/4822/4283
f 4827/4823/4284 4825/4824/4284 4822/4820/4284 4823/4819/4284
f 4827/4823/4285 4826/4825/4285 4824/4826/4285 4825/4824/4285
f 4831/4827/4286 4830/4828/4286 4828/4829/4286 4829/4830/4286
f 4835/4831/4287 4833/4832/4287 4830/4828/4287 4831/4827/4287
f 4835/4831/4288 4834/4833/4288 4832/4834/4288 4833/4832/4288
f 4839/4835/4289 4838/4836/4290 4844/4837/4289 4837/4838/4290
f 4843/4839/4291 4841/4840/4291 4838/4836/4291 4839/4835/4291
f 4843/4839/4292 4842/4841/4292 4840/4842/4292 4841/4840/4292
f 4845/4843/4293 4846/4844/4293 4848/4845/4293 4847/4846/4293
f 4845/4843/4294 4847/4846/4294 4850/4847/4294 4849/4848/4294
f 4853/4849/4295 4854/4850/4295 4852/4851/4295 4851/4852/4295
f 4849/4848/4296 4850/4847/4296 4854/4850/4296 4853/4849/4296
f 4858/4853/4297 4857/4854/4297 4855/4855/4297 4856/4856/4297
f 4862/4857/4298 4860/4858/4298 4857/4854/4298 4858/4853/4298
f 4862/4857/4299 4861/4859/4299 4859/4860/4299 4860/4858/4299
f 4866/4861/4300 4865/4862/4300 4863/4863/4300 4864/4864/4300
f 4870/4865/4301 4868/4866/4301 4865/4862/4301 4866/4861/4301
f 4870/4865/4302 4869/4867/4302 4867/4868/4302 4868/4866/4302
f 4876/4869/4303 4874/4870/4304 4871/4696/4303 4872/4695/4304
f 4876/4869/4305 4875/4871/4305 4873/4872/4305 4874/4870/4305
f 4880/4873/4306 4879/4874/4306 4877/4875/4306 4878/4876/4306
f 4884/4877/4307 4882/4878/4307 4879/4874/4307 4880/4873/4307
f 4884/4877/4308 4883/4879/4308 4881/4880/4308 4882/4878/4308
f 4888/4881/4309 4887/4882/4309 4885/4883/4309 4886/4884/4309
f 4892/4885/4310 4890/4886/4310 4887/4882/4310 4888/4881/4310
f 4892/4885/4311 4891/4887/4311 4889/4888/4311 4890/4886/4311
f 4908/4889/4312 4907/4890/4312 4905/4891/4312 4906/4892/4312
f 4908/4889/4313 4906/4892/4313 4903/4893/4313 4904/4894/4313
f 4904/4894/4314 4903/4893/4314 4901/4895/4314 4902/4896/4314
f 4652/4897/4315 4653/4898/4315 4655/4899/4315 4654/4900/4315
f 4652/4897/4316 4654/4900/4316 4657/4901/4316 4656/4902/4316
f 4656/4902/4317 4657/4901/4317 4659/4903/4317 4658/4904/4317
f 4909/4905/4318 4910/4906/4318 4912/4907/4318 4911/4908/4318
f 4909/4905/4319 4911/4908/4319 4914/4909/4319 4913/4910/4319
f 4913/4910/4320 4914/4909/4320 4916/4911/4320 4915/4912/4320
f 4917/4913/4321 4918/4914/4321 4920/4915/4321 4919/4916/4321
f 4917/4913/4322 4919/4916/4322 4922/4917/4322 4921/4918/4322
f 4921/4918/4323 4922/4917/4323 4924/4919/4323 4923/4920/4323
f 4932/4921/4324 4931/4922/4324 4929/4923/4324 4930/4924/4324
f 4932/4921/4325 4930/4924/4325 4927/4925/4325 4928/4926/4325
f 4928/4926/4326 4927/4925/4326 4925/4927/4326 4926/4928/4326
f 4940/4929/4327 4939/4930/4327 4937/4931/4327 4938/4932/4327
f 4940/4929/4328 4938/4932/4328 4935/4933/4328 4936/4934/4328
f 4936/4934/4329 4935/4933/4329 4933/4935/4329 4934/4936/4329
f 4948/4937/4330 4947/4938/4330 4945/4939/4330 4946/4940/4330
f 4948/4937/4331 4946/4940/4331 4943/4941/4331 4944/4942/4331
f 4944/4942/4332 4943/4941/4332 4941/4943/4332 4942/4944/4332
f 4956/4945/4333 4955/4946/4333 4953/4947/4333 4954/4948/4333
f 4956/4945/4334 4954/4948/4334 4951/4949/4334 4952/4950/4334
f 4952/4950/4335 4951/4949/4335 4949/4951/4335 4950/4952/4335
f 4964/4953/4336 4963/4954/4336 4961/4955/4336 4962/4956/4336
f 4964/4953/4337 4962/4956/4337 4959/4957/4337 4960/4958/4337
f 4960/4958/4338 4959/4957/4338 4957/4959/4338 4958/4960/4338
f 4965/4961/4339 4966/4962/4339 4968/4963/4339 4967/4964/4339
f 4965/4961/4340 4967/4964/4340 4970/4965/4340 4969/4966/4340
f 4969/4966/4341 4970/4965/4341 4972/4967/4341 4971/4968/4341
f 4973/4969/4342 4974/4970/4343 4976/4971/4342 4975/4972/4343
f 4973/4969/4344 4975/4972/4344 4978/4973/4344 4977/4974/4344
f 4977/4974/4345 4978/4973/4345 4980/4975/4345 4979/4976/4345
f 4981/4977/4346 4982/4978/4346 4984/4979/4346 4983/4980/4346
f 4981/4977/4347 4983/4980/4347 4986/4981/4347 4985/4982/4347
f 4985/4982/4348 4986/4981/4348 4988/4983/4348 4987/4984/4348
f 4989/4985/4349 4990/4986/4349 4992/4987/4349 4991/4988/4349
f 4989/4985/4350 4991/4988/4350 4994/4989/4350 4993/4990/4350
f 4993/4990/4351 4994/4989/4351 4996/4991/4351 4995/4992/4351
f 4997/4993/4352 4998/4994/4352 5000/4995/4352 4999/4996/4352
f 4997/4993/4353 4999/4996/4353 5002/4997/4353 5001/4998/4353
f 5001/4998/4354 5002/4997/4354 5004/4999/4354 5003/5000/4354
f 5008/5001/4355 5007/5002/4355 5005/5003/4355 5006/5004/4355
f 5012/5005/4356 5010/5006/4356 5007/5002/4356 5008/5001/4356
f 5012/5005/4357 5011/5007/4357 5009/5008/4357 5010/5006/4357
f 5016/5009/4358 5015/5010/4358 5013/5011/4358 5014/5012/4358
f 5020/5013/4359 5018/5014/4359 5015/5010/4359 5016/5009/4359
f 5020/5013/4360 5019/5015/4360 5017/5016/4360 5018/5014/4360
f 5021/5017/4361 5022/5018/4361 5024/5019/4361 5023/5020/4361
f 5021/5017/4362 5023/5020/4362 5026/5021/4362 5025/5022/4362
f 5025/5022/4363 5026/5021/4363 5028/5023/4363 5027/5024/4363
f 5024/5019/4364 5022/5018/4364 5029/5025/4364 5030/5026/4364
f 5031/5027/4365 5032/5028/4365 5034/5029/4366 5033/5030/4365
f 5031/5027/4367 5033/5030/4367 5036/5031/4367 5035/5032/4367
f 5035/5032/4368 5036/5031/4368 5038/5033/4368 5037/5034/4368
f 5034/5029/4369 5032/5028/4369 5039/5035/4369 5040/5036/4369
f 5041/5037/4370 5042/5038/4370 5044/5039/4370 5043/5040/4370
f 5041/5037/4371 5043/5040/4371 5046/5041/4371 5045/5042/4371
f 5045/5042/4372 5046/5041/4372 5048/5043/4372 5047/5044/4372
f 5049/5045/4373 5050/5046/4373 5052/5047/4373 5051/5048/4373
f 5049/5045/4374 5051/5048/4374 5054/5049/4374 5053/5050/4374
f 5053/5050/4375 5054/5049/4375 5056/5051/4375 5055/5052/4375
f 5052/5047/4376 5050/5046/4377 5057/5053/4376 5058/5054/4376
f 5059/5055/4378 5060/5056/4378 5062/5057/4378 5061/5058/4378
f 5059/5055/4379 5061/5058/4379 5064/5059/4379 5063/5060/4379
f 5063/5060/4380 5064/5059/4380 5066/5061/4380 5065/5062/4380
f 5062/5057/4381 5060/5056/4381 5067/5063/4381 5068/5064/4381
f 5069/5065/4382 5070/5066/4382 5072/5067/4382 5071/5068/4382
f 5069/5065/4383 5071/5068/4383 5074/5069/4383 5073/5070/4383
f 5073/5070/4384 5074/5069/4384 5076/5071/4384 5075/5072/4384
f 5072/5067/4385 5070/5066/4385 5077/5073/4385 5078/5074/4385
f 5079/5075/4386 5080/5076/4386 5082/5077/4386 5081/5078/4386
f 5079/5075/4387 5081/5078/4387 5084/5079/4387 5083/5080/4387
f 5083/5080/4388 5084/5079/4388 5086/5081/4388 5085/5082/4388
f 5082/5077/4389 5080/5076/4389 5087/5083/4389 5088/5084/4389
f 5089/5085/4390 5090/5086/4390 5092/5087/4390 5091/5088/4390
f 5089/5085/4391 5091/5088/4391 5094/5089/4391 5093/5090/4391
f 5093/5090/4392 5094/5089/4392 5096/5091/4392 5095/5092/4392
f 5092/5087/4393 5090/5086/4393 5097/5093/4393 5098/5094/4393
f 5099/5095/4394 5100/5096/4394 5102/5097/4394 5101/5098/4394
f 5099/5095/4395 5101/5098/4395 5104/5099/4395 5103/5100/4395
f 5103/5100/4396 5104/5099/4396 5106/5101/4396 5105/5102/4396
f 5102/5097/4397 5100/5096/4397 5107/5103/4397 5108/5104/4397
f 5109/5105/4398 5110/5106/4398 5112/5107/4398 5111/5108/4398
f 5109/5105/4399 5111/5108/4399 5114/5109/4399 5113/5110/4399
f 5113/5110/4400 5114/5109/4400 5116/5111/4400 5115/5112/4400
f 5112/5107/4401 5110/5106/4402 5117/5113/4401 5118/5114/4402
f 5119/5115/4403 5120/5116/4403 5122/5117/4403 5121/5118/4403
f 5119/5115/4404 5121/5118/4404 5124/5119/4404 5123/5120/4404
f 5123/5120/4405 5124/5119/4405 5126/5121/4405 5125/5122/4405
f 5122/5117/4406 5120/5116/4406 5127/5123/4406 5128/5124/4406
f 5129/5125/4407 5130/5126/4407 5132/5127/4407 5131/5128/4407
f 5129/5125/4408 5131/5128/4409 5134/5129/4409 5133/5130/4408
f 5133/5130/4410 5134/5129/4410 5136/5131/4410 5135/5132/4410
f 5132/5127/4411 5130/5126/4411 5137/5133/4411 5138/5134/4411
f 5139/5135/4412 5140/5136/4413 5142/5137/4412 5141/5138/4413
f 5139/5135/4414 5141/5138/4414 5144/5139/4414 5143/5140/4414
f 5143/5140/4415 5144/5139/4415 5146/5141/4415 5145/5142/4415
f 5142/5137/4416 5140/5136/4416 5147/5143/4416 5148/5144/4416
f 5149/5145/4417 5150/5146/4418 5152/5147/4419 5151/5148/4418
f 5149/5145/4420 5151/5148/4420 5154/5149/4420 5153/5150/4420
f 5153/5150/4421 5154/5149/4421 5156/5151/4421 5155/5152/4421
f 5152/5147/4422 5150/5146/4422 5157/5153/4422 5158/5154/4422
f 5159/5155/4423 5160/5156/4423 5162/5157/4423 5161/5158/4423
f 5159/5155/4424 5161/5158/4424 5164/5159/4424 5163/5160/4424
f 5163/5160/4425 5164/5159/4425 5166/5161/4425 5165/5162/4425
f 5162/5157/4426 5160/5156/4426 5167/5163/4426 5168/5164/4426
f 5169/5165/4427 5170/5166/4427 5172/5167/4427 5171/5168/4427
f 5169/5165/4428 5171/5168/4428 5174/5169/4428 5173/5170/4428
f 5173/5170/4429 5174/5169/4429 5176/5171/4429 5175/5172/4429
f 5175/5172/4430 5176/5171/4430 5178/5173/4430 5177/5174/4430
f 5179/5175/4431 5180/5176/4432 5182/5177/4431 5181/5178/4432
f 5179/5175/4433 5181/5178/4433 5184/5179/4433 5183/5180/4433
f 5183/5180/4434 5184/5179/4434 5186/5181/4434 5185/5182/4434
f 5185/5182/4435 5186/5181/4435 5188/5183/4435 5187/5184/4435
f 5189/5185/4436 5190/5186/4436 5192/5187/4436 5191/5188/4436
f 5189/5185/4437 5191/5188/4437 5194/5189/4437 5193/5190/4437
f 5193/5190/4438 5194/5189/4438 5196/5191/4438 5195/5192/4438
f 5195/5192/4439 5196/5191/4439 5198/5193/4439 5197/5194/4439
f 5199/5195/4440 5200/5196/4440 5202/5197/4440 5201/5198/4440
f 5199/5195/4441 5201/5198/4442 5204/5199/4443 5203/5200/4443
f 5203/5200/4444 5204/5199/4444 5206/5201/4444 5205/5202/4444
f 5205/5202/4445 5206/5201/4445 5208/5203/4445 5207/5204/4445
f 5209/5205/4446 5210/5206/4446 5212/5207/4446 5211/5208/4446
f 5209/5205/4447 5211/5208/4447 5214/5209/4447 5213/5210/4447
f 5213/5210/4448 5214/5209/4448 5216/5211/4448 5215/5212/4448
f 5215/5212/4449 5216/5211/4449 5218/5213/4449 5217/5214/4449
f 5219/5215/4450 5220/5216/4450 5222/5217/4450 5221/5218/4450
f 5219/5215/4451 5221/5218/4451 5224/5219/4451 5223/5220/4451
f 5223/5220/4452 5224/5219/4452 5226/5221/4452 5225/5222/4452
f 5225/5222/4453 5226/5221/4453 5228/5223/4454 5227/5224/4453
f 5229/5225/4455 5230/5226/4455 5232/5227/4455 5231/5228/4455
f 5229/5225/4456 5231/5228/4456 5234/5229/4456 5233/5230/4456
f 5233/5230/4457 5234/5229/4457 5236/5231/4457 5235/5232/4457
f 5235/5232/4458 5236/5231/4458 5238/5233/4458 5237/5234/4458
f 5239/5235/4459 5240/5236/4459 5242/5237/4459 5241/5238/4459
f 5239/5235/4460 5241/5238/4460 5244/5239/4460 5243/5240/4460
f 5243/5240/4461 5244/5239/4461 5246/5241/4461 5245/5242/4461
f 5245/5242/4462 5246/5241/4462 5248/5243/4462 5247/5244/4462
f 5249/5245/4463 5250/5246/4463 5252/5247/4463 5251/5248/4463
f 5249/5245/4464 5251/5248/4464 5254/5249/4464 5253/5250/4464
f 5253/5250/4465 5254/5249/4465 5256/5251/4465 5255/5252/4465
f 5255/5252/4466 5256/5251/4466 5258/5253/4466 5257/5254/4466
f 5262/5255/4467 5261/5256/4467 5259/5257/4467 5260/5258/4467
f 5264/5259/4468 5263/5260/4468 5261/5256/4468 5262/5255/4468
f 5268/5261/4469 5266/5262/4469 5263/5260/4469 5264/5259/4469
f 5268/5261/4470 5267/5263/4470 5265/5264/4471 5266/5262/4470
f 5272/5265/4472 5271/5266/4472 5269/5267/4472 5270/5268/4472
f 5274/5269/4473 5273/5270/4473 5271/5266/4473 5272/5265/4473
f 5278/5271/4474 5276/5272/4474 5273/5270/4474 5274/5269/4474
f 5278/5271/4475 5277/5273/4475 5275/5274/4475 5276/5272/4475
f 5282/5275/4476 5281/5276/4476 5279/5277/4476 5280/5278/4476
f 5284/5279/4477 5283/5280/4477 5281/5276/4477 5282/5275/4477
f 5288/5281/4478 5286/5282/4478 5283/5280/4478 5284/5279/4478
f 5288/5281/4479 5287/5283/4479 5285/5284/4479 5286/5282/4479
f 5292/5285/4480 5291/5286/4480 5289/5287/4480 5290/5288/4480
f 5294/5289/4481 5293/5290/4481 5291/5286/4481 5292/5285/4481
f 5298/5291/4482 5296/5292/4482 5293/5290/4482 5294/5289/4482
f 5298/5291/4483 5297/5293/4483 5295/5294/4483 5296/5292/4483
f 5302/5295/4484 5301/5296/4484 5299/5297/4484 5300/5298/4484
f 5304/5299/4485 5303/5300/4485 5301/5296/4485 5302/5295/4485
f 5308/5301/4486 5306/5302/4486 5303/5300/4486 5304/5299/4486
f 5308/5301/4487 5307/5303/4487 5305/5304/4487 5306/5302/4487
f 5312/5305/4488 5311/5306/4488 5309/5307/4488 5310/5308/4488
f 5314/5309/4489 5313/5310/4489 5311/5306/4489 5312/5305/4489
f 5318/5311/4490 5316/5312/4490 5313/5310/4490 5314/5309/4490
f 5318/5311/4491 5317/5313/4491 5315/5314/4491 5316/5312/4491
f 5322/5315/4492 5321/5316/4492 5319/5317/4492 5320/5318/4492
f 5324/5319/4493 5323/5320/4493 5321/5316/4493 5322/5315/4493
f 5328/5321/4494 5326/5322/4494 5323/5320/4494 5324/5319/4494
f 5328/5321/4495 5327/5323/4495 5325/5324/4495 5326/5322/4495
f 5332/5325/4496 5331/5326/4496 5329/5327/4496 5330/5328/4496
f 5334/5329/4497 5333/5330/4497 5331/5326/4497 5332/5325/4497
f 5338/5331/4498 5336/5332/4498 5333/5330/4498 5334/5329/4498
f 5338/5331/4499 5337/5333/4499 5335/5334/4499 5336/5332/4499
f 5342/5335/4500 5341/5336/4500 5339/5337/4500 5340/5338/4500
f 5344/5339/4501 5343/5340/4501 5341/5336/4501 5342/5335/4501
f 5348/5341/4502 5346/5342/4502 5343/5340/4502 5344/5339/4502
f 5348/5341/4503 5347/5343/4504 5345/5344/4504 5346/5342/4504
f 5352/5345/4505 5351/5346/4505 5349/5347/4505 5350/5348/4505
f 5354/5349/4506 5353/5350/4506 5351/5346/4506 5352/5345/4506
f 5358/5351/4507 5356/5352/4507 5353/5350/4507 5354/5349/4507
f 5358/5351/4508 5357/5353/4508 5355/5354/4508 5356/5352/4508
f 5362/5355/4509 5361/5356/4509 5359/5357/4509 5360/5358/4509
f 5364/5359/4510 5363/5360/4510 5361/5356/4510 5362/5355/4510
f 5368/5361/4511 5366/5362/4511 5363/5360/4511 5364/5359/4511
f 5368/5361/4512 5367/5363/4512 5365/5364/4512 5366/5362/4512
f 5369/5365/4513 5370/5366/4513 5372/5367/4513 5371/5368/4513
f 5369/5365/4514 5371/5368/4514 5374/5369/4514 5373/5370/4514
f 5373/5370/4515 5374/5369/4515 5376/5371/4515 5375/5372/4515
f 5375/5372/4516 5376/5371/4516 5378/5373/4516 5377/5374/4516
f 5379/5375/4517 5380/5376/4517 5382/5377/4517 5381/5378/4517
f 5379/5375/4518 5381/5378/4518 5384/5379/4518 5383/5380/4518
f 5383/5380/4519 5384/5379/4519 5386/5381/4519 5385/5382/4519
f 5385/5382/4520 5386/5381/4520 5388/5383/4520 5387/5384/4520
f 5389/5385/4521 5390/5386/4521 5392/5387/4521 5391/5388/4521
f 5389/5385/4522 5391/5388/4522 5394/5389/4522 5393/5390/4522
f 5393/5390/4523 5394/5389/4523 5396/5391/4523 5395/5392/4523
f 5395/5392/4524 5396/5391/4524 5398/5393/4524 5397/5394/4524
f 5399/5395/4525 5400/5396/4526 5402/5397/4525 5401/5398/4526
f 5399/5395/4527 5401/5398/4527 5404/5399/4527 5403/5400/4527
f 5403/5400/4528 5404/5399/4528 5406/5401/4528 5405/5402/4528
f 5405/5402/4529 5406/5401/4529 5408/5403/4529 5407/5404/4529
f 5409/5405/4530 5410/5406/4530 5412/5407/4530 5411/5408/4530
f 5409/5405/4531 5411/5408/4531 5414/5409/4531 5413/5410/4531
f 5413/5410/4532 5414/5409/4532 5416/5411/4532 5415/5412/4532
f 5415/5412/4533 5416/5411/4533 5418/5413/4533 5417/5414/4533
f 5419/5415/4534 5420/5416/4534 5422/5417/4534 5421/5418/4534
f 5419/5415/4535 5421/5418/4535 5424/5419/4535 5423/5420/4535
f 5423/5420/4536 5424/5419/4536 5426/5421/4536 5425/5422/4536
f 5425/5422/4537 5426/5421/4537 5428/5423/4537 5427/5424/4537
f 5429/5425/4538 5430/5426/4538 5432/5427/4538 5431/5428/4538
f 5429/5425/4539 5431/5428/4539 5434/5429/4539 5433/5430/4539
f 5433/5430/4540 5434/5429/4540 5436/5431/4540 5435/5432/4540
f 5435/5432/4541 5436/5431/4541 5438/5433/4541 5437/5434/4541
f 5439/5435/4542 5440/5436/4542 5442/5437/4542 5441/5438/4542
f 5439/5435/4543 5441/5438/4543 5444/5439/4543 5443/5440/4543
f 5443/5440/4544 5444/5439/4545 5446/5441/4544 5445/5442/4545
f 5445/5442/4546 5446/5441/4546 5448/5443/4546 5447/5444/4546
f 5449/5445/4547 5450/5446/4547 5452/5447/4547 5451/5448/4547
f 5449/5445/4548 5451/5448/4549 5454/5449/4548 5453/5450/4549
f 5453/5450/4550 5454/5449/4550 5456/5451/4550 5455/5452/4550
f 5455/5452/4551 5456/5451/4551 5458/5453/4551 5457/5454/4551
f 5459/5455/4552 5460/5456/4552 5462/5457/4552 5461/5458/4552
f 5459/5455/4553 5461/5458/4553 5464/5459/4553 5463/5460/4553
f 5463/5460/4554 5464/5459/4554 5466/5461/4554 5465/5462/4554
f 5465/5462/4555 5466/5461/4555 5468/5463/4555 5467/5464/4555
f 5469/5465/4556 5470/5466/4556 5472/5467/4556 5471/5468/4557
f 5469/5465/4558 5471/5468/4558 5474/5469/4558 5473/5470/4558
f 5473/5470/4559 5474/5469/4559 5476/5471/4559 5475/5472/4559
f 5475/5472/4560 5476/5471/4560 5478/5473/4560 5477/5474/4560
f 5479/5475/4561 5480/5476/4561 5482/5477/4561 5481/5478/4561
f 5479/5475/4562 5481/5478/4562 5484/5479/4562 5483/5480/4562
f 5483/5480/4563 5484/5479/4563 5486/5481/4563 5485/5482/4563
f 5485/5482/4564 5486/5481/4564 5488/5483/4564 5487/5484/4564
f 5489/5485/4565 5490/5486/4565 5492/5487/4565 5491/5488/4565
f 5489/5485/4566 5491/5488/4566 5494/5489/4566 5493/5490/4566
f 5493/5490/4567 5494/5489/4567 5496/5491/4567 5495/5492/4567
f 5495/5492/4568 5496/5491/4568 5498/5493/4568 5497/5494/4568
f 5499/5495/4569 5500/5496/4569 5502/5497/4569 5501/5498/4569
f 5499/5495/4570 5501/5498/4570 5504/5499/4570 5503/5500/4570
f 5503/5500/4571 5504/5499/4571 5506/5501/4571 5505/5502/4571
f 5507/5503/4572 5508/5504/4572 5510/5505/4572 5509/5506/4572
f 5507/5503/4573 5509/5506/4574 5512/5507/4573 5511/5508/4574
f 5511/5508/4575 5512/5507/4575 5514/5509/4575 5513/5510/4575
f 5515/5511/4576 5516/5512/4576 5518/5513/4576 5517/5514/4576
f 5515/5511/4577 5517/5514/4577 5520/5515/4577 5519/5516/4577
f 5519/5516/4578 5520/5515/4578 5522/5517/4578 5521/5518/4578
f 5523/5519/4579 5524/5520/4579 5526/5521/4579 5525/5522/4579
f 5523/5519/4580 5525/5522/4580 5528/5523/4580 5527/5524/4580
f 5527/5524/4581 5528/5523/4581 5530/5525/4581 5529/5526/4581
f 5531/5527/4582 5532/5528/4582 5534/5529/4582 5533/5530/4582
f 5531/5527/4583 5533/5530/4583 5536/5531/4583 5535/5532/4583
f 5535/5532/4584 5536/5531/4584 5538/5533/4584 5537/5534/4584
f 5539/5535/4585 5540/5536/4585 5542/5537/4585 5541/5538/4585
f 5539/5535/4586 5541/5538/4586 5544/5539/4586 5543/5540/4586
f 5543/5540/4587 5544/5539/4587 5546/5541/4587 5545/5542/4587
f 5547/5543/4588 5548/5544/4588 5550/5545/4588 5549/5546/4588
f 5547/5543/4589 5549/5546/4589 5552/5547/4589 5551/5548/4589
f 5551/5548/4590 5552/5547/4590 5554/5549/4590 5553/5550/4590
f 5553/5550/4591 5554/5549/4591 5556/5551/4591 5555/5552/4591
f 5557/5553/4592 5558/5554/4593 5560/5555/4592 5559/5556/4592
f 5557/5553/4594 5559/5556/4595 5562/5557/4594 5561/5558/4595
f 5561/5558/4596 5562/5557/4596 5564/5559/4596 5563/5560/4596
f 5563/5560/4597 5564/5559/4597 5566/5561/4597 5565/5562/4597
f 5567/5563/4598 5568/5564/4598 5570/5565/4598 5569/5566/4598
f 5567/5563/4599 5569/5566/4599 5572/5567/4599 5571/5568/4599
f 5571/5568/4600 5572/5567/4600 5574/5569/4600 5573/5570/4600
f 5573/5570/4601 5574/5569/4601 5576/5571/4601 5575/5572/4601
f 5577/5573/4602 5578/5574/4602 5580/5575/4602 5579/5576/4602
f 5577/5573/4603 5579/5576/4603 5582/5577/4603 5581/5578/4603
f 5581/5578/4604 5582/5577/4604 5584/5579/4604 5583/5580/4604
f 5583/5580/4605 5584/5579/4605 5586/5581/4605 5585/5582/4605
f 5587/5583/4606 5588/5584/4606 5590/5585/4606 5589/5586/4606
f 5587/5583/4607 5589/5586/4607 5592/5587/4607 5591/5588/4607
f 5591/5588/4608 5592/5587/4608 5594/5589/4608 5593/5590/4608
f 5593/5590/4609 5594/5589/4609 5596/5591/4609 5595/5592/4609
f 5597/5593/4610 5598/5594/4610 5600/5595/4610 5599/5596/4610
f 5597/5593/4611 5599/5596/4611 5602/5597/4611 5601/5598/4611
f 5601/5598/4612 5602/5597/4612 5604/5599/4612 5603/5600/4612
f 5603/5600/4613 5604/5599/4613 5606/5601/4613 5605/5602/4613
f 5607/5603/4614 5608/5604/4614 5610/5605/4614 5609/5606/4614
f 5607/5603/4615 5609/5606/4615 5612/5607/4615 5611/5608/4615
f 5611/5608/4616 5612/5607/4616 5614/5609/4616 5613/5610/4616
f 5613/5610/4617 5614/5609/4617 5616/5611/4617 5615/5612/4617
f 5620/5613/4618 5619/5614/4618 5617/5615/4618 5618/5616/4618
f 5624/5617/4619 5622/5618/4619 5619/5614/4619 5620/5613/4619
f 5624/5617/4620 5623/5619/4620 5621/5620/4620 5622/5618/4620
f 5628/5621/4621 5627/5622/4621 5625/5623/4621 5626/5624/4622
f 5632/5625/4623 5630/5626/4623 5627/5622/4623 5628/5621/4623
f 5632/5625/4624 5631/5627/4624 5629/5628/4624 5630/5626/4624
f 5636/5629/4625 5635/5630/4625 5633/5631/4625 5634/5632/4625
f 5640/5633/4626 5638/5634/4626 5635/5630/4626 5636/5629/4626
f 5640/5633/4627 5639/5635/4627 5637/5636/4627 5638/5634/4627
f 5644/5637/4628 5643/5638/4628 5641/5639/4628 5642/5640/4628
f 5648/5641/4629 5646/5642/4629 5643/5638/4629 5644/5637/4629
f 5648/5641/4630 5647/5643/4630 5645/5644/4630 5646/5642/4630
f 5652/5645/4631 5651/5646/4631 5649/5647/4631 5650/5648/4632
f 5656/5649/4633 5654/5650/4633 5651/5646/4633 5652/5645/4633
f 5656/5649/4634 5655/5651/4634 5653/5652/4634 5654/5650/4634
f 5660/5653/4635 5659/5654/4635 5657/5655/4635 5658/5656/4635
f 5664/5657/4636 5662/5658/4636 5659/5654/4636 5660/5653/4636
f 5664/5657/4637 5663/5659/4637 5661/5660/4637 5662/5658/4637
f 5665/5661/4638 5666/5662/4638 5668/5663/4639 5667/5664/4638
f 5665/5661/4640 5667/5664/4640 5670/5665/4640 5669/5666/4640
f 5669/5666/4641 5670/5665/4642 5672/5667/4643 5671/5668/4642
f 5673/5669/4644 5674/5670/4644 5676/5671/4644 5675/5672/4644
f 5673/5669/4645 5675/5672/4645 5678/5673/4645 5677/5674/4645
f 5677/5674/4646 5678/5673/4646 5680/5675/4646 5679/5676/4646
f 5681/5677/4647 5682/5678/4647 5684/5679/4647 5683/5680/4647
f 5681/5677/4648 5683/5680/4648 5686/5681/4648 5685/5682/4648
f 5685/5682/4649 5686/5681/4650 5688/5683/4649 5687/5684/4650
f 5689/5685/4651 5690/5686/4651 5692/5687/4651 5691/5688/4651
f 5689/5685/4652 5691/5688/4652 5694/5689/4652 5693/5690/4652
f 5693/5690/4653 5694/5689/4653 5696/5691/4653 5695/5692/4653
f 5697/5693/4654 5698/5694/4654 5700/5695/4654 5699/5696/4654
f 5697/5693/4655 5699/5696/4655 5702/5697/4655 5701/5698/4655
f 5701/5698/4656 5702/5697/4656 5704/5699/4656 5703/5700/4656
f 5705/5701/4657 5706/5702/4657 5708/5703/4657 5707/5704/4657
f 5705/5701/4658 5707/5704/4658 5710/5705/4658 5709/5706/4658
f 5709/5706/4659 5710/5705/4659 5712/5707/4659 5711/5708/4659
f 5713/5709/4660 5714/5710/4660 5716/5711/4660 5715/5712/4660
f 5713/5709/4661 5715/5712/4661 5718/5713/4661 5717/5714/4661
f 5717/5714/4662 5718/5713/4662 5720/5715/4662 5719/5716/4662
f 5721/5717/4663 5722/5718/4663 5724/5719/4663 5723/5720/4663
f 5721/5717/4664 5723/5720/4664 5726/5721/4664 5725/5722/4664
f 5725/5722/4665 5726/5721/4665 5728/5723/4665 5727/5724/4665
f 5729/5725/4666 5730/5726/4666 5732/5727/4666 5731/5728/4666
f 5729/5725/4667 5731/5728/4667 5734/5729/4667 5733/5730/4667
f 5733/5730/4668 5734/5729/4668 5736/5731/4668 5735/5732/4668
f 5737/5733/4669 5738/5734/4669 5740/5735/4669 5739/5736/4669
f 5737/5733/4670 5739/5736/4670 5742/5737/4670 5741/5738/4670
f 5741/5738/4671 5742/5737/4671 5744/5739/4671 5743/5740/4671
f 5752/5741/4672 5751/5742/4672 5749/5743/4672 5750/5744/4672
f 5752/5741/4673 5750/5744/4673 5747/5745/4673 5748/5746/4673
f 5748/5746/4674 5747/5745/4674 5745/5747/4674 5746/5748/4674
f 5760/5749/4675 5759/5750/4675 5757/5751/4675 5758/5752/4675
f 5760/5749/4676 5758/5752/4676 5755/5753/4676 5756/5754/4676
f 5756/5754/4677 5755/5753/4677 5753/5755/4677 5754/5756/4677
f 5768/5757/4678 5767/5758/4678 5765/5759/4678 5766/5760/4678
f 5768/5757/4679 5766/5760/4679 5763/5761/4679 5764/5762/4679
f 5764/5762/4680 5763/5761/4680 5761/5763/4680 5762/5764/4680
f 5776/5765/4681 5775/5766/4681 5773/5767/4681 5774/5768/4681
f 5776/5765/4682 5774/5768/4682 5771/5769/4682 5772/5770/4682
f 5772/5770/4683 5771/5769/4683 5769/5771/4683 5770/5772/4683
f 5784/5773/4684 5783/5774/4684 5781/5775/4684 5782/5776/4684
f 5784/5773/4685 5782/5776/4685 5779/5777/4685 5780/5778/4685
f 5780/5778/4686 5779/5777/4686 5777/5779/4686 5778/5780/4686
f 5792/5781/4687 5791/5782/4687 5789/5783/4687 5790/5784/4687
f 5792/5781/4688 5790/5784/4688 5787/5785/4688 5788/5786/4688
f 5788/5786/4689 5787/5785/4689 5785/5787/4689 5786/5788/4689
f 5793/5789/4690 5794/5790/4690 5796/5791/4690 5795/5792/4690
f 5793/5789/4691 5795/5792/4691 5798/5793/4691 5797/5794/4691
f 5797/5794/4692 5798/5793/4692 5800/5795/4692 5799/5796/4692
f 5808/5797/4693 5807/5798/4694 5805/5799/4693 5806/5800/4694
f 5808/5797/4695 5806/5800/4696 5803/5801/4695 5804/5802/4696
f 5804/5802/4697 5803/5801/4697 5801/5803/4697 5802/5804/4697
f 5816/5805/4698 5815/5806/4698 5813/5807/4698 5814/5808/4698
f 5816/5805/4699 5814/5808/4699 5811/5809/4699 5812/5810/4699
f 5812/5810/4700 5811/5809/4700 5809/5811/4700 5810/5812/4700
f 5824/5813/4701 5823/5814/4702 5821/5815/4701 5822/5816/4701
f 5824/5813/4703 5822/5816/4703 5819/5817/4703 5820/5818/4703
f 5820/5818/4704 5819/5817/4704 5817/5819/4704 5818/5820/4704
f 5825/5821/4705 5826/5822/4705 5828/5823/4705 5827/5824/4705
f 5825/5821/4706 5827/5824/4706 5830/5825/4706 5829/5826/4706
f 5829/5826/4707 5830/5825/4707 5832/5827/4707 5831/5828/4707
f 5833/5829/4708 5834/5830/4708 5836/5831/4708 5835/5832/4708
f 5833/5829/4709 5835/5832/4709 5838/5833/4709 5837/5834/4709
f 5837/5834/4710 5838/5833/4710 5840/5835/4710 5839/5836/4710
f 5841/5837/4711 5842/5838/4711 5844/5839/4711 5843/5840/4711
f 5841/5837/4712 5843/5840/4712 5846/5841/4712 5845/5842/4712
f 5845/5842/4713 5846/5841/4713 5848/5843/4713 5847/5844/4713
f 5849/5845/4714 5850/5846/4714 5852/5847/4714 5851/5848/4714
f 5849/5845/4715 5851/5848/4715 5854/5849/4715 5853/5850/4715
f 5853/5850/4716 5854/5849/4716 5856/5851/4716 5855/5852/4716
f 5878/5853/4717 5877/5854/4717 5857/5855/4717 5858/5856/4717
f 5862/5857/4718 5861/5858/4718 5859/5859/4718 5860/5860/4718
f 5866/5861/4719 5864/5862/4719 5861/5858/4719 5862/5857/4719
f 5866/5861/4720 5865/5863/4720 5863/5864/4720 5864/5862/4720
f 5880/5865/4721 5879/5866/4721 5867/5867/4721 5868/5868/4721
f 5872/5869/4722 5871/5870/4722 5869/5871/4722 5870/5872/4722
f 5876/5873/4723 5874/5874/4723 5871/5870/4723 5872/5869/4723
f 5876/5873/4724 5875/5875/4724 5873/5876/4724 5874/5874/4724
f 5860/5860/4725 5859/5859/4725 5877/5854/4725 5878/5853/4725
f 5870/5872/4726 5869/5871/4726 5879/5866/4726 5880/5865/4726
f 5892/5877/4727 5891/5878/4727 5881/5879/4727 5882/5880/4727
f 5886/5881/4728 5885/5882/4728 5883/5883/4728 5884/5884/4728
f 5890/5885/4729 5888/5886/4729 5885/5882/4729 5886/5881/4729
f 5890/5885/4730 5889/5887/4730 5887/5888/4730 5888/5886/4730
f 5884/5884/4731 5883/5883/4731 5891/5878/4731 5892/5877/4731
f 5904/5889/4732 5903/5890/4732 5893/5891/4732 5894/5892/4732
f 5898/5893/4733 5897/5894/4733 5895/5895/4733 5896/5896/4733
f 5902/5897/4734 5900/5898/4734 5897/5894/4734 5898/5893/4734
f 5902/5897/4735 5901/5899/4735 5899/5900/4735 5900/5898/4735
f 5896/5896/4736 5895/5895/4736 5903/5890/4736 5904/5889/4736
f 6114/5901/4737 5915/5902/4737 5905/5903/4737 6109/5904/4737
f 6116/5905/4738 5919/5906/4738 5907/5907/4738 6110/5908/4738
f 6112/5909/4739 5912/5910/4739 5909/5911/4739 6111/5912/4739
f 6112/5909/4740 6113/5913/4740 5911/5914/4740 5912/5910/4740
f 6115/5915/4741 5918/5916/4741 5915/5902/4741 6114/5901/4741
f 6110/5908/4742 5907/5907/4742 5918/5916/4742 6115/5915/4742
f 6111/5912/4743 5909/5911/4743 5919/5906/4743 6116/5905/4743
f 5932/5917/4744 5931/5918/4744 5921/5919/4744 5922/5920/4744
f 5926/5921/4745 5925/5922/4745 5923/5923/4745 5924/5924/4745
f 5930/5925/4746 5928/5926/4746 5925/5922/4746 5926/5921/4746
f 5930/5925/4747 5929/5927/4747 5927/5928/4747 5928/5926/4747
f 5924/5924/4748 5923/5923/4748 5931/5918/4748 5932/5917/4748
f 5940/5929/4749 5939/5930/4749 5937/5931/4749 5938/5932/4749
f 5940/5929/4750 5938/5932/4750 5935/5933/4750 5936/5934/4750
f 5936/5934/4751 5935/5933/4751 5933/5935/4751 5934/5936/4751
f 5941/5937/4752 5942/5938/4752 5944/5939/4752 5943/5940/4752
f 5941/5937/4753 5943/5940/4753 5946/5941/4753 5945/5942/4753
f 5945/5942/4754 5946/5941/4755 5948/5943/4754 5947/5944/4756
f 5949/5945/4757 5950/5946/4757 5952/5947/4757 5951/5948/4757
f 5949/5945/4758 5951/5948/4758 5954/5949/4758 5953/5950/4758
f 5953/5950/4759 5954/5949/4759 5956/5951/4759 5955/5952/4759
f 5964/5953/4760 5963/5954/4760 5961/5955/4760 5962/5956/4760
f 5964/5953/4761 5962/5956/4761 5959/5957/4761 5960/5958/4761
f 5960/5958/4762 5959/5957/4762 5957/5959/4762 5958/5960/4762
f 5972/5961/4763 5971/5962/4763 5969/5963/4763 5970/5964/4763
f 5972/5961/4764 5970/5964/4764 5967/5965/4764 5968/5966/4764
f 5968/5966/4765 5967/5965/4765 5965/5967/4765 5966/5968/4765
f 5980/5969/4766 5979/5970/4766 5977/5971/4766 5978/5972/4766
f 5980/5969/4767 5978/5972/4767 5975/5973/4767 5976/5974/4767
f 5976/5974/4768 5975/5973/4768 5973/5975/4768 5974/5976/4768
f 5989/5977/4769 5982/5978/4769 5984/5979/4769 5990/5980/4769
f 5981/5981/4770 5983/5982/4770 5986/5983/4770 5985/5984/4770
f 5985/5984/4771 5986/5983/4771 5988/5985/4771 5987/5986/4771
f 5981/5981/4772 5989/5977/4772 5990/5980/4772 5983/5982/4772
f 5999/5987/4773 5992/5988/4773 5994/5989/4773 6000/5990/4773
f 5991/5991/4774 5993/5992/4774 5996/5993/4774 5995/5994/4774
f 5995/5994/4775 5996/5993/4775 5998/5995/4775 5997/5996/4775
f 5991/5991/4776 5999/5987/4776 6000/5990/4776 5993/5992/4776
f 6001/5997/4777 6002/5998/4777 6004/5999/4777 6003/3291/4777
f 6001/5997/4778 6003/3291/4778 6006/6000/4778 6005/6001/4778
f 6005/6001/4779 6006/6000/4779 6008/6002/4779 6007/6003/4779
f 6014/6004/4780 6013/6005/4780 6011/6006/4780 6012/6007/4780
f 6018/6008/4781 6016/6009/4781 6013/6005/4781 6014/6004/4781
f 6020/6010/4782 6019/6011/4782 6009/6012/4782 6010/6013/4782
f 6018/6008/4783 6017/6014/4783 6015/6015/4783 6016/6009/4783
f 6012/6007/4784 6011/6006/4784 6019/6011/4784 6020/6010/4784
f 6029/6016/4785 6022/6017/4785 6024/6018/4785 6030/6019/4785
f 6021/6020/4786 6023/6021/4786 6026/6022/4786 6025/6023/4786
f 6025/6023/4787 6026/6022/4787 6028/6024/4787 6027/6025/4787
f 6021/6020/4788 6029/6016/4788 6030/6019/4788 6023/6021/4788
f 6038/6026/4789 6037/6027/4789 6035/6028/4789 6036/6029/4789
f 6038/6026/4790 6036/6029/4790 6033/6030/4790 6034/6031/4790
f 6034/6031/4791 6033/6030/4791 6031/6032/4791 6032/6033/4791
f 6047/6034/4792 6040/6035/4792 6042/6036/4792 6048/6037/4792
f 6039/6038/4793 6041/6039/4793 6044/6040/4793 6043/6041/4793
f 6043/6041/4794 6044/6040/4794 6046/6042/4794 6045/6043/4794
f 6039/6038/4795 6047/6034/4795 6048/6037/4795 6041/6039/4795
f 6060/5853/4796 6059/5854/4796 6049/5855/4796 6050/5856/4796
f 6054/5857/4797 6053/5858/4797 6051/5859/4797 6052/5860/4797
f 6058/5861/4798 6056/5862/4798 6053/5858/4798 6054/5857/4798
f 6058/5861/4799 6057/5863/4799 6055/5864/4799 6056/5862/4799
f 6052/5860/4800 6051/5859/4800 6059/5854/4800 6060/5853/4800
f 6072/5853/4801 6071/5854/4801 6061/5855/4801 6062/5856/4801
f 6066/5857/4802 6065/5858/4802 6063/5859/4802 6064/5860/4802
f 6070/5861/4803 6068/5862/4803 6065/5858/4803 6066/5857/4803
f 6070/5861/4804 6069/5863/4804 6067/5864/4804 6068/5862/4804
f 6064/5860/4805 6063/5859/4805 6071/5854/4805 6072/5853/4805
f 6121/6044/4806 6083/5878/4806 6073/5879/4806 6117/6045/4806
f 6119/6046/4807 6077/5882/4807 6075/5883/4807 6118/6047/4807
f 6120/6048/4808 6080/5886/4808 6077/5882/4808 6119/6046/4808
f 6120/6048/4809 6122/6049/4809 6079/5888/4809 6080/5886/4809
f 6118/6047/4810 6075/5883/4810 6083/5878/4810 6121/6044/4810
f 6092/4649/4811 6091/4650/4811 6089/4651/4811 6090/4652/4811
f 6092/4649/4812 6090/4652/4812 6087/4653/4812 6088/4654/4812
f 6088/4654/4813 6087/4653/4813 6085/4655/4813 6086/4656/4813
f 6100/4649/4814 6099/4650/4814 6097/4651/4814 6098/4652/4814
f 6100/4649/4815 6098/4652/4815 6095/4653/4815 6096/4654/4815
f 6096/4654/4816 6095/4653/4816 6093/4655/4816 6094/4656/4816
f 6108/4649/4817 6107/4650/4817 6105/4651/4817 6106/4652/4817
f 6108/4649/4818 6106/4652/4818 6103/4653/4818 6104/4654/4818
f 6104/4654/4819 6103/4653/4819 6101/4655/4819 6102/4656/4819
f 5916/6050/4820 6114/5901/4820 6109/5904/4820 5906/6051/4820
f 5920/6052/4821 6116/5905/4821 6110/5908/4821 5908/6053/4821
f 5914/6054/4822 6112/5909/4822 6111/5912/4822 5910/6055/4822
f 5914/6054/4823 5913/6056/4823 6113/5913/4823 6112/5909/4823
f 5917/6057/4824 6115/5915/4824 6114/5901/4824 5916/6050/4824
f 5908/6053/4825 6110/5908/4825 6115/5915/4825 5917/6057/4825
f 5910/6055/4826 6111/5912/4826 6116/5905/4826 5920/6052/4826
f 6084/5877/4827 6121/6044/4827 6117/6045/4827 6074/5880/4827
f 6078/5881/4828 6119/6046/4828 6118/6047/4828 6076/5884/4828
f 6082/5885/4829 6120/6048/4829 6119/6046/4829 6078/5881/4829
f 6082/5885/4830 6081/5887/4830 6122/6049/4830 6120/6048/4830
f 6076/5884/4831 6118/6047/4831 6121/6044/4831 6084/5877/4831
f 6150/6058/4832 6144/6059/4832 6124/3376/4832 6123/3375/4832
f 6144/6059/4833 6145/6060/4833 6125/3379/4833 6124/3376/4833
f 6145/6060/4834 6146/6061/4834 6126/3381/4834 6125/3379/4834
f 6146/6061/4835 6147/6062/4835 6127/3383/4835 6126/3381/4835
f 6147/6062/4836 6148/6063/4836 6128/3385/4836 6127/3383/4836
f 6148/6063/4837 6149/6064/4837 6129/3387/4837 6128/3385/4837
f 6143/6065/4838 6130/3361/4838 6131/3364/4838 6137/6066/4838
f 6137/6066/4839 6131/3364/4839 6132/3366/4839 6138/6067/4839
f 6138/6067/4840 6132/3366/4840 6133/3368/4840 6139/6068/4840
f 6139/6068/4841 6133/3368/4841 6134/3370/4841 6140/6069/4841
f 6140/6069/4842 6134/3370/4842 6135/3372/4842 6141/6070/4842
f 6141/6070/4843 6135/3372/4843 6136/3374/4843 6142/6071/4843
f 3432/6072/4844 6143/6065/4844 6137/6066/4844 3434/6073/4844
f 3434/6073/4845 6137/6066/4845 6138/6067/4845 3436/6074/4845
f 3436/6074/4846 6138/6067/4846 6139/6068/4847 3438/6075/4848
f 3438/6075/4848 6139/6068/4847 6140/6069/4849 3440/6076/4849
f 3440/6076/4850 6140/6069/4850 6141/6070/4850 3442/6077/4850
f 3442/6077/4851 6141/6070/4851 6142/6071/4851 3444/6078/4851
f 3446/6079/4852 3448/6080/4852 6144/6059/4852 6150/6058/4852
f 3448/6080/4853 3450/6081/4853 6145/6060/4853 6144/6059/4853
f 3450/6081/4854 3452/6082/4854 6146/6061/4854 6145/6060/4854
f 3452/6082/4855 3454/6083/4855 6147/6062/4855 6146/6061/4855
f 3454/6083/4856 3456/6084/4856 6148/6063/4856 6147/6062/4856
f 3456/6084/4857 3458/6085/4857 6149/6064/4857 6148/6063/4857
f 6159/6086/4858 6152/6087/4858 6154/6088/4858 6160/6089/4858
f 6151/6090/4859 6153/6091/4859 6156/6092/4859 6155/6093/4859
f 6155/6093/4860 6156/6092/4860 6158/6094/4860 6157/6095/4860
f 6151/6090/4861 6159/6086/4861 6160/6089/4861 6153/6091/4861
f 6169/6096/4862 6162/6097/4863 6164/6098/4862 6170/6099/4863
f 6161/6100/4864 6163/6101/4864 6166/6102/4864 6165/6103/4864
f 6165/6103/4865 6166/6102/4865 6168/6104/4865 6167/6105/4865
f 6161/6100/4866 6169/6096/4866 6170/6099/4866 6163/6101/4866
f 6179/6106/4867 6172/6107/4867 6174/6108/4867 6180/6109/4867
f 6171/6110/4868 6173/6111/4868 6176/6112/4868 6175/6113/4868
f 6175/6113/4869 6176/6112/4869 6178/6114/4869 6177/6115/4869
f 6171/6110/4870 6179/6106/4870 6180/6109/4870 6173/6111/4870
f 6189/6116/4871 6182/6117/4871 6184/6118/4871 6190/6119/4871
f 6181/6120/4872 6183/6121/4872 6186/6122/4872 6185/6123/4872
f 6185/6123/4873 6186/6122/4873 6188/6124/4873 6187/6125/4873
f 6181/6120/4874 6189/6116/4874 6190/6119/4874 6183/6121/4874
f 6199/6126/4875 6192/6127/4875 6194/6128/4875 6200/6129/4875
f 6191/6130/4876 6193/6131/4876 6196/6132/4876 6195/6133/4876
f 6195/6133/4877 6196/6132/4877 6198/6134/4877 6197/6135/4877
f 6191/6130/4878 6199/6126/4878 6200/6129/4878 6193/6131/4878
f 6209/6136/4879 6202/6137/4879 6204/6138/4879 6210/6139/4879
f 6201/6140/4880 6203/6141/4880 6206/6142/4880 6205/6143/4880
f 6205/6143/4881 6206/6142/4881 6208/6144/4881 6207/6145/4881
f 6201/6140/4882 6209/6136/4882 6210/6139/4882 6203/6141/4882
f 6219/6146/4883 6212/6147/4884 6214/6148/4883 6220/6149/4884
f 6211/6150/4885 6213/6151/4885 6216/6152/4885 6215/6153/4885
f 6215/6153/4886 6216/6152/4886 6218/6154/4886 6217/6155/4886
f 6211/6150/4887 6219/6146/4887 6220/6149/4887 6213/6151/4887
f 6229/6034/4888 6222/6035/4888 6224/6036/4888 6230/6037/4888
f 6221/6038/4889 6223/6039/4889 6226/6040/4889 6225/6041/4889
f 6225/6041/4890 6226/6040/4890 6228/6042/4890 6227/6043/4890
f 6221/6038/4891 6229/6034/4891 6230/6037/4891 6223/6039/4891
f 6239/6156/4892 6232/6157/4892 6234/6158/4892 6240/6159/4892
f 6231/6160/4893 6233/6161/4893 6236/6162/4893 6235/6163/4893
f 6235/6163/4894 6236/6162/4894 6238/6164/4894 6237/6165/4894
f 6231/6160/4895 6239/6156/4895 6240/6159/4895 6233/6161/4895
f 6249/6166/4896 6242/6167/4896 6244/6168/4896 6250/6169/4896
f 6241/6170/4897 6243/6171/4897 6246/6172/4897 6245/6173/4897
f 6245/6173/4898 6246/6172/4898 6248/6174/4898 6247/6175/4898
f 6241/6170/4899 6249/6166/4899 6250/6169/4899 6243/6171/4899
f 6251/6176/4900 6252/6177/4900 6254/6178/4900 6253/6179/4900
f 6251/6176/4901 6253/6179/4901 6256/6180/4901 6255/6181/4901
f 6255/6181/4902 6256/6180/4902 6258/6182/4902 6257/6183/4902
f 6259/6184/4903 6260/6185/4903 6262/6186/4903 6261/6187/4903
f 6259/6184/4904 6261/6187/4904 6264/6188/4904 6263/6189/4904
f 6263/6189/4905 6264/6188/4905 6266/6190/4905 6265/6191/4905
f 6267/6192/4906 6268/6193/4906 6270/6194/4906 6269/6195/4906
f 6267/6192/4907 6269/6195/4907 6272/6196/4907 6271/6197/4907
f 6271/6197/4908 6272/6196/4908 6274/6198/4908 6273/6199/4908
f 6275/6200/4909 6276/6201/4909 6278/6202/4909 6277/6203/4909
f 6275/6200/4910 6277/6203/4910 6280/6204/4910 6279/6205/4910
f 6279/6205/4911 6280/6204/4911 6282/6206/4911 6281/6207/4911
f 6283/6208/4912 6284/6209/4912 6286/6210/4912 6285/6211/4912
f 6283/6208/4913 6285/6211/4913 6288/6212/4913 6287/6213/4913
f 6287/6213/4914 6288/6212/4914 6290/6214/4914 6289/6215/4914
f 6291/6216/4915 6292/6217/4915 6294/6218/4915 6293/6219/4915
f 6291/6216/4916 6293/6219/4916 6296/6220/4916 6295/6221/4916
f 6295/6221/4917 6296/6220/4917 6298/6222/4917 6297/6223/4917
f 6299/6224/4918 6300/6225/4918 6302/6226/4918 6301/6227/4918
f 6299/6224/4919 6301/6227/4919 6304/6228/4919 6303/6229/4919
f 6303/6229/4920 6304/6228/4920 6306/6230/4920 6305/6231/4920
f 6315/6232/4921 6308/6233/4921 6310/6234/4921 6316/6235/4921
f 6307/6236/4922 6309/6237/4922 6312/6238/4922 6311/6239/4922
f 6311/6239/4923 6312/6238/4923 6314/6240/4923 6313/6241/4923
f 6307/6236/4924 6315/6232/4924 6316/6235/4924 6309/6237/4924
f 6317/6242/4925 6318/6243/4925 6320/6244/4925 6319/6245/4925
f 6317/6242/4926 6319/6245/4926 6322/6246/4926 6321/6247/4926
f 6321/6247/4927 6322/6246/4927 6324/6248/4927 6323/6249/4927
f 6325/6250/4928 6326/6251/4928 6328/6252/4928 6327/6253/4928
f 6325/6250/4929 6327/6253/4929 6330/6254/4929 6329/6255/4929
f 6329/6255/4930 6330/6254/4930 6332/6256/4930 6331/6257/4930
f 6333/6208/4931 6334/6209/4931 6336/6210/4931 6335/6211/4931
f 6333/6208/4932 6335/6211/4932 6338/6212/4932 6337/6213/4932
f 6337/6213/4933 6338/6212/4933 6340/6214/4933 6339/6215/4933
f 6341/6216/4934 6342/6217/4934 6344/6218/4934 6343/6219/4934
f 6341/6216/4935 6343/6219/4935 6346/6220/4935 6345/6221/4935
f 6345/6221/4936 6346/6220/4936 6348/6222/4936 6347/6223/4936
f 6349/6224/4937 6350/6225/4937 6352/6226/4937 6351/6227/4937
f 6349/6224/4938 6351/6227/4938 6354/6228/4938 6353/6229/4938
f 6353/6229/4939 6354/6228/4939 6356/6230/4939 6355/6231/4939
f 6357/6250/4940 6358/6251/4940 6360/6252/4940 6359/6253/4940
f 6357/6250/4941 6359/6253/4941 6362/6254/4941 6361/6255/4941
f 6361/6255/4942 6362/6254/4942 6364/6256/4942 6363/6257/4942
f 6373/6126/4943 6366/6127/4943 6368/6128/4943 6374/6129/4943
f 6365/6130/4944 6367/6131/4944 6370/6132/4944 6369/6133/4944
f 6369/6133/4945 6370/6132/4945 6372/6134/4945 6371/6135/4945
f 6365/6130/4946 6373/6126/4946 6374/6129/4946 6367/6131/4946
f 6383/6136/4947 6376/6137/4947 6378/6138/4947 6384/6139/4947
f 6375/6140/4948 6377/6141/4948 6380/6142/4948 6379/6143/4948
f 6379/6143/4949 6380/6142/4949 6382/6144/4949 6381/6145/4949
f 6375/6140/4950 6383/6136/4950 6384/6139/4950 6377/6141/4950
f 6393/6146/4951 6386/6147/4951 6388/6148/4951 6394/6149/4951
f 6385/6150/4952 6387/6151/4952 6390/6152/4952 6389/6153/4952
f 6389/6153/4953 6390/6152/4953 6392/6154/4953 6391/6155/4953
f 6385/6150/4954 6393/6146/4954 6394/6149/4954 6387/6151/4954
f 6403/6156/4955 6396/6157/4955 6398/6158/4955 6404/6159/4955
f 6395/6160/4956 6397/6161/4956 6400/6162/4956 6399/6163/4956
f 6399/6163/4957 6400/6162/4957 6402/6164/4957 6401/6165/4957
f 6395/6160/4958 6403/6156/4958 6404/6159/4958 6397/6161/4958
f 6413/6166/4959 6406/6167/4959 6408/6168/4959 6414/6169/4959
f 6405/6170/4960 6407/6171/4960 6410/6172/4960 6409/6173/4960
f 6409/6173/4961 6410/6172/4961 6412/6174/4961 6411/6175/4961
f 6405/6170/4962 6413/6166/4962 6414/6169/4962 6407/6171/4962
usemtl Skin.003
f 6415/6258/4963 6417/6259/4963 6456/6260/4963 6455/6261/4963
f 6417/6259/4964 6415/6258/4964 6416/6262/4964 6418/6263/4964
f 6419/6264/4965 6417/6259/4965 6418/6263/4965 6420/6265/4965
f 6419/6264/4966 6420/6265/4966 6422/6266/4966 6421/6267/4966
f 6420/6265/4967 6418/6263/4967 6423/6268/4967 6424/6269/4967
f 6420/6265/4968 6424/6269/4968 6425/6270/4968 6422/6266/4968
f 6425/6270/4969 6424/6269/4970 6426/6271/4970 6427/6272/4971
f 6423/6268/4972 6428/6273/4972 6426/6271/4972 6424/6269/4972
f 6418/6263/4973 6416/6262/4973 6429/6274/4973 6423/6268/4973
f 6427/6272/4974 6437/6275/4974 6465/6276/4974 6460/6277/4974
f 6443/6278/4975 6457/6279/4975 6460/6277/4975 6465/6276/4975
f 6433/6280/4976 6432/6281/4976 6434/6282/4976 6435/6283/4976
f 6427/6272/4977 6426/6271/4977 6436/6284/4977 6437/6275/4977
f 6439/6285/4978 6436/6284/4978 6440/6286/4978 6441/6287/4978
f 6436/6284/4979 6439/6285/4979 6438/6288/4979 6437/6275/4979
f 6464/6289/4980 6442/6290/4980 6457/6279/4980 6443/6278/4980
f 6436/6284/4981 6426/6271/4981 6428/6273/4981 6444/6291/4981
f 6448/6292/4982 6453/6293/4982 6487/6294/4982 6447/6295/4982
f 6447/6295/4983 6487/6294/4983 6484/6296/4983 6446/6297/4983
f 6485/6298/4984 6486/6299/4984 6449/6300/4984 6482/6301/4984
f 6484/6296/4985 6485/6298/4985 6482/6301/4985 6480/6302/4985
f 6431/6303/4986 6454/6304/4986 6434/6282/4986 6432/6281/4986
f 6456/6260/4987 6434/6282/4987 6454/6304/4987 6455/6261/4987
f 6459/6305/4988 6461/6306/4988 6444/6291/4988 6445/6307/4988
f 6445/6307/4989 6433/6280/4989 6447/6295/4989 6446/6297/4989
f 6428/6273/4990 6433/6280/4990 6445/6307/4990 6444/6291/4990
f 6423/6268/4991 6432/6281/4991 6433/6280/4991 6428/6273/4991
f 6432/6281/4992 6423/6268/4992 6429/6274/4992 6431/6303/4992
f 6436/6284/4993 6444/6291/4993 6461/6306/4993 6440/6286/4993
f 6440/6286/4994 6462/6308/4994 6463/6309/4994 6441/6287/4994
f 6464/6289/4995 6439/6285/4995 6441/6287/4995 6463/6309/4995
f 6439/6285/4996 6464/6289/4996 6443/6278/4996 6438/6288/4996
f 6465/6276/4997 6437/6275/4997 6438/6288/4997 6443/6278/4997
f 6442/6290/4998 6464/6289/4998 6463/6309/4998 6430/6310/4998
f 6462/6308/4999 6466/6311/4999 6430/6310/4999 6463/6309/4999
f 6460/6277/5000 6457/6279/5000 6467/6312/5000 6468/6313/5000
f 6468/6313/5001 6467/6312/5001 6469/6314/5001 6470/6315/5001
f 6470/6315/5002 6469/6314/5002 6471/6316/5002 6472/6317/5002
f 6427/6272/4971 6460/6277/5003 6473/6318/5003 6425/6270/4969
f 6462/6308/5004 6440/6286/5004 6461/6306/5004 6474/6319/5004
f 6459/6305/5005 6475/6320/5005 6474/6319/5005 6461/6306/5005
f 6458/6321/5006 6476/6322/5006 6475/6320/5006 6459/6305/5006
f 6458/6321/5007 6459/6305/5007 6445/6307/5007 6446/6297/5007
f 6479/6323/5008 6477/6324/5008 6458/6321/5008 6446/6297/5008
f 6484/6296/5009 6480/6302/5009 6479/6323/5009 6446/6297/5009
f 6458/6321/5010 6477/6324/5010 6451/6325/5010 6452/6326/5010
f 6510/6327/5011 6508/6328/5011 6513/6329/5011 6514/6330/5011
f 6430/6310/5012 6466/6311/5012 6512/6331/5012 6450/6332/5012
f 6487/6294/5013 6488/6333/5013 6485/6298/5013 6484/6296/5013
f 6453/6293/5014 6481/6334/5014 6488/6333/5014 6487/6294/5014
f 6491/6335/5015 6490/6336/5015 6481/6334/5015 6453/6293/5015
f 6448/6292/5016 6435/6283/5016 6492/6337/5016 6493/6338/5016
f 6493/6338/5017 6491/6335/5017 6453/6293/5017 6448/6292/5017
f 6434/6282/5018 6456/6260/5018 6492/6337/5018 6435/6283/5018
f 6435/6283/5019 6448/6292/5019 6447/6295/5019 6433/6280/5019
f 6417/6259/5020 6419/6264/5020 6496/6339/5020 6456/6260/5020
f 6456/6260/5021 6496/6339/5021 6495/6340/5021 6492/6337/5021
f 6492/6337/5022 6495/6340/5022 6494/6341/5022 6493/6338/5022
f 6490/6336/5023 6491/6335/5023 6493/6338/5023 6494/6341/5023
f 6498/6342/5024 6476/6322/5024 6458/6321/5024 6452/6326/5024
f 6500/6343/5025 6501/6344/5025 6478/6345/5025 6499/6346/5025
f 6474/6319/5026 6475/6320/5026 6501/6347/5026 6500/6348/5026
f 6462/6308/5027 6474/6319/5027 6500/6348/5027 6466/6311/5027
f 6498/6342/5028 6503/6349/5028 6502/6350/5028 6476/6322/5028
f 6501/6347/5029 6475/6320/5029 6476/6322/5029 6502/6350/5029
f 6503/6349/5030 6498/6342/5030 6504/6351/5030 6505/6352/5030
f 6501/6347/5031 6502/6350/5031 6503/6349/5031 6506/6353/5031
f 6483/6354/5032 6504/6351/5032 6498/6342/5032 6452/6326/5032
f 6442/6290/5033 6430/6310/5033 6508/6328/5033 6509/6355/5033
f 6509/6355/5034 6508/6328/5034 6510/6327/5034 6511/6356/5034
f 6501/6344/5035 6506/6357/5035 6507/6358/5035 6478/6345/5035
f 6466/6359/5036 6500/6343/5036 6499/6346/5036 6512/6360/5036
f 6450/6332/5037 6513/6329/5037 6508/6328/5037 6430/6310/5037
f 6442/6290/5038 6509/6355/5038 6467/6312/5038 6457/6279/5038
f 6467/6312/5039 6509/6355/5039 6511/6356/5039 6469/6314/5039
f 6516/6361/5040 6422/6266/5040 6425/6270/5040 6473/6318/5040
f 6514/6330/5041 6519/6362/5041 6518/6363/5041 6510/6327/5041
f 6517/6364/5042 6511/6356/5042 6510/6327/5042 6518/6363/5042
f 6469/6314/5043 6511/6356/5043 6517/6364/5043 6471/6316/5043
f 6518/6363/5044 6519/6362/5044 6522/6365/5044 6521/6366/5044
f 6499/6346/5045 6478/6345/5045 6523/6367/5045 6524/6368/5045
f 6478/6345/5046 6507/6358/5046 6525/6369/5046 6523/6367/5046
f 6513/6370/5047 6450/6371/5047 6526/6372/5047 6528/6373/5047
f 6450/6371/5048 6512/6360/5048 6527/6374/5048 6526/6372/5048
f 6522/6375/5049 6519/6376/5049 6530/6377/5049 6531/6378/5049
f 6519/6376/5050 6514/6379/5050 6529/6380/5050 6530/6377/5050
f 6513/6370/5051 6528/6373/5051 6529/6380/5051 6514/6379/5051
f 6527/6374/5052 6512/6360/5052 6499/6346/5052 6524/6368/5052
f 6523/6367/5053 6525/6369/5053 6534/6381/5053 6532/6382/5053
f 6527/6374/5054 6524/6368/5054 6535/6383/5054 6537/6384/5054
f 6526/6372/5055 6527/6374/5055 6537/6384/5055 6536/6385/5055
f 6529/6380/5056 6528/6373/5056 6538/6386/5056 6539/6387/5056
f 6530/6377/5057 6529/6380/5057 6539/6387/5057 6540/6388/5057
f 6535/6383/5058 6524/6368/5058 6523/6367/5058 6532/6382/5058
f 6536/6385/5059 6537/6384/5059 6542/6389/5059 6541/6390/5059
f 6526/6372/5060 6536/6385/5060 6538/6386/5060 6528/6373/5060
f 6541/6390/5061 6543/6391/5061 6538/6386/5061 6536/6385/5061
f 6540/6388/5062 6539/6387/5062 6544/6392/5062 6545/6393/5062
f 6538/6386/5063 6543/6391/5063 6544/6392/5063 6539/6387/5063
f 6477/6324/5064 6556/6394/5064 6555/6395/5064 6451/6325/5064
f 6480/6302/5065 6558/6396/5065 6557/6397/5065 6479/6323/5065
f 6479/6323/5066 6557/6397/5066 6556/6394/5066 6477/6324/5066
f 6482/6301/5067 6559/6398/5067 6558/6396/5067 6480/6302/5067
f 6556/6394/5068 6562/6399/5068 6561/6400/5068 6555/6395/5068
f 6559/6398/5069 6565/6401/5069 6564/6402/5069 6558/6396/5069
f 6558/6396/5070 6564/6402/5070 6563/6403/5070 6557/6397/5070
f 6557/6397/5071 6563/6403/5071 6562/6399/5071 6556/6394/5071
f 6454/6304/5072 6431/6303/5072 6569/6404/5072 6570/6405/5072
f 6455/6261/5073 6454/6304/5073 6570/6406/5073 6571/6407/5073
f 6416/6262/5074 6415/6258/5074 6566/6408/5074 6567/6409/5074
f 6429/6274/5075 6416/6262/5075 6567/6410/5075 6568/6411/5075
f 6431/6303/5076 6429/6274/5076 6568/6412/5076 6569/6413/5076
f 6415/6258/5077 6455/6261/5077 6571/6414/5077 6566/6408/5077
f 6576/6415/5078 6616/6416/5078 6617/6417/5078 6578/6418/5078
f 6578/6418/5079 6579/6419/5079 6577/6420/5079 6576/6415/5079
f 6580/6421/5080 6581/6422/5080 6579/6419/5080 6578/6418/5080
f 6580/6421/5081 6582/6423/5081 6583/6424/5081 6581/6422/5081
f 6581/6422/5082 6585/6425/5082 6584/6426/5082 6579/6419/5082
f 6581/6422/5083 6583/6424/5083 6586/6427/5083 6585/6425/5083
f 6586/6427/5084 6588/6428/5085 6587/6429/5086 6585/6425/5086
f 6584/6426/5087 6585/6425/5087 6587/6429/5087 6589/6430/5087
f 6579/6419/5088 6584/6426/5088 6590/6431/5088 6577/6420/5088
f 6588/6428/5089 6621/6432/5089 6626/6433/5089 6598/6434/5089
f 6604/6435/5090 6626/6433/5090 6621/6432/5090 6618/6436/5090
f 6594/6437/5091 6596/6438/5091 6595/6439/5091 6593/6440/5091
f 6588/6428/5092 6598/6434/5092 6597/6441/5092 6587/6429/5092
f 6600/6442/5093 6602/6443/5093 6601/6444/5093 6597/6441/5093
f 6597/6441/5094 6598/6434/5094 6599/6445/5094 6600/6442/5094
f 6625/6446/5095 6604/6435/5095 6618/6436/5095 6603/6447/5095
f 6597/6441/5096 6605/6448/5096 6589/6430/5096 6587/6429/5096
f 6609/6449/5097 6608/6450/5097 6646/6451/5097 6614/6452/5097
f 6608/6450/5098 6607/6453/5098 6644/6454/5098 6646/6451/5098
f 6644/6454/5099 6641/6455/5099 6643/6456/5099 6645/6457/5099
f 6592/6458/5100 6593/6440/5100 6595/6439/5100 6615/6459/5100
f 6617/6417/5101 6616/6416/5101 6615/6459/5101 6595/6439/5101
f 6620/6460/5102 6606/6461/5102 6605/6448/5102 6622/6462/5102
f 6606/6461/5103 6607/6453/5103 6608/6450/5103 6594/6437/5103
f 6589/6430/5104 6605/6448/5104 6606/6461/5104 6594/6437/5104
f 6584/6426/5105 6589/6430/5105 6594/6437/5105 6593/6440/5105
f 6593/6440/5106 6592/6458/5106 6590/6431/5106 6584/6426/5106
f 6597/6441/5107 6601/6444/5107 6622/6462/5107 6605/6448/5107
f 6601/6444/5108 6602/6443/5108 6624/6463/5108 6623/6464/5108
f 6625/6446/5109 6624/6463/5109 6602/6443/5109 6600/6442/5109
f 6600/6442/5110 6599/6445/5110 6604/6435/5110 6625/6446/5110
f 6626/6433/5111 6604/6435/5111 6599/6445/5111 6598/6434/5111
f 6603/6447/5112 6591/6465/5112 6624/6463/5112 6625/6446/5112
f 6623/6464/5113 6624/6463/5113 6591/6465/5113 6627/6466/5113
f 6621/6432/5114 6629/6467/5114 6628/6468/5114 6618/6436/5114
f 6629/6467/5115 6631/6469/5115 6630/6470/5115 6628/6468/5115
f 6631/6469/5116 6633/6471/5116 6632/6472/5116 6630/6470/5116
f 6588/6428/5085 6586/6427/5084 6634/6473/5117 6621/6432/5117
f 6623/6464/5118 6635/6474/5118 6622/6462/5118 6601/6444/5118
f 6620/6460/5119 6622/6462/5119 6635/6474/5119 6636/6475/5119
f 6619/6476/5120 6620/6460/5120 6636/6475/5120 6637/6477/5120
f 6619/6476/5121 6607/6453/5121 6606/6461/5121 6620/6460/5121
f 6640/6478/5122 6607/6453/5122 6619/6476/5122 6638/6479/5122
f 6644/6454/5123 6607/6453/5123 6640/6478/5123 6641/6455/5123
f 6619/6476/5124 6613/6480/5124 6612/6481/5124 6638/6479/5124
f 6672/6482/5125 6676/6483/5125 6675/6484/5125 6670/6485/5125
f 6591/6465/5126 6611/6486/5126 6674/6487/5126 6627/6466/5126
f 6646/6451/5127 6644/6454/5127 6645/6457/5127 6647/6488/5127
f 6614/6452/5128 6646/6451/5128 6647/6488/5128 6642/6489/5128
f 6650/6490/5129 6614/6452/5129 6642/6489/5129 6649/6491/5129
f 6609/6449/5130 6652/6492/5130 6651/6493/5130 6596/6438/5130
f 6652/6492/5131 6609/6449/5131 6614/6452/5131 6650/6490/5131
f 6595/6439/5132 6596/6438/5132 6651/6493/5132 6617/6417/5132
f 6596/6438/5133 6594/6437/5133 6608/6450/5133 6609/6449/5133
f 6578/6418/5134 6617/6417/5134 6656/6494/5134 6580/6421/5134
f 6617/6417/5135 6651/6493/5135 6655/6495/5135 6656/6494/5135
f 6651/6493/5136 6652/6492/5136 6654/6496/5136 6655/6495/5136
f 6649/6491/5137 6654/6496/5137 6652/6492/5137 6650/6490/5137
f 6654/6496/5138 6657/6497/5138 6658/6498/5138 6655/6495/5138
f 6654/6496/5139 6649/6491/5139 6653/6499/5139 6657/6497/5139
f 6658/6498/5140 6659/6500/5140 6656/6494/5140 6655/6495/5140
f 6660/6501/5141 6613/6480/5141 6619/6476/5141 6637/6477/5141
f 6662/6502/5142 6661/6503/5142 6639/6504/5142 6663/6505/5142
f 6635/6474/5143 6662/6506/5143 6663/6507/5143 6636/6475/5143
f 6623/6464/5144 6627/6466/5144 6662/6506/5144 6635/6474/5144
f 6660/6501/5145 6637/6477/5145 6664/6508/5145 6665/6509/5145
f 6663/6507/5146 6664/6508/5146 6637/6477/5146 6636/6475/5146
f 6669/6510/5147 6667/6511/5147 6668/6512/5147 6666/6513/5147
f 6663/6507/5148 6667/6514/5148 6665/6509/5148 6664/6508/5148
f 6603/6447/5149 6671/6515/5149 6670/6485/5149 6591/6465/5149
f 6671/6515/5150 6673/6516/5150 6672/6482/5150 6670/6485/5150
f 6663/6505/5151 6639/6504/5151 6668/6512/5151 6667/6511/5151
f 6627/6517/5152 6674/6518/5152 6661/6503/5152 6662/6502/5152
f 6611/6486/5153 6591/6465/5153 6670/6485/5153 6675/6484/5153
f 6603/6447/5154 6618/6436/5154 6628/6468/5154 6671/6515/5154
f 6628/6468/5155 6630/6470/5155 6673/6516/5155 6671/6515/5155
f 6677/6519/5156 6679/6520/5156 6678/6521/5156 6582/6423/5156
f 6680/6522/5157 6634/6473/5157 6586/6427/5157 6583/6424/5157
f 6676/6483/5158 6672/6482/5158 6682/6523/5158 6683/6524/5158
f 6681/6525/5159 6682/6523/5159 6672/6482/5159 6673/6516/5159
f 6630/6470/5160 6632/6472/5160 6681/6525/5160 6673/6516/5160
f 6661/6503/5161 6687/6526/5161 6686/6527/5161 6639/6504/5161
f 6666/6513/5162 6668/6512/5162 6689/6528/5162 6688/6529/5162
f 6639/6504/5163 6686/6527/5163 6689/6528/5163 6668/6512/5163
f 6675/6530/5164 6692/6531/5164 6690/6532/5164 6611/6533/5164
f 6611/6533/5165 6690/6532/5165 6691/6534/5165 6674/6518/5165
f 6683/6535/5166 6694/6536/5166 6693/6537/5166 6676/6538/5166
f 6675/6530/5167 6676/6538/5167 6693/6537/5167 6692/6531/5167
f 6691/6534/5168 6687/6526/5168 6661/6503/5168 6674/6518/5168
f 6686/6527/5169 6695/6539/5169 6696/6540/5169 6689/6528/5169
f 6691/6534/5170 6699/6541/5170 6697/6542/5170 6687/6526/5170
f 6690/6532/5171 6698/6543/5171 6699/6541/5171 6691/6534/5171
f 6693/6537/5172 6701/6544/5172 6700/6545/5172 6692/6531/5172
f 6694/6536/5173 6702/6546/5173 6701/6544/5173 6693/6537/5173
f 6697/6542/5174 6695/6539/5174 6686/6527/5174 6687/6526/5174
f 6698/6543/5175 6704/6547/5175 6705/6548/5175 6699/6541/5175
f 6690/6532/5176 6692/6531/5176 6700/6545/5176 6698/6543/5176
f 6704/6547/5177 6698/6543/5177 6700/6545/5177 6706/6549/5177
f 6702/6546/5178 6708/6550/5178 6707/6551/5178 6701/6544/5178
f 6703/6552/5179 6709/6553/5179 6708/6550/5179 6702/6546/5179
f 6700/6545/5180 6701/6544/5180 6707/6551/5180 6706/6549/5180
f 6722/6554/5181 6715/6555/5181 6762/6556/5181 6723/6557/5181
f 6715/6555/5182 6712/6558/5182 6765/6559/5182 6762/6556/5182
f 6710/6560/5183 6756/6561/5183 6760/6562/5183 6761/6563/5183
f 6759/6564/5184 6725/6565/5184 6733/6566/5184 6731/6567/5184
f 6755/6568/5185 6759/6564/5185 6731/6567/5185 6730/6569/5185
f 6717/6570/5186 6710/6560/5186 6761/6563/5186 6718/6571/5186
f 6754/6572/5187 6755/6568/5187 6730/6569/5187 6729/6573/5187
f 6756/6561/5188 6754/6572/5188 6729/6573/5188 6728/6574/5188
f 6638/6479/5189 6612/6481/5189 6737/6575/5189 6738/6576/5189
f 6641/6455/5190 6640/6478/5190 6739/6577/5190 6740/6578/5190
f 6612/6481/5191 6610/6579/5191 6736/6580/5191 6737/6575/5191
f 6640/6478/5192 6638/6479/5192 6738/6576/5192 6739/6577/5192
f 6643/6456/5193 6641/6455/5193 6740/6578/5193 6741/6581/5193
f 6738/6582/5194 6737/6583/5194 6743/6576/5194 6744/6575/5194
f 6741/6581/5195 6740/6578/5195 6746/6584/5195 6747/6585/5195
f 6735/6585/5196 6741/6581/5196 6747/6586/5196 6742/6587/5196
f 6740/6578/5197 6739/6577/5197 6745/6588/5197 6746/6584/5197
f 6739/6577/5198 6738/6588/5198 6744/6583/5198 6745/6576/5198
f 6615/6459/5199 6752/6589/5199 6751/6590/5199 6592/6458/5199
f 6616/6416/5200 6753/6591/5200 6752/6589/5200 6615/6459/5200
f 6577/6420/5201 6749/6592/5201 6748/6593/5201 6576/6415/5201
f 6590/6431/5202 6750/6594/5202 6749/6592/5202 6577/6420/5202
f 6592/6458/5203 6751/6590/5203 6750/6594/5203 6590/6431/5203
f 6576/6415/5204 6748/6593/5204 6753/6591/5204 6616/6416/5204
f 6726/6595/5205 6755/6568/5205 6754/6572/5205 6711/6596/5205
f 6711/6596/5206 6754/6572/5206 6756/6561/5206 6710/6560/5206
f 6761/6563/5207 6758/6597/5207 6719/6598/5207 6718/6571/5207
f 6720/6599/5208 6759/6564/5208 6755/6568/5208 6726/6595/5208
f 6760/6562/5209 6756/6561/5209 6728/6574/5209 6727/6600/5209
f 6720/6599/5210 6714/6601/5210 6725/6565/5210 6759/6564/5210
f 6723/6557/5211 6762/6556/5211 6716/6602/5211 6757/6603/5211
f 6761/6563/5212 6760/6562/5212 6724/6604/5212 6758/6597/5212
f 6727/6600/5213 6732/6605/5213 6724/6604/5213 6760/6562/5213
f 6720/6599/5214 6723/6557/5214 6757/6603/5214 6714/6601/5214
f 6762/6556/5215 6765/6559/5215 6766/6606/5215 6716/6602/5215
f 6712/6558/5216 6713/6607/5216 6766/6606/5216 6765/6559/5216
f 6489/6608/5217 6648/6609/5217 6488/6333/5217 6481/6334/5217
f 6488/6333/5218 6648/6609/5218 6486/6299/5218 6485/6298/5218
f 6490/6336/5219 6653/6499/5219 6489/6608/5219 6481/6334/5219
f 6494/6341/5220 6495/6340/5220 6658/6498/5220 6657/6497/5220
f 6496/6339/5221 6419/6264/5221 6497/6610/5221 6659/6500/5221
f 6494/6341/5222 6657/6497/5222 6653/6499/5222 6490/6336/5222
f 6658/6498/5223 6495/6340/5223 6496/6339/5223 6659/6500/5223
f 6669/6510/5224 6666/6513/5224 6507/6358/5224 6506/6357/5224
f 6503/6349/5225 6505/6352/5225 6669/6611/5225 6506/6353/5225
f 6452/6326/5226 6451/6325/5226 6610/6579/5226 6483/6354/5226
f 6421/6267/5227 6677/6519/5227 6497/6610/5227 6419/6264/5227
f 6677/6519/5228 6421/6267/5228 6515/6612/5228 6679/6520/5228
f 6517/6364/5229 6518/6363/5229 6521/6366/5229 6685/6613/5229
f 6472/6317/5230 6471/6316/5230 6520/6614/5230 6684/6615/5230
f 6471/6316/5231 6517/6364/5231 6685/6613/5231 6520/6614/5231
f 6666/6513/5232 6688/6529/5232 6525/6369/5232 6507/6358/5232
f 6688/6529/5233 6533/6616/5233 6534/6381/5233 6525/6369/5233
f 6531/6378/5234 6530/6377/5234 6540/6388/5234 6703/6617/5234
f 6703/6617/5235 6540/6388/5235 6545/6393/5235 6709/6618/5235
f 6573/6619/5236 6547/6620/5236 6574/6621/5236 6764/6622/5236
f 6451/6325/5237 6555/6395/5237 6736/6580/5237 6610/6579/5237
f 6449/6300/5238 6735/6586/5238 6559/6398/5238 6482/6301/5238
f 6555/6395/5239 6561/6400/5239 6560/6623/5239 6736/6580/5239
f 6735/6586/5240 6742/6587/5240 6565/6401/5240 6559/6398/5240
f 6763/6624/5241 6553/6625/5241 6551/6626/5241 6554/6627/5241
f 6553/6628/5242 6763/6629/5242 6572/6630/5242 6552/6631/5242
f 6549/6632/5243 6573/6619/5243 6764/6622/5243 6548/6633/5243
f 6645/6457/5244 6643/6456/5244 6449/6300/5244 6486/6299/5244
f 6489/6608/5245 6642/6489/5245 6647/6488/5245 6648/6609/5245
f 6647/6488/5246 6645/6457/5246 6486/6299/5246 6648/6609/5246
f 6649/6491/5247 6642/6489/5247 6489/6608/5247 6653/6499/5247
f 6656/6494/5248 6659/6500/5248 6497/6610/5248 6580/6421/5248
f 6665/6509/5249 6667/6514/5249 6669/6611/5249 6505/6352/5249
f 6665/6509/5250 6505/6352/5250 6504/6351/5250 6660/6501/5250
f 6483/6354/5251 6613/6480/5251 6660/6501/5251 6504/6351/5251
f 6613/6480/5252 6483/6354/5252 6610/6579/5252 6612/6481/5252
f 6582/6423/5253 6580/6421/5253 6497/6610/5253 6677/6519/5253
f 6682/6523/5254 6521/6634/5254 6522/6635/5254 6683/6524/5254
f 6681/6525/5255 6685/6636/5255 6521/6634/5255 6682/6523/5255
f 6633/6471/5256 6684/6637/5256 6520/6638/5256 6632/6472/5256
f 6632/6472/5257 6520/6638/5257 6685/6636/5257 6681/6525/5257
f 6522/6639/5258 6531/6640/5258 6694/6536/5258 6683/6535/5258
f 6688/6529/5259 6689/6528/5259 6696/6540/5259 6533/6616/5259
f 6531/6640/5260 6703/6552/5260 6702/6546/5260 6694/6536/5260
f 6757/6603/5261 6764/6641/5261 6574/6642/5261 6714/6601/5261
f 6449/6300/5262 6643/6456/5262 6741/6581/5262 6735/6586/5262
f 6737/6623/5263 6736/6580/5263 6560/6575/5263 6743/6582/5263
f 6758/6597/5264 6550/6643/5264 6721/6644/5264 6719/6598/5264
f 6763/6624/5265 6554/6627/5265 6724/6604/5265 6734/6645/5265
f 6734/6646/5266 6725/6565/5266 6572/6647/5266 6763/6648/5266
f 6716/6602/5267 6548/6649/5267 6764/6641/5267 6757/6603/5267
f 6724/6604/5268 6554/6627/5268 6550/6643/5268 6758/6597/5268
f 6713/6607/5269 6546/6650/5269 6575/6651/5269 6766/6606/5269
f 6766/6606/5270 6575/6651/5270 6548/6649/5270 6716/6602/5270
l 2736 2746
l 2736 2740
l 2737 2738
l 2737 2744
l 2730 2747
l 2730 2745
l 2738 2739
l 2731 2747
l 2739 2740
l 2731 2732
l 2732 2733
l 2733 2746
l 2741 2743
l 2741 2744
l 2734 2745
l 2734 2735
l 2742 2743
l 2735 2742
